Project_ID,Project_Name,Project_Type,Region,State,Client_Type,Contract_Type,Delivery_Method,Complexity_Level,Digital_Coordination_Level,Owner_Decision_Profile,Start_Date,Snapshot_Date,Snapshot_Year,Original_Budget,Planned_Duration_Days,Planned_Percent_Complete,Actual_Percent_Complete,CPI_Snapshot,SPI_Snapshot,Cost_Variance_Pct_Snapshot,Schedule_Variance_Days_Snapshot,Labor_Productivity_Index,Procurement_Delay_Days_to_Date,Weather_Impact_Days_to_Date,Safety_Incident_Rate_to_Date,Snapshot_Data_Completeness_Pct,RFI_Count_to_Date,RFI_Count_per_10M,Avg_RFI_Response_Days,RFI_On_Time_Rate,Overdue_RFI_Rate,High_Critical_Overdue_Rate,RFI_Revision_Rate,RFI_Reopen_Rate,RFI_to_Change_Rate,Approved_Change_Value_Pct_Budget,Pending_Change_Exposure_Pct_Budget,Change_Approval_Cycle_Days,Old_Pending_Change_Rate,Forecast_Incorporation_Lag_Days,Contingency_Utilization_Pct,Revision_Loop_Rate,Workflow_Handoff_Rate,Workflow_Risk_Score_Snapshot,Final_Cost_Overrun_Pct,Final_Schedule_Delay_Days,Cost_Overrun_Flag,Schedule_Delay_Flag,Combined_Overrun_Flag,Final_CPI,Final_SPI,Final_Status,Actual_End_Date,Final_EAC,Data_Split
PRJ3-00001,Northstar Office Campus 1,Commercial,Midwest,MO,Private,Lump Sum,IPD,Moderate,Low,Standard,2019-02-13,2019-09-27,2019,179343700,644,0.352,0.3522,0.9801,0.9963,-0.0066,0,0.9394,27,14,0.12,0.9589,90,5.018,8.369,0.3527,0.3117,0.0834,0.1331,0.0468,0.2094,0.0184,0.014,24.186,0.2549,2.938,0.2891,0.2169,0.3613,3,-0.013,19,0,0,0,1.0132,0.9713,Complete,2020-12-07,177009000,Train
PRJ3-00002,Summit Bridge Program 2,Heavy Civil,Southwest,TX,Private,Lump Sum,Design-Build,Moderate,High,Standard,2021-03-24,2022-07-23,2022,295846200,1031,0.472,0.4988,1.126,1.0422,-0.0661,-28,1.08,0,3,0.311,0.9759,133,4.496,10.566,0.3348,0.4097,0.0716,0.108,0.0267,0.1206,0.0238,0.0017,11.092,0.1871,0.465,0.1111,0.2348,0.3374,2,0.0059,-20,0,0,0,0.9941,1.0198,Complete,2023-12-30,297602100,Train
PRJ3-00003,Copper Town Center 3,Mixed-Use,Northeast,CT,Public,Lump Sum,Design-Bid-Build,Very High,Moderate,Standard,2020-11-07,2021-10-26,2021,124592300,832,0.425,0.3854,0.946,0.911,0.0222,33,0.9992,35,22,1.019,0.9481,65,5.217,8.835,0.3278,0.2951,0.0998,0.177,0.0868,0.2244,0.0068,0.0429,24.067,0.3396,5.362,0.4106,0.2698,0.4326,4,0.0764,-9,0,0,0,0.929,1.0109,Complete,2023-02-08,134110700,Train
PRJ3-00004,Northstar Residences 4,Residential,Southeast,VA,Private,Lump Sum,Design-Build,High,Low,Fast,2023-09-20,2024-10-01,2024,57332900,785,0.481,0.4311,1.0281,0.9183,-0.011,39,0.8973,11,17,0.585,0.9661,26,4.535,10.169,0.3059,0.4179,0.1373,0.1295,0.0582,0.2123,0.0282,0.0301,10.747,0.0566,2.75,0.1683,0.1339,0.1914,3,0.0509,14,0,0,0,0.9515,0.9825,Complete,2025-11-27,60252400,Validation
PRJ3-00005,Liberty Earthworks Package 5,Heavy Civil,Southeast,VA,Private,Lump Sum,Design-Build,Low,High,Standard,2020-03-08,2021-05-28,2021,237166000,1069,0.418,0.435,1.0504,1.0362,-0.0165,-18,1.0485,26,10,0.351,0.9644,86,3.626,4.96,0.6782,0.1088,0.023,0,0.0038,0.0492,0.0161,0.0072,17.204,0.2961,8.113,0.1139,0.1805,0.2685,2,0.0203,-7,0,0,0,0.9801,1.0066,Complete,2023-02-03,241970100,Train
PRJ3-00006,Aspen Marketplace 6,Commercial,Southeast,NC,Private,Lump Sum,Design-Build,Low,Low,Standard,2023-09-08,2024-06-14,2024,119377400,619,0.453,0.4137,0.9916,0.9666,0.0038,24,0.9965,0,0,0.361,0.971,56,4.691,8.276,0.4243,0.3198,0.0678,0.086,0.0074,0.1277,0.0269,0.0057,15.694,0.3109,1.697,0.163,0.3015,0.188,2,0.0022,-20,0,0,0,0.9978,1.0334,Complete,2025-04-29,119642400,Validation
PRJ3-00007,Canyon Public Works Program 7,Infrastructure,Mountain,CO,Public,Cost Plus,Design-Bid-Build,Low,Moderate,Fast,2020-04-11,2021-11-23,2021,297967400,1131,0.523,0.5977,1.0222,1.12,-0.0201,-84,1.0369,7,16,0.279,0.9566,124,4.162,7.269,0.3647,0.2927,0.075,0.0348,0.0435,0.0711,0.0125,0.0171,12.947,0.1334,1.449,0.03,0.1716,0.2681,2,0.0926,-25,0,0,0,0.9153,1.0226,Complete,2023-04-22,325544600,Train
PRJ3-00008,Harbor Urban Village 8,Mixed-Use,West,WA,Public-Private Partnership,Lump Sum,Design-Build,Moderate,Moderate,Standard,2023-11-12,2024-10-11,2024,133566500,877,0.381,0.3648,0.9186,0.9552,0.0413,14,0.996,26,2,0.759,0.9491,57,4.268,6.158,0.3667,0.271,0.0725,0.06,0.0762,0.0936,0.0167,0.0035,11.871,0.2258,3.005,0.3159,0.1732,0.4338,1,0.0872,-3,0,0,0,0.9198,1.0034,Complete,2026-04-04,145212400,Validation
PRJ3-00009,Crescent Medical Center 9,Institutional,Midwest,OH,Private,Unit Price,CMAR,Moderate,High,Standard,2019-07-26,2020-10-09,2020,204654400,1026,0.43,0.4773,1.0413,1.0888,-0.0158,-49,1.0264,2,22,0.769,0.9485,96,4.691,14.102,0.08,0.5084,0.0931,0.0378,0.0267,0.0952,0.0201,0.0115,9.752,0.1474,6.334,0.2328,0.1429,0.3487,4,0.0292,-9,0,0,0,0.9716,1.0088,Complete,2022-05-08,210636900,Train
PRJ3-00011,Northstar Logistics Center 11,Industrial,Midwest,MN,Public,Lump Sum,CMAR,Moderate,High,Slow,2021-06-20,2022-06-14,2022,96090500,865,0.416,0.389,0.9705,0.9181,0.0124,23,1.0783,21,12,0.403,0.9596,50,5.203,8.9,0.2275,0.3243,0.0834,0.0124,0,0.2443,0.0266,0.0267,28.457,0.3287,7.87,0.2655,0.1756,0.3949,4,0.0443,24,0,0,0,0.9576,0.973,Complete,2023-11-26,100349100,Train
PRJ3-00012,Mesa Water Program 12,Heavy Civil,Mountain,WY,Private,Lump Sum,Design-Build,Very High,High,Slow,2018-07-16,2020-05-16,2020,83257900,1290,0.52,0.5014,0.9633,0.9058,0.022,24,0.9504,14,18,0.649,0.9658,52,6.246,11.746,0.1192,0.3233,0.0914,0.115,0.0318,0.2625,0.0616,0.0385,21.338,0.2802,7.834,0.4072,0.3567,0.4036,5,0.0763,12,0,0,0,0.9291,0.9908,Complete,2022-02-07,89611000,Train
PRJ3-00013,Aspen Civic Complex 13,Institutional,Southeast,GA,Private,Cost Plus,Design-Bid-Build,Very High,Moderate,Fast,2024-02-25,2024-12-25,2024,144354900,822,0.37,0.3281,0.8704,0.936,0.0709,34,0.9068,17,22,1.2,0.9465,92,6.373,10.122,0.2445,0.324,0.0919,0.1826,0.0622,0.2684,0.0606,0.0317,24.253,0.3381,4.168,0.5504,0.3313,0.3051,4,0.1127,14,1,0,1,0.8987,0.9833,Complete,2026-06-10,160628400,Validation
PRJ3-00014,Liberty Residences 14,Residential,Southeast,GA,Private,Unit Price,Design-Bid-Build,Very High,Low,Standard,2018-03-21,2019-01-16,2019,36517200,619,0.487,0.4637,0.8172,0.9512,0.1044,14,0.8585,30,26,1.044,0.9461,30,8.215,10.366,0.161,0.3413,0.1108,0.2712,0.07,0.1626,0.0308,0.0338,28.527,0.3445,2.611,0.362,0.335,0.4744,4,0.1836,20,1,0,1,0.8449,0.9687,Complete,2019-12-20,43222600,Train
PRJ3-00015,Lakeview Residences 15,Residential,West,CA,Public,Lump Sum,IPD,Low,High,Slow,2020-03-02,2020-12-23,2020,9406600,629,0.471,0.5202,0.9583,1.0529,-0.0016,-31,1.001,23,6,0.354,0.9614,4,4.252,12.2,0.08,0.4244,0.1013,0.0999,0.0502,0.02,0.0025,0.005,14.556,0.2083,4.371,0.249,0.1717,0.2922,3,0.0291,17,0,0,0,0.9717,0.9737,Complete,2021-12-08,9680300,Train
PRJ3-00016,Evergreen Education Center 16,Institutional,Midwest,OH,Public,Lump Sum,Design-Bid-Build,High,Moderate,Slow,2019-06-16,2020-04-12,2020,140073700,620,0.487,0.433,0.8707,0.9518,0.0601,33,0.9145,31,22,0.972,0.9474,72,5.14,6.076,0.3666,0.2508,0.058,0.0636,0.0181,0.1184,0.0601,0.037,23.799,0.3715,5.297,0.4996,0.3209,0.4961,4,0.1086,16,1,0,1,0.9021,0.9748,Complete,2021-03-13,155282700,Train
PRJ3-00017,Liberty Transit-Oriented Development 17,Mixed-Use,Mountain,MT,Public,Lump Sum,CMAR,High,Moderate,Standard,2020-08-09,2021-12-22,2021,181743400,971,0.515,0.484,0.9188,0.9281,0.0637,30,0.9917,18,11,0.88,0.9548,109,5.997,6.69,0.4323,0.3086,0.0929,0.1107,0.0315,0.3098,0.0478,0.0338,22.268,0.3097,7.013,0.3558,0.2342,0.3638,4,0.0898,29,0,0,0,0.9176,0.971,Complete,2023-05-06,198062700,Train
PRJ3-00018,Crescent Utility Corridor 18,Infrastructure,Southwest,AZ,Private,Lump Sum,IPD,High,High,Slow,2019-12-13,2021-07-09,2021,94165600,1084,0.53,0.4546,0.8885,0.8437,0.0516,82,0.9276,0,15,0.746,0.9574,51,5.416,7.081,0.3752,0.3032,0.0696,0.2054,0.0824,0.2466,0.0291,0.0394,30.825,0.4223,2.785,0.3573,0.33,0.4508,4,0.1576,45,1,1,1,0.8639,0.9601,Complete,2023-01-15,109003200,Train
PRJ3-00019,Harbor Neighborhood 19,Residential,Midwest,OH,Private,Unit Price,Design-Bid-Build,Low,Low,Standard,2024-12-06,2025-08-19,2025,54464000,678,0.378,0.3157,0.8427,0.8147,0.0509,42,0.9626,0,19,0.766,0.9509,18,3.305,8.847,0.2564,0.3728,0.0973,0.1186,0.0477,0.26,0.0125,0,14.643,0.1235,1.273,0.1686,0.1308,0.2536,1,0.1294,-1,1,0,1,0.8854,1.0015,Complete,2026-10-14,61511400,Test
PRJ3-00020,Canyon Logistics Center 20,Industrial,Northeast,NY,Public,Lump Sum,CMAR,Moderate,Moderate,Slow,2022-03-11,2023-09-17,2023,94370000,971,0.572,0.548,0.9405,0.9263,0.0462,23,0.9328,11,19,1.046,0.9523,59,6.252,11.789,0.08,0.3742,0.1154,0.1172,0.0311,0.0542,0.0094,0.0244,25.161,0.3883,11.426,0.3171,0.2232,0.3576,5,0.0772,-21,0,0,0,0.9284,1.0221,Complete,2024-10-16,101653200,Train
PRJ3-00021,Pioneer Research Facility 21,Institutional,Southeast,FL,Private,Guaranteed Maximum Price,Design-Bid-Build,High,High,Standard,2021-08-08,2022-10-19,2022,119545900,910,0.481,0.4477,1.0568,0.9333,-0.0128,30,0.8318,17,13,0.495,0.9573,54,4.517,4.699,0.3874,0.1947,0.0639,0.0899,0.0175,0.2734,0.0214,0.0304,20.731,0.2694,6.519,0.3234,0.2872,0.3648,3,0.0043,4,0,0,0,0.9957,0.9956,Complete,2024-02-08,120057400,Train
PRJ3-00022,Redwood Apartments 22,Residential,Midwest,MN,Private,Guaranteed Maximum Price,Design-Build,High,Low,Slow,2022-01-16,2022-08-10,2022,26541300,448,0.461,0.37,0.8629,0.8534,0.0534,41,0.9253,8,19,0.603,0.9685,13,4.898,12.663,0.0913,0.5698,0.1285,0.1534,0.0414,0.247,0.0392,0.019,26.135,0.4249,2.669,0.4274,0.1829,0.3587,4,0.1008,43,1,1,1,0.9085,0.9124,Complete,2023-05-22,29215400,Train
PRJ3-00023,Aspen Airport Improvements 23,Infrastructure,Midwest,OH,Public-Private Partnership,Lump Sum,Design-Bid-Build,Moderate,Low,Standard,2023-10-06,2024-12-26,2024,210228700,1253,0.357,0.3089,0.821,0.8552,0.0445,60,0.8028,24,12,0.906,0.9707,100,4.757,5.513,0.369,0.2501,0.067,0.1626,0.066,0.1658,0.0494,0.0287,17.906,0.1741,0.39,0.3555,0.1906,0.1771,2,0.2365,-8,1,0,1,0.8088,1.0064,Complete,2027-03-04,259938400,Validation
PRJ3-00024,Aspen Retail Center 24,Commercial,West,OR,Private,Guaranteed Maximum Price,CMAR,Low,Moderate,Standard,2021-08-24,2022-08-23,2022,59923000,630,0.578,0.56,1.039,0.9763,-0.0439,11,0.9605,14,9,0.372,0.9621,20,3.338,7.019,0.4519,0.269,0.0404,0.0996,0.0605,0.02,0,0.0201,24.998,0.2872,1.952,0.2054,0.1688,0.2833,2,-0.0189,-19,0,0,0,1.0192,1.0311,Complete,2023-04-27,58791700,Train
PRJ3-00025,Harbor Civic Complex 25,Institutional,Southeast,VA,Private,Guaranteed Maximum Price,CMAR,High,High,Standard,2025-01-23,2025-11-16,2025,113971800,825,0.361,0.3745,0.9389,1.0085,0.0116,-11,0.8955,21,12,0.377,0.9515,68,5.966,9.943,0.1762,0.3809,0.0645,0.0991,0.0315,0.2548,0.0435,0.019,15.262,0.3269,1.892,0.2854,0.1948,0.3438,3,0.0792,-10,0,0,0,0.9266,1.0123,Complete,2027-04-18,123001400,Test
PRJ3-00026,Crescent Earthworks Package 26,Heavy Civil,Northeast,MA,Public,Guaranteed Maximum Price,Design-Build,Low,High,Slow,2021-12-20,2023-10-11,2023,89824400,1157,0.571,0.5474,1.031,0.9343,-0.0085,27,1.075,28,25,0.086,0.9559,29,3.229,9.215,0.3038,0.3744,0.0978,0.0699,0.031,0.0809,0.0129,0.0009,26.654,0.3932,6.801,0.135,0.212,0.2488,3,0.0945,17,0,0,0,0.9137,0.9855,Complete,2025-03-08,98312400,Train
PRJ3-00027,Horizon Distribution Hub 27,Industrial,West,WA,Public,Lump Sum,Design-Build,High,Low,Slow,2019-09-23,2020-08-04,2020,163339300,869,0.364,0.3019,0.8835,0.9193,0.0506,54,0.8858,10,8,0.826,0.9582,100,6.122,14.769,0.08,0.4376,0.0794,0.1892,0.0456,0.2017,0.0358,0.0551,29.534,0.3635,5.445,0.3488,0.2879,0.3477,6,0.1259,29,1,0,1,0.8882,0.9677,Complete,2022-03-09,183905500,Train
PRJ3-00028,Canyon Neighborhood 28,Residential,West,NV,Public,Lump Sum,Design-Build,High,Moderate,Fast,2020-10-06,2021-06-25,2021,43396500,553,0.475,0.4915,1.0522,1.027,-0.0316,-9,1.0023,17,0,0.718,0.9751,34,7.835,9.681,0.1824,0.3163,0.0727,0.1117,0.0397,0.232,0.0308,0.0195,14.103,0.1176,2.942,0.1736,0.1224,0.3989,2,0.0425,-16,0,0,0,0.9593,1.0298,Complete,2022-03-27,45239500,Train
PRJ3-00029,Crescent Earthworks Package 29,Heavy Civil,Midwest,IL,Private,Unit Price,Design-Bid-Build,High,High,Slow,2022-05-01,2024-02-06,2024,186143700,1244,0.52,0.4598,0.9393,0.8835,0.0326,75,1.0187,17,9,0.803,0.9543,103,5.533,8.95,0.2263,0.3893,0.0886,0.0872,0.0278,0.2457,0.0554,0.0396,26.003,0.3186,6.378,0.4859,0.179,0.2933,4,0.1086,-10,1,0,1,0.9021,1.0081,Complete,2025-09-16,206353400,Validation
PRJ3-00030,Mesa Apartments 30,Residential,Midwest,MO,Private,Guaranteed Maximum Price,IPD,Moderate,Low,Standard,2024-09-01,2025-03-24,2025,92534900,534,0.383,0.3819,1.0305,0.9808,-0.0007,1,1.0443,19,8,0.456,0.9465,58,6.268,8.631,0.3433,0.4184,0.1004,0.2428,0.0464,0.1257,0.0149,0.0059,30.172,0.2649,7.212,0.2524,0.3349,0.2896,4,0.05,31,0,1,1,0.9524,0.9451,Complete,2026-03-20,97159400,Test
PRJ3-00031,Horizon Housing 31,Residential,West,CA,Private,Guaranteed Maximum Price,Design-Bid-Build,High,Moderate,Slow,2021-03-17,2021-09-19,2021,84284900,417,0.448,0.4049,0.9805,0.8985,0.0077,18,0.9083,7,4,0.758,0.9622,53,6.288,11.189,0.08,0.4234,0.1025,0.1413,0.0621,0.2239,0.0622,0,24.318,0.3518,2.5,0.3957,0.2792,0.4109,3,0.0626,20,0,0,0,0.9411,0.9542,Complete,2022-05-28,89564400,Train
PRJ3-00032,Gateway Distribution Hub 32,Industrial,Mountain,ID,Public,Lump Sum,Design-Bid-Build,Very High,High,Fast,2023-02-24,2024-03-25,2024,580334300,867,0.456,0.4318,0.9021,0.9406,0.0504,21,0.9563,10,22,1.083,0.9732,240,4.136,4.477,0.4052,0.1187,0.0596,0.135,0.0657,0.355,0.0636,0.0387,28.011,0.2988,7.396,0.4899,0.3079,0.2928,4,0.118,11,1,0,1,0.8945,0.9875,Complete,2025-07-21,648788200,Validation
PRJ3-00033,Evergreen Residences 33,Residential,Northeast,PA,Private,Lump Sum,Design-Build,Low,Low,Fast,2024-08-15,2025-04-19,2025,53542600,629,0.394,0.4185,0.9314,1.002,0.0175,-15,1.0222,0,17,0.609,0.9679,23,4.296,5.035,0.3801,0.1933,0.0239,0.0189,0.0001,0.0475,0.0184,0.0096,21.774,0.3539,2.869,0.3611,0.2018,0.3613,2,0.0447,7,0,0,0,0.9572,0.989,Complete,2026-05-13,55935800,Test
PRJ3-00034,Horizon Neighborhood 34,Residential,Southeast,TN,Private,Guaranteed Maximum Price,Design-Bid-Build,Very High,Low,Slow,2024-10-10,2025-08-16,2025,128946600,871,0.356,0.3425,0.9118,0.9217,0.0267,12,0.9685,38,27,0.918,0.9482,106,8.22,14.914,0.08,0.595,0.1517,0.2155,0.0654,0.2764,0.0454,0.0628,35.6,0.4854,10.258,0.5282,0.3532,0.3101,8,0.1508,58,1,1,1,0.8689,0.9376,Complete,2027-04-27,148396500,Test
PRJ3-00035,Mesa Neighborhood 35,Residential,Southwest,NM,Private,Lump Sum,CMAR,Very High,High,Standard,2019-03-12,2019-11-27,2019,31174100,636,0.409,0.4341,1.0162,0.9807,-0.0148,-16,0.904,19,20,0.807,0.9817,31,9.944,9.978,0.1599,0.3597,0.1197,0.0674,0.034,0.2841,0.0367,0.0156,20.37,0.2855,6.59,0.309,0.1578,0.3765,3,0.032,22,0,0,0,0.969,0.9666,Complete,2020-12-29,32172000,Train
PRJ3-00036,Liberty Distribution Hub 36,Industrial,Southeast,VA,Private,Lump Sum,Design-Build,Moderate,High,Standard,2020-09-21,2021-10-05,2021,78968800,932,0.407,0.414,0.9144,1.031,0.0448,-7,0.9926,0,10,0.975,0.9676,28,3.546,10.202,0.2833,0.3618,0.0877,0.065,0.026,0.0588,0.0229,0.0092,18.989,0.2543,2.303,0.2506,0.1721,0.4082,2,0.0964,10,0,0,0,0.9121,0.9894,Complete,2023-04-21,86582100,Train
PRJ3-00037,Lakeview Apartments 37,Residential,Southeast,TN,Private,Lump Sum,IPD,Moderate,High,Slow,2023-11-15,2024-06-09,2024,31053000,540,0.384,0.4476,0.9401,1.1103,0.0293,-34,1.0238,0,5,0.401,0.9474,8,2.576,7.203,0.3594,0.3349,0.118,0.0485,0.0121,0.0998,0.0395,0,22.529,0.261,0,0.3574,0.1606,0.3069,1,0.0607,23,0,0,0,0.9428,0.9591,Complete,2025-05-31,32936500,Validation
PRJ3-00038,Northstar Civic Complex 38,Institutional,Southeast,GA,Public,Unit Price,Design-Bid-Build,Low,High,Standard,2018-04-07,2019-02-25,2019,143930500,735,0.441,0.4258,0.9739,0.9512,0.0139,11,1.0659,2,9,0.362,0.9711,47,3.265,4.592,0.5352,0.1759,0.0427,0.1192,0.0607,0.0532,0.041,0,13.121,0.1624,4.411,0.175,0.1687,0.1683,1,-0.0475,-25,0,0,0,1.0499,1.0352,Complete,2020-03-17,137091200,Train
PRJ3-00039,Pioneer Distribution Hub 39,Industrial,Mountain,UT,Private,Unit Price,Design-Bid-Build,High,Moderate,Slow,2021-10-16,2022-08-17,2022,130350200,854,0.358,0.3083,0.7668,0.8115,0.0832,42,0.8654,21,4,0.907,0.9574,80,6.137,10.955,0.1921,0.3719,0.1014,0.0937,0.0492,0.2888,0.0547,0.0464,25.947,0.271,4.36,0.4017,0.2238,0.3635,5,0.2498,34,1,1,1,0.8001,0.9617,Complete,2024-03-22,162909100,Train
PRJ3-00040,Granite Bridge Program 40,Heavy Civil,Southwest,NM,Private,Cost Plus,Design-Build,Moderate,Moderate,Slow,2024-07-13,2025-05-19,2025,382453500,784,0.396,0.3773,0.8807,0.9496,0.034,15,0.9976,20,1,0.491,0.9316,193,5.046,8.468,0.2317,0.3138,0.1033,0.0709,0.0056,0.0362,0.029,0.0347,33.058,0.496,10.216,0.4662,0.2207,0.4041,5,0.1687,23,1,0,1,0.8556,0.9715,Complete,2026-09-28,446983900,Test
PRJ3-00041,Copper Retail Center 41,Commercial,West,WA,Private,Lump Sum,Design-Bid-Build,Low,High,Standard,2022-05-04,2023-01-10,2023,102123600,597,0.422,0.42,0.9841,0.9663,0.0071,1,1.0359,4,14,0.471,0.9767,32,3.133,5.944,0.4686,0.2758,0.0583,0.0118,0.0224,0.0482,0,0.0075,5,0.0523,2.838,0.1194,0.0002,0.3452,1,0.0106,-25,0,0,0,0.9895,1.0437,Complete,2023-11-27,103210500,Train
PRJ3-00042,Lakeview Earthworks Package 42,Heavy Civil,West,CA,Public,Guaranteed Maximum Price,CMAR,Moderate,High,Slow,2020-04-05,2021-06-26,2021,122393400,963,0.465,0.4165,1.014,0.9127,0.0185,47,0.9538,11,12,0.949,0.9473,64,5.229,6.011,0.4321,0.2258,0.0521,0.0813,0.0075,0.0539,0.0375,0.0414,15.74,0.3695,9.826,0.1458,0.136,0.3097,4,0.0414,15,0,0,0,0.9602,0.9847,Complete,2022-12-09,127465100,Train
PRJ3-00043,Granite Neighborhood 43,Residential,West,OR,Private,Cost Plus,Design-Bid-Build,Moderate,Moderate,Fast,2024-05-01,2025-05-28,2025,32850400,822,0.477,0.466,1.0006,0.9823,-0.0173,9,0.9274,5,12,0.61,0.9764,22,6.697,2,0.6488,0.1384,0.0806,0.0853,0.0707,0.0997,0.0094,0,9.21,0.2057,0.546,0.2476,0.1053,0.3126,1,0.0441,-10,0,0,0,0.9578,1.0123,Complete,2026-07-22,34299500,Test
PRJ3-00044,Granite Neighborhood 44,Residential,Mountain,ID,Public,Guaranteed Maximum Price,CMAR,Moderate,Moderate,Standard,2024-07-12,2025-03-26,2025,50073000,621,0.414,0.4343,1.0437,1.0067,-0.0274,-13,1.034,0,0,0.712,0.9855,28,5.592,7.107,0.2686,0.2531,0.1013,0.1448,0.0675,0.1098,0.0452,0.0196,15.291,0.3406,5.451,0.219,0.2104,0.2516,2,0.0409,-25,0,0,0,0.9607,1.0419,Complete,2026-02-28,52119100,Test
PRJ3-00045,Northstar Corporate Center 45,Commercial,West,OR,Public,Lump Sum,CMAR,Moderate,High,Fast,2021-10-08,2022-08-16,2022,46169500,555,0.563,0.5606,1.0749,0.9773,-0.0388,1,1.0281,0,12,0.436,0.999,23,4.982,2.332,0.4975,0.0879,0.0176,0.1535,0.0591,0.0732,0.0118,0.0019,18.666,0.1996,1.802,0.0981,0.2081,0.2936,1,-0.0022,19,0,0,0,1.0023,0.9669,Complete,2023-05-05,46065800,Train
PRJ3-00046,Lakeview Utility Corridor 46,Infrastructure,Mountain,CO,Public,Guaranteed Maximum Price,CMAR,Moderate,Moderate,Fast,2021-06-24,2023-08-19,2023,187488400,1335,0.589,0.6162,1.0362,0.999,-0.0172,-36,1.0579,16,15,0.771,0.9762,85,4.534,2,0.6265,0.084,0.0444,0.0929,0.0237,0.1152,0.0172,0.0041,14.825,0.2014,0,0.234,0.1717,0.2714,1,-0.0143,34,0,1,1,1.0145,0.9752,Complete,2025-03-24,184803400,Train
PRJ3-00047,Cedar Research Facility 47,Institutional,Southeast,TN,Public,Guaranteed Maximum Price,Design-Bid-Build,Low,Moderate,Fast,2019-01-22,2020-06-17,2020,134034300,875,0.586,0.5039,0.9931,0.8896,0.0037,72,0.9883,10,20,0.662,0.9743,65,4.85,4.712,0.6382,0.1625,0.0287,0.1053,0.021,0.1209,0.0242,0.0059,20.339,0.2465,0,0.2858,0.2361,0.2664,1,-0.0438,-13,0,0,0,1.0458,1.0151,Complete,2021-06-02,128167400,Train
PRJ3-00048,Northstar Distribution Hub 48,Industrial,Southeast,GA,Public-Private Partnership,Unit Price,Design-Bid-Build,High,High,Fast,2017-12-05,2019-01-10,2019,90239800,942,0.426,0.4244,0.9386,1.0149,0.0287,2,1.0748,12,13,0.277,0.9534,44,4.876,7.017,0.3505,0.2844,0.0489,0.1201,0.051,0.1795,0.0433,0,5,0.1334,11.388,0.197,0.0883,0.4739,2,0.0849,-1,0,0,0,0.9218,1.0011,Complete,2020-07-03,97897600,Train
PRJ3-00049,Evergreen Apartments 49,Residential,Midwest,OH,Public-Private Partnership,Guaranteed Maximum Price,IPD,Moderate,Moderate,Standard,2021-11-19,2022-07-28,2022,16846000,498,0.506,0.4492,1.0503,0.9832,-0.0053,28,0.942,0,19,0.676,0.9791,6,3.562,6.619,0.4111,0.3133,0.0758,0.0706,0.0399,0.0753,0.0472,0.0137,21.907,0.2218,1.872,0.1798,0.2385,0.3406,2,0.036,-15,0,0,0,0.9653,1.0311,Complete,2023-03-17,17452000,Train
PRJ3-00050,Gateway Earthworks Package 50,Heavy Civil,Midwest,MI,Private,Lump Sum,Design-Bid-Build,Moderate,Low,Standard,2020-05-08,2021-08-08,2021,172363300,1253,0.365,0.2937,0.8959,0.8819,0.0351,89,0.8699,39,9,0.597,0.9409,91,5.28,9.0,0.2366,0.3584,0.0969,0.1414,0.0612,0.078,0.0223,0.0304,13.245,0.0939,3.698,0.4255,0.1224,0.2806,3,0.0647,13,0,0,0,0.9392,0.9897,Complete,2023-10-26,183518900,Train
PRJ3-00051,Cedar Town Center 51,Mixed-Use,Southwest,NM,Public,Cost Plus,Design-Build,Moderate,Moderate,Standard,2022-02-12,2023-08-26,2023,107373300,950,0.59,0.5527,0.994,0.9963,-0.0141,35,1.0757,0,10,0.885,0.9613,56,5.215,7.875,0.2333,0.3013,0.0509,0.105,0.056,0.1487,0.0113,0.0332,21.457,0.3846,7.725,0.2251,0.152,0.1587,3,0.0217,1,0,0,0,0.9788,0.9989,Complete,2024-09-20,109704300,Train
PRJ3-00052,Cedar Office Campus 52,Commercial,West,NV,Public,Guaranteed Maximum Price,Design-Bid-Build,High,Low,Fast,2023-04-16,2024-03-13,2024,41602700,668,0.498,0.4646,0.9866,0.9303,0.0042,22,1.0723,27,5,0.866,0.9526,22,5.288,12.439,0.08,0.482,0.0912,0.178,0.0786,0.3128,0.0237,0.0323,19.24,0.1807,1.382,0.2391,0.1943,0.349,4,0.0264,40,0,1,1,0.9743,0.9435,Complete,2025-03-24,42700000,Validation
PRJ3-00053,Riverside Water Program 53,Heavy Civil,Southwest,TX,Private,Unit Price,CMAR,Moderate,High,Standard,2023-01-19,2024-08-22,2024,394699900,1181,0.492,0.4614,1.0159,0.887,-0.0119,36,1.1064,0,6,0.218,0.9686,193,4.89,7.953,0.4286,0.3366,0.0633,0.0535,0.0601,0.1163,0,0.0079,34.028,0.3094,5.475,0.1491,0.2561,0.3091,3,0.0351,13,0,0,0,0.9661,0.9891,Complete,2026-04-27,408541200,Validation
PRJ3-00054,Summit Public Works Program 54,Infrastructure,West,WA,Private,Guaranteed Maximum Price,Design-Bid-Build,Moderate,High,Fast,2019-01-23,2020-07-07,2020,102186400,1418,0.375,0.4,1.0197,1.0604,-0.0135,-35,1.0251,0,6,0.695,0.9691,52,5.089,2.8,0.5378,0.1192,0.0466,0.0097,0,0.1407,0.0316,0,14.012,0.2369,4.881,0.2615,0.1513,0.2646,1,-0.0228,7,0,0,0,1.0234,0.9951,Complete,2022-12-18,99853300,Train
PRJ3-00055,Crescent Earthworks Package 55,Heavy Civil,West,NV,Private,Cost Plus,CMAR,High,Low,Slow,2019-12-18,2021-02-27,2021,73151900,1020,0.429,0.4344,0.9094,1.0031,0.0376,-6,0.9523,26,8,0.801,0.9705,48,6.562,13.082,0.0825,0.5519,0.1208,0.1392,0.0371,0.2189,0.0307,0.0251,34.886,0.4054,8.625,0.5002,0.3002,0.4042,6,0.1612,9,1,0,1,0.8612,0.9913,Complete,2022-10-12,84942200,Train
PRJ3-00056,Canyon Transit Program 56,Infrastructure,Southeast,GA,Private,Lump Sum,Design-Build,Moderate,Moderate,Fast,2023-04-17,2025-02-20,2025,230732700,1434,0.471,0.4779,1.0149,1.0265,-0.0149,-10,0.9894,23,22,0.328,0.966,99,4.291,7.681,0.4738,0.2251,0.0873,0.0879,0.0754,0.0869,0.027,0,11.151,0.1635,0.276,0.3198,0.1133,0.3397,1,0.0286,16,0,0,0,0.9722,0.989,Complete,2027-04-06,237341000,Test
PRJ3-00057,Redwood Medical Center 57,Institutional,Southwest,TX,Private,Unit Price,CMAR,Low,Moderate,Fast,2023-06-15,2024-09-04,2024,166895500,819,0.546,0.5032,0.9935,0.9291,0.0138,35,1.0629,0,0,0.665,0.9833,64,3.835,10.657,0.2133,0.4301,0.0824,0.0315,0.0341,0.0328,0.0363,0.0072,16.93,0.1855,0,0.1847,0.1845,0.2803,2,0.058,-25,0,0,0,0.9452,1.0315,Complete,2025-08-17,176573000,Validation
PRJ3-00058,Cedar Marketplace 58,Commercial,Mountain,ID,Private,Lump Sum,Design-Build,Low,Moderate,Fast,2021-12-19,2022-08-04,2022,78232200,563,0.405,0.4142,1.0597,0.9976,-0.0261,-5,1.1144,0,18,0.491,0.9709,33,4.218,4.532,0.5626,0.1198,0.0841,0.0854,0.0319,0.1215,0.0208,0,21.366,0.3358,2.979,0.1915,0.1473,0.3987,1,-0.0284,5,0,0,0,1.0293,0.9912,Complete,2023-07-10,76008600,Train
PRJ3-00059,Canyon Airport Improvements 59,Infrastructure,Northeast,MA,Private,Guaranteed Maximum Price,CMAR,High,Low,Standard,2023-05-10,2024-12-10,2024,198366700,1380,0.421,0.3424,0.8762,0.8573,0.0431,108,0.8608,42,20,0.755,0.9591,112,5.646,9.074,0.1455,0.3267,0.0921,0.1261,0.0872,0.2298,0.0837,0.0167,21.966,0.2308,5.454,0.2438,0.2766,0.3392,3,0.2148,15,1,0,1,0.8232,0.9892,Complete,2027-03-05,240972400,Validation
PRJ3-00060,Northstar Apartments 60,Residential,West,WA,Public,Cost Plus,Design-Build,Low,Moderate,Slow,2018-04-07,2019-02-25,2019,104450400,624,0.52,0.5238,0.9338,0.9952,0.03,-2,1.0572,13,5,0.377,0.9787,50,4.787,7.948,0.2873,0.321,0.0779,0,0.0233,0.0617,0,0.0105,32.846,0.3902,0.633,0.1542,0.2859,0.3083,3,0.1147,-13,1,0,1,0.8971,1.0213,Complete,2019-12-09,116426000,Train
PRJ3-00061,Aspen Process Plant 61,Industrial,West,NV,Private,Lump Sum,CMAR,High,High,Standard,2020-11-07,2021-10-23,2021,266369500,820,0.427,0.4248,0.9408,0.9551,0.0447,2,0.9574,5,12,1.115,0.9658,142,5.331,5.407,0.334,0.2543,0.1039,0.1424,0.0375,0.2237,0.0452,0.03,22.716,0.2986,6.311,0.3619,0.2461,0.2717,3,0.0401,-5,0,0,0,0.9615,1.0061,Complete,2023-01-31,277042300,Train
PRJ3-00062,Copper Medical Center 62,Institutional,Southeast,GA,Public,Unit Price,Design-Build,Very High,Moderate,Standard,2023-06-25,2025-05-24,2025,118084300,1282,0.546,0.5014,0.9748,0.9474,0.0038,57,0.9383,29,20,0.402,0.9517,64,5.42,5.011,0.5158,0.2783,0.1361,0.1038,0.0343,0.305,0.0466,0.026,20.174,0.2577,2.419,0.2134,0.1806,0.3889,3,0.0995,1,0,0,0,0.9095,0.9992,Complete,2026-12-29,129834800,Test
PRJ3-00063,Summit Public Works Program 63,Infrastructure,West,NV,Private,Lump Sum,Design-Build,High,Moderate,Standard,2019-02-10,2020-05-08,2020,550930600,1127,0.402,0.3394,0.9383,0.8888,0.0309,71,0.992,8,4,0.598,0.9601,240,4.356,8.36,0.3798,0.3298,0.0513,0.1293,0.048,0.1761,0.0423,0.0321,15.859,0.1757,5.766,0.2539,0.2578,0.3527,3,-0.0155,13,0,0,0,1.0157,0.9886,Complete,2022-03-26,542402600,Train
PRJ3-00064,Gateway Office Campus 64,Commercial,Midwest,OH,Private,Lump Sum,IPD,Very High,Low,Standard,2024-03-24,2025-06-22,2025,111691000,781,0.583,0.5408,0.8762,0.955,0.0708,33,0.9769,13,17,0.411,0.951,71,6.357,13.692,0.08,0.39,0.1263,0.3188,0.102,0.2934,0.0605,0.0334,29.595,0.3482,3.23,0.5033,0.359,0.2319,5,0.0881,16,0,0,0,0.9191,0.9799,Complete,2026-05-30,121527000,Test
PRJ3-00065,Cedar Residences 65,Residential,Southeast,NC,Public,Lump Sum,Design-Bid-Build,Moderate,Moderate,Standard,2024-08-16,2025-08-21,2025,74410300,791,0.469,0.5041,0.8886,1.0431,0.0738,-28,0.9488,14,20,0.538,0.9829,21,2.822,7.423,0.502,0.2504,0.0706,0.1165,0.0331,0.1179,0.054,0.0359,12.668,0.2247,4.453,0.4683,0.1768,0.1435,3,0.1127,31,1,1,1,0.8987,0.9623,Complete,2026-11-16,82797800,Test
PRJ3-00066,Cedar Logistics Center 66,Industrial,West,OR,Public-Private Partnership,Guaranteed Maximum Price,Design-Bid-Build,High,High,Standard,2020-08-12,2021-09-17,2021,261704500,915,0.439,0.4509,0.9175,1.0205,0.0561,-11,0.9897,0,9,0.651,0.9938,157,5.999,11.344,0.08,0.4614,0.1068,0.1502,0.0519,0.152,0.0466,0.028,30.72,0.374,9.594,0.3869,0.2777,0.321,5,0.0709,35,0,1,1,0.9338,0.9632,Complete,2023-03-20,280269100,Train
PRJ3-00067,Canyon Town Center 67,Mixed-Use,Midwest,MN,Private,Lump Sum,Design-Build,Low,High,Fast,2020-05-16,2021-05-30,2021,213424800,856,0.443,0.4544,0.9575,1.0094,0.0295,-10,1.0564,22,11,0.485,0.9666,89,4.17,6.913,0.32,0.2859,0.0965,0,0,0.0749,0.0123,0.0058,6.536,0.1062,3.376,0.1617,0.0982,0.331,2,0.0293,29,0,0,0,0.9715,0.9672,Complete,2022-10-18,219680100,Train
PRJ3-00068,Cedar Urban Village 68,Mixed-Use,Mountain,MT,Public-Private Partnership,Guaranteed Maximum Price,CMAR,Low,High,Fast,2019-08-20,2020-08-07,2020,178393000,869,0.407,0.4656,1.0391,1.0387,-0.0082,-51,1.0632,13,11,0.644,0.9872,74,4.148,5.853,0.3615,0.3203,0.0613,0.2076,0.049,0.0621,0.0018,0.0301,16.903,0.248,2.533,0.0697,0.2561,0.3427,3,0.0075,-10,0,0,0,0.9925,1.0116,Complete,2021-12-26,179732500,Train
PRJ3-00069,Cedar Residences 69,Residential,West,OR,Private,Lump Sum,IPD,High,Low,Standard,2018-05-31,2019-06-26,2019,40145300,712,0.55,0.5445,0.9787,1.0133,0.0088,4,0.9423,11,9,0.608,0.953,24,5.978,8.658,0.2326,0.3355,0.0951,0.2692,0.0475,0.1581,0.0373,0.0223,24.081,0.3067,5.581,0.3055,0.2859,0.4517,3,0.1113,-9,1,0,1,0.8999,1.0128,Complete,2020-05-03,44613200,Train
PRJ3-00070,Riverside Civic Complex 70,Institutional,Midwest,MI,Public,Cost Plus,Design-Build,High,Low,Standard,2021-03-07,2022-04-27,2022,136543100,991,0.42,0.4237,0.9265,0.9537,0.0089,-4,0.9355,33,12,0.392,0.9464,87,6.372,12.406,0.08,0.4444,0.0876,0.1516,0.0671,0.2406,0.0398,0.0227,23.4,0.3462,3.985,0.3259,0.3149,0.3471,4,0.0221,44,0,1,1,0.9784,0.9575,Complete,2024-01-06,139561500,Train
PRJ3-00071,Granite Distribution Hub 71,Industrial,Southeast,FL,Public,Guaranteed Maximum Price,IPD,High,Moderate,Standard,2021-05-04,2022-09-19,2022,112101600,996,0.506,0.5159,1.0242,1.0233,-0.0292,-10,0.9607,5,5,0.481,0.9465,51,4.549,9.613,0.212,0.2973,0.0545,0.1389,0.0379,0.2769,0.0501,0.005,14.364,0.2724,4.95,0.289,0.165,0.3712,2,-0.033,-25,0,0,0,1.0342,1.0257,Complete,2023-12-31,108398700,Train
PRJ3-00072,Evergreen Corporate Center 72,Commercial,Midwest,MI,Private,Lump Sum,CMAR,High,High,Standard,2024-09-19,2025-08-24,2025,162668200,720,0.472,0.4885,0.9788,1.0071,0.0239,-12,0.9843,18,10,0.408,0.9729,82,5.041,7.372,0.294,0.1207,0.0573,0.2211,0.0519,0.1969,0.049,0.0368,15.117,0.1891,5.319,0.2654,0.2759,0.3335,3,0.0667,-2,0,0,0,0.9375,1.0028,Complete,2026-09-07,173516700,Test
PRJ3-00073,Redwood Transit Program 73,Infrastructure,Mountain,CO,Private,Lump Sum,Design-Bid-Build,High,Low,Slow,2020-02-05,2021-05-13,2021,227632900,1236,0.375,0.3111,0.832,0.8562,0.065,79,0.8386,46,24,0.666,0.9547,143,6.282,8.857,0.5204,0.4585,0.1164,0.1182,0.0034,0.3387,0.0514,0.0179,13.868,0.1708,3.086,0.3468,0.1617,0.4239,3,0.1242,16,1,0,1,0.8895,0.9872,Complete,2023-07-11,255910800,Train
PRJ3-00074,Northstar Airport Improvements 74,Infrastructure,Southeast,NC,Private,Guaranteed Maximum Price,IPD,Very High,Moderate,Slow,2022-11-26,2024-09-07,2024,198315600,1429,0.456,0.4112,1.0258,0.8938,0.0158,64,0.7948,23,18,0.791,0.9462,126,6.354,6.651,0.358,0.3251,0.113,0.1803,0.0211,0.2602,0.0404,0.0318,28.962,0.2607,8.149,0.3815,0.3259,0.4771,4,0.04,23,0,0,0,0.9615,0.9842,Complete,2026-11-17,206251400,Validation
PRJ3-00075,Canyon Corporate Center 75,Commercial,Southeast,TN,Public,Unit Price,CMAR,Low,Moderate,Standard,2022-08-25,2023-02-08,2023,66837000,462,0.363,0.358,0.9866,1.0161,0.0083,2,1.0046,5,15,0.677,0.9607,19,2.843,9.059,0.1448,0.4175,0.1098,0.0118,0.0085,0.0972,0.0242,0.0274,10.765,0.1144,3.592,0.2136,0.0864,0.336,3,0.0447,-15,0,0,0,0.9572,1.0336,Complete,2023-11-15,69823700,Train
PRJ3-00076,Summit Corporate Center 76,Commercial,West,NV,Public,Unit Price,Design-Bid-Build,Low,Low,Fast,2022-05-18,2023-06-05,2023,33468900,741,0.517,0.4922,1.0148,0.9735,-0.0039,18,1.0075,10,0,0.274,0.9631,12,3.585,8.238,0.3853,0.3424,0.0953,0.0975,0.0183,0.0556,0.0411,0.0126,15.624,0.2169,0.111,0.2474,0.1345,0.1737,2,0.0702,-1,0,0,0,0.9344,1.0014,Complete,2024-05-27,35817200,Train
PRJ3-00077,Pioneer Corporate Center 77,Commercial,Southwest,NM,Private,Lump Sum,Design-Bid-Build,Low,Moderate,Standard,2021-10-05,2022-07-23,2022,43048500,666,0.437,0.43,1.005,0.9858,-0.0061,5,1.0448,0,3,0.243,0.99,17,3.949,3.879,0.4679,0.1632,0.0661,0.0818,0.0217,0.1067,0.0346,0.0117,18.548,0.2527,3.706,0.3357,0.1905,0.3321,2,-0.058,-25,0,0,0,1.0616,1.039,Complete,2023-07-08,40549900,Train
PRJ3-00078,Mesa Marketplace 78,Commercial,Northeast,NY,Public,Cost Plus,Design-Build,Low,High,Slow,2021-09-03,2022-05-19,2022,63067000,597,0.433,0.4329,1.1484,1.01,-0.0385,0,1.0783,32,15,0.556,0.9746,29,4.598,5.652,0.4895,0.2738,0.0537,0.0338,0.0103,0.0405,0.0507,0.0144,30.307,0.4711,4.96,0.0687,0.1811,0.2183,3,0.0564,42,0,1,1,0.9466,0.9343,Complete,2023-06-04,66626500,Train
PRJ3-00079,Cedar Urban Village 79,Mixed-Use,Southeast,GA,Private,Guaranteed Maximum Price,Design-Build,Moderate,Low,Standard,2021-02-21,2022-01-28,2022,176528500,973,0.351,0.3492,0.9457,0.948,0.0104,2,0.9487,25,20,0.496,0.9689,80,4.532,7.772,0.3775,0.3538,0.0566,0.0369,0.0482,0.107,0.0197,0.037,28.056,0.3489,0.864,0.3327,0.1915,0.3574,3,0.0854,-10,0,0,0,0.9213,1.0104,Complete,2023-10-12,191609800,Train
PRJ3-00080,Aspen Process Plant 80,Industrial,Midwest,IL,Private,Guaranteed Maximum Price,CMAR,Moderate,Moderate,Slow,2023-08-05,2024-09-02,2024,109561300,865,0.456,0.3791,0.8913,0.9062,0.0356,66,0.9484,4,14,0.911,0.9741,53,4.837,8.77,0.2823,0.3955,0.0605,0.1143,0.0742,0.0676,0.0252,0.0455,9.695,0.2122,4.458,0.4365,0.1314,0.4436,4,0.119,7,1,0,1,0.8937,0.992,Complete,2025-12-24,122596600,Validation
PRJ3-00081,Lakeview Corporate Center 81,Commercial,West,CA,Private,Lump Sum,CMAR,Moderate,Low,Fast,2022-04-11,2023-03-08,2023,125470000,769,0.431,0.4548,0.9146,1.039,0.044,-18,0.9845,19,2,0.702,0.9777,59,4.702,7.727,0.435,0.2318,0.0602,0.119,0.0672,0.0349,0.0131,0.013,8.049,0.1724,4.636,0.4308,0.1271,0.4049,2,0.0949,-25,0,0,0,0.9133,1.0336,Complete,2024-04-24,137383300,Train
PRJ3-00082,Evergreen Retail Center 82,Commercial,West,WA,Private,Guaranteed Maximum Price,CMAR,Moderate,Moderate,Standard,2019-01-23,2020-04-24,2020,177589600,957,0.478,0.4804,0.998,0.9881,-0.0222,-2,1.0865,18,8,0.364,0.9736,83,4.674,5.745,0.5152,0.2425,0.079,0.1024,0,0.0487,0.0575,0.0112,15.846,0.1393,0.7,0.2089,0.1842,0.2957,1,0.0162,-10,0,0,0,0.984,1.0106,Complete,2021-08-27,180471300,Train
PRJ3-00083,Granite Airport Improvements 83,Infrastructure,West,NV,Public-Private Partnership,Guaranteed Maximum Price,IPD,Moderate,Low,Standard,2022-06-20,2024-03-26,2024,214617000,1147,0.563,0.5338,0.9283,0.9504,0.0427,33,0.9958,0,2,0.61,0.9498,116,5.405,8.989,0.2432,0.3232,0.0591,0.1468,0.0725,0.1366,0,0.0087,12.38,0.2148,1.883,0.2489,0.1562,0.3629,2,0.0441,-19,0,0,0,0.9577,1.0168,Complete,2025-07-22,224091700,Validation
PRJ3-00084,Gateway Earthworks Package 84,Heavy Civil,Midwest,OH,Private,Guaranteed Maximum Price,CMAR,High,Low,Standard,2024-12-24,2025-12-24,2025,96284900,996,0.367,0.3202,0.9282,0.877,0.0328,47,0.8914,48,5,0.948,0.9672,48,4.985,11.789,0.08,0.4712,0.0771,0.1317,0.0342,0.0569,0.0725,0.0159,18.082,0.4044,7.858,0.2993,0.1216,0.2738,4,0.1555,85,1,1,1,0.8654,0.9214,Complete,2027-12-10,111255900,Test
PRJ3-00085,Canyon Water Program 85,Heavy Civil,West,NV,Public,Guaranteed Maximum Price,Design-Build,Low,Low,Standard,2021-02-11,2022-03-28,2022,89357300,773,0.531,0.4964,1.0419,0.9612,-0.005,27,1.0213,0,0,0.429,0.9496,44,4.924,8.711,0.2832,0.2219,0.0908,0.1271,0.0616,0.0653,0,0.0289,21.114,0.1798,6.62,0.0504,0.248,0.2637,3,0.0364,-10,0,0,0,0.9649,1.0131,Complete,2023-03-16,92612200,Train
PRJ3-00086,Pioneer Bridge Program 86,Heavy Civil,Southwest,NM,Private,Unit Price,IPD,Moderate,Moderate,Fast,2024-01-09,2025-09-16,2025,210479200,1201,0.513,0.5247,0.9196,0.9871,0.0287,-14,1.0377,0,11,0.711,0.9742,87,4.133,8.416,0.2102,0.2455,0.0778,0.0677,0.0407,0.1144,0.0285,0,20.851,0.206,0.868,0.266,0.2604,0.2863,1,-0.0053,-21,0,0,0,1.0053,1.0178,Complete,2027-04-03,209373600,Test
PRJ3-00087,Canyon Research Facility 87,Institutional,West,OR,Public,Guaranteed Maximum Price,Design-Build,Moderate,Moderate,Slow,2020-01-21,2021-01-16,2021,127364300,637,0.567,0.4725,0.9797,0.8706,0.0072,60,1.0674,10,6,1.205,0.9563,46,3.612,6.211,0.2622,0.2393,0.0664,0.0704,0.0694,0.2023,0.0103,0.0063,23.329,0.2595,5.878,0.3245,0.2339,0.3051,2,0.0098,22,0,0,0,0.9903,0.9666,Complete,2021-11-10,128614600,Train
PRJ3-00088,Harbor District 88,Mixed-Use,Southwest,AZ,Public,Cost Plus,Design-Bid-Build,Very High,Low,Fast,2024-03-17,2025-10-17,2025,112009700,1038,0.558,0.4826,0.839,0.8883,0.0902,78,0.8042,23,0,1.028,0.945,73,6.517,15.538,0.08,0.5584,0.1477,0.2066,0.0354,0.2813,0.0424,0.0456,27.479,0.2873,3.969,0.3766,0.3039,0.3676,6,0.1344,26,1,0,1,0.8815,0.9756,Complete,2027-02-14,127061000,Test
PRJ3-00089,Copper Medical Center 89,Institutional,West,NV,Private,Guaranteed Maximum Price,CMAR,Moderate,Moderate,Fast,2020-03-16,2021-08-16,2021,48383900,985,0.526,0.5239,1.0119,1.003,-0.0109,2,0.8799,6,9,0.551,0.9507,10,2.067,4.995,0.4357,0.155,0.0544,0.0745,0.0214,0.1982,0,0.0246,5,0.0821,2.658,0.2192,0.0617,0.2837,2,-0.0067,-25,0,0,0,1.0067,1.026,Complete,2022-11-01,48061900,Train
PRJ3-00090,Granite Transit Program 90,Infrastructure,Mountain,UT,Private,Cost Plus,Design-Bid-Build,Moderate,Moderate,Standard,2017-04-11,2019-09-28,2019,335872500,1513,0.595,0.5991,0.9093,1.0145,0.0416,-6,0.885,4,15,0.642,0.966,160,4.764,4.519,0.481,0.1727,0.051,0.137,0.0334,0.1367,0.0568,0.0247,15.603,0.2869,2.072,0.2153,0.2248,0.3257,2,0.1069,45,1,1,1,0.9034,0.9711,Complete,2021-07-17,371772600,Train
PRJ3-00091,Northstar Corporate Center 91,Commercial,Northeast,PA,Private,Cost Plus,Design-Bid-Build,Moderate,High,Standard,2024-07-02,2025-04-16,2025,60325300,696,0.415,0.4054,1.0158,1.0123,-0.0137,7,1.0984,4,13,0.284,0.9752,37,6.133,7.631,0.3745,0.3689,0.0615,0.132,0.0222,0.1499,0.0183,0.0292,25.599,0.3699,4.722,0.29,0.2712,0.4026,4,-0.0241,17,0,0,0,1.0247,0.9762,Complete,2026-06-15,58870200,Test
PRJ3-00092,Summit Medical Center 92,Institutional,Midwest,MN,Private,Lump Sum,Design-Bid-Build,Moderate,High,Slow,2023-02-02,2024-03-24,2024,111926300,782,0.533,0.4928,0.9722,0.9668,0.0185,31,0.8741,24,15,0.737,0.9681,57,5.093,9.868,0.2102,0.3873,0.0776,0.061,0.0392,0.1864,0.0618,0,32.781,0.3788,6.501,0.3362,0.1833,0.3977,3,0.0827,14,0,0,0,0.9237,0.9824,Complete,2025-04-08,121177100,Validation
PRJ3-00093,Pioneer Residences 93,Residential,Mountain,ID,Private,Unit Price,Design-Bid-Build,Very High,Moderate,Standard,2019-11-19,2020-12-11,2020,44671500,702,0.554,0.4984,0.9571,0.9475,0.0478,39,0.9139,35,14,1.117,0.9482,24,5.373,14.224,0.08,0.4674,0.1358,0.17,0.064,0.2988,0.0534,0.0311,26.674,0.277,4.143,0.3288,0.2801,0.4764,5,0.1109,41,1,1,1,0.9001,0.9448,Complete,2021-12-01,49627100,Train
PRJ3-00094,Canyon Logistics Center 94,Industrial,Southwest,AZ,Private,Lump Sum,Design-Build,Very High,High,Slow,2019-03-15,2020-04-28,2020,196920200,948,0.433,0.4175,0.9136,0.9278,0.0446,15,0.9269,39,3,0.907,0.9712,128,6.5,13.736,0.08,0.5244,0.1453,0.1875,0.0541,0.1485,0.0646,0.0311,34.197,0.4283,11.66,0.4686,0.3047,0.5311,7,0.1704,48,1,1,1,0.8544,0.9518,Complete,2021-12-05,230466900,Train
PRJ3-00095,Harbor Transit-Oriented Development 95,Mixed-Use,Mountain,MT,Private,Guaranteed Maximum Price,CMAR,High,Low,Standard,2023-09-05,2025-02-13,2025,91607000,1187,0.444,0.4394,0.9645,0.9838,0.0228,5,0.9889,15,6,0.763,0.9585,71,7.75,12.39,0.161,0.3297,0.0866,0.1526,0.0713,0.2915,0.0339,0.0593,26.896,0.3223,1.298,0.2892,0.2205,0.3576,5,0.0535,-9,0,0,0,0.9492,1.0076,Complete,2026-11-26,96508500,Test
PRJ3-00096,Harbor Education Center 96,Institutional,Mountain,CO,Private,Lump Sum,Design-Bid-Build,High,High,Standard,2022-06-07,2023-07-19,2023,144232200,936,0.435,0.4014,0.8356,0.9348,0.0652,31,0.9726,6,23,0.354,0.9513,64,4.437,10.155,0.2535,0.3904,0.1039,0.0984,0.0268,0.1897,0.0504,0.0462,9.092,0.1352,7.483,0.4352,0.1638,0.3828,4,0.1669,-4,1,0,1,0.857,1.0043,Complete,2024-12-25,168303800,Train
PRJ3-00097,Crescent Bridge Program 97,Heavy Civil,West,NV,Private,Lump Sum,Design-Build,Low,Moderate,Fast,2024-07-06,2025-12-13,2025,151774500,1165,0.451,0.4573,1.0008,1.0433,-0.0099,-7,0.954,6,11,0,0.9834,57,3.756,6.573,0.2251,0.1473,0.0561,0.0405,0.0063,0.02,0.0214,0.0009,12.258,0.1992,5.793,0.2554,0.1546,0.3276,1,0.0753,-25,0,0,0,0.93,1.0219,Complete,2027-08-20,163205000,Test
PRJ3-00098,Aspen District 98,Mixed-Use,West,NV,Private,Lump Sum,CMAR,Very High,Moderate,Standard,2022-10-15,2023-10-09,2023,118153200,990,0.363,0.3181,0.915,0.9837,0.0314,44,0.8846,8,5,0.506,0.9587,57,4.824,5.749,0.5025,0.197,0.0716,0.1655,0.0561,0.2492,0.0781,0.0379,10.062,0.2232,8.724,0.4492,0.1642,0.3974,3,0.0882,13,0,0,0,0.919,0.987,Complete,2025-07-14,128573600,Train
PRJ3-00099,Pioneer Process Plant 99,Industrial,West,OR,Private,Guaranteed Maximum Price,CMAR,Moderate,Moderate,Fast,2019-01-16,2020-06-01,2020,124082000,921,0.546,0.57,1.009,1.0098,-0.0065,-22,0.9846,16,0,0.679,0.993,57,4.594,9.46,0.3083,0.2692,0.0533,0.1185,0.0295,0.1175,0.0171,0,10.167,0.2052,0.715,0.064,0.1747,0.3346,1,0.0405,-24,0,0,0,0.9611,1.0268,Complete,2021-07-01,129104200,Train
PRJ3-00100,Liberty Process Plant 100,Industrial,West,NV,Public,Lump Sum,Design-Bid-Build,High,Low,Standard,2021-05-18,2022-05-04,2022,791562200,894,0.393,0.4432,0.9842,1.041,0.019,-45,0.8463,35,19,0.44,0.9438,240,3.032,7.023,0.3594,0.1964,0.0769,0.1753,0.0213,0.2503,0.0226,0.04,21.103,0.28,2.146,0.2338,0.2762,0.4292,3,0.0679,8,0,0,0,0.9364,0.9911,Complete,2023-11-06,845316400,Train
PRJ3-00101,Canyon Education Center 101,Institutional,Southwest,TX,Private,Guaranteed Maximum Price,CMAR,Low,Moderate,Fast,2022-09-23,2023-05-26,2023,99695700,582,0.422,0.4286,1.05,1.0159,0.0057,-4,1.0768,2,3,0.463,0.9821,48,4.815,4.662,0.5661,0.1311,0.065,0.1078,0.0377,0.0665,0.0366,0,18.003,0.2288,4.393,0.2042,0.1608,0.2701,1,-0.0067,-25,0,0,0,1.0067,1.0449,Complete,2024-04-02,99027500,Train
PRJ3-00102,Summit Water Program 102,Heavy Civil,Mountain,ID,Private,Cost Plus,Design-Build,Moderate,Moderate,Standard,2021-12-10,2023-07-05,2023,139707100,1286,0.445,0.4591,0.9258,1.0576,0.0662,-18,0.9858,24,14,0.982,0.9729,72,5.154,8.778,0.327,0.2694,0.0764,0.0009,0.0014,0.1287,0.0546,0,20.866,0.1926,3.68,0.4115,0.0883,0.3481,2,0.0597,-25,0,0,0,0.9436,1.0198,Complete,2025-05-24,148051800,Train
PRJ3-00103,Summit Earthworks Package 103,Heavy Civil,West,WA,Public,Guaranteed Maximum Price,Design-Bid-Build,Low,Moderate,Standard,2022-09-18,2024-02-16,2024,296224200,914,0.565,0.5475,0.9667,1.0043,0.0297,16,1.0044,20,9,0.486,0.9781,123,4.152,10.819,0.2386,0.393,0.0876,0.1228,0.0398,0.1524,0.0068,0.0104,22.634,0.2298,4.12,0.1833,0.1971,0.2206,3,0.065,12,0,0,0,0.939,0.987,Complete,2025-04-01,315473200,Validation
PRJ3-00104,Summit Housing 104,Residential,Mountain,WY,Public,Lump Sum,Design-Bid-Build,Moderate,Low,Fast,2019-03-11,2019-10-18,2019,63047900,447,0.495,0.5259,1.0138,1.0353,-0.0119,-14,0.9747,8,17,0.654,0.9477,30,4.758,6.392,0.4264,0.2783,0.0723,0.086,0.0558,0.1171,0.0521,0.0166,6.265,0.1038,5.712,0.3386,0.1225,0.2324,2,0.0373,23,0,0,0,0.964,0.9511,Complete,2020-06-23,65400400,Train
PRJ3-00105,Gateway Education Center 105,Institutional,Mountain,MT,Public,Cost Plus,Design-Bid-Build,Low,Low,Slow,2020-09-04,2021-07-25,2021,145867600,620,0.523,0.4403,0.8851,0.8441,0.0533,51,0.8278,15,19,0.548,0.9716,67,4.593,13.336,0.08,0.4228,0.0545,0.0444,0.0372,0.147,0.0453,0.0408,27.572,0.3923,9.832,0.2426,0.2521,0.2129,6,0.1225,20,1,0,1,0.8909,0.9688,Complete,2022-06-06,163737700,Train
PRJ3-00106,Copper Transit Program 106,Infrastructure,Mountain,WY,Public,Guaranteed Maximum Price,Design-Build,Very High,Low,Standard,2022-11-02,2024-08-04,2024,190164000,1095,0.586,0.509,0.8739,0.8529,0.0645,84,0.9674,17,19,0.912,0.9508,124,6.521,13.628,0.08,0.3484,0.068,0.184,0.0935,0.2744,0.0344,0.031,27.182,0.4904,7.79,0.3856,0.265,0.3624,5,0.1155,32,1,1,1,0.8964,0.9716,Complete,2025-12-03,212135700,Validation
PRJ3-00107,Evergreen Residences 107,Residential,Southeast,VA,Private,Guaranteed Maximum Price,CMAR,High,Low,Standard,2022-11-02,2023-06-29,2023,37838400,598,0.4,0.4057,0.8967,0.996,0.0344,-3,0.984,20,26,0.901,0.9687,33,8.721,15.61,0.08,0.6352,0.1347,0.2494,0.0434,0.1568,0.0374,0.0151,20.828,0.3506,1.175,0.2836,0.2281,0.3188,4,0.0884,48,0,1,1,0.9188,0.9257,Complete,2024-08-09,41182100,Train
PRJ3-00108,Evergreen Residences 108,Residential,Midwest,MO,Private,Lump Sum,CMAR,Moderate,Moderate,Standard,2021-02-17,2022-03-28,2022,63221700,756,0.535,0.5499,1.0503,0.9929,-0.0407,-11,1.0354,12,16,0.568,0.9632,15,2.373,8.428,0.3038,0.3332,0.0636,0.172,0.0452,0.2077,0.0473,0,20.64,0.2219,3.083,0.2679,0.2737,0.4017,2,0.0258,-16,0,0,0,0.9748,1.0216,Complete,2023-02-27,64855000,Train
PRJ3-00109,Evergreen District 109,Mixed-Use,West,OR,Public,Lump Sum,IPD,High,Moderate,Standard,2024-07-14,2025-08-28,2025,235779500,982,0.418,0.3478,1.0599,0.8663,-0.0091,69,1.0294,22,7,0.798,0.9487,113,4.793,11.127,0.1489,0.2661,0.0844,0.1948,0.064,0.238,0.0452,0.0327,23.595,0.2214,6.78,0.1559,0.3248,0.4025,4,0.0176,16,0,0,0,0.9827,0.984,Complete,2027-04-08,239933100,Test
PRJ3-00110,Crescent Earthworks Package 110,Heavy Civil,Mountain,CO,Private,Cost Plus,Design-Build,Moderate,Low,Fast,2022-03-05,2023-08-11,2023,258671500,1363,0.385,0.3874,1.0212,0.9383,-0.0107,-3,1.005,12,20,0.947,0.9535,130,5.026,9.47,0.1923,0.2679,0.0536,0.1379,0.0313,0.151,0.0334,0.0137,15.162,0.3198,0.814,0.2699,0.1673,0.3637,2,0.0116,27,0,0,0,0.9885,0.9806,Complete,2025-12-24,261667600,Train
PRJ3-00111,Riverside Earthworks Package 111,Heavy Civil,Midwest,MN,Private,Lump Sum,Design-Bid-Build,Moderate,High,Fast,2018-10-02,2020-07-03,2020,136751100,1187,0.54,0.5062,0.9565,0.9504,0.0286,40,1.0245,20,16,0.773,0.9724,75,5.484,8.132,0.255,0.2189,0.0274,0.0314,0.0036,0.0667,0.009,0.0368,30.052,0.3201,3.146,0.2901,0.2468,0.3735,4,0.0712,0,0,0,0,0.9336,1.0,Complete,2022-01-01,146483200,Train
PRJ3-00112,Pioneer Residences 112,Residential,Southwest,AZ,Public-Private Partnership,Unit Price,Design-Build,Low,Moderate,Standard,2025-02-18,2025-07-02,2025,44482800,369,0.365,0.4178,0.9392,1.1083,0.0286,-19,1.0132,3,12,0.287,0.9806,9,2.023,6.274,0.3409,0.2339,0.0565,0.0739,0.0353,0.02,0.0324,0,27.526,0.279,1.454,0.2696,0.2511,0.258,2,0.0935,-18,0,0,0,0.9145,1.0513,Complete,2026-02-04,48642700,Test
PRJ3-00113,Granite Transit-Oriented Development 113,Mixed-Use,Midwest,IL,Private,Unit Price,Design-Bid-Build,Moderate,High,Standard,2019-12-21,2020-09-27,2020,200958400,800,0.352,0.3446,1.0643,0.985,-0.0383,6,0.9798,8,16,0.469,0.9547,105,5.225,3.959,0.4022,0.2061,0.0527,0.1413,0.0649,0.2405,0.0337,0.01,19.261,0.2369,3.761,0.1375,0.2286,0.1226,2,0.0344,-25,0,0,0,0.9668,1.0323,Complete,2022-02-03,207868600,Train
PRJ3-00114,Evergreen Town Center 114,Mixed-Use,West,CA,Public,Lump Sum,Design-Build,Very High,Low,Slow,2022-05-07,2023-07-01,2023,135151200,728,0.578,0.4844,0.845,0.8582,0.082,68,0.821,22,5,0.576,0.9518,102,7.547,11.875,0.2052,0.4563,0.1295,0.17,0.084,0.3401,0.0556,0.026,24.633,0.3334,5.766,0.3577,0.2941,0.415,5,0.1583,52,1,1,1,0.8634,0.9333,Complete,2024-06-25,156539900,Train
PRJ3-00115,Crescent Civic Complex 115,Institutional,Southwest,AZ,Public,Lump Sum,Design-Bid-Build,Moderate,Low,Slow,2021-10-31,2023-04-03,2023,107214300,899,0.578,0.559,0.8399,0.9889,0.1076,17,0.9091,43,5,0.423,0.9725,58,5.41,14.063,0.08,0.474,0.1057,0.0302,0.0171,0.2376,0.0313,0.0427,21.633,0.4194,1.403,0.3502,0.2043,0.4581,5,0.1862,38,1,1,1,0.843,0.9594,Complete,2024-05-25,127175200,Train
PRJ3-00116,Horizon Town Center 116,Mixed-Use,Midwest,IL,Private,Cost Plus,Design-Bid-Build,High,High,Fast,2019-07-24,2021-04-15,2021,124768300,1072,0.589,0.5806,0.9637,1.0145,0.0069,9,1.0015,2,12,0.859,0.9456,66,5.29,7.314,0.1762,0.275,0.0829,0.1328,0.0221,0.2968,0.0706,0.0254,22.512,0.2429,2.175,0.3042,0.2112,0.3404,3,0.0628,-11,0,0,0,0.9409,1.0104,Complete,2022-06-19,132601100,Train
PRJ3-00117,Evergreen Urban Village 117,Mixed-Use,Southeast,TN,Private,Unit Price,Design-Bid-Build,High,Moderate,Standard,2023-09-05,2024-12-04,2024,120887600,1095,0.417,0.4242,0.9787,0.9504,0.0219,-8,1.0284,14,4,0.85,0.9552,64,5.294,11.367,0.1093,0.3596,0.088,0.12,0.032,0.136,0.067,0.036,34.098,0.328,4.721,0.4729,0.2408,0.3891,5,0.1137,16,1,0,1,0.8979,0.9856,Complete,2026-09-20,134638200,Validation
PRJ3-00118,Mesa Logistics Center 118,Industrial,Mountain,ID,Private,Unit Price,Design-Bid-Build,High,High,Fast,2020-09-18,2022-03-08,2022,168951800,929,0.577,0.6096,0.9331,1.0361,0.0367,-30,0.9547,0,13,0.753,0.9486,91,5.386,6.617,0.3359,0.2374,0.0378,0.163,0.0417,0.2664,0.0498,0.0186,14.294,0.2096,4.174,0.3197,0.0986,0.2583,2,0.053,-17,0,0,0,0.9497,1.0186,Complete,2023-03-19,177899100,Train
PRJ3-00119,Gateway Process Plant 119,Industrial,Midwest,OH,Private,Lump Sum,Design-Bid-Build,Moderate,Low,Standard,2024-05-18,2025-04-28,2025,208552400,937,0.369,0.3156,0.9037,0.8751,0.0529,50,0.9013,15,18,0.714,0.9621,103,4.939,7.053,0.2231,0.2499,0.0659,0.1913,0.0788,0.1962,0.0654,0.0142,9.573,0.2143,0,0.4116,0.2163,0.2487,2,0.1282,13,1,0,1,0.8864,0.9863,Complete,2026-12-24,235281200,Test
PRJ3-00120,Canyon Neighborhood 120,Residential,Mountain,MT,Public,Lump Sum,Design-Bid-Build,Very High,Moderate,Fast,2023-04-09,2023-11-02,2023,52726100,577,0.359,0.3415,0.9206,0.9567,0.0263,10,0.9809,30,21,0.851,0.9691,36,6.828,5.958,0.3645,0.1935,0.0677,0.2074,0.0177,0.3002,0,0.0236,24.517,0.2584,5.568,0.365,0.2442,0.4428,3,0.1234,5,1,0,1,0.8902,0.9914,Complete,2024-11-11,59231800,Train
PRJ3-00121,Aspen Medical Center 121,Institutional,Mountain,UT,Public-Private Partnership,Cost Plus,Design-Bid-Build,Moderate,Low,Slow,2019-10-17,2021-02-20,2021,114365500,986,0.499,0.4446,0.831,0.885,0.0901,54,0.8406,20,16,0.609,0.9601,57,4.984,10.916,0.2725,0.4489,0.1094,0.1681,0.0448,0.0838,0.0099,0.0305,34.999,0.4114,4.711,0.2857,0.3638,0.3066,5,0.174,48,1,1,1,0.8518,0.9536,Complete,2022-08-16,134262000,Train
PRJ3-00122,Copper Process Plant 122,Industrial,West,OR,Private,Unit Price,Design-Bid-Build,Moderate,High,Standard,2018-10-07,2020-04-11,2020,284355000,1044,0.529,0.5436,0.9067,1.0247,0.0503,-15,1.0392,24,6,0.615,0.976,137,4.818,8.299,0.4414,0.3511,0.0757,0.0846,0.042,0.1429,0.0457,0,5,0.1832,5.254,0.3087,0.0868,0.2331,2,0.0383,-21,0,0,0,0.9631,1.0205,Complete,2021-07-26,295242700,Train
PRJ3-00123,Summit Office Campus 123,Commercial,West,NV,Public-Private Partnership,Guaranteed Maximum Price,Design-Bid-Build,Moderate,Moderate,Standard,2021-10-20,2022-11-28,2022,53359700,677,0.597,0.5923,1.0693,0.981,-0.0422,3,1.0119,33,9,0.759,0.9631,14,2.624,8.15,0.2319,0.2573,0.0862,0.0412,0.037,0.0995,0.0208,0.0172,20.965,0.2014,0.798,0.279,0.2172,0.3755,2,0.088,-18,0,0,0,0.9192,1.0273,Complete,2023-08-10,58053200,Train
PRJ3-00124,Pioneer Marketplace 124,Commercial,Mountain,WY,Private,Cost Plus,CMAR,Moderate,Moderate,Fast,2024-09-18,2025-06-09,2025,74195400,545,0.486,0.4542,1.1424,0.9695,-0.0446,17,1.0247,15,3,0.82,0.9859,33,4.448,5.574,0.513,0.2002,0.0492,0.1122,0.0377,0.1872,0.0304,0.007,11.956,0.1387,3.248,0.1991,0.0781,0.4056,1,0.0319,-18,0,0,0,0.9691,1.0342,Complete,2026-02-27,76561900,Test
PRJ3-00125,Mesa Office Campus 125,Commercial,Northeast,PA,Public,Cost Plus,Design-Bid-Build,Moderate,High,Standard,2020-10-06,2021-07-08,2021,115068500,603,0.457,0.4365,1.0039,0.9476,-0.0029,12,0.9036,5,24,0.456,0.9655,62,5.388,7.396,0.4893,0.1689,0.0544,0.0907,0.0709,0.102,0.0216,0.0274,14.534,0.174,8.823,0.2786,0.1854,0.4476,3,-0.0208,51,0,1,1,1.0213,0.922,Complete,2022-07-22,112671100,Train
PRJ3-00126,Aspen Corporate Center 126,Commercial,West,NV,Private,Lump Sum,Design-Bid-Build,Moderate,Moderate,Standard,2025-01-10,2025-08-22,2025,29138300,429,0.524,0.5469,1.0014,1.0529,-0.0217,-10,1.0033,25,2,0.361,0.9696,17,5.834,10.017,0.2362,0.2857,0.1051,0.0604,0.0211,0.1741,0.0128,0.0028,13.713,0.1212,7.07,0.0621,0.1148,0.2886,2,-0.023,-18,0,0,0,1.0236,1.0438,Complete,2026-02-25,28467500,Test
PRJ3-00127,Horizon Utility Corridor 127,Infrastructure,Northeast,NJ,Private,Unit Price,CMAR,Moderate,Low,Standard,2018-10-10,2020-08-01,2020,171150800,1201,0.551,0.5087,0.8957,0.9448,0.0663,51,0.965,15,11,0.606,0.9539,77,4.499,9.937,0.192,0.3465,0.1306,0.0838,0.0344,0.1888,0.0287,0,18.831,0.0947,0.347,0.2656,0.1704,0.3003,2,0.055,-1,0,0,0,0.9479,1.0008,Complete,2022-01-22,180562900,Train
PRJ3-00128,Liberty Corporate Center 128,Commercial,Mountain,MT,Private,Lump Sum,Design-Build,Moderate,Moderate,Standard,2024-08-09,2025-04-18,2025,62471600,666,0.379,0.3462,1.038,0.9288,-0.0087,22,0.9387,0,6,0.725,0.9632,34,5.442,10.092,0.1345,0.4607,0.0832,0.1848,0.0331,0.0577,0.0213,0.0153,25.309,0.3115,6.271,0.2002,0.2441,0.1337,4,0.0229,11,0,0,0,0.9776,0.9838,Complete,2026-06-17,63900000,Test
PRJ3-00129,Canyon Corporate Center 129,Commercial,Northeast,NY,Public,Cost Plus,Design-Bid-Build,Low,Low,Fast,2023-11-20,2024-12-22,2024,46942600,693,0.575,0.5718,0.9897,0.9714,0.0218,2,1.0582,7,27,0.382,0.9667,15,3.195,10.086,0.183,0.3854,0.0859,0.1391,0.0359,0.1566,0,0.0155,17.681,0.2414,4.873,0.1871,0.2532,0.3882,3,-0.0087,48,0,1,1,1.0087,0.9352,Complete,2025-11-30,46535600,Validation
PRJ3-00130,Copper Neighborhood 130,Residential,West,OR,Private,Lump Sum,Design-Bid-Build,High,Moderate,Slow,2019-11-26,2020-06-13,2020,118427400,556,0.361,0.3258,0.845,0.9346,0.0519,20,0.9605,16,11,0.695,0.9704,82,6.924,8.534,0.2251,0.2764,0.0809,0.1458,0.0627,0.1687,0.063,0.0471,39.548,0.4772,1.504,0.4107,0.3519,0.4285,5,0.1615,40,1,1,1,0.8609,0.9329,Complete,2021-07-14,137557800,Train
PRJ3-00131,Cedar Highway Improvements 131,Heavy Civil,Midwest,MI,Private,Cost Plus,CMAR,High,Moderate,Standard,2020-08-08,2022-07-18,2022,147683200,1234,0.575,0.5456,0.9339,0.9476,0.0446,36,1.0219,23,12,0.835,0.9711,83,5.62,6.139,0.5648,0.2713,0.0652,0.0869,0.0261,0.2404,0.0246,0.0572,21.578,0.17,7.397,0.2331,0.2142,0.2793,4,0.1116,-3,1,0,1,0.8996,1.0024,Complete,2023-12-22,164160800,Train
PRJ3-00132,Liberty Water Program 132,Heavy Civil,Northeast,NJ,Private,Guaranteed Maximum Price,Design-Bid-Build,Moderate,High,Standard,2022-01-18,2023-02-07,2023,105889800,1019,0.378,0.4016,1.0338,1.0,-0.0079,-24,0.8961,0,8,0.558,0.9539,48,4.533,6.175,0.4666,0.2778,0.0714,0.0856,0.032,0.0608,0.0461,0.0296,22.346,0.2243,6.529,0.3669,0.2153,0.3608,3,0.094,-10,0,0,0,0.9141,1.0099,Complete,2024-10-23,115838900,Train
PRJ3-00133,Granite Airport Improvements 133,Infrastructure,Southeast,VA,Private,Guaranteed Maximum Price,Design-Build,Low,Moderate,Standard,2022-02-06,2023-11-05,2023,180855500,1320,0.483,0.4765,1.012,1.0295,0.0058,9,0.9856,9,5,0.341,0.9715,74,4.092,6.013,0.4994,0.2018,0.0329,0.0051,0.0295,0.02,0.0128,0.0118,14.318,0.2727,0.998,0.2068,0.1235,0.3207,1,0.0158,-9,0,0,0,0.9844,1.0069,Complete,2025-09-09,183720500,Train
PRJ3-00135,Northstar Transit-Oriented Development 135,Mixed-Use,Mountain,MT,Private,Unit Price,CMAR,High,Moderate,Standard,2024-01-19,2025-09-14,2025,66774600,1013,0.597,0.5595,0.9914,0.9717,-0.0143,38,0.8805,10,17,0.852,0.9639,43,6.44,6.35,0.4015,0.215,0.0644,0.0782,0.0448,0.2039,0.0422,0.0132,23.99,0.1976,5.543,0.247,0.1356,0.4317,2,0.0689,32,0,1,1,0.9355,0.9694,Complete,2026-11-29,71377500,Test
PRJ3-00136,Riverside Utility Corridor 136,Infrastructure,Northeast,CT,Public,Unit Price,CMAR,Moderate,High,Standard,2020-11-05,2022-02-10,2022,129443800,1191,0.388,0.3892,1.057,1.0004,-0.0435,-1,0.9145,39,21,0.867,0.9609,61,4.712,4.128,0.5078,0.1883,0.098,0.1489,0.0686,0.158,0.034,0,12.591,0.099,3.654,0.2119,0.2651,0.3958,1,0.0381,32,0,1,1,0.9633,0.9738,Complete,2024-03-12,134371600,Train
PRJ3-00137,Redwood Education Center 137,Institutional,Midwest,MI,Private,Unit Price,CMAR,Moderate,Low,Standard,2022-04-11,2023-02-28,2023,79503900,814,0.397,0.3765,0.8891,0.9368,0.0293,17,0.9938,0,11,0.61,0.9435,40,5.031,5.99,0.609,0.2801,0.0614,0.1387,0.0286,0.1094,0.0275,0.0396,28.932,0.3341,4.139,0.3103,0.2604,0.4061,4,0.0897,38,0,1,1,0.9177,0.9554,Complete,2024-08-10,86632000,Train
PRJ3-00138,Canyon Office Campus 138,Commercial,Mountain,WY,Private,Cost Plus,Design-Bid-Build,Very High,Moderate,Standard,2021-08-18,2022-08-16,2022,92157900,736,0.494,0.4879,0.864,0.9433,0.0869,5,1.0402,24,16,0.598,0.9781,51,5.534,7.677,0.2672,0.3575,0.1264,0.1138,0.0269,0.3059,0.0677,0.0221,18.805,0.2201,6.773,0.5344,0.2047,0.4284,3,0.1683,8,1,0,1,0.856,0.9892,Complete,2023-09-01,107666400,Train
PRJ3-00139,Summit Retail Center 139,Commercial,Mountain,WY,Private,Guaranteed Maximum Price,IPD,Moderate,Moderate,Standard,2022-06-02,2023-01-08,2023,63601900,427,0.517,0.5493,1.0104,1.0471,0.0014,-14,1.073,19,12,0.174,0.9747,25,3.931,8.794,0.3813,0.3862,0.0951,0.1002,0.0319,0.1504,0.0257,0.0054,25.399,0.305,2.556,0.2754,0.2363,0.1981,3,0.0207,-5,0,0,0,0.9797,1.0118,Complete,2023-07-29,64917700,Train
PRJ3-00140,Lakeview Logistics Center 140,Industrial,Southwest,TX,Private,Cost Plus,IPD,Very High,Low,Standard,2018-10-23,2020-02-05,2020,225535100,958,0.491,0.4251,0.9446,0.8479,0.0235,63,0.9186,18,4,0.655,0.9727,153,6.784,12.315,0.119,0.441,0.1064,0.235,0.0611,0.2356,0.0455,0.0557,21.941,0.2055,5.551,0.4181,0.3309,0.3835,6,0.1436,2,1,0,1,0.8744,0.9979,Complete,2021-06-09,257931500,Train
PRJ3-00141,Evergreen Marketplace 141,Commercial,West,WA,Private,Unit Price,IPD,High,Low,Slow,2023-08-02,2024-05-19,2024,34887800,807,0.361,0.3399,0.8888,0.9466,0.0442,17,0.8746,16,4,0.542,0.9475,16,4.586,13.767,0.08,0.4793,0.1449,0.1771,0.0705,0.2706,0.0274,0.0226,31.488,0.4134,4.517,0.3522,0.2724,0.4048,5,0.1831,48,1,1,1,0.8452,0.9439,Complete,2025-12-04,41276900,Validation
PRJ3-00142,Canyon Urban Village 142,Mixed-Use,Mountain,CO,Private,Unit Price,IPD,Moderate,Moderate,Standard,2021-01-05,2022-07-09,2022,164376500,968,0.569,0.5602,0.9297,0.979,0.0283,9,1.0949,4,7,0.374,0.9991,84,5.11,5.209,0.4839,0.1365,0.0466,0.1488,0.0787,0.2049,0.0057,0.0015,17.922,0.2695,6.996,0.2114,0.2538,0.3077,2,0.0357,-25,0,0,0,0.9655,1.0265,Complete,2023-08-06,170244600,Train
PRJ3-00143,Aspen Logistics Center 143,Industrial,Midwest,MI,Private,Guaranteed Maximum Price,Design-Bid-Build,Moderate,High,Fast,2024-09-05,2025-10-17,2025,109162100,870,0.468,0.4533,1.084,0.9646,-0.0509,13,0.9719,0,3,0.718,0.9641,52,4.764,5.759,0.5773,0.2449,0.0329,0.0549,0.0109,0.1792,0.0315,0.001,10.348,0.0724,0,0.2499,0.1286,0.3976,1,0.0669,-23,0,0,0,0.9373,1.0272,Complete,2026-12-31,116469200,Test
PRJ3-00144,Granite Manufacturing Facility 144,Industrial,Southeast,TN,Public,Unit Price,Design-Build,High,High,Slow,2018-05-02,2019-05-07,2019,211895300,890,0.416,0.4217,1.0097,1.0093,0.0033,-5,0.9671,19,18,0.455,0.9677,107,5.05,11.569,0.08,0.4948,0.1263,0.0237,0.0341,0.2345,0.0343,0.0194,35.606,0.4294,5.307,0.2183,0.2062,0.418,5,0.0827,15,0,0,0,0.9236,0.9834,Complete,2020-10-23,229415100,Train
PRJ3-00145,Summit Civic Complex 145,Institutional,Mountain,CO,Public-Private Partnership,Unit Price,Design-Build,Low,Moderate,Standard,2023-10-09,2024-07-27,2024,53330700,777,0.377,0.3479,0.9627,0.9936,-0.0038,23,1.0321,1,16,0.447,0.9769,28,5.25,10.34,0.2628,0.3218,0.0381,0.066,0.0657,0.02,0.0253,0.0014,21.271,0.1968,5.302,0.2071,0.2897,0.1381,3,-0.0065,3,0,0,0,1.0065,0.9962,Complete,2025-11-27,52985000,Validation
PRJ3-00146,Evergreen Transit-Oriented Development 146,Mixed-Use,Southwest,NM,Private,Unit Price,Design-Bid-Build,Low,High,Slow,2020-05-13,2021-03-13,2021,208973200,638,0.478,0.4295,1.0212,0.9129,0.0027,31,0.9848,0,4,0.572,0.965,96,4.594,5.245,0.47,0.2912,0.076,0.0552,0.0532,0.0569,0.042,0.0242,28.269,0.3431,1.492,0.2303,0.1968,0.3391,3,0.0193,15,0,0,0,0.9811,0.977,Complete,2022-02-25,213002800,Train
PRJ3-00147,Canyon Housing 147,Residential,Northeast,NY,Private,Cost Plus,IPD,High,Low,Standard,2019-09-11,2020-11-10,2020,27277500,859,0.497,0.483,0.9389,0.9947,0.0466,12,0.897,21,20,0.626,0.9891,21,7.699,14.445,0.08,0.4827,0.1187,0.1342,0.0371,0.1411,0.0226,0.0299,18.685,0.29,3.158,0.2456,0.155,0.3186,4,0.056,-12,0,0,0,0.9469,1.0142,Complete,2022-01-05,28806300,Train
PRJ3-00149,Copper Neighborhood 149,Residential,Southeast,GA,Private,Unit Price,Design-Build,Moderate,Low,Fast,2022-10-05,2023-03-10,2023,78972600,331,0.474,0.4951,1.0737,1.036,-0.0316,-7,1.018,16,20,0.445,0.98,27,3.419,10.418,0.2642,0.2588,0.0918,0.0742,0.0438,0.1938,0.0258,0.0081,16.176,0.2881,6.371,0.1865,0.214,0.3109,3,0.032,-5,0,0,0,0.969,1.0153,Complete,2023-08-27,81500700,Train
PRJ3-00150,Mesa Public Works Program 150,Infrastructure,West,WA,Private,Lump Sum,Design-Build,High,Moderate,Standard,2023-02-22,2024-12-28,2024,335442800,1360,0.497,0.4802,0.7991,0.9976,0.1227,23,0.9411,6,6,0.962,0.942,196,5.843,10.643,0.1259,0.4035,0.0911,0.2824,0.049,0.1832,0.013,0.013,37.025,0.3272,8.846,0.4982,0.3715,0.2487,5,0.1523,31,1,1,1,0.8678,0.9777,Complete,2026-12-14,386545600,Validation
PRJ3-00151,Gateway Bridge Program 151,Heavy Civil,Mountain,MT,Private,Guaranteed Maximum Price,Design-Bid-Build,High,Low,Standard,2022-06-02,2023-12-04,2023,518619300,1136,0.485,0.4462,0.9334,0.9337,0.0448,44,1.0081,30,6,0.94,0.9448,240,4.628,4.694,0.4353,0.2377,0.0503,0.1327,0.0377,0.113,0.0446,0.031,16.865,0.2291,1.282,0.3557,0.1353,0.3511,2,0.1335,17,1,0,1,0.8822,0.9853,Complete,2025-07-29,587879900,Train
PRJ3-00152,Summit Retail Center 152,Commercial,Midwest,MN,Public,Cost Plus,Design-Build,Moderate,High,Standard,2024-07-13,2025-04-07,2025,47398200,588,0.456,0.5375,1.0291,1.12,-0.0147,-48,0.9641,4,15,0.515,0.9819,8,1.688,6.57,0.4278,0.2275,0.0526,0.0529,0.0411,0.0611,0.0275,0.0217,21.2,0.2854,8.936,0.2056,0.1647,0.3429,3,-0.0247,17,0,0,0,1.0253,0.9719,Complete,2026-03-10,46226500,Test
PRJ3-00153,Aspen Earthworks Package 153,Heavy Civil,West,OR,Public,Guaranteed Maximum Price,Design-Build,High,High,Standard,2017-06-08,2019-02-22,2019,267286800,1167,0.535,0.526,0.9049,0.97,0.068,11,0.9931,5,14,0.722,0.9673,126,4.714,6.976,0.4197,0.3903,0.1074,0.1286,0.0606,0.2348,0.0238,0.009,19.993,0.2316,3.264,0.4022,0.2126,0.2713,2,0.1338,18,1,0,1,0.882,0.9848,Complete,2020-09-05,303060000,Train
PRJ3-00154,Mesa Neighborhood 154,Residential,West,NV,Public,Lump Sum,CMAR,Moderate,Low,Slow,2018-05-03,2019-01-23,2019,89570800,491,0.54,0.5375,0.8616,1.0304,0.0716,1,0.9453,21,10,0.254,0.9809,46,5.136,7.489,0.3817,0.3136,0.0762,0.178,0.0551,0.1376,0.0508,0.0483,26.361,0.3904,5.786,0.4836,0.3185,0.1942,4,0.0761,26,0,0,0,0.9293,0.9497,Complete,2019-10-02,96384900,Train
PRJ3-00155,Summit Marketplace 155,Commercial,West,OR,Private,Lump Sum,Design-Bid-Build,High,Moderate,Slow,2021-09-09,2023-02-04,2023,42176900,926,0.555,0.5042,0.8581,0.866,0.0729,47,0.9488,8,7,0.553,0.9688,17,4.031,11.935,0.1111,0.4045,0.0932,0.1034,0.0341,0.163,0.0533,0.019,33.106,0.4178,0,0.3032,0.3294,0.3058,4,0.1112,53,1,1,1,0.8999,0.9459,Complete,2024-05-15,46867300,Train
PRJ3-00156,Evergreen Airport Improvements 156,Infrastructure,Southwest,NM,Private,Lump Sum,CMAR,High,Moderate,Standard,2023-07-26,2025-04-03,2025,204832300,1113,0.555,0.5142,0.951,0.9217,0.0041,45,1.0319,25,25,0.868,0.9641,128,6.249,8.469,0.2401,0.271,0.061,0.107,0.0196,0.1501,0.0224,0.0196,22.033,0.3286,2.182,0.2178,0.1997,0.5057,2,0.0306,34,0,1,1,0.9703,0.9704,Complete,2026-09-15,211094400,Test
PRJ3-00157,Granite Urban Village 157,Mixed-Use,Midwest,MO,Private,Guaranteed Maximum Price,CMAR,High,Moderate,Standard,2023-12-20,2024-11-25,2024,285275200,952,0.359,0.3704,0.9418,0.9403,0.026,-11,0.9289,17,16,0.948,0.9587,160,5.609,8.614,0.27,0.2586,0.0796,0.0919,0.0382,0.1917,0.0204,0.0269,20.623,0.3356,7.113,0.3621,0.1872,0.2872,3,0.0607,42,0,1,1,0.9428,0.9577,Complete,2026-09-09,302592400,Validation
PRJ3-00158,Cedar Residences 158,Residential,Northeast,MA,Public,Lump Sum,CMAR,Low,Moderate,Standard,2021-07-12,2022-01-03,2022,11936000,475,0.37,0.4159,1.0311,1.12,-0.0159,-22,1.0692,13,12,0.452,0.9774,4,3.351,7.058,0.3164,0.1611,0.0605,0,0.0096,0.0893,0,0.0078,14.827,0.1688,6.333,0.2012,0.0337,0.3348,2,0.0004,-7,0,0,0,0.9996,1.015,Complete,2022-10-23,11941300,Train
PRJ3-00159,Crescent Public Works Program 159,Infrastructure,Northeast,MA,Public,Guaranteed Maximum Price,CMAR,Moderate,Low,Slow,2022-12-10,2024-05-05,2024,362145400,997,0.514,0.5022,0.8641,0.9549,0.0994,12,0.982,41,24,0.645,0.9428,210,5.799,11.918,0.2205,0.3879,0.092,0.0013,0,0.2049,0.0732,0.0347,16.405,0.1523,6.378,0.4724,0.0906,0.3605,4,0.0745,28,0,0,0,0.9307,0.9727,Complete,2025-09-30,389129400,Validation
PRJ3-00160,Lakeview Medical Center 160,Institutional,Mountain,WY,Private,Guaranteed Maximum Price,Design-Bid-Build,High,High,Standard,2017-10-24,2019-01-15,2019,209208300,839,0.535,0.4502,0.9277,0.8832,0.0354,71,0.9678,32,17,0.852,0.9672,115,5.497,9.847,0.1974,0.3941,0.0968,0.1505,0.0602,0.1825,0.0237,0.0409,15.666,0.1902,0,0.3632,0.1945,0.3816,3,0.0506,-10,0,0,0,0.9518,1.0121,Complete,2020-01-31,219794200,Train
PRJ3-00161,Northstar Apartments 161,Residential,Mountain,MT,Public,Unit Price,Design-Build,Moderate,Moderate,Fast,2021-06-12,2022-03-15,2022,128227200,630,0.439,0.4329,0.9989,1.0215,-0.0112,4,0.9877,21,13,0.645,0.9931,63,4.913,8.253,0.3125,0.3202,0.0837,0.0872,0.0039,0.1723,0.0117,0.0124,11.604,0.2451,0.604,0.0961,0.0765,0.2184,2,0.0359,-21,0,0,0,0.9653,1.0345,Complete,2023-02-11,132834300,Train
PRJ3-00162,Lakeview Civic Complex 162,Institutional,West,NV,Private,Cost Plus,CMAR,High,Moderate,Standard,2021-10-23,2023-01-15,2023,116900700,807,0.557,0.5804,0.903,0.9762,0.0607,-19,0.9766,9,2,0.621,0.9838,50,4.277,9.594,0.2791,0.2549,0.0813,0.0908,0.0185,0.0503,0.0463,0.0236,26.278,0.285,5.288,0.1922,0.297,0.3496,4,0.0627,20,0,0,0,0.941,0.9758,Complete,2024-01-28,124233400,Train
PRJ3-00163,Riverside Urban Village 163,Mixed-Use,Northeast,NJ,Public,Lump Sum,CMAR,Low,Low,Slow,2020-10-06,2021-12-03,2021,221150800,1009,0.42,0.3804,0.9519,0.919,0.0195,40,0.9827,30,17,0.444,0.9687,115,5.2,8.903,0.4293,0.3047,0.0609,0.1513,0.0396,0.1325,0.0133,0.0385,14.5,0.2896,9.232,0.2967,0.2076,0.4378,4,0.0539,-6,0,0,0,0.9489,1.006,Complete,2023-07-06,233069800,Train
PRJ3-00164,Harbor Urban Village 164,Mixed-Use,Mountain,UT,Public-Private Partnership,Lump Sum,IPD,Very High,Low,Fast,2023-01-02,2023-12-30,2023,123968500,982,0.369,0.3394,0.8183,0.8568,0.0645,29,0.9686,20,20,0.82,0.9446,82,6.615,11.525,0.08,0.4773,0.1475,0.0999,0.0397,0.2124,0.0591,0.0216,11.092,0.1065,3.637,0.3795,0.151,0.4162,4,0.1508,14,1,0,1,0.869,0.9859,Complete,2025-09-24,142661500,Train
PRJ3-00165,Summit Residences 165,Residential,Midwest,MI,Private,Guaranteed Maximum Price,Design-Bid-Build,High,High,Slow,2024-07-14,2025-12-08,2025,75255100,865,0.593,0.5326,1.0066,0.8953,-0.0052,52,0.9709,10,9,0.842,0.9609,35,4.651,6.961,0.3965,0.2471,0.1015,0.1746,0.0698,0.2307,0.0654,0.0264,28.033,0.3491,3.649,0.3475,0.2739,0.4025,3,0.1078,23,1,0,1,0.9027,0.9741,Complete,2026-12-19,83367500,Test
PRJ3-00166,Cedar Transit-Oriented Development 166,Mixed-Use,Southwest,AZ,Private,Lump Sum,Design-Bid-Build,Low,Moderate,Fast,2023-11-14,2025-01-18,2025,477239200,936,0.461,0.4972,1.0324,1.028,-0.0062,-34,1.0817,0,10,0.354,0.972,194,4.065,5.805,0.3877,0.2106,0.0805,0.1547,0.0229,0.0266,0.0163,0.0238,20.606,0.2773,2.748,0.3443,0.2534,0.3098,2,0.0351,-25,0,0,0,0.9661,1.0274,Complete,2026-05-13,493977400,Test
PRJ3-00167,Liberty Apartments 167,Residential,Midwest,MI,Public,Unit Price,Design-Bid-Build,High,High,Standard,2020-09-07,2021-05-20,2021,52566800,619,0.412,0.4017,0.9614,0.9372,0.0439,6,1.0307,5,14,0.674,0.9838,45,8.561,7.516,0.2929,0.3853,0.1079,0.1934,0.0358,0.0892,0.0193,0.0154,24.225,0.2273,2.682,0.2686,0.2844,0.3434,3,0.0876,-15,0,0,0,0.9195,1.0248,Complete,2022-05-04,57171700,Train
PRJ3-00168,Pioneer Town Center 168,Mixed-Use,Northeast,MA,Public-Private Partnership,Unit Price,Design-Build,High,Low,Standard,2020-12-17,2022-04-14,2022,100547700,1025,0.472,0.463,0.9472,0.9964,0.0257,9,0.8993,19,18,0.708,0.9874,55,5.47,4.63,0.4939,0.1589,0.0704,0.1448,0.049,0.1466,0.0384,0.018,21.84,0.2568,2.266,0.34,0.2854,0.5311,2,0.0447,-3,0,0,0,0.9572,1.0029,Complete,2023-10-05,105047200,Train
PRJ3-00169,Copper Retail Center 169,Commercial,Midwest,MI,Public,Unit Price,Design-Build,High,Moderate,Fast,2018-03-11,2019-01-02,2019,70155800,674,0.442,0.4772,0.9876,1.0481,0.0185,-24,1.0483,15,24,0.598,0.9786,23,3.278,7.385,0.2256,0.3229,0.0817,0.1212,0.0402,0.1489,0.0539,0.008,20.019,0.1845,3.768,0.2238,0.196,0.4042,2,0.1001,57,1,1,1,0.909,0.922,Complete,2020-03-11,77175300,Train
PRJ3-00170,Crescent Public Works Program 170,Infrastructure,Mountain,UT,Private,Lump Sum,Design-Bid-Build,Moderate,High,Fast,2018-10-20,2020-04-21,2020,276521500,1179,0.466,0.4689,1.022,1.0128,-0.0062,-3,0.9804,0,13,0.588,0.9651,120,4.34,6.242,0.4602,0.301,0.0689,0.124,0.0563,0.1532,0,0.0056,12.126,0.1282,1.421,0.272,0.1519,0.2891,1,0.0106,-25,0,0,0,0.9895,1.0217,Complete,2021-12-17,279464600,Train
PRJ3-00171,Horizon Residences 171,Residential,Northeast,MA,Private,Unit Price,Design-Build,Very High,Moderate,Slow,2020-12-01,2021-10-18,2021,71028600,836,0.384,0.3513,0.9062,0.9198,0.0248,27,0.977,19,11,0.82,0.9556,49,6.899,14.626,0.08,0.4972,0.1234,0.1334,0,0.2484,0.0603,0.0302,27.751,0.2833,3.575,0.3922,0.3455,0.3805,5,0.0544,41,0,1,1,0.9484,0.9532,Complete,2023-04-27,74896000,Train
PRJ3-00172,Riverside Town Center 172,Mixed-Use,Midwest,OH,Private,Unit Price,CMAR,Moderate,Moderate,Fast,2022-07-19,2023-11-20,2023,79727600,957,0.512,0.4916,0.938,0.9323,0.0491,19,1.0468,35,6,0.446,0.9603,37,4.641,4.527,0.5311,0.095,0.0333,0.1074,0.0686,0.0316,0,0.011,16.073,0.2404,4.504,0.2835,0.2298,0.3552,2,0.0071,-19,0,0,0,0.993,1.0203,Complete,2025-02-11,80292100,Train
PRJ3-00173,Aspen Marketplace 173,Commercial,Northeast,PA,Public-Private Partnership,Guaranteed Maximum Price,CMAR,Moderate,Moderate,Standard,2019-03-11,2020-05-02,2020,168927400,852,0.491,0.4466,1.0202,0.9231,-0.0021,38,1.0335,4,16,0.401,0.9789,91,5.387,3.868,0.5043,0.1505,0.0579,0.0318,0.0295,0.1053,0.0195,0.0086,18.203,0.2316,2.131,0.2376,0.1725,0.2223,1,0.1264,-25,1,0,1,0.8878,1.0302,Complete,2021-06-15,190273800,Train
PRJ3-00174,Crescent Corporate Center 174,Commercial,Mountain,WY,Private,Guaranteed Maximum Price,Design-Bid-Build,Moderate,Low,Standard,2022-11-19,2023-08-23,2023,121872900,675,0.411,0.3987,0.889,1.0485,0.0463,8,0.9602,21,14,0.609,0.9484,73,5.99,9.677,0.2004,0.3749,0.1095,0.1311,0.0342,0.1349,0.0441,0.0184,22.403,0.2561,3.376,0.3088,0.2313,0.4288,3,0.0568,-13,0,0,0,0.9463,1.0196,Complete,2024-09-11,128791400,Train
PRJ3-00175,Gateway Housing 175,Residential,Northeast,NY,Public,Unit Price,IPD,Moderate,Moderate,Standard,2021-05-23,2022-01-10,2022,62297400,622,0.374,0.4149,1.0159,1.0321,0.0016,-25,1.0037,0,24,0.007,0.9799,23,3.692,9.83,0.2164,0.3655,0.0745,0.0671,0.0228,0.1644,0.0218,0.0001,18.561,0.2107,1.355,0.1882,0.1026,0.3497,2,-0.0464,-9,0,0,0,1.0487,1.0147,Complete,2023-01-26,59403800,Train
PRJ3-00176,Evergreen Distribution Hub 176,Industrial,Southeast,FL,Private,Lump Sum,Design-Bid-Build,High,High,Standard,2019-02-14,2020-03-28,2020,357010100,1110,0.368,0.3557,0.9474,0.9839,0.0058,14,0.8681,25,22,0.761,0.9779,186,5.21,6.504,0.375,0.2896,0.1056,0.0165,0.0307,0.1583,0.0665,0,21.59,0.3203,6.793,0.2943,0.1433,0.3297,2,0.0844,20,0,0,0,0.9222,0.9823,Complete,2022-03-20,387144100,Train
PRJ3-00177,Aspen Manufacturing Facility 177,Industrial,Southwest,AZ,Private,Unit Price,CMAR,Low,High,Standard,2019-04-15,2020-01-14,2020,234424800,772,0.355,0.3535,0.9474,0.9402,0.0254,1,1.1055,21,0,0.134,0.9655,90,3.839,6.98,0.4197,0.3262,0.075,0,0,0.1281,0.0298,0,17.082,0.2482,3.087,0.2672,0.1523,0.2897,1,0.0243,-5,0,0,0,0.9762,1.0065,Complete,2021-05-21,240132700,Train
PRJ3-00178,Mesa Medical Center 178,Institutional,Mountain,UT,Private,Guaranteed Maximum Price,CMAR,Moderate,Low,Slow,2024-09-18,2025-11-28,2025,243331700,806,0.542,0.4713,0.9571,0.8778,0.0334,57,0.8918,33,23,0.985,0.9503,145,5.959,5.143,0.5128,0.3383,0.0873,0.1085,0.05,0.2177,0.0282,0.0351,25.155,0.3544,10.285,0.2877,0.2952,0.3532,4,0.0416,50,0,1,1,0.9601,0.9416,Complete,2027-01-22,253453400,Test
PRJ3-00179,Evergreen Residences 179,Residential,Midwest,MI,Public,Lump Sum,Design-Bid-Build,High,High,Standard,2023-06-15,2024-02-06,2024,40867800,525,0.45,0.4285,1.0176,0.953,-0.0021,11,0.9078,7,18,0.641,0.9687,27,6.607,6.932,0.3334,0.4239,0.1246,0.1228,0.0233,0.1708,0.0399,0.0168,32.114,0.412,1.681,0.1776,0.3012,0.3464,3,0.0263,57,0,1,1,0.9744,0.9021,Complete,2025-01-17,41943600,Validation
PRJ3-00180,Copper Marketplace 180,Commercial,West,WA,Private,Guaranteed Maximum Price,CMAR,High,Moderate,Slow,2023-08-19,2024-12-03,2024,63541500,899,0.526,0.4554,0.8978,0.8569,0.045,63,1.0088,35,19,0.37,0.9684,40,6.295,10.568,0.1851,0.4105,0.089,0.0116,0.0098,0.1565,0.0684,0.0477,20.443,0.3018,4.348,0.2032,0.1624,0.3165,4,0.1023,51,1,1,1,0.9072,0.9463,Complete,2026-03-26,70040700,Validation
PRJ3-00181,Granite Retail Center 181,Commercial,Southwest,AZ,Private,Cost Plus,Design-Bid-Build,Moderate,Moderate,Slow,2019-09-05,2020-05-07,2020,78054500,692,0.355,0.3036,0.8435,0.9065,0.0722,36,0.8381,26,3,0.515,0.9513,51,6.534,6.479,0.4059,0.1676,0.0702,0.005,0.0402,0.0773,0.0673,0.0256,31.17,0.4499,6.481,0.3199,0.201,0.4359,3,0.1722,22,1,0,1,0.8531,0.9692,Complete,2021-08-19,91495600,Train
PRJ3-00182,Granite Corporate Center 182,Commercial,West,OR,Private,Guaranteed Maximum Price,Design-Build,Very High,High,Standard,2022-11-09,2024-01-24,2024,56571400,872,0.506,0.5188,1.0699,1.0081,-0.0323,-11,0.9116,0,11,0.575,0.9825,36,6.364,9.048,0.236,0.3517,0.1404,0.1386,0.0379,0.2932,0.0642,0.0282,29.654,0.3641,10.088,0.4324,0.2724,0.3747,5,0.0494,16,0,0,0,0.9529,0.982,Complete,2025-04-15,59364800,Validation
PRJ3-00183,Evergreen Highway Improvements 183,Heavy Civil,West,WA,Private,Cost Plus,Design-Bid-Build,Moderate,Moderate,Fast,2024-07-17,2025-11-20,2025,214895000,1111,0.442,0.4212,0.9447,0.992,-0.0067,23,0.9002,39,4,0,0.98,110,5.119,8.162,0.25,0.2196,0.0569,0.0676,0.0057,0.0359,0.0081,0.0064,12.12,0.1636,3.582,0.173,0.1279,0.3035,1,0.0214,-24,0,0,0,0.9791,1.0221,Complete,2027-07-09,219486500,Test
PRJ3-00184,Aspen Urban Village 184,Mixed-Use,Mountain,MT,Public,Lump Sum,CMAR,Very High,Moderate,Standard,2022-12-08,2024-04-20,2024,83016800,1249,0.4,0.357,0.9657,0.9161,0.0234,54,0.8835,2,22,0.288,0.944,47,5.662,9.156,0.1523,0.23,0.0637,0.1556,0.0473,0.3351,0.0406,0.0337,27.031,0.3081,7.706,0.4056,0.2791,0.3424,4,0.0463,6,0,0,0,0.9558,0.9952,Complete,2026-05-16,86860400,Validation
PRJ3-00185,Riverside Apartments 185,Residential,West,WA,Private,Lump Sum,IPD,Moderate,Moderate,Standard,2019-09-19,2020-06-05,2020,48015000,541,0.482,0.4847,0.9372,1.0168,0.0366,-1,0.9841,0,4,0.468,0.9439,26,5.415,6.288,0.4884,0.2081,0.0412,0.0615,0.05,0.1967,0,0.0007,24.774,0.2288,2.626,0.1655,0.2238,0.3113,2,0.0204,-12,0,0,0,0.98,1.0227,Complete,2021-03-01,48995500,Train
PRJ3-00186,Aspen Urban Village 186,Mixed-Use,Mountain,UT,Public-Private Partnership,Unit Price,Design-Bid-Build,High,High,Slow,2018-12-24,2019-10-06,2019,176776800,789,0.363,0.3379,0.7822,0.9572,0.1039,20,0.8435,30,17,0.695,0.9505,103,5.827,14.023,0.08,0.5154,0.1061,0.2324,0.1047,0.2376,0.0187,0.0426,20.887,0.2797,4.908,0.5322,0.2708,0.4189,5,0.1804,34,1,1,1,0.8472,0.9587,Complete,2021-03-26,208671900,Train
PRJ3-00187,Liberty District 187,Mixed-Use,West,NV,Private,Unit Price,CMAR,High,Moderate,Standard,2023-08-11,2025-01-03,2025,175235400,923,0.554,0.547,0.9587,1.0152,0.0337,6,1.0454,4,12,0.527,0.9707,106,6.049,8.962,0.3124,0.2548,0.0713,0.1512,0.0729,0.1317,0.0396,0.0317,24.799,0.2038,4.309,0.2792,0.3275,0.366,4,0.0372,18,0,0,0,0.9641,0.9809,Complete,2026-03-09,181761400,Test
PRJ3-00188,Gateway Residences 188,Residential,Midwest,IL,Private,Guaranteed Maximum Price,Design-Build,High,High,Fast,2023-01-18,2024-03-25,2024,77916500,731,0.592,0.5707,0.9924,0.9969,0.01,16,1.0322,0,20,0.593,0.9742,30,3.85,7.467,0.3303,0.2973,0.071,0.1096,0.0215,0.1021,0.0423,0.0094,25.254,0.3562,3.881,0.4001,0.2622,0.407,2,0.0152,-3,0,0,0,0.985,1.0041,Complete,2025-01-15,79102500,Validation
PRJ3-00189,Mesa Office Campus 189,Commercial,West,NV,Public-Private Partnership,Unit Price,CMAR,Low,Moderate,Standard,2021-12-24,2022-12-07,2022,62461900,632,0.551,0.5701,1.0743,0.98,-0.0235,-12,1.1226,16,9,0.636,0.9648,19,3.042,9.701,0.3642,0.3678,0.0796,0.0876,0.0276,0.02,0.0052,0.0221,12.987,0.2051,2.718,0.1273,0.1887,0.2957,3,0.0508,1,0,0,0,0.9517,0.9984,Complete,2023-09-18,65634200,Train
PRJ3-00190,Crescent Marketplace 190,Commercial,Mountain,MT,Private,Unit Price,CMAR,Moderate,Low,Fast,2023-06-16,2024-08-25,2024,100186300,764,0.571,0.5093,0.9241,0.9307,0.0393,47,0.8981,16,7,0.392,0.9819,43,4.292,9.219,0.1773,0.2288,0.0469,0.1045,0.0144,0.0789,0.0138,0.0235,9.624,0.2517,3.87,0.2866,0.1237,0.3383,2,-0.0008,-18,0,0,0,1.0008,1.0241,Complete,2025-07-01,100109300,Validation
PRJ3-00191,Copper Residences 191,Residential,Midwest,MO,Private,Cost Plus,Design-Build,Low,Low,Standard,2025-08-04,2025-12-15,2025,73639800,347,0.385,0.3927,0.9848,1.0048,0.0203,-3,0.9937,6,3,0.393,0.966,28,3.802,12.707,0.08,0.4265,0.1294,0.0732,0.0372,0.1142,0.0421,0.0124,11.01,0.2672,4.486,0.2386,0.148,0.244,3,0.0133,59,0,1,1,0.9869,0.8547,Complete,2026-09-14,74619000,Test
PRJ3-00192,Cedar Research Facility 192,Institutional,Midwest,MN,Public,Lump Sum,Design-Bid-Build,High,Moderate,Slow,2024-12-07,2025-12-22,2025,126790500,941,0.404,0.3223,0.8709,0.8478,0.0523,77,0.9235,4,25,0.693,0.9673,70,5.521,11.952,0.0873,0.4965,0.144,0.1725,0.0714,0.1425,0.0357,0.0323,28.54,0.336,9.209,0.3231,0.3143,0.4324,6,0.1033,25,1,0,1,0.9064,0.9741,Complete,2027-07-31,139887000,Test
PRJ3-00193,Aspen District 193,Mixed-Use,Southeast,FL,Public,Lump Sum,Design-Bid-Build,High,Low,Standard,2018-03-14,2019-08-26,2019,145596400,1105,0.48,0.4517,0.9418,0.9193,0.0328,31,0.8789,29,18,0.365,0.9759,81,5.563,7.081,0.4873,0.2307,0.0545,0.1254,0.0435,0.2426,0.0474,0.0423,25.942,0.1514,8.877,0.1864,0.284,0.3282,4,0.1487,16,1,0,1,0.8705,0.9857,Complete,2021-04-08,167251600,Train
PRJ3-00194,Crescent Bridge Program 194,Heavy Civil,Southwest,AZ,Private,Guaranteed Maximum Price,Design-Bid-Build,High,Moderate,Slow,2020-04-07,2021-09-05,2021,411958000,896,0.577,0.5021,1.028,0.89,-0.0039,67,0.8485,37,12,0.75,0.9732,240,5.826,8.814,0.2611,0.3162,0.0932,0.2212,0.049,0.1896,0.052,0.0219,26.876,0.3143,1.289,0.2095,0.3034,0.3809,3,0.0012,44,0,1,1,0.9988,0.9532,Complete,2022-11-03,412472400,Train
PRJ3-00195,Horizon Corporate Center 195,Commercial,Southwest,AZ,Private,Guaranteed Maximum Price,Design-Bid-Build,Very High,High,Fast,2023-12-18,2025-01-18,2025,71754800,770,0.516,0.5172,1.0055,1.0189,-0.0092,-1,1.0153,11,14,0.497,0.9435,20,2.787,10.438,0.1945,0.3961,0.1304,0.157,0.0172,0.2851,0.0567,0.0344,29.939,0.4536,7.127,0.3678,0.3756,0.4274,5,0.073,28,0,0,0,0.9319,0.9649,Complete,2026-02-23,76995200,Test
PRJ3-00196,Northstar Civic Complex 196,Institutional,Southwest,NM,Private,Lump Sum,CMAR,Moderate,Moderate,Standard,2018-08-09,2019-11-28,2019,54323900,807,0.591,0.5221,1.0426,0.9089,-0.0265,56,0.9533,9,13,0.101,0.9487,18,3.313,10.145,0.1056,0.3543,0.0936,0.0414,0.0181,0.101,0.0135,0.0211,13.763,0.2854,7.734,0.2823,0.1443,0.3066,3,0.0407,1,0,0,0,0.9609,0.9988,Complete,2020-10-25,56533400,Train
PRJ3-00197,Granite Retail Center 197,Commercial,Mountain,UT,Private,Lump Sum,CMAR,Low,Low,Fast,2023-08-15,2024-06-20,2024,76136400,763,0.407,0.4178,1.0913,1.0326,-0.0254,-8,1.0751,7,29,0.74,0.9498,17,2.233,5.747,0.2491,0.2929,0.0584,0.0883,0.0391,0.0541,0.0458,0.0056,10.53,0.2569,3.813,0.1801,0.0304,0.2781,1,0.0608,-7,0,0,0,0.9427,1.0093,Complete,2025-09-09,80763600,Validation
PRJ3-00198,Granite Manufacturing Facility 198,Industrial,Northeast,CT,Private,Cost Plus,CMAR,High,Moderate,Standard,2022-08-09,2023-11-28,2023,188289600,870,0.548,0.5666,0.8641,1.0592,0.1009,-16,0.8917,24,4,0.913,0.9753,103,5.47,8.608,0.2503,0.2913,0.0857,0.0862,0.0394,0.2029,0.0468,0.0206,18.483,0.227,7.028,0.3776,0.1967,0.3343,3,0.1187,-2,1,0,1,0.8939,1.0023,Complete,2024-12-24,210640900,Train
PRJ3-00199,Horizon Residences 199,Residential,Southwest,AZ,Private,Guaranteed Maximum Price,IPD,Very High,Moderate,Standard,2020-11-03,2021-10-02,2021,110159300,772,0.432,0.3944,0.8014,0.9355,0.1017,29,1.1122,33,13,0.543,0.9535,74,6.718,11.814,0.08,0.3864,0.1137,0.0447,0.0187,0.2438,0.0374,0.0254,11.706,0.2384,2.274,0.4395,0.1707,0.3157,3,0.1459,36,1,1,1,0.8727,0.9554,Complete,2023-01-20,126227000,Train
PRJ3-00200,Gateway Housing 200,Residential,Northeast,CT,Private,Unit Price,CMAR,High,Moderate,Standard,2023-02-06,2023-12-09,2023,16141000,590,0.519,0.4568,0.8977,0.8721,0.0584,37,1.0186,21,12,0.804,0.9592,13,8.054,11.125,0.143,0.4094,0.0954,0.1485,0.049,0.1072,0.0262,0.0325,29.11,0.3632,3.684,0.1288,0.2959,0.1808,5,0.1052,43,1,1,1,0.9048,0.9321,Complete,2024-10-31,17839300,Train
PRJ3-00201,Liberty Bridge Program 201,Heavy Civil,Midwest,IL,Public,Unit Price,Design-Build,Moderate,High,Fast,2021-04-05,2022-11-03,2022,65355400,1255,0.46,0.5037,0.9516,1.0792,-0.002,-55,1.0378,7,18,0.462,0.9766,26,3.978,4.987,0.4808,0.0915,0.0361,0.0167,0.0051,0.1173,0.0079,0.0116,27.769,0.3576,0,0.2577,0.2402,0.2261,2,-0.007,-24,0,0,0,1.007,1.0195,Complete,2024-08-18,64901100,Train
PRJ3-00202,Canyon Town Center 202,Mixed-Use,Midwest,MN,Private,Unit Price,Design-Build,Moderate,High,Slow,2021-11-30,2023-05-18,2023,180586200,1046,0.511,0.441,0.9272,0.9219,0.0232,73,0.9391,7,15,0.787,0.9715,88,4.873,7.12,0.3667,0.2723,0.0468,0.0688,0.0294,0.1322,0.0454,0.0142,33.428,0.3906,2.366,0.2543,0.3742,0.3557,3,0.0776,29,0,0,0,0.928,0.973,Complete,2024-11-09,194598500,Train
PRJ3-00203,Riverside Highway Improvements 203,Heavy Civil,Southeast,TN,Private,Unit Price,Design-Bid-Build,Very High,Moderate,Standard,2023-11-21,2025-02-06,2025,144884300,1029,0.431,0.4583,0.8855,0.9965,0.0592,-28,0.7823,41,9,0.895,0.951,96,6.626,7.893,0.1411,0.2762,0.1101,0.0688,0.0037,0.2022,0.0475,0.0304,16.873,0.3677,1.949,0.4378,0.213,0.4917,3,0.104,53,1,1,1,0.9058,0.951,Complete,2026-11-07,159954000,Test
PRJ3-00204,Summit Urban Village 204,Mixed-Use,Mountain,WY,Public,Lump Sum,CMAR,Moderate,Low,Slow,2017-03-21,2019-02-24,2019,274182800,1213,0.582,0.5161,0.9218,0.9274,0.0464,80,0.8886,22,19,0.701,0.95,155,5.653,12.884,0.08,0.5029,0.1001,0.1202,0.0634,0.1435,0.0346,0.0295,29.932,0.3618,8.997,0.281,0.2556,0.3901,6,0.0688,-19,0,0,0,0.9356,1.0159,Complete,2020-06-27,293054100,Train
PRJ3-00205,Aspen Water Program 205,Heavy Civil,Mountain,ID,Public,Guaranteed Maximum Price,CMAR,Very High,Moderate,Fast,2021-04-24,2022-09-08,2022,247437700,1168,0.43,0.4241,0.9258,0.9949,0.0399,7,0.9537,24,18,0.845,0.9652,139,5.618,8.185,0.2705,0.2976,0.1144,0.1952,0.0413,0.2655,0.0388,0.0331,5,0.0968,3.984,0.2618,0.1286,0.3884,3,0.0425,5,0,0,0,0.9593,0.9957,Complete,2024-07-10,257949100,Train
PRJ3-00206,Mesa Retail Center 206,Commercial,Midwest,MI,Private,Guaranteed Maximum Price,Design-Bid-Build,Moderate,Moderate,Standard,2019-11-06,2020-09-21,2020,42432000,576,0.556,0.5307,0.9593,0.9147,0.0225,15,0.9028,10,27,0.48,0.9595,29,6.834,9.253,0.3226,0.3375,0.0538,0.1163,0.0584,0.1373,0.007,0.0161,22.216,0.2064,7.113,0.2489,0.2678,0.2801,3,0.0341,11,0,0,0,0.967,0.9813,Complete,2021-06-15,43878500,Train
PRJ3-00207,Northstar Town Center 207,Mixed-Use,Southeast,GA,Private,Guaranteed Maximum Price,CMAR,High,Low,Standard,2023-10-21,2025-01-28,2025,308523400,1099,0.424,0.3598,0.9171,0.8579,0.0462,71,0.9641,33,19,0.634,0.9424,179,5.802,9.801,0.244,0.3025,0.0782,0.1531,0.0269,0.2147,0.0627,0.039,22.014,0.2125,3.551,0.328,0.2435,0.439,4,0.1572,34,1,1,1,0.8642,0.97,Complete,2026-11-27,357022900,Test
PRJ3-00208,Crescent Transit Program 208,Infrastructure,West,WA,Public,Unit Price,Design-Bid-Build,Moderate,Moderate,Standard,2024-01-23,2025-12-05,2025,343830500,1225,0.557,0.5993,0.8649,1.0515,0.1029,-52,0.928,15,9,0.209,0.9683,168,4.886,4.471,0.4671,0.0954,0.0337,0.0785,0.0376,0.1009,0.0346,0.013,24.031,0.2145,0.434,0.4278,0.1748,0.3407,1,0.1648,-25,1,0,1,0.8585,1.0208,Complete,2027-05-07,400494700,Test
PRJ3-00209,Riverside Corporate Center 209,Commercial,West,OR,Private,Guaranteed Maximum Price,Design-Bid-Build,Very High,Moderate,Fast,2020-07-02,2021-03-19,2021,40393100,632,0.412,0.3511,0.8628,0.9179,0.0888,38,0.9624,36,11,0.873,0.9778,20,4.951,8.839,0.2975,0.2655,0.0793,0.2122,0.0561,0.3011,0.0329,0.043,9.312,0.031,1.364,0.4453,0.2322,0.3528,3,0.0912,-24,0,0,0,0.9165,1.0395,Complete,2022-03-02,44075000,Train
PRJ3-00210,Canyon Corporate Center 210,Commercial,Mountain,UT,Public,Guaranteed Maximum Price,IPD,High,Low,Slow,2021-06-07,2022-01-06,2022,57331800,575,0.372,0.3957,0.9145,0.9276,0.0243,-14,0.9149,11,16,1.119,0.9668,21,3.663,12.549,0.08,0.4416,0.11,0.19,0.0507,0.2362,0.0225,0.0313,36.098,0.3719,3.677,0.2357,0.3592,0.4065,5,0.0253,34,0,1,1,0.9753,0.9442,Complete,2023-02-06,58783800,Train
PRJ3-00211,Mesa Urban Village 211,Mixed-Use,Midwest,MN,Public,Guaranteed Maximum Price,Design-Build,High,Moderate,Fast,2022-04-11,2023-06-11,2023,380649000,925,0.461,0.4921,1.112,1.0226,-0.0394,-29,0.9641,20,19,0.609,0.9565,195,5.123,7.899,0.2929,0.123,0.0119,0.1924,0.0702,0.1817,0.0181,0.0234,10.351,0.2235,2.602,0.0835,0.2132,0.2615,2,0.0038,-23,0,0,0,0.9962,1.0255,Complete,2024-09-29,382091300,Train
PRJ3-00212,Horizon Public Works Program 212,Infrastructure,Northeast,CT,Private,Cost Plus,CMAR,Moderate,High,Fast,2019-04-07,2021-01-09,2021,211078300,1114,0.578,0.5851,0.9661,0.9731,0.035,-8,1.1014,0,18,0.711,0.9707,81,3.837,8.042,0.3446,0.3539,0.086,0.1192,0.0279,0.1993,0.0194,0,24.273,0.2757,4.05,0.177,0.2989,0.3375,2,-0.0079,-5,0,0,0,1.008,1.0045,Complete,2022-04-20,209410500,Train
PRJ3-00213,Redwood Transit-Oriented Development 213,Mixed-Use,West,NV,Private,Cost Plus,IPD,High,High,Standard,2020-02-16,2021-07-14,2021,149867700,1274,0.404,0.3809,1.0202,1.0098,-0.0289,29,1.0956,0,6,0.524,1.0,76,5.071,11.037,0.2079,0.3876,0.0993,0.0409,0.0215,0.107,0.0167,0.0278,25.93,0.2867,2.238,0.238,0.2152,0.323,4,0.0296,-11,0,0,0,0.9713,1.0087,Complete,2023-08-02,154303800,Train
PRJ3-00214,Aspen Corporate Center 214,Commercial,Midwest,IL,Private,Guaranteed Maximum Price,Design-Bid-Build,High,High,Slow,2023-12-21,2025-02-08,2025,65792300,722,0.576,0.563,0.9346,0.976,0.0494,9,0.9327,29,20,0.471,0.9586,41,6.232,9.762,0.2651,0.342,0.0794,0.1221,0.0399,0.1461,0.0304,0.0315,31.808,0.3895,2.875,0.2662,0.2523,0.5051,4,0.0956,13,0,0,0,0.9127,0.9823,Complete,2025-12-25,72084700,Test
PRJ3-00215,Cedar Research Facility 215,Institutional,Southeast,GA,Private,Lump Sum,Design-Bid-Build,Moderate,Low,Slow,2023-02-07,2024-02-01,2024,58202200,822,0.437,0.4311,0.8523,0.9194,0.0979,5,0.9658,36,15,0.585,0.9354,32,5.498,8.262,0.4108,0.3011,0.0703,0.0856,0.0217,0.1213,0.0562,0.0389,26.332,0.3364,9.835,0.2345,0.2225,0.4055,4,0.1824,62,1,1,1,0.8457,0.9299,Complete,2025-07-10,68817400,Validation
PRJ3-00216,Aspen Neighborhood 216,Residential,Southeast,FL,Private,Lump Sum,Design-Bid-Build,High,Moderate,Slow,2020-12-17,2021-07-23,2021,35087500,552,0.395,0.3971,0.9582,1.0063,0.0425,-1,0.9533,17,16,0.572,0.951,35,9.975,11.393,0.2018,0.4123,0.0925,0.1492,0.0492,0.1962,0.051,0.0152,17.726,0.2525,5.943,0.4726,0.3384,0.4491,3,0.142,-25,1,0,1,0.8757,1.0474,Complete,2022-05-28,40070200,Train
PRJ3-00217,Lakeview Town Center 217,Mixed-Use,Mountain,CO,Public-Private Partnership,Unit Price,CMAR,Moderate,High,Fast,2019-10-06,2020-11-12,2020,112982500,925,0.436,0.4219,1.0029,1.0176,0.003,13,1.0918,2,15,0.275,0.9699,47,4.16,4.788,0.5075,0.2144,0.059,0.1359,0.0636,0.0923,0.0194,0.0102,32.128,0.3677,3.332,0.2315,0.2388,0.3132,3,-0.072,27,0,0,0,1.0776,0.9716,Complete,2022-05-15,104850200,Train
PRJ3-00218,Northstar Education Center 218,Institutional,Midwest,IL,Public,Unit Price,Design-Bid-Build,Moderate,High,Standard,2024-11-12,2025-12-12,2025,117156300,815,0.485,0.5471,0.975,1.071,-0.007,-51,1.0147,15,14,0.623,0.9872,55,4.695,6.753,0.2988,0.3337,0.1047,0.1329,0.0521,0.2338,0.0079,0.002,13.649,0.277,2.081,0.1868,0.152,0.3905,1,-0.0145,-5,0,0,0,1.0147,1.0062,Complete,2027-01-31,115461100,Test
PRJ3-00219,Canyon Housing 219,Residential,Northeast,NY,Public,Unit Price,CMAR,Moderate,Moderate,Standard,2023-02-08,2023-10-12,2023,22627500,695,0.355,0.3068,0.8815,0.8633,0.043,34,1.0263,9,20,0.526,0.963,13,5.745,8.112,0.373,0.3275,0.0762,0.0248,0,0.2541,0.0015,0.0175,21.826,0.248,7.582,0.2955,0.1992,0.2939,3,0.0117,23,0,0,0,0.9884,0.968,Complete,2025-01-26,22892200,Train
PRJ3-00220,Granite Town Center 220,Mixed-Use,Southwest,TX,Private,Cost Plus,Design-Bid-Build,High,Moderate,Fast,2020-04-03,2021-07-27,2021,83495200,1087,0.442,0.4226,0.9573,1.0011,0.0106,21,0.9673,6,3,0.706,0.9627,23,2.755,7.816,0.3586,0.2914,0.0841,0.1579,0.0578,0.1351,0.0267,0.0227,25.098,0.2752,5.746,0.3963,0.3196,0.3434,3,0.064,12,0,0,0,0.9398,0.9891,Complete,2023-04-07,88841200,Train
PRJ3-00221,Mesa Apartments 221,Residential,Southwest,AZ,Private,Guaranteed Maximum Price,Design-Build,Moderate,High,Standard,2022-11-23,2023-06-05,2023,28719700,477,0.407,0.4064,1.0459,1.0576,-0.0165,0,1.0291,10,10,0.633,0.9799,13,4.527,13.339,0.1406,0.4126,0.0947,0.0577,0.0374,0.2322,0.0468,0.0051,26.304,0.2492,4.836,0.1991,0.2213,0.1667,4,-0.002,-6,0,0,0,1.002,1.0127,Complete,2024-03-08,28663300,Train
PRJ3-00222,Pioneer Process Plant 222,Industrial,West,CA,Public-Private Partnership,Guaranteed Maximum Price,Design-Build,Low,Moderate,Fast,2024-09-22,2025-11-01,2025,95114300,947,0.428,0.4514,0.9671,1.0486,0.0128,-22,0.9904,2,3,0.274,1.0,35,3.68,5.157,0.4514,0.1861,0.0586,0.0853,0.0268,0.02,0.0294,0,17.652,0.1833,1.18,0.2054,0.1372,0.179,1,0.019,0,0,0,0,0.9814,1.0,Complete,2027-04-27,96917600,Test
PRJ3-00223,Gateway Civic Complex 223,Institutional,Southwest,TX,Public,Lump Sum,Design-Build,Low,Moderate,Fast,2021-05-13,2022-05-28,2022,239283300,709,0.536,0.4981,0.9868,0.9222,0.0215,27,1.09,0,12,0.409,0.9959,101,4.221,2,0.5767,0.1118,0.0172,0.0682,0.0315,0.0593,0.0203,0,25.892,0.2957,6.557,0.2666,0.295,0.1411,2,0.0555,-1,0,0,0,0.9474,1.0014,Complete,2023-04-21,252569300,Train
PRJ3-00224,Horizon Earthworks Package 224,Heavy Civil,Southeast,GA,Private,Guaranteed Maximum Price,Design-Bid-Build,High,High,Standard,2021-01-15,2022-05-14,2022,138600600,1211,0.4,0.3682,1.01,0.9199,-0.0003,38,0.9456,9,12,0.606,0.9686,71,5.123,3.148,0.5545,0.1218,0.0691,0.1746,0.0405,0.2487,0.0672,0.0113,29.063,0.3486,5.96,0.38,0.2696,0.4298,3,0.0688,14,0,0,0,0.9357,0.9886,Complete,2024-05-24,148129500,Train
PRJ3-00225,Redwood Office Campus 225,Commercial,Southeast,NC,Private,Lump Sum,CMAR,Moderate,Moderate,Standard,2020-01-02,2020-07-01,2020,285127600,469,0.386,0.4078,1.0294,1.0466,-0.0159,-10,1.0014,7,18,0.354,0.9787,130,4.559,7.212,0.4393,0.2124,0.0811,0.0638,0.0435,0.1014,0.0647,0.0132,27.255,0.2419,2.101,0.3254,0.2421,0.2819,2,0.0528,-4,0,0,0,0.9498,1.0086,Complete,2021-04-11,300187100,Train
PRJ3-00226,Canyon Neighborhood 226,Residential,Midwest,IL,Private,Lump Sum,Design-Build,Moderate,High,Fast,2024-06-24,2024-11-29,2024,47287700,438,0.363,0.3872,1.15,1.0625,-0.0338,-11,1.0738,26,13,0.507,0.9809,26,5.498,3.36,0.4773,0.1432,0.0144,0.0887,0.0361,0.1141,0,0.0245,22.713,0.2172,0.156,0.1443,0.2187,0.2896,2,0.0165,11,0,0,0,0.9837,0.9755,Complete,2025-09-16,48070200,Validation
PRJ3-00227,Horizon Distribution Hub 227,Industrial,Mountain,UT,Private,Cost Plus,CMAR,High,High,Standard,2018-01-11,2019-04-14,2019,115684200,984,0.466,0.5012,0.9408,1.0433,0.0395,-35,0.9698,25,8,0.683,0.9614,66,5.705,11.987,0.1143,0.5183,0.102,0.1647,0.0669,0.2852,0.0494,0.0305,17.735,0.1882,0.177,0.3456,0.2419,0.2671,4,0.1123,0,1,0,1,0.899,1.0,Complete,2020-09-21,128677100,Train
PRJ3-00228,Gateway Retail Center 228,Commercial,Midwest,MO,Private,Lump Sum,Design-Build,Moderate,Low,Fast,2024-09-25,2025-06-15,2025,67442000,497,0.53,0.5136,0.9317,0.9934,0.0159,8,0.9502,10,14,0.889,0.9595,23,3.41,12.466,0.1411,0.3904,0.0962,0.174,0.0739,0.1473,0.0299,0.0078,29.1,0.3295,7.137,0.3018,0.2964,0.3465,4,0.1677,0,1,0,1,0.8564,1.0,Complete,2026-02-04,78753900,Test
PRJ3-00229,Pioneer Retail Center 229,Commercial,Midwest,OH,Private,Cost Plus,Design-Build,High,Low,Standard,2020-04-02,2020-12-12,2020,54492300,632,0.402,0.3741,0.9824,0.8954,0.0116,18,1.073,4,15,0.863,0.966,42,7.708,10.915,0.1446,0.3847,0.1182,0.1858,0.0374,0.2172,0.0447,0.0401,25.14,0.2343,4.13,0.3454,0.2415,0.3725,5,0.1063,-3,1,0,1,0.9039,1.0048,Complete,2021-12-22,60282900,Train
PRJ3-00230,Lakeview Residences 230,Residential,Midwest,MI,Public,Guaranteed Maximum Price,Design-Bid-Build,Moderate,Low,Standard,2024-08-24,2025-02-09,2025,68299200,433,0.391,0.3433,0.9556,0.9348,0.0151,21,0.941,10,17,0.365,0.9756,37,5.417,11.356,0.1024,0.4479,0.1275,0.1598,0.0583,0.1074,0.0283,0.0018,14.476,0.1533,3.669,0.3161,0.2153,0.3276,3,0.01,5,0,0,0,0.9901,0.9886,Complete,2025-11-05,68985000,Test
PRJ3-00231,Gateway Medical Center 231,Institutional,Mountain,UT,Public,Guaranteed Maximum Price,CMAR,High,High,Fast,2020-05-11,2021-04-18,2021,72977200,904,0.379,0.3536,1.0578,0.9293,-0.0019,23,1.0758,6,1,0.734,0.9566,39,5.344,9.913,0.1982,0.2688,0.0969,0.1719,0.011,0.2495,0.0172,0,17.224,0.188,4.386,0.1759,0.2232,0.4017,2,0.0406,16,0,0,0,0.961,0.9826,Complete,2022-11-17,75940200,Train
PRJ3-00232,Copper Residences 232,Residential,Mountain,ID,Public,Guaranteed Maximum Price,CMAR,High,Moderate,Fast,2024-09-19,2025-04-02,2025,25174400,517,0.378,0.3604,0.9862,1.034,0.0008,9,0.9908,0,23,0.94,0.9505,4,1.589,5.876,0.3476,0.1247,0.0617,0.177,0.0605,0.2793,0.0303,0,21.096,0.2583,3.145,0.3262,0.1941,0.395,1,0.0148,10,0,0,0,0.9855,0.981,Complete,2026-02-28,25545900,Test
PRJ3-00233,Canyon Neighborhood 233,Residential,West,WA,Public,Guaranteed Maximum Price,Design-Bid-Build,Moderate,Moderate,Standard,2023-11-05,2024-06-22,2024,23189100,609,0.378,0.3531,1.004,0.9299,-0.0109,15,1.0199,13,0,0.318,0.9683,22,9.487,7.52,0.2785,0.3128,0.0671,0.1294,0.0415,0.0751,0.0413,0,28.415,0.3198,1.034,0.191,0.1965,0.3004,2,0.0694,-18,0,0,0,0.9351,1.0305,Complete,2025-06-18,24797700,Validation
PRJ3-00234,Crescent Urban Village 234,Mixed-Use,Midwest,OH,Private,Guaranteed Maximum Price,Design-Bid-Build,Very High,Low,Fast,2023-11-11,2025-02-14,2025,120137700,983,0.469,0.4448,0.8533,0.9626,0.0666,24,0.8942,26,23,0.426,0.9328,82,6.826,6.868,0.3791,0.2292,0.0806,0.212,0.0566,0.25,0.0764,0.0302,25.643,0.3207,9.194,0.5629,0.3006,0.3941,4,0.2134,14,1,0,1,0.8242,0.986,Complete,2026-08-04,145771100,Test
PRJ3-00235,Pioneer Corporate Center 235,Commercial,Midwest,OH,Public,Guaranteed Maximum Price,Design-Bid-Build,Moderate,Low,Slow,2023-07-06,2024-04-28,2024,34987400,570,0.522,0.4567,0.8977,0.8689,0.0889,37,0.8662,21,12,0.583,0.9591,25,7.145,17.182,0.08,0.5683,0.121,0.1125,0.0256,0.1216,0.054,0.0255,27.439,0.3065,5.403,0.3511,0.2479,0.3022,6,0.1428,53,1,1,1,0.8751,0.9149,Complete,2025-03-20,39982000,Validation
PRJ3-00236,Cedar Utility Corridor 236,Infrastructure,Southwest,TX,Private,Guaranteed Maximum Price,Design-Build,Moderate,High,Standard,2024-04-01,2025-09-12,2025,334075400,958,0.553,0.6056,0.9831,1.0703,-0.0031,-50,0.9729,0,6,0.438,0.964,143,4.28,8.445,0.2062,0.2981,0.1098,0.1144,0,0.1007,0.0407,0,32.305,0.2815,6.247,0.2623,0.2618,0.283,3,0.0899,4,0,0,0,0.9175,0.9958,Complete,2026-11-19,364107000,Test
PRJ3-00237,Northstar Research Facility 237,Institutional,Northeast,CT,Public,Lump Sum,Design-Build,High,Moderate,Fast,2021-02-04,2022-02-09,2022,191842300,826,0.448,0.4245,0.9247,1.0075,0.0376,19,0.9098,17,16,0.424,0.9538,111,5.786,7.027,0.2192,0.2117,0.0711,0.094,0.0721,0.2061,0.0342,0.007,21.368,0.3086,0.525,0.2815,0.2411,0.4249,1,0.0828,-25,0,0,0,0.9235,1.0312,Complete,2023-04-16,207734600,Train
PRJ3-00238,Northstar Residences 238,Residential,Southeast,VA,Public,Guaranteed Maximum Price,CMAR,High,Moderate,Standard,2020-09-08,2021-07-14,2021,61955000,632,0.49,0.4769,0.9392,0.9975,0.0228,8,1.0531,16,19,0.688,0.9465,45,7.263,4.713,0.6291,0.17,0.0471,0.0917,0.0288,0.1733,0.0185,0.008,17.95,0.2924,3.17,0.2146,0.1527,0.2864,1,0.0791,1,0,0,0,0.9267,0.9984,Complete,2022-06-03,66855400,Train
PRJ3-00239,Crescent Medical Center 239,Institutional,Southeast,VA,Private,Cost Plus,CMAR,Moderate,High,Standard,2020-10-05,2021-11-16,2021,58879300,759,0.537,0.4899,0.9385,0.9281,0.0249,36,0.954,22,14,0.547,0.971,34,5.775,4.425,0.6043,0.0909,0.0372,0.1051,0.0416,0.0805,0.0189,0.0033,17.1,0.2102,3.613,0.1866,0.1385,0.2447,1,0.0229,-24,0,0,0,0.9776,1.0327,Complete,2022-10-10,60226600,Train
PRJ3-00240,Crescent Water Program 240,Heavy Civil,West,NV,Private,Guaranteed Maximum Price,Design-Bid-Build,Very High,Moderate,Standard,2018-04-17,2019-06-03,2019,467313300,835,0.494,0.4568,0.9545,0.9386,0.0254,31,0.8719,33,10,0.899,0.9589,240,5.136,8.35,0.3467,0.2238,0.0831,0.1356,0.0126,0.1966,0.0458,0.0464,19.156,0.2725,5.125,0.3052,0.183,0.3373,4,0.0689,-17,0,0,0,0.9355,1.0208,Complete,2020-07-13,499529100,Train
PRJ3-00241,Pioneer Neighborhood 241,Residential,Southwest,NM,Private,Guaranteed Maximum Price,Design-Bid-Build,High,Moderate,Standard,2018-11-23,2019-11-08,2019,39379700,709,0.494,0.4606,0.997,0.9304,0.0228,24,0.8805,24,8,0.372,0.9785,11,2.793,11.249,0.1579,0.3268,0.1061,0.13,0.0377,0.1896,0.0302,0.0157,20.207,0.1609,1.414,0.2325,0.2128,0.393,3,0.0294,29,0,0,0,0.9714,0.9607,Complete,2020-11-30,40539300,Train
PRJ3-00242,Liberty Apartments 242,Residential,Northeast,NJ,Private,Cost Plus,Design-Build,Very High,Low,Fast,2021-12-01,2022-05-28,2022,49591900,485,0.369,0.2911,0.9299,0.9043,0.0256,38,0.8651,19,31,0.479,0.9511,31,6.251,5.648,0.4994,0.2583,0.028,0.2653,0.0704,0.3165,0.0465,0.0302,19.939,0.0898,1.654,0.4034,0.3648,0.3225,3,0.0611,14,0,0,0,0.9424,0.9719,Complete,2023-04-14,52623300,Train
PRJ3-00243,Evergreen Manufacturing Facility 243,Industrial,Mountain,ID,Private,Cost Plus,Design-Build,Very High,Low,Standard,2017-12-31,2019-04-18,2019,222718200,1014,0.467,0.4269,0.8803,0.9206,0.0419,41,0.9445,35,11,0.823,0.949,140,6.286,13.056,0.08,0.4619,0.1272,0.1965,0.0714,0.215,0.0627,0.0409,26.357,0.293,6.342,0.3099,0.3086,0.3165,6,0.1613,49,1,1,1,0.8611,0.9539,Complete,2020-11-28,258633800,Train
PRJ3-00244,Horizon Urban Village 244,Mixed-Use,Southwest,TX,Public,Cost Plus,Design-Bid-Build,Moderate,Low,Fast,2023-08-17,2024-11-08,2024,56653000,939,0.479,0.4981,1.005,1.0503,0.002,-18,0.9943,21,5,0.544,0.9665,30,5.295,10.01,0.1114,0.2632,0.0609,0.1474,0.0389,0.1251,0.0346,0.0119,15.913,0.2427,6.584,0.202,0.133,0.4534,3,0.0748,-6,0,0,0,0.9304,1.0064,Complete,2026-03-07,60889500,Validation
PRJ3-00245,Aspen Apartments 245,Residential,West,NV,Private,Guaranteed Maximum Price,Design-Build,High,Low,Fast,2023-12-04,2025-03-02,2025,50081800,827,0.549,0.6113,0.9387,1.12,0.0432,-52,1.047,2,7,0.614,0.9671,25,4.992,3.897,0.6078,0.1074,0.0554,0.1982,0.0218,0.1991,0.0482,0.0327,11.558,0.2703,1.723,0.2196,0.2345,0.3725,2,0.0273,-7,0,0,0,0.9735,1.0085,Complete,2026-03-03,51447500,Test
PRJ3-00246,Granite Water Program 246,Heavy Civil,Southwest,TX,Private,Guaranteed Maximum Price,Design-Bid-Build,Moderate,Low,Standard,2017-10-31,2019-02-03,2019,152563100,1184,0.389,0.3656,0.8742,0.8958,0.0419,28,0.9321,29,15,0.755,0.9562,80,5.244,11.328,0.0864,0.3041,0.0644,0.046,0.0083,0.0907,0.0284,0.0118,14.792,0.1287,2.853,0.3688,0.1295,0.1898,2,0.1395,22,1,0,1,0.8776,0.9818,Complete,2021-02-18,173845400,Train
PRJ3-00247,Harbor Corporate Center 247,Commercial,Midwest,MN,Public,Cost Plus,Design-Build,Very High,High,Fast,2019-11-25,2020-06-16,2020,50436300,531,0.385,0.4034,1.0696,1.0374,-0.0271,-10,1.0518,14,15,1.081,0.9699,25,4.957,8.072,0.3749,0.2886,0.0818,0.1715,0.0038,0.2677,0.0898,0.0162,9.799,0.1814,5.941,0.4892,0.2299,0.4997,2,0.0428,11,0,0,0,0.9589,0.9797,Complete,2021-05-20,52596300,Train
PRJ3-00248,Cedar Residences 248,Residential,Southwest,AZ,Public,Lump Sum,Design-Bid-Build,High,Moderate,Slow,2025-05-07,2025-12-21,2025,47999900,477,0.48,0.4638,0.8081,0.9246,0.1052,8,0.9332,24,11,0.426,0.9763,27,5.625,10.712,0.1858,0.4127,0.1115,0.0957,0.0309,0.195,0.0439,0.0457,22.5,0.3537,1.991,0.4086,0.2164,0.4006,4,0.1545,43,1,1,1,0.8662,0.9173,Complete,2026-10-09,55417400,Test
PRJ3-00249,Horizon Education Center 249,Institutional,West,OR,Private,Lump Sum,Design-Build,Moderate,High,Standard,2021-11-19,2022-06-26,2022,81102200,606,0.362,0.3659,0.9775,1.0253,-0.0075,-2,1.0953,7,3,0,0.9877,35,4.316,11.338,0.215,0.3948,0.0685,0.0872,0.0413,0.0266,0.0757,0.0173,22.862,0.2936,5.424,0.4463,0.1535,0.2994,4,0.0466,-25,0,0,0,0.9555,1.043,Complete,2023-06-23,84879300,Train
PRJ3-00250,Granite Retail Center 250,Commercial,Southwest,NM,Public,Cost Plus,CMAR,High,Moderate,Slow,2020-12-10,2022-05-04,2022,53428200,907,0.563,0.52,0.9744,0.9434,0.0233,39,0.8555,15,8,1.314,0.9619,36,6.738,14.424,0.08,0.5232,0.1357,0.1324,0.0594,0.1757,0.0719,0.0244,27.726,0.328,2.714,0.5023,0.2517,0.4728,5,0.0301,28,0,0,0,0.9708,0.9701,Complete,2023-07-03,55033900,Train
PRJ3-00251,Aspen Urban Village 251,Mixed-Use,Southeast,VA,Private,Cost Plus,IPD,Very High,Low,Standard,2024-07-03,2025-11-21,2025,129550300,1308,0.387,0.3169,0.7901,0.8502,0.0759,92,0.9201,21,28,0.938,0.9453,86,6.638,9.973,0.2543,0.3582,0.1062,0.2105,0.0771,0.3141,0.0657,0.035,11.833,0.1629,6.104,0.4496,0.1959,0.3217,4,0.1854,27,1,0,1,0.8436,0.9798,Complete,2028-02-28,153565300,Test
PRJ3-00252,Northstar Manufacturing Facility 252,Industrial,Southeast,FL,Public,Lump Sum,IPD,Very High,Low,Standard,2023-07-02,2025-03-07,2025,105699800,1082,0.568,0.4871,0.9578,0.8939,0.0088,87,0.8848,23,11,0.728,0.9498,66,6.244,7.252,0.2123,0.2005,0.0725,0.2047,0.0632,0.3428,0.0364,0.0263,26.099,0.2812,4.707,0.2664,0.2749,0.3418,3,0.1585,24,1,0,1,0.8632,0.9783,Complete,2026-07-12,122448000,Test
PRJ3-00253,Granite Residences 253,Residential,West,WA,Public,Cost Plus,Design-Bid-Build,High,High,Standard,2020-02-02,2021-02-16,2021,63692900,723,0.526,0.4908,0.9361,0.9431,0.0112,25,1.0016,19,17,0.452,0.9649,24,3.768,8.492,0.2169,0.2724,0.08,0.0694,0.0292,0.2133,0.0389,0.0312,18.48,0.1901,6.661,0.321,0.173,0.3669,3,0.1318,-25,1,0,1,0.8835,1.0358,Complete,2021-12-31,72089400,Train
PRJ3-00254,Horizon Corporate Center 254,Commercial,Mountain,WY,Private,Cost Plus,Design-Bid-Build,Moderate,Moderate,Standard,2020-07-20,2021-03-28,2021,91156600,678,0.371,0.3225,0.8886,0.8975,0.0545,33,0.9727,2,17,0.226,0.9731,65,7.131,4.681,0.5108,0.2429,0.0259,0.0619,0.0555,0.0744,0,0,28.695,0.2704,3.833,0.2627,0.2477,0.2674,2,0.0755,20,0,0,0,0.9298,0.9713,Complete,2022-06-18,98041100,Train
PRJ3-00255,Granite Medical Center 255,Institutional,Mountain,UT,Public-Private Partnership,Guaranteed Maximum Price,CMAR,Moderate,Moderate,Standard,2020-10-04,2022-01-01,2022,91750800,796,0.571,0.5825,0.9623,1.0307,0.0094,-9,0.928,17,12,0.629,0.9527,47,5.123,5.727,0.4247,0.1486,0.0514,0.1267,0.0629,0.0642,0.0458,0.0048,18.047,0.2353,2.789,0.3561,0.2055,0.2523,1,0.1255,-10,1,0,1,0.8885,1.0127,Complete,2022-11-29,103263700,Train
PRJ3-00256,Pioneer Civic Complex 256,Institutional,Mountain,WY,Private,Guaranteed Maximum Price,Design-Bid-Build,Moderate,Moderate,Fast,2018-11-15,2019-08-13,2019,91525100,706,0.384,0.3505,0.981,0.8899,0.0033,24,1.0688,14,20,0.521,0.9976,34,3.715,2.264,0.6722,0.0843,0.0607,0.1254,0.0329,0.2198,0.0632,0.0059,17.048,0.2364,3.369,0.345,0.1244,0.3067,1,0.044,-13,0,0,0,0.9579,1.0188,Complete,2020-10-08,95549500,Train
PRJ3-00257,Mesa Logistics Center 257,Industrial,Mountain,WY,Private,Unit Price,IPD,Low,Moderate,Slow,2022-06-01,2023-08-20,2023,286437400,749,0.595,0.5738,1.024,0.9315,-0.0393,16,1.1035,15,19,0.179,0.9739,123,4.294,12.437,0.0913,0.4487,0.0778,0.0795,0.0407,0.0967,0.0488,0.0133,25.651,0.3408,9.334,0.3184,0.1736,0.3744,4,0.0529,32,0,1,1,0.9498,0.959,Complete,2024-07-21,301586200,Train
PRJ3-00258,Summit Earthworks Package 258,Heavy Civil,West,NV,Private,Lump Sum,Design-Build,High,Low,Fast,2021-03-12,2022-05-14,2022,198365300,1055,0.406,0.4111,0.8738,0.9984,0.0573,-5,0.9707,33,15,0.661,0.9612,109,5.495,8.314,0.4521,0.3182,0.0546,0.1475,0.0592,0.2703,0.022,0.0049,13.199,0.1836,3.598,0.1777,0.1585,0.3216,2,0.1108,-25,1,0,1,0.9002,1.0243,Complete,2024-01-06,220352400,Train
PRJ3-00259,Canyon Neighborhood 259,Residential,Midwest,IL,Private,Lump Sum,CMAR,High,High,Standard,2021-08-02,2022-05-28,2022,149394300,554,0.54,0.4875,0.9992,0.9375,0.014,29,1.0013,24,9,0.776,0.9733,81,5.422,7.121,0.4583,0.2671,0.0548,0.1416,0.0529,0.2422,0.0195,0.0218,22.298,0.1534,5.855,0.1562,0.2113,0.3509,3,0.0751,-1,0,0,0,0.9302,1.0018,Complete,2023-02-06,160613000,Train
PRJ3-00260,Riverside Bridge Program 260,Heavy Civil,Mountain,UT,Public-Private Partnership,Guaranteed Maximum Price,CMAR,High,Low,Slow,2024-05-22,2025-12-21,2025,168937400,1191,0.486,0.4256,0.8955,0.8653,0.0548,72,0.7576,27,25,0.451,0.9596,101,5.979,9.593,0.2215,0.3048,0.0817,0.2268,0.0621,0.2061,0.0529,0.0215,19.307,0.3276,7.659,0.3874,0.2033,0.4097,3,0.1415,52,1,1,1,0.8761,0.9582,Complete,2027-10-17,192837400,Test
PRJ3-00261,Mesa Office Campus 261,Commercial,West,WA,Public,Lump Sum,Design-Bid-Build,High,Moderate,Fast,2021-11-24,2022-09-22,2022,41062500,666,0.454,0.5076,0.8749,1.039,0.0553,-36,0.9587,0,3,0.31,0.9661,5,1.218,11.973,0.1915,0.4032,0.0727,0.1553,0.0294,0.1708,0.0694,0.0081,11.56,0.1958,5.311,0.2812,0.2212,0.2798,3,0.1473,-15,1,0,1,0.8716,1.023,Complete,2023-09-06,47109800,Train
PRJ3-00262,Mesa Distribution Hub 262,Industrial,West,OR,Private,Unit Price,Design-Bid-Build,High,High,Standard,2020-09-08,2021-09-26,2021,58686600,1061,0.361,0.3246,0.9985,0.8875,0.0281,39,0.9811,10,17,0.247,0.9396,20,3.408,4.304,0.4103,0.1542,0.0651,0.1466,0.0465,0.1406,0.0357,0.0109,12.628,0.0663,2.087,0.3968,0.1568,0.3239,1,0.0267,30,0,1,1,0.974,0.9725,Complete,2023-09-04,60254500,Train
PRJ3-00263,Granite Residences 263,Residential,Southeast,TN,Public,Lump Sum,Design-Bid-Build,High,Moderate,Standard,2021-10-15,2022-04-27,2022,125552800,554,0.351,0.3493,0.8395,1.0025,0.0821,1,0.9148,7,27,0.869,0.9596,70,5.575,7.651,0.3068,0.2551,0.0635,0.1149,0.0416,0.1159,0.0583,0.0415,25.89,0.2576,5.655,0.4352,0.2317,0.328,4,0.1792,-6,1,0,1,0.848,1.0109,Complete,2023-04-16,148057100,Train
PRJ3-00264,Harbor Earthworks Package 264,Heavy Civil,Midwest,MI,Public-Private Partnership,Lump Sum,CMAR,Very High,Moderate,Slow,2020-03-10,2021-09-03,2021,197512600,1200,0.452,0.3932,0.8825,0.8237,0.0517,71,0.8454,51,10,0.738,0.9504,135,6.835,8.176,0.3254,0.331,0.0965,0.207,0.0763,0.3288,0.0453,0.0275,27.161,0.3336,5.161,0.2203,0.3061,0.5255,4,0.1489,62,1,1,1,0.8704,0.9509,Complete,2023-08-24,226913600,Train
PRJ3-00265,Horizon Corporate Center 265,Commercial,Southeast,VA,Private,Cost Plus,Design-Build,High,Moderate,Fast,2021-11-06,2022-05-23,2022,33496100,554,0.359,0.3715,0.9854,0.9689,-0.0102,-7,1.0182,5,12,0.617,0.9693,18,5.374,9.011,0.2227,0.3094,0.0862,0.1388,0.064,0.2043,0.0329,0.0206,12.584,0.1128,3.316,0.1817,0.0807,0.3477,2,0.0268,-18,0,0,0,0.9739,1.0336,Complete,2023-04-26,34392800,Train
PRJ3-00266,Liberty Process Plant 266,Industrial,Southwest,AZ,Public,Guaranteed Maximum Price,Design-Bid-Build,High,Moderate,Standard,2020-05-19,2021-10-22,2021,227247100,1038,0.502,0.4974,0.9185,0.9607,0.046,5,0.9924,17,0,0.534,0.9465,115,5.061,11.545,0.08,0.4563,0.1308,0.0278,0.0358,0.1137,0.0297,0.0319,17.167,0.2635,3.413,0.4924,0.1478,0.2684,4,0.0534,20,0,0,0,0.9493,0.9811,Complete,2023-04-12,239386400,Train
PRJ3-00267,Granite Apartments 267,Residential,Southeast,NC,Private,Unit Price,Design-Bid-Build,Very High,Moderate,Standard,2020-07-05,2021-05-20,2021,36504500,599,0.533,0.5248,0.9833,0.959,0.0145,5,0.9912,17,11,0.568,0.9574,41,11.231,3.816,0.616,0.1237,0.0623,0.1138,0.0407,0.2696,0.0574,0.031,31.655,0.3241,5.789,0.1834,0.288,0.3794,4,0.0473,-17,0,0,0,0.9548,1.0292,Complete,2022-02-07,38230700,Train
PRJ3-00268,Gateway Corporate Center 268,Commercial,Mountain,MT,Public,Lump Sum,CMAR,High,High,Slow,2024-03-19,2024-11-29,2024,145006600,554,0.461,0.4766,0.9059,1.0133,0.0559,-9,0.8806,35,15,0.527,0.9617,65,4.483,11.521,0.1074,0.5059,0.153,0.1392,0.0447,0.0839,0.042,0.0411,32.325,0.3676,9.419,0.2429,0.2951,0.3936,6,0.0682,17,0,0,0,0.9362,0.9702,Complete,2025-10-11,154891900,Validation
PRJ3-00269,Gateway Civic Complex 269,Institutional,Southeast,FL,Public-Private Partnership,Lump Sum,IPD,Very High,High,Standard,2020-03-20,2021-07-04,2021,109602100,1037,0.455,0.5171,1.0021,1.0955,0.0068,-64,0.9545,3,10,0.308,0.9663,56,5.109,7.011,0.3139,0.224,0.0744,0.2374,0.0608,0.2632,0.0431,0.0309,27.754,0.3488,3.157,0.413,0.2634,0.3145,3,0.0436,10,0,0,0,0.9583,0.9904,Complete,2023-01-31,114376200,Train
PRJ3-00270,Northstar Distribution Hub 270,Industrial,West,OR,Private,Lump Sum,IPD,High,Moderate,Slow,2018-11-25,2020-02-02,2020,370162600,1128,0.385,0.3463,0.9748,0.9412,0.0097,44,1.0316,18,5,0.529,0.9509,217,5.862,13.632,0.08,0.4802,0.0887,0.0467,0.0418,0.272,0.075,0.03,27.741,0.3754,4.136,0.3035,0.2345,0.3595,5,0.0366,48,0,1,1,0.9647,0.9592,Complete,2022-02-13,383701700,Train
PRJ3-00271,Harbor Apartments 271,Residential,Southwest,AZ,Private,Guaranteed Maximum Price,CMAR,Moderate,Moderate,Slow,2021-09-01,2022-03-18,2022,87234200,483,0.412,0.4075,1.0015,0.9641,0.006,2,0.8564,16,11,0.554,0.9737,39,4.471,9.61,0.264,0.3359,0.0566,0.0405,0.0421,0.1438,0.0531,0.0229,15.302,0.2685,4.809,0.2859,0.1648,0.4501,3,0.0676,24,0,0,0,0.9367,0.9527,Complete,2023-01-21,93129400,Train
PRJ3-00272,Summit Highway Improvements 272,Heavy Civil,Southwest,AZ,Public-Private Partnership,Unit Price,CMAR,High,High,Standard,2022-05-14,2023-11-25,2023,107534800,1019,0.55,0.567,1.0883,0.9958,-0.022,-17,0.8989,5,0,0.803,0.9583,69,6.417,5.076,0.5655,0.1176,0.0533,0.0826,0.0265,0.1643,0.0151,0.0385,25.011,0.3605,3.082,0.2591,0.2116,0.3564,3,0.0802,-25,0,0,0,0.9258,1.0252,Complete,2025-02-01,116153800,Train
PRJ3-00273,Summit Civic Complex 273,Institutional,Midwest,MO,Public,Guaranteed Maximum Price,CMAR,High,Moderate,Standard,2024-03-18,2025-05-11,2025,63838500,793,0.529,0.4496,0.942,0.8778,0.0226,63,0.9701,22,22,0.541,1.0,36,5.639,7.27,0.2987,0.3504,0.0916,0.1586,0.0401,0.1811,0.042,0.0067,20.674,0.3584,0.778,0.3838,0.2106,0.2605,2,0.0872,20,0,0,0,0.9198,0.9754,Complete,2026-06-09,69406000,Test
PRJ3-00274,Redwood Research Facility 274,Institutional,Northeast,PA,Private,Guaranteed Maximum Price,Design-Build,Very High,Moderate,Fast,2020-08-15,2022-04-23,2022,79147300,1034,0.596,0.5071,0.9751,0.8663,-0.0085,92,0.8448,19,20,0.841,0.9697,46,5.812,8.514,0.2868,0.2932,0.1158,0.1149,0.0539,0.2051,0.0371,0.0246,27.711,0.217,6.872,0.3286,0.3105,0.5226,4,0.0495,24,0,0,0,0.9529,0.9773,Complete,2023-07-09,83061200,Train
PRJ3-00275,Riverside Apartments 275,Residential,Mountain,MT,Private,Guaranteed Maximum Price,CMAR,Low,Low,Standard,2022-10-24,2023-03-31,2023,101876400,411,0.386,0.3521,0.9522,0.9812,0.0242,14,0.9723,12,21,0.835,0.9695,33,3.239,7.476,0.4441,0.3488,0.0822,0.1085,0.0494,0.1179,0.0304,0.0008,29.907,0.4674,4.573,0.3087,0.2862,0.0897,3,0.0294,-17,0,0,0,0.9714,1.0431,Complete,2023-11-22,104872200,Train
PRJ3-00276,Liberty Retail Center 276,Commercial,Southeast,FL,Private,Guaranteed Maximum Price,Design-Bid-Build,High,High,Fast,2024-04-11,2025-03-12,2025,76419400,837,0.401,0.4401,0.9588,1.0675,0.0295,-33,1.0252,7,16,1.02,0.9864,22,2.879,4.652,0.5025,0.1777,0.065,0.1062,0.0375,0.191,0.0125,0.0091,32.241,0.2576,4.979,0.2922,0.3274,0.4686,3,0.0632,-8,0,0,0,0.9405,1.0097,Complete,2026-07-19,81249700,Test
PRJ3-00277,Northstar Manufacturing Facility 277,Industrial,West,NV,Public,Guaranteed Maximum Price,Design-Bid-Build,High,High,Slow,2024-11-02,2025-09-02,2025,118438100,726,0.419,0.3972,0.9365,0.8909,0.0381,16,1.0076,27,2,0.685,0.9584,67,5.657,8.151,0.169,0.2927,0.0915,0.0624,0.0177,0.1006,0.0562,0.0393,22.825,0.3048,4.05,0.2027,0.2509,0.3276,4,0.0923,17,0,0,0,0.9155,0.9771,Complete,2026-11-15,129375500,Test
PRJ3-00278,Canyon Distribution Hub 278,Industrial,Mountain,MT,Public,Lump Sum,Design-Bid-Build,High,Moderate,Standard,2024-08-16,2025-11-16,2025,84999500,806,0.567,0.5412,0.9717,0.9465,0.0223,21,0.915,8,10,0.906,0.9639,48,5.647,5.368,0.419,0.2358,0.074,0.163,0.0538,0.2805,0.032,0.0444,25.264,0.383,7.933,0.326,0.1803,0.312,4,0.0835,11,0,0,0,0.9229,0.9865,Complete,2026-11-11,92098700,Test
PRJ3-00279,Lakeview Housing 279,Residential,Southwest,TX,Private,Unit Price,Design-Bid-Build,Low,Low,Standard,2024-01-17,2024-11-03,2024,42159600,505,0.577,0.5567,0.9436,0.9323,0.0322,10,0.9592,13,11,0.141,0.953,24,5.693,5.78,0.4312,0.2802,0.0715,0.0615,0.0473,0.1344,0.0263,0.0234,20.291,0.2649,2.205,0.1539,0.1414,0.2215,2,-0.0318,-1,0,0,0,1.0328,1.002,Complete,2025-06-04,40820600,Validation
PRJ3-00280,Northstar Office Campus 280,Commercial,Southeast,FL,Public-Private Partnership,Unit Price,Design-Bid-Build,High,Low,Slow,2023-11-19,2024-10-26,2024,163723400,772,0.444,0.3765,0.8311,0.8853,0.0762,52,0.907,38,21,0.717,0.9496,121,7.391,13.566,0.1144,0.589,0.0918,0.2279,0.049,0.2605,0.0481,0.0251,32.811,0.4718,10.055,0.4419,0.3891,0.2993,6,0.1277,76,1,1,1,0.8868,0.9104,Complete,2026-03-16,184625400,Validation
PRJ3-00281,Canyon Office Campus 281,Commercial,West,WA,Private,Cost Plus,IPD,High,High,Slow,2023-06-07,2024-04-22,2024,38536100,684,0.469,0.4693,0.8282,0.9908,0.1022,0,0.9564,24,2,0.536,0.9728,24,6.228,8.463,0.3186,0.248,0.1058,0.1366,0.0332,0.1051,0.0366,0.0222,26.089,0.3492,8.984,0.3792,0.2606,0.4637,4,0.0842,-20,0,0,0,0.9224,1.0301,Complete,2025-04-01,41779500,Validation
PRJ3-00282,Cedar Marketplace 282,Commercial,West,WA,Private,Unit Price,IPD,High,Low,Standard,2023-12-19,2024-10-11,2024,90028500,642,0.464,0.4305,0.9209,0.9521,0.0505,21,0.893,3,7,0.641,0.9701,62,6.887,13.207,0.1128,0.4253,0.1535,0.1618,0.0557,0.1848,0.0419,0.018,12.315,0.2278,1.548,0.3485,0.2071,0.3248,3,0.063,-3,0,0,0,0.9407,1.0047,Complete,2025-09-18,95699200,Validation
PRJ3-00283,Pioneer Residences 283,Residential,Northeast,MA,Public,Guaranteed Maximum Price,Design-Bid-Build,High,Moderate,Fast,2024-06-12,2025-01-29,2025,18589600,544,0.426,0.3987,1.0471,0.9371,-0.0228,15,1.0289,15,16,0.534,0.9754,13,6.993,8.162,0.3325,0.227,0.0585,0.1215,0.0374,0.0781,0.0246,0.0282,11.292,0.211,3.668,0.4618,0.1759,0.3606,2,0.071,-2,0,0,0,0.9337,1.0037,Complete,2025-12-06,19909400,Test
PRJ3-00284,Granite Housing 284,Residential,Midwest,MI,Private,Unit Price,Design-Bid-Build,High,Moderate,Standard,2021-02-24,2021-10-18,2021,75234900,558,0.424,0.3838,0.8865,0.8708,0.0379,22,0.8169,3,8,0.842,0.9768,38,5.051,5.837,0.3985,0.2011,0.07,0.1487,0.0567,0.112,0.0262,0.0417,27.501,0.324,0,0.4885,0.3715,0.3487,3,0.1598,42,1,1,1,0.8622,0.93,Complete,2022-10-17,87256500,Train
PRJ3-00285,Copper Office Campus 285,Commercial,Southwest,AZ,Private,Guaranteed Maximum Price,CMAR,Moderate,Low,Standard,2021-12-23,2022-10-08,2022,119780500,712,0.407,0.3348,0.9905,0.8863,0.0143,51,1.0907,8,12,0.513,0.9794,56,4.675,11.268,0.08,0.3556,0.0777,0.2002,0.0485,0.2436,0.0443,0.0241,18.47,0.2903,5.861,0.2859,0.2321,0.3257,4,-0.0178,-18,0,0,0,1.0181,1.0259,Complete,2023-11-17,117649500,Train
PRJ3-00286,Northstar Research Facility 286,Institutional,Northeast,MA,Private,Cost Plus,Design-Build,Low,High,Slow,2021-11-04,2022-12-22,2022,184902000,891,0.464,0.4556,0.9722,0.979,-0.0053,7,1.0234,7,15,0.571,0.9805,64,3.461,13.496,0.08,0.5207,0.0774,0,0.0007,0.1301,0.0371,0.0402,18.043,0.3169,3.616,0.0417,0.1149,0.2543,5,0.0912,-5,0,0,0,0.9164,1.0056,Complete,2024-04-08,201766300,Train
PRJ3-00287,Granite Office Campus 287,Commercial,West,NV,Public,Lump Sum,CMAR,Very High,Low,Standard,2024-12-05,2025-12-22,2025,87206300,657,0.582,0.4793,0.9916,0.8584,-0.0004,67,0.9403,8,12,0.795,0.9474,73,8.371,9.914,0.2785,0.3021,0.0826,0.2637,0.048,0.2354,0.0726,0.0403,40.338,0.4651,1.862,0.4646,0.3574,0.4594,5,0.035,50,0,1,1,0.9661,0.9293,Complete,2026-11-12,90261700,Test
PRJ3-00288,Summit Distribution Hub 288,Industrial,Southwest,TX,Private,Guaranteed Maximum Price,Design-Bid-Build,Moderate,Moderate,Slow,2024-06-20,2025-05-02,2025,483316400,854,0.371,0.351,0.9035,0.9459,0.0273,17,0.9295,1,0,0.748,0.9469,240,4.966,10.455,0.08,0.4081,0.1234,0.0951,0.0202,0.0763,0.0255,0.0552,9.434,0.1889,6.082,0.3434,0.1427,0.476,5,0.1474,17,1,0,1,0.8716,0.9805,Complete,2026-11-08,554547900,Test
PRJ3-00289,Pioneer Neighborhood 289,Residential,Mountain,MT,Public,Guaranteed Maximum Price,Design-Build,Moderate,High,Standard,2018-10-05,2019-08-01,2019,29564700,518,0.581,0.5524,1.0702,0.9527,-0.0324,15,1.1548,9,13,0.732,0.967,5,1.691,4.413,0.5492,0.2174,0.056,0.0814,0.0171,0.109,0.0541,0.0188,6.198,0.1517,4.414,0.2162,0.1385,0.3583,2,-0.0116,1,0,0,0,1.0118,0.9981,Complete,2020-03-07,29220700,Train
PRJ3-00290,Aspen Marketplace 290,Commercial,West,WA,Private,Unit Price,CMAR,Moderate,Low,Standard,2021-09-03,2022-06-09,2022,51645500,696,0.401,0.3693,0.9407,0.9341,0.0104,22,0.9547,27,7,0.559,0.9667,37,7.164,13.29,0.08,0.4751,0.0845,0.0139,0.0137,0.1481,0.038,0.027,21.647,0.1563,7.612,0.2065,0.1156,0.3429,5,0.0579,31,0,1,1,0.9453,0.9574,Complete,2023-08-31,54633500,Train
PRJ3-00291,Northstar Public Works Program 291,Infrastructure,Southeast,FL,Public,Unit Price,CMAR,Moderate,High,Slow,2022-10-12,2024-01-24,2024,132559200,1081,0.434,0.4324,0.9127,1.0245,0.0304,2,0.9482,48,22,0.509,0.9581,62,4.677,6.911,0.2414,0.2749,0.1052,0.1877,0.0827,0.1743,0.0263,0.0314,30.719,0.3258,9.499,0.2868,0.3801,0.2026,5,0.0711,22,0,0,0,0.9336,0.9801,Complete,2025-10-19,141989900,Validation
PRJ3-00292,Crescent Earthworks Package 292,Heavy Civil,Mountain,MT,Public,Guaranteed Maximum Price,CMAR,Moderate,Moderate,Slow,2023-01-04,2023-11-28,2023,84679800,833,0.394,0.359,0.9335,0.8575,0.0133,29,0.9081,29,18,0.911,0.9449,46,5.432,13.285,0.1315,0.3895,0.0963,0.0811,0.0721,0.1807,0.0302,0.0443,31.606,0.448,3.996,0.3373,0.2094,0.4025,6,0.0291,3,0,0,0,0.9718,0.9964,Complete,2025-04-19,87141200,Train
PRJ3-00293,Copper Logistics Center 293,Industrial,West,NV,Private,Guaranteed Maximum Price,IPD,Moderate,High,Slow,2018-11-23,2019-11-16,2019,778955900,949,0.378,0.3992,0.9709,1.0544,-0.0048,-20,0.9092,8,17,1.071,0.9599,240,3.081,9.69,0.2323,0.3744,0.1093,0.0996,0.0241,0.135,0.0579,0.0179,28.435,0.4011,2.341,0.2914,0.2355,0.3851,3,0.0058,6,0,0,0,0.9942,0.9937,Complete,2021-07-05,783491800,Train
PRJ3-00294,Redwood Corporate Center 294,Commercial,Southeast,VA,Private,Guaranteed Maximum Price,CMAR,Low,Moderate,Slow,2022-08-05,2023-04-10,2023,41339800,659,0.377,0.3819,0.9995,1.0627,0.0113,-3,0.9883,12,9,0,0.9816,11,2.661,10.423,0.0893,0.4519,0.1092,0.0267,0.0165,0.0566,0.0221,0.0161,26.789,0.298,3.732,0.2671,0.1377,0.335,4,0.0643,5,0,0,0,0.9396,0.9925,Complete,2024-05-30,43999300,Train
PRJ3-00295,Pioneer Residences 295,Residential,Midwest,MN,Public,Lump Sum,CMAR,Moderate,Moderate,Fast,2019-12-04,2020-06-25,2020,68120300,466,0.438,0.3742,0.927,0.8783,0.0405,30,1.0319,0,11,0.559,0.9551,30,4.404,8.985,0.2706,0.2716,0.0725,0.0988,0.0137,0.1111,0.0204,0.0242,8.827,0.2021,0.945,0.2647,0.1695,0.4052,2,0.0857,10,0,0,0,0.9211,0.979,Complete,2021-03-24,73956900,Train
PRJ3-00296,Redwood Bridge Program 296,Heavy Civil,Mountain,MT,Public,Unit Price,Design-Build,Low,Moderate,Slow,2020-12-17,2022-05-06,2022,70374900,1101,0.459,0.4171,0.9749,0.9374,0.0276,46,0.9376,2,12,0,0.9561,25,3.552,11.147,0.08,0.5464,0.1035,0.0862,0,0.02,0.0049,0.0268,12.048,0.2187,6.463,0.324,0.1599,0.3098,4,0.0491,15,0,0,0,0.9532,0.9866,Complete,2024-01-07,73830900,Train
PRJ3-00297,Granite Residences 297,Residential,Southeast,GA,Public,Guaranteed Maximum Price,Design-Build,High,Moderate,Fast,2020-01-11,2020-12-11,2020,40684300,605,0.554,0.5465,1.0825,0.9714,-0.0408,5,0.9751,12,16,0.636,0.9696,28,6.882,8.273,0.2229,0.2904,0.0953,0.039,0.0146,0.1845,0.0093,0.02,8.275,0.1294,0,0.2139,0.1271,0.3143,2,0.0277,31,0,1,1,0.973,0.9513,Complete,2021-10-08,41811500,Train
PRJ3-00298,Evergreen Neighborhood 298,Residential,Mountain,ID,Public,Lump Sum,Design-Bid-Build,Very High,Moderate,Standard,2022-02-10,2023-01-17,2023,62878600,584,0.585,0.5602,0.8197,0.9412,0.1083,14,0.8838,0,8,0.606,0.9477,40,6.361,10.743,0.1979,0.4018,0.1197,0.0632,0.0216,0.2239,0.0493,0.0391,36.91,0.3708,4.92,0.4592,0.2937,0.4508,6,0.131,-14,1,0,1,0.8841,1.0246,Complete,2023-09-03,71118600,Train
PRJ3-00299,Lakeview Process Plant 299,Industrial,Southeast,GA,Private,Unit Price,Design-Bid-Build,Very High,High,Fast,2018-06-25,2020-06-11,2020,159340800,1248,0.575,0.589,0.9734,0.9917,0.0144,-17,0.9699,19,25,0.774,0.9617,93,5.837,8.815,0.2658,0.2554,0.0948,0.1971,0.0631,0.2193,0.0565,0.0371,27.764,0.3114,6.056,0.4334,0.3657,0.4075,4,0.0694,11,0,0,0,0.9351,0.9913,Complete,2021-12-05,170402200,Train
PRJ3-00300,Crescent Transit Program 300,Infrastructure,Southeast,FL,Private,Guaranteed Maximum Price,Design-Bid-Build,Moderate,Moderate,Standard,2019-12-10,2022-03-14,2022,445365500,1424,0.58,0.5465,0.9968,0.9554,0.0291,48,1.0616,0,12,0.51,0.9576,224,5.03,7.999,0.4438,0.2999,0.1024,0.04,0.0353,0.02,0.031,0.0015,7.843,0,0,0.2129,0,0.1874,1,0.0011,-22,0,0,0,0.9989,1.0157,Complete,2023-10-12,445876300,Train
PRJ3-00301,Crescent Housing 301,Residential,Southwest,NM,Public-Private Partnership,Guaranteed Maximum Price,Design-Build,Moderate,High,Fast,2023-01-13,2023-09-09,2023,39020500,460,0.521,0.5697,1.0543,1.0858,-0.0493,-22,0.9702,0,4,0.661,0.9865,19,4.869,8.802,0.3774,0.2224,0.064,0.0769,0.0651,0.1542,0.0371,0.0007,9.303,0.1934,3.538,0.41,0.1083,0.217,1,0.0032,-18,0,0,0,0.9968,1.0407,Complete,2024-03-30,39147100,Train
PRJ3-00302,Cedar Neighborhood 302,Residential,West,WA,Private,Lump Sum,CMAR,Moderate,Low,Standard,2023-10-22,2024-04-22,2024,72985500,374,0.49,0.5607,0.9738,1.0963,0.0301,-26,0.918,11,3,0.213,0.9691,24,3.288,7.467,0.4402,0.2779,0.0726,0.2087,0.0881,0.2161,0.0217,0.0034,19.071,0.2167,2.712,0.3828,0.2477,0.3479,2,0.0195,-25,0,0,0,0.9809,1.0716,Complete,2024-10-05,74408300,Validation
PRJ3-00303,Harbor Housing 303,Residential,West,WA,Public,Unit Price,Design-Build,Very High,Moderate,Slow,2020-09-20,2021-10-21,2021,46066300,676,0.587,0.5189,0.9455,0.9103,0.0129,46,0.8731,16,9,0.731,0.9549,13,2.822,10.573,0.1046,0.3437,0.1066,0.1491,0.0184,0.1837,0.0325,0.0251,29.652,0.325,10.365,0.2438,0.2974,0.529,5,0.0856,11,0,0,0,0.9212,0.984,Complete,2022-08-08,50008400,Train
PRJ3-00304,Lakeview Residences 304,Residential,Southeast,NC,Private,Unit Price,Design-Bid-Build,High,Moderate,Slow,2023-03-16,2023-11-02,2023,63271300,477,0.485,0.4902,0.873,1.0256,0.071,-2,0.8828,9,22,0.421,0.9631,41,6.48,8.566,0.4559,0.2787,0.1161,0.1542,0.0655,0.2773,0.0634,0.0439,43.314,0.439,5.665,0.3502,0.3364,0.4376,6,0.1443,24,1,0,1,0.8739,0.9521,Complete,2024-07-29,72403700,Train
PRJ3-00305,Canyon Earthworks Package 305,Heavy Civil,Midwest,IL,Private,Guaranteed Maximum Price,Design-Build,Low,Moderate,Standard,2023-07-16,2024-11-19,2024,175516200,1048,0.47,0.5079,1.0447,1.0285,0.0026,-40,1.027,0,20,0.702,0.9783,72,4.102,7.137,0.3067,0.338,0.0689,0.0418,0.0634,0.0496,0.0227,0.0245,12.921,0.217,0.044,0.3006,0.1114,0.2622,2,-0.0242,-6,0,0,0,1.0248,1.0058,Complete,2026-05-23,171271200,Validation
PRJ3-00306,Horizon Bridge Program 306,Heavy Civil,Mountain,UT,Public,Guaranteed Maximum Price,Design-Bid-Build,Moderate,High,Slow,2020-07-08,2021-11-21,2021,212612200,1124,0.446,0.4438,0.962,0.96,0.0156,2,0.9754,30,23,0.748,0.98,115,5.409,11.091,0.1499,0.4788,0.0898,0,0.016,0.1225,0.0485,0.0205,26.418,0.3507,4.721,0.1256,0.2446,0.3678,4,0.0405,5,0,0,0,0.961,0.9956,Complete,2023-08-11,221232700,Train
PRJ3-00307,Copper Education Center 307,Institutional,Midwest,IL,Private,Unit Price,IPD,Moderate,Low,Fast,2020-11-09,2021-10-22,2021,151466500,684,0.508,0.4843,1.0073,1.0005,0.0062,16,1.0049,19,17,0.625,0.981,65,4.291,12.007,0.1639,0.4529,0.1183,0.1694,0.0553,0.1464,0.051,0.0152,9.22,0.1277,0.906,0.072,0.1676,0.3352,3,0.0908,-17,0,0,0,0.9168,1.0255,Complete,2022-09-07,165219700,Train
PRJ3-00308,Crescent Logistics Center 308,Industrial,West,WA,Private,Guaranteed Maximum Price,Design-Build,Moderate,Moderate,Standard,2019-02-18,2019-11-17,2019,226164800,739,0.369,0.3638,1.0748,0.9715,-0.0419,4,0.9384,7,12,0.523,0.9615,101,4.466,6.32,0.3612,0.2342,0.0648,0.0705,0.0406,0.0866,0.0314,0.028,24.306,0.333,3.571,0.3657,0.3286,0.3496,3,0.0533,25,0,0,0,0.9494,0.9673,Complete,2021-03-23,238219200,Train
PRJ3-00309,Pioneer Manufacturing Facility 309,Industrial,Southwest,TX,Private,Unit Price,IPD,Very High,Moderate,Slow,2020-08-13,2022-03-18,2022,77909100,1163,0.501,0.5129,0.8589,1.0032,0.071,-14,0.8409,36,11,0.734,0.952,48,6.161,13.826,0.08,0.4376,0.1048,0.0673,0.0213,0.2335,0.0701,0.0398,24.056,0.2084,1.22,0.6161,0.2303,0.4424,5,0.2071,16,1,0,1,0.8284,0.9864,Complete,2023-11-05,94045900,Train
PRJ3-00310,Northstar Process Plant 310,Industrial,Southwest,AZ,Public,Guaranteed Maximum Price,CMAR,High,Moderate,Standard,2019-03-08,2020-03-13,2020,349206000,974,0.381,0.3844,0.9997,0.9954,-0.0045,-3,0.9027,24,7,1.186,0.9552,176,5.04,10.533,0.2782,0.2751,0.0596,0.0709,0.0443,0.1249,0,0.0282,11.539,0.1352,3.948,0.2488,0.1137,0.3584,3,0.0189,13,0,0,0,0.9814,0.9868,Complete,2021-11-19,355819400,Train
PRJ3-00311,Mesa Civic Complex 311,Institutional,Mountain,CO,Public,Lump Sum,CMAR,Moderate,Low,Fast,2020-12-18,2021-07-19,2021,130974700,503,0.425,0.3777,0.8936,0.9279,0.0672,24,0.8631,17,14,0.499,0.9573,59,4.505,10.26,0.1555,0.3296,0.1299,0.1145,0.0128,0.1637,0.03,0.0087,25.823,0.3446,1.959,0.3325,0.2074,0.2374,3,0.0994,39,0,1,1,0.9096,0.928,Complete,2022-06-13,143996300,Train
PRJ3-00312,Summit Apartments 312,Residential,Southwest,NM,Public,Lump Sum,Design-Bid-Build,Very High,Low,Fast,2020-03-04,2021-05-06,2021,60195300,841,0.51,0.4144,0.9894,0.8119,0.0029,80,0.9779,20,0,0.824,0.9564,45,7.476,6.951,0.2956,0.1074,0.0588,0.1754,0.0548,0.3463,0.018,0.032,27.327,0.2768,0.653,0.3814,0.2354,0.3554,3,-0.0002,0,0,0,0,1.0002,1.0,Complete,2022-06-23,60183700,Train
PRJ3-00313,Mesa Civic Complex 313,Institutional,Mountain,UT,Private,Cost Plus,CMAR,Moderate,Moderate,Standard,2021-04-19,2022-05-17,2022,193868400,791,0.497,0.44,0.9768,0.8901,0.0062,45,0.9133,6,12,0.795,0.9779,90,4.642,10.988,0.1691,0.4341,0.0881,0.064,0.0115,0.1846,0.0386,0.0021,25.509,0.2452,6.266,0.1204,0.1931,0.3478,3,0.0096,9,0,0,0,0.9905,0.9888,Complete,2023-06-28,195732000,Train
PRJ3-00314,Lakeview Corporate Center 314,Commercial,Southwest,TX,Public-Private Partnership,Lump Sum,Design-Bid-Build,High,High,Fast,2023-01-01,2023-12-26,2023,51514600,740,0.486,0.468,1.0665,0.9661,-0.0369,13,0.9938,11,10,0.364,0.9546,15,2.912,7.068,0.3808,0.2136,0.1024,0.1073,0.0213,0.2071,0.0495,0.0185,16.08,0.2338,1.168,0.2133,0.1431,0.2827,2,0.101,-9,1,0,1,0.9083,1.0123,Complete,2025-01-01,56716100,Train
PRJ3-00315,Evergreen Transit Program 315,Infrastructure,West,WA,Private,Guaranteed Maximum Price,Design-Bid-Build,High,Moderate,Standard,2021-06-13,2022-09-06,2022,414055100,835,0.54,0.5313,0.8629,0.9579,0.1026,7,0.9732,0,0,0.321,0.9433,219,5.289,9.408,0.1735,0.3239,0.093,0.0833,0.0474,0.2071,0.0584,0.0348,19.406,0.1842,5.972,0.4422,0.2138,0.3025,4,0.0577,-4,0,0,0,0.9454,1.0048,Complete,2023-09-22,437965900,Train
PRJ3-00316,Cedar Retail Center 316,Commercial,Mountain,WY,Public,Unit Price,Design-Bid-Build,Moderate,Moderate,Fast,2024-12-24,2025-05-11,2025,32951700,266,0.521,0.4844,1.0667,0.9728,-0.023,10,0.9627,0,14,0.532,0.9737,5,1.517,5.223,0.435,0.2728,0.0549,0.095,0.0167,0.0609,0.0305,0.0078,25.96,0.4578,0.945,0.2029,0.3251,0.3208,2,0.0405,-6,0,0,0,0.9611,1.0231,Complete,2025-09-10,34284700,Test
PRJ3-00317,Pioneer Distribution Hub 317,Industrial,Southwest,TX,Private,Lump Sum,Design-Build,Moderate,High,Standard,2022-10-06,2024-09-21,2024,209014000,1206,0.594,0.6159,0.9031,1.0135,0.0653,-26,0.9528,0,1,0.118,0.9884,93,4.449,6.776,0.5035,0.2451,0.0362,0.1721,0.0737,0.1501,0.0256,0.0039,28.734,0.2578,0.495,0.2502,0.3718,0.2877,2,0.0885,-22,0,0,0,0.9187,1.0186,Complete,2026-01-02,227518900,Validation
PRJ3-00318,Gateway Education Center 318,Institutional,Mountain,CO,Public,Unit Price,Design-Build,Very High,Low,Standard,2021-10-16,2022-10-19,2022,234872300,921,0.4,0.3548,1.0644,0.8883,-0.024,42,1.0294,27,20,0.908,0.9726,129,5.492,13.456,0.1213,0.3821,0.1224,0.2473,0.0681,0.1888,0.068,0.0303,45.073,0.4805,7.364,0.2728,0.3833,0.4578,7,0.0444,17,0,0,0,0.9575,0.9819,Complete,2024-05-11,245295600,Train
PRJ3-00319,Horizon Distribution Hub 319,Industrial,Southeast,VA,Private,Guaranteed Maximum Price,Design-Bid-Build,High,Low,Slow,2023-06-08,2024-06-28,2024,183349500,815,0.474,0.4408,0.808,0.8892,0.0993,27,0.7955,34,22,0.87,0.9512,103,5.618,13.273,0.08,0.5153,0.1334,0.23,0.0545,0.2324,0.0279,0.0341,28.341,0.3006,12.658,0.3235,0.2965,0.454,6,0.1797,48,1,1,1,0.8477,0.9444,Complete,2025-10-18,216302700,Validation
PRJ3-00320,Northstar Water Program 320,Heavy Civil,Southwest,TX,Private,Lump Sum,CMAR,Moderate,Moderate,Standard,2020-11-15,2021-10-29,2021,226053400,940,0.371,0.3798,0.9729,1.0133,0.0305,-8,0.9048,22,0,0.669,0.9678,107,4.733,12.934,0.1244,0.496,0.1276,0.0503,0.0035,0.0689,0.0355,0.0121,15.694,0.162,0.947,0.03,0.1997,0.2697,3,-0.0082,36,0,1,1,1.0083,0.9631,Complete,2023-07-19,224198600,Train
PRJ3-00321,Redwood Marketplace 321,Commercial,West,CA,Public,Guaranteed Maximum Price,Design-Bid-Build,Very High,High,Standard,2022-06-20,2023-08-30,2023,139754600,787,0.555,0.5117,0.9096,0.9406,0.0603,34,0.9119,19,0,1.118,0.9411,71,5.08,6.559,0.3126,0.2259,0.0587,0.1674,0.0366,0.1762,0.0464,0.0233,19.113,0.1527,7.232,0.3653,0.2357,0.3959,3,0.1011,10,1,0,1,0.9082,0.9875,Complete,2024-08-25,153881000,Train
PRJ3-00322,Pioneer Distribution Hub 322,Industrial,West,OR,Private,Unit Price,Design-Bid-Build,Moderate,Moderate,Slow,2020-10-06,2022-06-14,2022,121235100,1080,0.571,0.5527,0.9256,0.954,0.0421,20,0.8864,21,5,0.652,0.9835,48,3.959,6.94,0.3842,0.3472,0.1163,0.0538,0.0252,0.2343,0.0495,0.0169,35.799,0.4676,7.237,0.2462,0.2996,0.3925,4,0.0672,4,0,0,0,0.937,0.9963,Complete,2023-09-25,129382700,Train
PRJ3-00323,Mesa Civic Complex 323,Institutional,Midwest,MN,Public,Unit Price,Design-Bid-Build,High,Low,Standard,2023-10-26,2024-12-05,2024,84260100,834,0.487,0.4436,0.8744,0.9143,0.0593,36,1.0358,28,19,0.853,0.9379,58,6.883,10.291,0.2675,0.2921,0.0752,0.2221,0.0656,0.1894,0.0601,0.0272,25.691,0.3297,0.08,0.3675,0.3098,0.3023,3,0.0812,24,0,0,0,0.9249,0.972,Complete,2026-03-02,91101400,Validation
PRJ3-00324,Harbor Marketplace 324,Commercial,Mountain,UT,Public,Unit Price,Design-Build,High,High,Standard,2018-10-15,2019-11-24,2019,63722400,978,0.415,0.4246,0.957,1.0293,0.0514,-9,1.0398,0,16,0.674,0.9543,41,6.434,9.156,0.283,0.3424,0.1319,0.1306,0.0311,0.2704,0.044,0.0345,16.598,0.0878,0.374,0.2359,0.2567,0.4025,3,0.05,21,0,0,0,0.9524,0.979,Complete,2021-07-10,66910100,Train
PRJ3-00325,Lakeview Public Works Program 325,Infrastructure,Midwest,MN,Public,Guaranteed Maximum Price,Design-Build,High,Moderate,Slow,2022-05-12,2024-02-14,2024,192349900,1249,0.515,0.4644,1.0047,0.9008,0.0142,63,0.9642,5,14,0.954,0.9502,104,5.407,17.243,0.08,0.6353,0.1099,0.092,0.0297,0.1671,0.0825,0.0463,40.536,0.3901,5.923,0.5642,0.4641,0.4371,8,0.1163,77,1,1,1,0.8958,0.9419,Complete,2025-12-28,214727500,Validation
PRJ3-00326,Granite Medical Center 326,Institutional,Northeast,PA,Public,Lump Sum,Design-Build,High,High,Slow,2019-03-10,2020-02-18,2020,100258400,755,0.458,0.4146,0.955,0.9504,0.0245,33,0.9633,10,20,0.456,0.9387,37,3.69,6.391,0.4402,0.2324,0.0696,0.0429,0.0129,0.2251,0.0574,0.02,15.793,0.2342,5.91,0.2708,0.1122,0.3665,2,0.1055,-6,1,0,1,0.9046,1.008,Complete,2021-03-28,110834300,Train
PRJ3-00327,Redwood Research Facility 327,Institutional,West,OR,Private,Lump Sum,IPD,High,Low,Fast,2024-04-06,2025-01-08,2025,175898500,762,0.364,0.343,0.891,0.9611,0.0208,16,1.0066,9,2,0,0.9582,81,4.605,7.962,0.2343,0.2453,0.0738,0.0694,0.023,0.2572,0.0589,0.0209,14.641,0.1348,3.504,0.3688,0.1336,0.2747,2,0.1645,15,1,0,1,0.8587,0.9807,Complete,2026-05-23,204832000,Test
PRJ3-00328,Riverside Civic Complex 328,Institutional,West,WA,Public,Guaranteed Maximum Price,Design-Build,Low,Moderate,Slow,2022-06-04,2023-08-30,2023,128117400,861,0.525,0.5446,0.9833,1.0338,0.0204,-17,0.9268,7,2,0.312,0.9776,56,4.371,9.528,0.2681,0.3301,0.0522,0.0437,0.0267,0.02,0.0025,0.0031,37.274,0.3817,9.686,0.397,0.2533,0.3322,4,0.0724,26,0,0,0,0.9325,0.9707,Complete,2024-11-07,137393600,Train
PRJ3-00329,Gateway Marketplace 329,Commercial,West,WA,Private,Guaranteed Maximum Price,Design-Bid-Build,Low,High,Standard,2022-03-21,2022-09-04,2022,81072200,448,0.374,0.3394,1.0221,0.9332,-0.0124,15,1.001,15,1,0.418,0.9778,43,5.304,6.317,0.4942,0.2072,0.0606,0.0359,0.0101,0.02,0.0299,0.0032,12.903,0.1333,0,0.0338,0.1512,0.1797,1,-0.0304,32,0,1,1,1.0314,0.9333,Complete,2023-07-14,78607100,Train
PRJ3-00330,Gateway Civic Complex 330,Institutional,Midwest,MI,Private,Guaranteed Maximum Price,Design-Bid-Build,High,Moderate,Fast,2018-09-03,2020-01-17,2020,60503600,895,0.56,0.4783,0.9719,0.8495,0.0044,73,1.0216,31,23,0.706,0.9647,32,5.289,6.177,0.2786,0.244,0.0702,0.2188,0.0583,0.2175,0.0377,0.0239,26.798,0.3339,6.633,0.3334,0.3353,0.3287,3,0.1306,57,1,1,1,0.8845,0.9401,Complete,2021-04-12,68404000,Train
PRJ3-00331,Mesa Neighborhood 331,Residential,Midwest,MN,Private,Guaranteed Maximum Price,Design-Build,Moderate,Moderate,Standard,2020-09-07,2021-08-01,2021,30557200,608,0.541,0.4862,0.9942,0.879,0.0011,33,0.9441,8,11,0.573,0.9805,8,2.618,6.966,0.2973,0.1878,0.0696,0.1628,0.0197,0.1848,0.0331,0,16.533,0.1526,4.674,0.1028,0.326,0.2912,2,-0.0045,21,0,0,0,1.0045,0.9666,Complete,2022-05-29,30419300,Train
PRJ3-00332,Granite Apartments 332,Residential,West,NV,Private,Cost Plus,Design-Build,Very High,Low,Slow,2018-02-17,2019-01-05,2019,58551200,801,0.403,0.3387,0.9614,0.8261,0.0034,52,0.9758,24,9,0.869,0.9472,39,6.661,9.091,0.3839,0.3286,0.1288,0.1784,0.0439,0.1526,0.0694,0.0196,25.934,0.3639,2.34,0.332,0.3214,0.5189,3,0.103,73,1,1,1,0.9067,0.9165,Complete,2020-07-10,64579400,Train
PRJ3-00333,Gateway Airport Improvements 333,Infrastructure,West,WA,Private,Cost Plus,CMAR,High,Moderate,Standard,2023-02-25,2024-07-20,2024,180424900,1019,0.502,0.4606,0.9318,0.9018,0.0247,42,1.068,16,15,0.365,0.9604,95,5.265,12.728,0.08,0.49,0.143,0.0857,0.0067,0.0987,0.0268,0.0232,30.838,0.2315,3.506,0.2218,0.3214,0.3715,5,0.101,51,1,1,1,0.9082,0.9523,Complete,2026-01-30,198652200,Validation
PRJ3-00334,Lakeview Residences 334,Residential,West,OR,Private,Unit Price,Design-Build,Moderate,Low,Slow,2022-09-18,2023-01-31,2023,40114100,280,0.485,0.4904,0.9101,0.9831,0.0633,-2,0.9176,7,12,0.503,0.9327,20,4.986,8.126,0.3088,0.1594,0.0599,0.1395,0.0392,0.2295,0.0484,0,29.308,0.4063,4.54,0.3279,0.3165,0.3656,2,0.0584,18,0,0,0,0.9448,0.9396,Complete,2023-07-13,42457300,Train
PRJ3-00335,Canyon Airport Improvements 335,Infrastructure,West,OR,Private,Unit Price,Design-Build,Moderate,Moderate,Slow,2023-10-25,2025-08-08,2025,162553500,1244,0.525,0.5412,0.9001,0.9792,0.0519,-20,0.9293,29,0,0.435,0.9572,72,4.429,14.352,0.08,0.5484,0.1308,0.1224,0.0334,0.1051,0.0094,0.025,17.152,0.2178,2.793,0.23,0.2279,0.3174,4,0.0881,11,0,0,0,0.9191,0.9912,Complete,2027-04-02,176870900,Test
PRJ3-00336,Aspen Highway Improvements 336,Heavy Civil,Midwest,IL,Private,Guaranteed Maximum Price,Design-Build,High,High,Slow,2021-09-14,2023-06-16,2023,312407000,1071,0.598,0.5202,0.9524,0.8855,0.0145,83,0.907,4,26,0.948,0.9818,176,5.634,12.312,0.08,0.3693,0.0904,0.1917,0.0362,0.1598,0.0208,0.011,10.133,0.1472,5.255,0.342,0.2101,0.4125,3,0.1088,28,1,0,1,0.9019,0.9745,Complete,2024-09-17,346400000,Train
PRJ3-00337,Gateway Housing 337,Residential,West,WA,Private,Cost Plus,Design-Bid-Build,Moderate,Moderate,Fast,2018-03-24,2019-03-21,2019,34697400,632,0.574,0.5963,1.0367,1.0089,-0.0103,-14,0.9658,30,1,0.474,0.9896,19,5.476,4.237,0.448,0.1448,0.0536,0.0927,0.0196,0.1077,0.0292,0,5,0.2177,2.991,0.2464,0.0973,0.4306,1,0.0196,-25,0,0,0,0.9808,1.0412,Complete,2019-11-21,35377200,Train
PRJ3-00338,Mesa Retail Center 338,Commercial,Mountain,CO,Public,Guaranteed Maximum Price,Design-Build,High,Moderate,Slow,2021-07-24,2022-04-25,2022,61906000,689,0.4,0.3782,0.9124,0.9742,0.0327,15,0.9135,43,22,0.471,0.972,38,6.138,12.92,0.08,0.5537,0.1218,0.1894,0.0522,0.2319,0.0465,0.0324,20.08,0.2015,4.958,0.3672,0.3192,0.404,5,0.1766,46,1,1,1,0.8499,0.9374,Complete,2023-07-29,72835800,Train
PRJ3-00339,Riverside Civic Complex 339,Institutional,Southeast,FL,Private,Lump Sum,Design-Bid-Build,High,Low,Standard,2021-06-14,2022-05-03,2022,89512500,806,0.401,0.3684,0.7974,0.9314,0.0979,26,0.919,15,15,0.626,0.9449,55,6.144,12.399,0.08,0.3786,0.1076,0.2272,0.059,0.1249,0.0317,0.0262,20.655,0.2068,3.523,0.4236,0.2493,0.3506,4,0.1664,74,1,1,1,0.8574,0.9159,Complete,2023-11-11,104405600,Train
PRJ3-00340,Evergreen Process Plant 340,Industrial,Southwest,NM,Private,Unit Price,Design-Bid-Build,High,High,Standard,2023-12-04,2025-02-16,2025,161091000,742,0.594,0.5007,0.7752,0.8558,0.1432,69,0.9569,23,10,0.317,0.9558,100,6.208,3.162,0.6735,0.1266,0.0536,0.0559,0.0431,0.1815,0.0273,0.0345,21.815,0.3291,5.571,0.5474,0.1354,0.398,3,0.097,3,0,0,0,0.9115,0.996,Complete,2025-12-18,176723600,Test
PRJ3-00341,Cedar Research Facility 341,Institutional,West,NV,Private,Cost Plus,Design-Bid-Build,Moderate,Moderate,Fast,2024-04-15,2025-06-21,2025,188627200,757,0.571,0.5289,0.9853,0.8809,0.0069,32,0.9983,2,4,0.328,0.9775,78,4.135,8.198,0.3661,0.19,0.047,0.0784,0,0.1909,0.0405,0,12.791,0.1176,1.796,0.2153,0.2332,0.3915,1,0.039,5,0,0,0,0.9624,0.9934,Complete,2026-05-17,195988400,Test
PRJ3-00342,Lakeview Civic Complex 342,Institutional,Southwest,NM,Public,Guaranteed Maximum Price,CMAR,High,Low,Standard,2019-01-08,2019-09-09,2019,47723100,577,0.424,0.3693,0.9613,0.9135,0.0132,32,0.8524,25,9,0.376,0.9452,32,6.705,9.043,0.3364,0.2799,0.1092,0.1496,0.027,0.2935,0.0404,0.0285,30.201,0.335,2.061,0.3318,0.2689,0.3605,4,0.0678,-9,0,0,0,0.9365,1.0158,Complete,2020-07-29,50959200,Train
PRJ3-00343,Granite Transit Program 343,Infrastructure,Southeast,TN,Private,Unit Price,Design-Bid-Build,Low,High,Slow,2023-02-09,2024-08-20,2024,217954300,1214,0.46,0.5009,0.8786,1.0618,0.072,-50,0.9522,10,3,0.495,0.9534,91,4.175,11.427,0.2211,0.4164,0.095,0,0.0095,0.0816,0.0368,0.0411,25.567,0.2772,5.654,0.3425,0.2439,0.4129,5,0.1593,24,1,0,1,0.8626,0.9806,Complete,2026-07-01,252679200,Validation
PRJ3-00344,Copper Apartments 344,Residential,West,OR,Public,Lump Sum,Design-Build,High,High,Slow,2018-05-16,2019-03-19,2019,39319500,687,0.448,0.4523,0.9418,0.9534,0.0113,-3,0.9745,19,3,0.753,0.9629,17,4.324,7.93,0.3705,0.279,0.0979,0.161,0.071,0.2305,0.0356,0.0224,31.216,0.3307,3.592,0.2895,0.2723,0.4029,3,0.08,-18,0,0,0,0.926,1.0269,Complete,2020-03-15,42463200,Train
PRJ3-00345,Evergreen Transit Program 345,Infrastructure,Northeast,NY,Private,Lump Sum,IPD,High,Moderate,Standard,2023-09-12,2025-09-05,2025,416533900,1336,0.542,0.4935,0.9074,0.94,0.0511,65,1.0477,4,11,0.466,0.9709,217,5.21,9.418,0.2927,0.2753,0.0857,0.0388,0.0302,0.134,0.0213,0.0162,27.816,0.288,1.485,0.3832,0.1446,0.3281,3,0.0817,-15,0,0,0,0.9245,1.0114,Complete,2027-04-25,450570600,Test
PRJ3-00346,Lakeview Earthworks Package 346,Heavy Civil,West,WA,Private,Lump Sum,CMAR,Low,Moderate,Standard,2022-03-22,2024-01-02,2024,176221300,1096,0.594,0.5566,0.9331,0.9383,0.0295,41,1.021,7,0,0.461,0.9801,69,3.916,8.109,0.3977,0.3509,0.0957,0.054,0.034,0.1347,0.037,0,8.953,0.0705,5.485,0.1943,0.1253,0.3824,2,-0.0223,-25,0,0,0,1.0229,1.0233,Complete,2025-02-25,172283600,Validation
PRJ3-00347,Horizon Urban Village 347,Mixed-Use,Southwest,TX,Public,Guaranteed Maximum Price,Design-Build,High,Moderate,Standard,2018-11-09,2020-02-25,2020,341458300,1107,0.428,0.4444,0.8464,1.0204,0.0742,-18,1.0154,53,5,0.802,0.9853,188,5.506,8.815,0.2409,0.3225,0.1411,0.1606,0.0273,0.2431,0.036,0.0058,25.645,0.3563,6.797,0.2348,0.2471,0.2512,3,0.0989,29,0,0,0,0.91,0.9745,Complete,2021-12-19,375233200,Train
PRJ3-00348,Northstar Residences 348,Residential,West,CA,Public,Guaranteed Maximum Price,IPD,High,High,Standard,2024-09-06,2025-06-09,2025,33994400,670,0.412,0.429,0.9719,1.0737,-0.0017,-11,0.9794,7,10,0.761,0.97,4,1.177,9.432,0.192,0.3465,0.0854,0.11,0.055,0.1701,0.0504,0.0015,27.924,0.3594,0.55,0.3491,0.3162,0.269,2,0.0505,20,0,0,0,0.952,0.971,Complete,2026-07-28,35710100,Test
PRJ3-00349,Harbor Corporate Center 349,Commercial,Northeast,NJ,Public,Guaranteed Maximum Price,CMAR,Moderate,Low,Slow,2022-05-14,2023-04-24,2023,94950200,656,0.527,0.4919,0.8866,0.8717,0.0724,23,0.8157,3,19,0.549,0.954,51,5.371,16.03,0.08,0.518,0.0927,0.0987,0.0148,0.1169,0.0123,0.0296,44.31,0.4446,2.242,0.3859,0.3419,0.3617,7,0.039,36,0,1,1,0.9624,0.948,Complete,2024-04-05,98657000,Train
PRJ3-00350,Crescent Distribution Hub 350,Industrial,Southwest,TX,Public,Unit Price,Design-Build,Moderate,Moderate,Fast,2020-02-16,2021-11-16,2021,101612700,1073,0.596,0.579,0.9043,0.9726,0.0697,18,1.0356,16,8,0.531,0.9866,38,3.74,6.645,0.5425,0.2356,0.0563,0.0006,0.0556,0.0821,0,0.0239,5.142,0.1268,3.869,0.289,0.1127,0.3253,2,0.0874,-11,0,0,0,0.9196,1.0104,Complete,2023-01-13,110494800,Train
PRJ3-00351,Granite Office Campus 351,Commercial,Northeast,CT,Public,Guaranteed Maximum Price,Design-Bid-Build,Low,High,Slow,2022-06-15,2023-07-28,2023,22452200,770,0.531,0.5607,1.0103,1.0854,0.0051,-23,1.0199,16,9,0.388,0.9805,18,8.017,2.538,0.6681,0.1541,0.0432,0.0773,0.0007,0.02,0.0298,0.029,6.269,0.1582,6.011,0.2239,0.1107,0.2592,2,0.0676,-15,0,0,0,0.9366,1.0199,Complete,2024-07-09,23971100,Train
PRJ3-00352,Northstar Neighborhood 352,Residential,Northeast,NJ,Private,Guaranteed Maximum Price,CMAR,Moderate,Low,Standard,2022-09-30,2023-06-03,2023,92093200,520,0.474,0.4201,0.9748,0.908,-0.0013,28,0.9826,26,17,0.698,0.9623,53,5.755,8.267,0.3066,0.3022,0.0738,0.1574,0.0256,0.0536,0,0.0347,19.466,0.2132,2.282,0.3096,0.1766,0.3752,3,0.0223,12,0,0,0,0.9782,0.9774,Complete,2024-03-15,94149000,Train
PRJ3-00353,Lakeview Bridge Program 353,Heavy Civil,Southwest,NM,Private,Cost Plus,Design-Bid-Build,Moderate,High,Standard,2023-02-16,2024-11-23,2024,244981300,1203,0.537,0.5591,0.9361,0.9786,0.0402,-27,0.973,11,13,0.867,0.9575,114,4.653,7.708,0.3954,0.3674,0.0915,0.0561,0.0305,0.02,0.0285,0.002,9.757,0.0961,3.55,0.1774,0.1413,0.3212,2,0.0675,-11,0,0,0,0.9367,1.0092,Complete,2026-05-23,261525900,Validation
PRJ3-00354,Liberty Distribution Hub 354,Industrial,West,CA,Private,Lump Sum,Design-Bid-Build,Moderate,Low,Fast,2023-11-16,2024-11-16,2024,169555900,755,0.485,0.3981,0.9551,0.8847,0.0155,66,0.9898,15,0,0.671,0.9421,96,5.662,10.91,0.08,0.3619,0.1125,0.0805,0.0421,0.1985,0.0259,0.0181,17.829,0.181,2.147,0.3207,0.1631,0.2184,3,-0.0493,25,0,0,0,1.0519,0.9679,Complete,2026-01-04,161192200,Validation
PRJ3-00355,Lakeview Marketplace 355,Commercial,Southwest,NM,Private,Cost Plus,IPD,Very High,High,Standard,2019-02-10,2019-11-10,2019,66147600,752,0.364,0.3616,1.0377,1.0418,-0.021,2,0.969,20,9,0.508,0.9767,50,7.559,8.292,0.2785,0.3183,0.1213,0.2256,0.0546,0.2889,0.0644,0.0262,20.268,0.3117,4.369,0.4103,0.1828,0.4653,3,0.0347,0,0,0,0,0.9665,1.0,Complete,2021-03-03,68441600,Train
PRJ3-00356,Horizon Corporate Center 356,Commercial,Midwest,MN,Public,Lump Sum,CMAR,Very High,Moderate,Fast,2020-03-15,2020-11-04,2020,70100100,618,0.379,0.3306,0.8899,0.91,0.05,30,0.9843,30,19,0.409,0.9651,34,4.85,12.596,0.08,0.4935,0.1462,0.2156,0.0816,0.2202,0.0332,0.0343,5,0.0416,8.586,0.3927,0.1742,0.3621,5,0.2245,-13,1,0,1,0.8167,1.0215,Complete,2021-11-10,85834300,Train
PRJ3-00357,Copper Medical Center 357,Institutional,Midwest,MN,Private,Guaranteed Maximum Price,Design-Build,Moderate,Moderate,Slow,2018-02-04,2019-03-27,2019,147735400,698,0.597,0.5259,1.0516,0.9476,-0.0053,50,1.0467,17,19,0.884,0.9706,62,4.197,9.901,0.3104,0.3073,0.0508,0.1656,0.0591,0.286,0.0235,0.0453,15.17,0.2904,3.289,0.2964,0.1727,0.3643,4,0.0005,3,0,0,0,0.9995,0.9957,Complete,2020-01-06,147807700,Train
PRJ3-00358,Canyon Distribution Hub 358,Industrial,Midwest,IL,Private,Unit Price,Design-Bid-Build,Moderate,Low,Standard,2021-08-13,2022-07-10,2022,92541700,928,0.357,0.3347,0.956,0.9022,-0.0037,21,0.9764,54,11,0.786,0.9478,48,5.187,12.103,0.0955,0.4769,0.1224,0.1146,0.0496,0.2457,0,0.0029,11.436,0.1223,1.412,0.2024,0.188,0.3852,3,0.0991,45,0,1,1,0.9098,0.9538,Complete,2024-04-12,101711400,Train
PRJ3-00359,Mesa Logistics Center 359,Industrial,Southwest,NM,Public,Cost Plus,IPD,High,Moderate,Slow,2024-04-01,2025-07-23,2025,178176600,841,0.569,0.5032,0.8607,0.9319,0.0885,55,0.9089,18,13,0.789,0.9547,113,6.342,9.242,0.1831,0.2899,0.0933,0.1327,0.0549,0.1233,0.0278,0.0412,25.965,0.3361,7.715,0.4654,0.2227,0.3871,4,0.0895,25,0,0,0,0.9178,0.9711,Complete,2026-08-15,194131900,Test
PRJ3-00360,Granite Town Center 360,Mixed-Use,West,NV,Private,Guaranteed Maximum Price,Design-Bid-Build,High,Low,Standard,2019-07-21,2020-09-28,2020,246417100,938,0.464,0.4319,0.842,0.9279,0.0947,30,0.9105,33,5,0.33,0.9481,130,5.276,10.875,0.08,0.4597,0.1212,0.1342,0.0566,0.2007,0.0416,0.0304,12.356,0.2312,5.309,0.378,0.2041,0.322,4,0.1252,-6,1,0,1,0.8888,1.0064,Complete,2022-02-07,277262300,Train
PRJ3-00361,Canyon District 361,Mixed-Use,West,NV,Public,Cost Plus,IPD,Moderate,High,Fast,2022-07-12,2023-07-18,2023,442918800,1039,0.358,0.3534,0.9173,1.0444,0.0402,5,1.0496,8,0,0.718,0.9888,176,3.974,5.167,0.4721,0.1595,0.0505,0.1103,0.0361,0.0834,0.0618,0,20.613,0.2654,3.09,0.3975,0.2291,0.2561,1,0.1023,3,1,0,1,0.9072,0.9971,Complete,2025-05-19,488209500,Train
PRJ3-00362,Crescent Earthworks Package 362,Heavy Civil,Midwest,IL,Private,Guaranteed Maximum Price,Design-Bid-Build,Low,High,Fast,2019-03-18,2020-03-26,2020,129789700,869,0.431,0.4688,1.0704,1.0568,-0.0412,-33,1.043,0,12,0.277,0.9759,51,3.929,4.64,0.4194,0.1558,0,0.0387,0,0.0584,0.0187,0,14.074,0.1632,0.587,0.157,0.1292,0.3876,1,-0.0406,1,0,0,0,1.0423,0.9989,Complete,2021-08-04,124521600,Train
PRJ3-00363,Aspen Housing 363,Residential,West,WA,Private,Lump Sum,IPD,High,Moderate,Standard,2020-10-09,2021-08-03,2021,30308600,802,0.372,0.3508,0.9131,0.9641,0.0173,17,0.9612,15,15,0.658,0.9684,24,7.919,2.525,0.5901,0.173,0.0863,0.1951,0.0639,0.2223,0.0421,0.0343,32.675,0.4158,10.125,0.3071,0.3584,0.3209,5,0.0629,31,0,1,1,0.9408,0.9628,Complete,2023-01-20,32214800,Train
PRJ3-00364,Cedar Education Center 364,Institutional,Southwest,TX,Private,Unit Price,Design-Bid-Build,Moderate,Moderate,Fast,2022-06-03,2023-04-04,2023,167309900,682,0.448,0.4502,0.9653,1.0513,0.022,-1,0.9493,2,15,0.719,0.9718,76,4.542,5.107,0.5558,0.2802,0.0885,0.2741,0.0578,0.0614,0.0169,0.0209,14.295,0.269,4.429,0.1274,0.2505,0.3871,2,0.0607,12,0,0,0,0.9428,0.9827,Complete,2024-04-27,177466000,Train
PRJ3-00365,Liberty Transit-Oriented Development 365,Mixed-Use,Mountain,ID,Private,Unit Price,CMAR,Moderate,Low,Slow,2024-01-18,2024-12-30,2024,199581900,892,0.39,0.3601,0.922,0.934,0.025,27,0.8582,3,24,1.046,0.946,114,5.712,10.351,0.2109,0.3844,0.0698,0.1865,0.0334,0.164,0.0418,0.0424,12.263,0.2299,4.639,0.2619,0.2362,0.3328,4,0.1643,-25,1,0,1,0.8589,1.0288,Complete,2026-06-03,232372700,Validation
PRJ3-00366,Cedar Medical Center 366,Institutional,West,OR,Private,Unit Price,IPD,Very High,Moderate,Slow,2020-12-08,2021-12-06,2021,116211200,830,0.438,0.3928,0.8902,0.9402,0.0691,37,1.0018,26,16,1.11,0.9621,61,5.249,10.822,0.1324,0.4751,0.0937,0.1549,0.0614,0.2572,0.0398,0.0213,25.469,0.3301,8.708,0.2692,0.3282,0.5686,5,0.1484,34,1,1,1,0.8708,0.9606,Complete,2023-04-21,133452000,Train
PRJ3-00367,Gateway Residences 367,Residential,Northeast,PA,Public,Guaranteed Maximum Price,Design-Build,Moderate,Low,Standard,2021-01-13,2022-01-16,2022,48477100,626,0.588,0.6344,0.9694,1.0384,0.0529,-29,0.9512,20,13,0.569,0.9663,17,3.507,10.077,0.1764,0.3471,0.0854,0.1243,0.0337,0.0646,0.0426,0.0103,23.314,0.1842,1.057,0.2629,0.2191,0.4375,3,0.112,-12,1,0,1,0.8993,1.0195,Complete,2022-09-19,53908000,Train
PRJ3-00368,Lakeview Earthworks Package 368,Heavy Civil,West,WA,Private,Lump Sum,IPD,High,Moderate,Standard,2020-07-17,2021-10-09,2021,164662800,1117,0.402,0.3403,0.9378,0.8245,0.0223,69,1.0556,10,6,0.541,0.9594,77,4.676,9.006,0.3447,0.23,0.081,0.0333,0.0408,0.1784,0.0634,0.0178,26.154,0.2567,3.08,0.1407,0.2199,0.3626,3,0.1216,45,1,1,1,0.8916,0.9613,Complete,2023-09-22,184678000,Train
PRJ3-00369,Granite Earthworks Package 369,Heavy Civil,Northeast,PA,Private,Guaranteed Maximum Price,CMAR,Very High,Moderate,Fast,2022-04-18,2024-04-23,2024,214316500,1275,0.578,0.57,0.9203,0.9829,0.0353,10,1.0165,40,29,1.083,0.9678,135,6.299,9.916,0.08,0.3713,0.0895,0.2169,0.0683,0.1782,0.0463,0.0445,23.796,0.3374,11.284,0.4042,0.2936,0.3609,5,0.1687,32,1,1,1,0.8557,0.9755,Complete,2025-11-15,250471400,Validation
PRJ3-00370,Harbor Housing 370,Residential,Mountain,UT,Public,Guaranteed Maximum Price,CMAR,High,Low,Standard,2023-03-03,2023-11-23,2023,16690600,673,0.395,0.3705,0.8591,0.9955,0.0781,16,0.976,28,18,0.843,0.955,6,3.595,8.293,0.3338,0.307,0.0726,0.1503,0.065,0.2188,0.0271,0.016,25.77,0.3322,5.765,0.3384,0.2809,0.1605,3,0.1217,14,1,0,1,0.8915,0.9796,Complete,2025-01-18,18721100,Train
PRJ3-00371,Mesa Office Campus 371,Commercial,Southeast,VA,Private,Guaranteed Maximum Price,Design-Bid-Build,Moderate,Low,Slow,2024-04-03,2025-01-23,2025,97666100,624,0.474,0.4039,0.954,0.8813,0.0165,44,0.9667,25,17,0.442,0.9451,46,4.71,9.968,0.08,0.3379,0.0636,0.1978,0.092,0.124,0.0377,0.0478,16.119,0.2567,6.934,0.2727,0.277,0.4993,4,0.0421,67,0,1,1,0.9596,0.903,Complete,2026-02-23,101777400,Test
PRJ3-00372,Riverside Highway Improvements 372,Heavy Civil,Midwest,MI,Public,Lump Sum,Design-Bid-Build,High,Low,Standard,2021-02-13,2023-02-14,2023,226091500,1431,0.511,0.4455,0.7648,0.8441,0.1275,94,0.8873,36,4,0.723,0.9366,137,6.059,11.918,0.08,0.4312,0.098,0.148,0.0458,0.1694,0.0383,0.0224,29.27,0.2332,4.06,0.3345,0.2685,0.3968,4,0.2041,38,1,1,1,0.8305,0.9741,Complete,2025-02-21,272240500,Train
PRJ3-00373,Mesa Water Program 373,Heavy Civil,Midwest,OH,Private,Unit Price,CMAR,High,Low,Standard,2022-06-12,2023-07-05,2023,180464700,926,0.42,0.3542,0.8837,0.8344,0.047,61,0.981,22,12,0.226,0.9526,94,5.209,11.83,0.0876,0.459,0.1018,0.1962,0.033,0.2598,0.035,0.0291,16.42,0.2388,3.987,0.4636,0.2608,0.3954,4,0.1715,55,1,1,1,0.8536,0.9439,Complete,2025-02-17,211413600,Train
PRJ3-00374,Copper Education Center 374,Institutional,Southeast,GA,Private,Cost Plus,Design-Build,Very High,Moderate,Slow,2019-03-04,2020-04-09,2020,161816500,971,0.415,0.3502,0.8095,0.8322,0.0777,63,0.9519,28,19,0.63,0.9564,105,6.489,9.543,0.3395,0.3356,0.0942,0.1535,0.0392,0.2934,0.0641,0.0478,31.137,0.3893,2.739,0.6426,0.2871,0.5509,5,0.1888,41,1,1,1,0.8412,0.9595,Complete,2021-12-10,192368500,Train
PRJ3-00375,Harbor District 375,Mixed-Use,Mountain,MT,Public,Cost Plus,IPD,Very High,High,Standard,2019-11-21,2021-02-08,2021,165071900,902,0.494,0.4501,0.888,0.9268,0.0557,40,0.9078,16,19,1.095,0.9679,97,5.876,5.552,0.5282,0.2047,0.0652,0.0917,0.037,0.3221,0.0264,0.0469,17.242,0.2452,4.757,0.3961,0.1856,0.4304,3,0.0942,13,0,0,0,0.9139,0.9858,Complete,2022-05-24,180627600,Train
PRJ3-00376,Pioneer Transit-Oriented Development 376,Mixed-Use,Northeast,NJ,Public,Guaranteed Maximum Price,Design-Bid-Build,Moderate,Low,Standard,2021-04-21,2022-06-28,2022,427310900,819,0.529,0.4505,0.9777,0.8276,0.0118,64,0.9744,37,20,0.84,0.9713,214,5.008,9.79,0.2026,0.4064,0.085,0.0375,0,0.1916,0.0302,0.0413,18.367,0.1876,1.024,0.318,0.1664,0.3994,3,0.0701,46,0,1,1,0.9345,0.9468,Complete,2023-09-03,457274400,Train
PRJ3-00377,Aspen Residences 377,Residential,West,NV,Public,Cost Plus,Design-Build,Moderate,Moderate,Standard,2021-03-09,2021-11-16,2021,17846400,469,0.538,0.4913,0.9732,0.9477,0.0351,22,0.9758,21,3,0.747,0.9615,8,4.483,6.681,0.4504,0.2107,0.0465,0.1096,0.0298,0.1566,0.0129,0.0351,11.678,0.1926,8.425,0.4397,0.0773,0.4412,3,0.0979,9,0,0,0,0.9108,0.9812,Complete,2022-06-30,19594300,Train
PRJ3-00378,Cedar Earthworks Package 378,Heavy Civil,Midwest,OH,Public,Unit Price,IPD,High,Moderate,Fast,2020-09-22,2022-08-02,2022,166954000,1158,0.587,0.587,0.8249,1.0291,0.1357,0,1.151,0,15,0.944,0.9521,100,5.99,5.916,0.3424,0.1968,0.0581,0.0778,0.0218,0.1358,0.0191,0.0142,14.604,0.1207,2.53,0.4873,0.1992,0.3295,2,0.1456,-13,1,0,1,0.8729,1.0114,Complete,2023-11-11,191263900,Train
PRJ3-00379,Copper Corporate Center 379,Commercial,Southeast,FL,Private,Guaranteed Maximum Price,CMAR,Low,Low,Standard,2022-08-22,2023-07-16,2023,40974100,573,0.573,0.6042,0.9756,1.0372,0.0074,-18,1.0197,16,14,0.45,0.9726,30,7.322,6.229,0.4262,0.2573,0.0755,0.1138,0.0245,0.0862,0.0163,0.0274,17.429,0.2328,9.254,0.1316,0.1319,0.3309,3,0.0712,1,0,0,0,0.9336,0.9983,Complete,2024-03-18,43889500,Train
PRJ3-00380,Redwood Neighborhood 380,Residential,West,WA,Private,Unit Price,Design-Bid-Build,Very High,Low,Slow,2023-02-19,2023-12-05,2023,24119400,562,0.516,0.4322,0.8701,0.8097,0.0825,47,0.8227,36,10,0.655,0.9458,20,8.292,12.273,0.1257,0.4533,0.1337,0.2086,0.0627,0.2122,0.0548,0.057,26.779,0.3538,7.496,0.368,0.2969,0.409,6,0.0983,45,0,1,1,0.9105,0.9259,Complete,2024-10-18,26491100,Train
PRJ3-00381,Harbor Water Program 381,Heavy Civil,Midwest,MN,Public-Private Partnership,Guaranteed Maximum Price,Design-Bid-Build,Moderate,Low,Slow,2017-09-17,2019-06-06,2019,178199400,1233,0.509,0.4194,0.8694,0.8683,0.0656,111,0.9234,0,10,0.639,0.9532,97,5.443,11.368,0.2925,0.3892,0.0922,0.1387,0.0197,0.1527,0.057,0.0281,19.815,0.3176,9.177,0.2518,0.2729,0.3473,4,0.0308,34,0,1,1,0.9702,0.9732,Complete,2021-03-07,183680000,Train
PRJ3-00382,Harbor Earthworks Package 382,Heavy Civil,Southwest,TX,Private,Lump Sum,Design-Bid-Build,High,Moderate,Standard,2021-06-01,2022-07-17,2022,117259100,1142,0.36,0.2965,0.8862,0.9327,0.0204,73,0.952,24,7,0.839,0.9606,67,5.714,8.417,0.1557,0.2905,0.0692,0.1568,0.0389,0.2401,0.0352,0.0253,20.768,0.2516,10.93,0.4058,0.2739,0.3595,4,0.1026,55,1,1,1,0.907,0.9541,Complete,2024-09-10,129286300,Train
PRJ3-00383,Lakeview Bridge Program 383,Heavy Civil,Midwest,OH,Public,Guaranteed Maximum Price,CMAR,Moderate,Moderate,Slow,2022-08-23,2023-11-22,2023,233691400,1024,0.446,0.4442,1.041,1.0131,-0.0157,2,0.976,8,24,0.884,0.9651,127,5.435,7.712,0.4611,0.2686,0.1005,0.0532,0.0103,0.067,0.0556,0.0448,23.869,0.1803,5.598,0.2453,0.1963,0.3148,4,0.0843,10,0,0,0,0.9222,0.9903,Complete,2025-06-22,253393000,Train
PRJ3-00384,Aspen Manufacturing Facility 384,Industrial,Midwest,MO,Public,Lump Sum,Design-Bid-Build,Low,Low,Standard,2019-06-12,2020-08-27,2020,286032100,892,0.496,0.4589,1.0414,0.9285,-0.0193,33,0.9332,13,7,0.423,0.9443,131,4.58,7.202,0.3547,0.1604,0.0308,0.1449,0.0575,0.0738,0.0188,0.0032,6.49,0.0522,2.951,0.3276,0.0759,0.3614,1,-0.0024,-19,0,0,0,1.0024,1.0218,Complete,2021-11-01,285359400,Train
PRJ3-00385,Liberty Retail Center 385,Commercial,Midwest,MI,Private,Unit Price,Design-Build,Very High,Low,Fast,2024-12-07,2025-12-11,2025,85489400,677,0.546,0.5486,0.9736,0.9844,0.0065,-2,0.8903,19,17,0.929,0.9839,45,5.264,9.725,0.2726,0.3737,0.0932,0.2378,0.0691,0.3388,0.0672,0.0302,13.567,0.168,4.791,0.2043,0.1971,0.3316,3,0.0747,-25,0,0,0,0.9305,1.0383,Complete,2026-09-20,91874000,Test
PRJ3-00386,Aspen Neighborhood 386,Residential,Southeast,FL,Public,Cost Plus,Design-Bid-Build,Moderate,Low,Standard,2024-12-21,2025-07-26,2025,76700800,559,0.389,0.3846,0.9328,0.9743,0.0203,2,1.0281,22,20,0.321,0.9476,38,4.954,9.212,0.2618,0.2308,0.0615,0.1453,0.0189,0.2222,0.0332,0.0004,14.452,0.2091,2.624,0.4576,0.1532,0.1939,1,0.0717,4,0,0,0,0.9331,0.9929,Complete,2026-07-07,82197900,Test
PRJ3-00387,Gateway Retail Center 387,Commercial,West,NV,Public-Private Partnership,Guaranteed Maximum Price,CMAR,High,Moderate,Fast,2018-12-24,2020-01-01,2020,34933200,681,0.548,0.4823,0.928,0.9175,-0.0056,45,0.9638,30,7,0.666,0.9709,30,8.588,5.009,0.4596,0.314,0.0758,0.098,0.0419,0.1459,0.0685,0.0091,5,0.0546,3.477,0.5151,0.106,0.3111,2,0.1166,-17,1,0,1,0.8956,1.0256,Complete,2020-10-18,39005200,Train
PRJ3-00388,Canyon Earthworks Package 388,Heavy Civil,Midwest,OH,Public-Private Partnership,Lump Sum,CMAR,Very High,Moderate,Fast,2022-08-20,2024-01-28,2024,40256300,1133,0.465,0.4786,0.9113,0.948,0.042,-15,0.8628,19,9,0.999,0.9535,19,4.72,4.383,0.5962,0.2308,0.1014,0.1314,0.0492,0.2634,0.0184,0.0264,13.726,0.0777,0.644,0.3713,0.1725,0.4524,2,0.135,21,1,0,1,0.881,0.9818,Complete,2025-10-17,45692500,Validation
PRJ3-00389,Pioneer Bridge Program 389,Heavy Civil,Southeast,TN,Private,Lump Sum,Design-Bid-Build,Very High,Low,Fast,2019-03-05,2020-03-23,2020,209966300,1057,0.364,0.3591,0.8538,0.9102,0.0765,5,0.8958,30,18,1.113,0.9379,142,6.763,8.518,0.2934,0.3085,0.0924,0.1715,0.0464,0.3224,0.1071,0.0294,34.076,0.2569,3.597,0.3844,0.2689,0.4625,4,0.1423,11,1,0,1,0.8754,0.9897,Complete,2022-02-05,239839900,Train
PRJ3-00390,Lakeview Manufacturing Facility 390,Industrial,Northeast,MA,Public,Lump Sum,Design-Build,Moderate,High,Fast,2018-04-03,2019-10-16,2019,141430900,941,0.597,0.6136,1.0624,0.9953,-0.0385,-16,1.031,31,20,0.522,0.952,77,5.444,8.341,0.2465,0.2385,0.0749,0.0681,0.0321,0.1651,0.0459,0,21.841,0.3034,6.345,0.1304,0.1155,0.367,2,0.1274,26,1,0,1,0.887,0.9731,Complete,2020-11-25,159452700,Train
PRJ3-00391,Crescent Apartments 391,Residential,Southwest,AZ,Private,Guaranteed Maximum Price,CMAR,Moderate,Low,Slow,2023-07-17,2024-02-02,2024,18455900,500,0.4,0.3927,0.9877,0.9146,0.0112,4,0.8892,11,13,0.301,0.9716,13,7.044,12.974,0.08,0.4883,0.0977,0.2107,0.0466,0.1368,0.0453,0.0263,33.878,0.4684,6.868,0.3564,0.3114,0.4272,6,0.0606,23,0,0,0,0.9428,0.956,Complete,2024-12-21,19575000,Validation
PRJ3-00392,Pioneer Urban Village 392,Mixed-Use,Northeast,PA,Private,Guaranteed Maximum Price,Design-Bid-Build,Moderate,Moderate,Standard,2019-03-12,2020-05-13,2020,178778500,1092,0.392,0.345,0.9506,0.9466,0.0073,51,1.0501,12,13,0.345,0.9568,72,4.027,7.767,0.2698,0.2429,0.0719,0,0.0355,0.02,0.0342,0.0148,21.831,0.1499,1.735,0.2024,0.188,0.3636,2,0.0966,1,0,0,0,0.9119,0.9991,Complete,2022-03-09,196048500,Train
PRJ3-00393,Crescent Research Facility 393,Institutional,Mountain,WY,Private,Guaranteed Maximum Price,CMAR,Very High,Moderate,Fast,2021-11-22,2022-12-19,2022,258631300,1111,0.353,0.3081,0.9499,0.8293,0.0299,50,0.9867,38,18,0.773,0.9676,159,6.148,10.616,0.1362,0.335,0.0943,0.2293,0.0527,0.1964,0.0258,0.0316,15.563,0.2914,0.461,0.4136,0.2009,0.4784,3,0.0978,30,0,1,1,0.9109,0.9737,Complete,2025-01-06,283915400,Train
PRJ3-00394,Liberty Urban Village 394,Mixed-Use,Midwest,MN,Public,Unit Price,Design-Build,High,Moderate,Slow,2019-01-09,2020-02-14,2020,393734000,969,0.414,0.3784,0.9622,0.9003,0.018,35,0.9983,26,12,0.715,0.9745,237,6.019,5.477,0.4111,0.088,0.0328,0.1686,0.0648,0.2205,0.0269,0.0191,19.71,0.3571,1.413,0.1866,0.1734,0.4161,2,0.092,-8,0,0,0,0.9157,1.0083,Complete,2021-08-27,429967800,Train
PRJ3-00395,Redwood Urban Village 395,Mixed-Use,West,NV,Public,Guaranteed Maximum Price,Design-Bid-Build,Moderate,Low,Fast,2018-11-06,2020-01-11,2020,99691000,801,0.539,0.54,0.952,0.9629,0.0317,-1,0.9256,15,13,0.633,0.9694,49,4.915,9.188,0.1362,0.2485,0.0594,0.1312,0.0339,0.1886,0.0332,0.002,6.828,0.1282,0,0.284,0.1489,0.3968,1,0.1353,28,1,0,1,0.8808,0.9662,Complete,2021-02-12,113181800,Train
PRJ3-00396,Riverside Airport Improvements 396,Infrastructure,Northeast,NY,Public,Lump Sum,IPD,Low,Moderate,Slow,2020-01-09,2021-03-19,2021,781543200,935,0.466,0.4446,0.9069,0.9879,0.0347,20,0.9983,20,7,0.33,0.9784,240,3.071,6.557,0.3126,0.2504,0.0157,0.1032,0.058,0.0904,0.0286,0.0446,24.684,0.2938,10.267,0.3383,0.2127,0.2497,4,0.1032,-1,1,0,1,0.9064,1.0011,Complete,2022-07-31,862218400,Train
PRJ3-00397,Harbor Apartments 397,Residential,Northeast,CT,Private,Cost Plus,Design-Bid-Build,Very High,High,Fast,2023-08-24,2024-06-26,2024,82897500,760,0.405,0.4395,1.0438,1.0259,-0.0139,-26,0.9613,12,20,0.562,0.9661,48,5.79,4.959,0.3989,0.1131,0.0499,0.1926,0.0496,0.1678,0.0395,0.0321,22.98,0.1935,0.447,0.3035,0.3148,0.5658,2,0.0077,11,0,0,0,0.9924,0.9857,Complete,2025-10-03,83534900,Validation
PRJ3-00398,Lakeview Earthworks Package 398,Heavy Civil,Southwest,TX,Public,Cost Plus,CMAR,Very High,Moderate,Standard,2022-11-19,2024-05-03,2024,126579800,1227,0.433,0.3662,0.8724,0.8623,0.0482,82,0.933,12,4,0.698,0.9439,75,5.925,12.529,0.1588,0.4108,0.1086,0.1678,0.0773,0.2501,0.051,0.0205,25.116,0.2574,5.157,0.2359,0.1864,0.3099,4,0.1275,52,1,1,1,0.8869,0.9593,Complete,2026-05-21,142717100,Validation
PRJ3-00399,Canyon Apartments 399,Residential,Southeast,GA,Private,Lump Sum,IPD,Moderate,Moderate,Fast,2024-09-22,2025-09-20,2025,43349600,644,0.564,0.5457,0.9533,1.0124,0.0321,12,1.0307,7,13,0.537,0.9662,7,1.615,4.224,0.4138,0.1911,0.0645,0.0168,0.0405,0.1388,0.0101,0.011,10.756,0.2159,2.991,0.2681,0.0755,0.1237,1,0.0329,-11,0,0,0,0.9682,1.0174,Complete,2026-06-17,44773700,Test
PRJ3-00400,Crescent Urban Village 400,Mixed-Use,Mountain,ID,Public,Unit Price,Design-Build,High,Low,Standard,2022-12-13,2024-06-11,2024,231673200,1063,0.514,0.5007,1.0175,0.9651,-0.0399,14,0.9922,21,17,0.857,0.9628,127,5.482,9.445,0.258,0.3733,0.1231,0.1795,0.0866,0.1372,0.0657,0.0404,26.072,0.3171,9.524,0.3344,0.2006,0.3916,5,0.0414,31,0,1,1,0.9603,0.9717,Complete,2025-12-11,241254000,Validation
PRJ3-00401,Horizon Bridge Program 401,Heavy Civil,Mountain,MT,Public,Unit Price,Design-Bid-Build,Very High,Low,Fast,2021-09-03,2022-11-18,2022,212322400,1114,0.396,0.3059,0.865,0.8014,0.0433,100,0.9539,0,18,0.73,0.9582,137,6.452,5.641,0.526,0.1642,0.0684,0.1572,0.062,0.321,0.0687,0.0085,11.166,0.1436,2.532,0.5465,0.1323,0.323,1,0.0948,-19,0,0,0,0.9134,1.0174,Complete,2024-09-02,232453600,Train
PRJ3-00402,Granite Highway Improvements 402,Heavy Civil,Mountain,CO,Private,Guaranteed Maximum Price,Design-Build,High,Low,Slow,2020-04-04,2021-12-03,2021,268427100,1116,0.545,0.5162,0.9064,0.9284,0.0463,32,0.8872,13,6,0.911,0.9505,162,6.035,10.27,0.2515,0.4133,0.1387,0.1939,0.0597,0.1749,0.0617,0.0626,25.192,0.3538,2.779,0.2311,0.2709,0.5138,5,0.2109,-8,1,0,1,0.8258,1.0072,Complete,2023-04-17,325050400,Train
PRJ3-00403,Copper Public Works Program 403,Infrastructure,Midwest,OH,Private,Lump Sum,IPD,Very High,Low,Fast,2021-01-21,2022-09-30,2022,208266000,1189,0.519,0.4198,0.9112,0.8026,0.053,118,0.968,6,21,0.487,0.9542,126,6.05,11.357,0.1297,0.4762,0.1509,0.1876,0.0445,0.2396,0.0265,0.0286,29.013,0.3584,6.143,0.3827,0.3514,0.3578,5,0.1046,28,1,0,1,0.9053,0.977,Complete,2024-05-22,230045300,Train
PRJ3-00404,Cedar Logistics Center 404,Industrial,West,NV,Public-Private Partnership,Unit Price,CMAR,High,High,Slow,2024-03-01,2025-06-28,2025,121734100,952,0.509,0.4807,0.8649,0.9689,0.0774,27,0.9534,33,9,0.841,0.9695,63,5.175,12.763,0.0878,0.5245,0.143,0.1637,0.0313,0.1541,0.0463,0.0459,38.439,0.4439,2.257,0.5206,0.3459,0.4906,6,0.1819,8,1,0,1,0.8461,0.9917,Complete,2026-10-17,143881900,Test
PRJ3-00405,Horizon Manufacturing Facility 405,Industrial,Mountain,UT,Private,Guaranteed Maximum Price,IPD,High,Low,Fast,2019-06-14,2020-12-12,2020,333343200,971,0.564,0.5432,0.9785,0.9786,0.0015,20,0.9541,0,15,0.672,0.9548,188,5.64,6.22,0.4428,0.1856,0.0661,0.2437,0.0738,0.2404,0.0329,0.0061,15.032,0.1809,0.241,0.4039,0.1975,0.3427,1,0.0224,26,0,0,0,0.9781,0.9739,Complete,2022-03-07,340820300,Train
PRJ3-00406,Cedar Neighborhood 406,Residential,West,NV,Public,Lump Sum,CMAR,High,High,Standard,2018-10-14,2019-10-19,2019,48871000,647,0.573,0.6238,1.0586,1.0596,-0.0255,-33,0.991,12,7,0.636,0.969,28,5.729,9.079,0.3318,0.3114,0.0872,0.1377,0.0403,0.1998,0.0287,0.0342,16.851,0.2343,2.291,0.2234,0.2055,0.3446,3,0.1083,-19,1,0,1,0.9023,1.0303,Complete,2020-07-03,54164700,Train
PRJ3-00407,Northstar District 407,Mixed-Use,Midwest,MN,Public-Private Partnership,Unit Price,CMAR,Low,Low,Standard,2018-03-08,2019-02-06,2019,199762800,764,0.439,0.4608,0.9196,1.037,0.0348,-17,0.9152,0,3,0.168,0.9354,114,5.707,10.001,0.2677,0.2427,0.0413,0.0851,0.0222,0.1077,0.0542,0.0128,9.414,0.1116,10.534,0.2845,0.1927,0.3114,3,0.0646,-16,0,0,0,0.9393,1.0214,Complete,2020-03-25,212665800,Train
PRJ3-00408,Copper Marketplace 408,Commercial,Mountain,UT,Private,Lump Sum,CMAR,High,High,Fast,2023-02-03,2024-04-02,2024,209801300,742,0.572,0.5687,1.0651,0.986,-0.0412,2,1.0227,8,9,0.764,0.9908,96,4.576,2,0.6464,0.0018,0,0.1343,0.0556,0.1472,0.0502,0.018,30.207,0.3145,1.641,0.3504,0.289,0.4263,2,0.0782,-19,0,0,0,0.9274,1.0263,Complete,2025-01-26,226218100,Validation
PRJ3-00409,Harbor Neighborhood 409,Residential,Southwest,AZ,Public,Guaranteed Maximum Price,Design-Bid-Build,Moderate,Moderate,Standard,2021-01-02,2021-08-19,2021,28841100,504,0.455,0.4616,0.9297,0.9738,0.0025,-3,1.0573,12,8,0.708,0.9787,9,3.121,6.33,0.5901,0.3618,0.0875,0.0374,0.0288,0.0882,0.0411,0.0286,18.924,0.2642,3.758,0.4347,0.1537,0.3297,3,0.0076,-11,0,0,0,0.9925,1.0223,Complete,2022-05-10,29060400,Train
PRJ3-00410,Aspen Education Center 410,Institutional,Midwest,OH,Public,Unit Price,IPD,Moderate,Moderate,Slow,2024-07-22,2025-09-22,2025,399973900,785,0.544,0.5291,0.9956,1.0016,0.0261,12,0.9484,30,4,0.654,0.9762,194,4.85,13.214,0.0914,0.5287,0.108,0.1305,0.0241,0.1342,0.035,0.0089,34.225,0.3739,0.634,0.1836,0.2646,0.4024,4,0.0769,21,0,0,0,0.9286,0.9739,Complete,2026-10-06,430720400,Test
PRJ3-00411,Cedar Utility Corridor 411,Infrastructure,Southeast,VA,Private,Guaranteed Maximum Price,CMAR,Moderate,Low,Standard,2020-08-16,2022-06-21,2022,134917100,1251,0.539,0.4096,0.9536,0.8061,0.0368,162,0.9003,6,8,0.816,0.9519,70,5.188,8.147,0.3165,0.297,0.0966,0.1699,0.0737,0.1488,0.0304,0.0318,29.796,0.2996,1.938,0.0812,0.316,0.2314,4,0.0718,44,0,1,1,0.933,0.966,Complete,2024-03-03,144598600,Train
PRJ3-00412,Copper Public Works Program 412,Infrastructure,West,NV,Public,Guaranteed Maximum Price,Design-Build,Very High,Moderate,Slow,2021-08-02,2023-10-21,2023,251305600,1373,0.59,0.561,0.9764,0.9219,0.0097,40,0.9139,54,17,1.332,0.9517,170,6.765,11.135,0.1495,0.5249,0.1374,0.1235,0.0322,0.2991,0.0668,0.0103,36.576,0.3004,1.297,0.3257,0.3392,0.6066,4,0.1097,31,1,1,1,0.9012,0.9779,Complete,2025-06-06,278870900,Train
PRJ3-00413,Lakeview Transit Program 413,Infrastructure,West,NV,Private,Guaranteed Maximum Price,CMAR,High,Low,Slow,2021-03-19,2022-12-17,2022,203078600,1171,0.545,0.447,0.8052,0.8033,0.0925,115,0.8774,19,6,0.878,0.9382,126,6.204,14.345,0.08,0.5053,0.1192,0.1626,0.0484,0.2869,0.0811,0.0167,36.261,0.538,6.297,0.4588,0.2732,0.5107,6,0.2517,44,1,1,1,0.7989,0.9638,Complete,2024-07-16,254193600,Train
PRJ3-00414,Liberty Apartments 414,Residential,Midwest,MN,Private,Cost Plus,Design-Build,High,High,Slow,2022-08-31,2023-06-03,2023,42990600,468,0.59,0.5058,0.967,0.8592,0.0223,39,0.8957,12,17,0.777,0.9576,23,5.35,10.908,0.1106,0.3851,0.0773,0.0712,0.041,0.2188,0.0489,0.0366,30.087,0.3398,3.298,0.2903,0.2337,0.3812,5,0.0278,27,0,0,0,0.9729,0.9455,Complete,2024-01-08,44186000,Train
PRJ3-00415,Horizon Transit Program 415,Infrastructure,Midwest,MI,Public,Lump Sum,Design-Bid-Build,Low,Moderate,Fast,2021-12-17,2023-07-11,2023,212958400,954,0.599,0.5447,1.0323,0.9747,-0.0186,52,0.988,12,21,0.209,0.9822,101,4.743,2,0.8767,0.1079,0.0198,0.0896,0.0093,0.1747,0.0203,0.0055,22.302,0.1619,6.748,0.2257,0.2682,0.3087,2,-0.0485,-25,0,0,0,1.051,1.0269,Complete,2024-07-03,202633400,Train
PRJ3-00416,Copper Manufacturing Facility 416,Industrial,Midwest,MN,Public,Lump Sum,CMAR,High,High,Slow,2023-05-24,2024-03-12,2024,280215600,762,0.385,0.3571,0.9275,0.9663,0.0013,21,0.8639,31,16,0.344,0.9637,158,5.639,9.766,0.2316,0.3965,0.0777,0.1111,0.0116,0.16,0.0332,0.0248,28.586,0.3979,5.02,0.2909,0.2406,0.3969,4,0.0829,0,0,0,0,0.9235,1.0,Complete,2025-06-24,303435600,Validation
PRJ3-00417,Crescent Apartments 417,Residential,Midwest,MO,Public,Cost Plus,CMAR,High,High,Standard,2020-09-25,2021-06-18,2021,48083000,632,0.421,0.3916,1.0271,1.0407,-0.0164,19,0.9993,10,16,0.509,0.9632,26,5.407,10.682,0.0871,0.3959,0.1199,0.1016,0.0472,0.2502,0.0441,0.0101,23.429,0.2761,0,0.2789,0.2895,0.3066,3,0.0235,28,0,0,0,0.977,0.9576,Complete,2022-07-17,49214900,Train
PRJ3-00418,Aspen Education Center 418,Institutional,West,OR,Private,Unit Price,Design-Build,Moderate,Moderate,Fast,2022-12-03,2024-06-06,2024,106076000,1090,0.506,0.5533,1.0443,1.089,-0.0229,-52,0.9385,6,0,0.991,0.9672,54,5.091,4.174,0.51,0.1477,0.0486,0.0627,0.0523,0.02,0.0274,0.0077,19.527,0.3239,2.463,0.269,0.2493,0.3658,1,0.1257,-25,1,0,1,0.8884,1.0235,Complete,2025-11-02,119404500,Validation
PRJ3-00419,Copper Civic Complex 419,Institutional,Mountain,MT,Public,Lump Sum,Design-Bid-Build,Moderate,Low,Standard,2022-02-14,2023-03-02,2023,99261200,730,0.523,0.5256,0.9156,1.0397,0.0448,-2,0.9025,14,20,0.627,0.9455,69,6.951,9.164,0.2339,0.2527,0.0451,0.1747,0.0559,0.1484,0.0,0.0139,9.529,0.1963,3.199,0.0919,0.1665,0.3102,2,0.0188,31,0,1,1,0.9816,0.9593,Complete,2024-03-16,101125000,Train
PRJ3-00420,Mesa Residences 420,Residential,Southeast,FL,Public,Lump Sum,Design-Bid-Build,Moderate,Moderate,Fast,2023-01-01,2023-06-17,2023,53315600,469,0.357,0.3444,0.9359,0.963,0.0358,6,1.005,0,20,0.79,0.9745,17,3.189,11.361,0.1929,0.4291,0.0957,0.0659,0.0264,0.1555,0.0108,0.0267,12.038,0.1904,6.742,0.1732,0.14,0.4283,4,0.1058,-25,1,0,1,0.9043,1.0563,Complete,2024-03-20,58954700,Train
PRJ3-00421,Liberty Apartments 421,Residential,West,WA,Private,Unit Price,Design-Bid-Build,High,Moderate,Slow,2019-12-18,2020-07-03,2020,21789700,507,0.391,0.379,0.8743,0.9639,0.046,6,0.8788,19,9,0.692,0.9283,23,10.555,9.519,0.34,0.428,0.1066,0.1193,0.0417,0.1662,0.0438,0.0503,24.939,0.3366,5.334,0.3315,0.2712,0.4585,5,0.1382,23,1,0,1,0.8786,0.9566,Complete,2021-05-31,24801000,Train
PRJ3-00422,Crescent Residences 422,Residential,West,CA,Private,Lump Sum,CMAR,Low,High,Fast,2022-06-22,2022-12-20,2022,113091500,420,0.433,0.4464,0.9311,1.0198,0.0215,-6,1.0843,18,2,0.314,0.9658,54,4.775,6.1,0.3976,0.1283,0.0499,0.0388,0.0074,0.1313,0.0031,0,16.882,0.1811,6.275,0.3065,0.1565,0.2632,1,-0.0089,-6,0,0,0,1.009,1.0145,Complete,2023-08-10,112085500,Train
PRJ3-00423,Harbor Apartments 423,Residential,West,NV,Public,Cost Plus,Design-Build,Moderate,Moderate,Standard,2021-04-13,2022-04-28,2022,114452100,643,0.592,0.5715,1.0231,1.0242,-0.0134,13,0.9995,0,9,0.577,0.969,47,4.107,9.34,0.328,0.2889,0.0969,0.0752,0.0196,0.0998,0.0081,0.0222,21.236,0.2596,0,0.3291,0.2071,0.2776,2,0.0014,16,0,0,0,0.9986,0.9757,Complete,2023-02-01,114608600,Train
PRJ3-00424,Riverside Transit Program 424,Infrastructure,Southwest,TX,Public,Unit Price,IPD,Very High,Moderate,Slow,2023-07-03,2025-01-21,2025,161358100,1266,0.449,0.3605,0.9984,0.8391,-0.0066,112,0.804,0,10,0.673,0.9294,104,6.445,11.05,0.1264,0.3712,0.0701,0.1074,0.0379,0.3773,0.0507,0.0517,30.215,0.4148,7.461,0.3354,0.2423,0.3695,6,0.0723,43,0,1,1,0.9325,0.9672,Complete,2027-02-01,173031600,Test
PRJ3-00425,Cedar Retail Center 425,Commercial,Mountain,MT,Private,Unit Price,Design-Bid-Build,Low,Moderate,Slow,2022-05-12,2023-01-18,2023,94424400,545,0.462,0.4556,0.9788,1.0071,0.0167,3,0.9146,27,13,0.386,0.954,40,4.236,8.656,0.2313,0.3923,0.053,0,0,0.0395,0.0067,0.0087,27.973,0.4937,4.828,0.2385,0.2652,0.3289,3,-0.0686,-1,0,0,0,1.0737,1.0018,Complete,2023-11-07,87945600,Train
PRJ3-00426,Horizon Office Campus 426,Commercial,West,CA,Public,Lump Sum,IPD,Moderate,High,Standard,2018-11-13,2019-07-29,2019,84867200,588,0.44,0.4323,1.0208,1.0051,-0.0045,5,1.069,0,6,0.557,0.9586,34,4.006,7.436,0.4674,0.2158,0.0818,0.0865,0.0338,0.1477,0.0214,0.0248,20.731,0.2479,4.293,0.2855,0.2212,0.288,3,-0.029,25,0,0,0,1.0298,0.9592,Complete,2020-07-18,82408800,Train
PRJ3-00427,Canyon Airport Improvements 427,Infrastructure,Mountain,WY,Private,Cost Plus,Design-Build,High,Low,Fast,2020-02-10,2021-04-23,2021,415368900,1163,0.377,0.3357,0.8989,0.9123,0.0363,48,0.9701,25,9,0.5,0.9597,234,5.634,7.851,0.3178,0.1865,0.071,0.2119,0.0563,0.2685,0.0342,0.0205,14.242,0.2929,5.639,0.2941,0.2962,0.3198,2,0.0321,5,0,0,0,0.9689,0.9957,Complete,2023-04-23,428682700,Train
PRJ3-00428,Liberty Distribution Hub 428,Industrial,Southeast,VA,Public-Private Partnership,Lump Sum,Design-Build,High,Moderate,Standard,2018-11-20,2019-11-22,2019,351560300,860,0.427,0.4262,0.9173,1.0464,0.0449,1,1.0256,0,14,0.522,0.9619,185,5.262,7.581,0.3304,0.2878,0.107,0.112,0.0554,0.1544,0.0735,0.0377,14.22,0.3096,7.053,0.3057,0.2368,0.2761,4,0.0692,21,0,0,0,0.9352,0.9762,Complete,2021-04-19,375905000,Train
PRJ3-00429,Evergreen Medical Center 429,Institutional,Southeast,NC,Public,Unit Price,Design-Bid-Build,Moderate,Moderate,Standard,2021-08-04,2022-05-19,2022,54500800,815,0.354,0.3544,1.0102,1.0085,0.002,0,1.0179,0,9,0.83,0.9552,34,6.238,6.297,0.3776,0.1532,0.0426,0.1644,0.0766,0.0898,0.0543,0.0207,23.441,0.3834,4.696,0.3071,0.2999,0.3714,3,-0.0356,-25,0,0,0,1.0369,1.0316,Complete,2023-10-03,52559900,Train
PRJ3-00430,Mesa Public Works Program 430,Infrastructure,West,NV,Public,Lump Sum,Design-Bid-Build,High,High,Slow,2020-12-17,2022-03-22,2022,220166600,814,0.566,0.5205,0.9605,0.884,0.0341,37,0.882,27,19,0.741,0.9456,142,6.45,12.463,0.1135,0.452,0.0995,0.1856,0.0619,0.1166,0.0201,0.0287,28.905,0.2854,8.062,0.3766,0.2757,0.4477,5,0.0949,28,0,0,0,0.9133,0.9667,Complete,2023-04-08,241060200,Train
PRJ3-00431,Granite Bridge Program 431,Heavy Civil,Mountain,MT,Private,Guaranteed Maximum Price,Design-Build,Very High,High,Slow,2022-10-13,2024-06-24,2024,118403500,1079,0.575,0.4911,0.9548,0.8542,0.0215,91,0.9353,27,17,1.118,0.9594,53,4.476,12.953,0.08,0.5276,0.1237,0.3116,0.0826,0.2524,0.0531,0.0321,34.626,0.4245,6.347,0.2586,0.3825,0.437,6,0.0141,41,0,1,1,0.9861,0.9634,Complete,2025-11-06,120075000,Validation
PRJ3-00433,Cedar Apartments 433,Residential,Southeast,GA,Private,Cost Plus,Design-Bid-Build,Very High,Moderate,Slow,2018-04-14,2019-01-28,2019,74585900,656,0.442,0.3458,0.7564,0.8086,0.122,63,0.8838,19,17,0.869,0.9379,43,5.765,8.563,0.237,0.3056,0.0968,0.1704,0.0384,0.2695,0.0568,0.0624,26.943,0.4549,6.796,0.4899,0.2823,0.4369,5,0.2541,1,1,0,1,0.7974,0.9985,Complete,2020-01-31,93536400,Train
PRJ3-00434,Lakeview Transit-Oriented Development 434,Mixed-Use,Southeast,FL,Private,Lump Sum,CMAR,High,Low,Standard,2018-12-15,2020-07-08,2020,493313400,973,0.587,0.477,1.0147,0.8314,0.0116,107,0.9976,35,18,0.781,0.9531,240,4.865,12.064,0.1242,0.2969,0.0961,0.0798,0.0235,0.1313,0.0666,0.0507,22.17,0.295,4.668,0.3408,0.2004,0.1821,5,0.1109,76,1,1,1,0.9002,0.9276,Complete,2021-10-29,548011100,Train
PRJ3-00435,Lakeview Housing 435,Residential,Mountain,WY,Public,Guaranteed Maximum Price,IPD,Moderate,High,Fast,2023-07-16,2024-06-19,2024,65919800,677,0.502,0.5198,1.0186,1.0171,-0.0102,-12,1.0984,0,12,0.291,0.9575,29,4.399,8.61,0.2143,0.2424,0.048,0.1167,0.0126,0.1161,0.0034,0.0176,18.276,0.2236,0,0.3001,0.1911,0.423,2,-0.0135,-23,0,0,0,1.0137,1.0352,Complete,2025-04-30,65027600,Validation
PRJ3-00436,Pioneer Neighborhood 436,Residential,Southeast,GA,Public,Unit Price,CMAR,High,Moderate,Standard,2021-12-09,2022-11-28,2022,135102100,664,0.534,0.5325,0.9758,0.9737,0.0015,1,0.9786,19,17,0.811,0.9561,71,5.255,7.604,0.1805,0.3584,0.0623,0.1417,0.0676,0.1444,0.0139,0.0495,17.658,0.2018,9.146,0.3347,0.1781,0.369,4,0.038,-10,0,0,0,0.9634,1.0153,Complete,2023-09-24,140236800,Train
PRJ3-00437,Pioneer District 437,Mixed-Use,Northeast,CT,Private,Guaranteed Maximum Price,Design-Bid-Build,High,High,Standard,2023-07-22,2024-10-28,2024,170817200,862,0.539,0.4915,0.9172,0.8855,0.0381,41,1.0308,27,32,0.517,0.9572,101,5.913,12.024,0.1109,0.458,0.0973,0.0213,0.023,0.2137,0.0291,0.0244,17.196,0.3506,0,0.0618,0.2219,0.2964,3,0.0685,46,0,1,1,0.9359,0.9493,Complete,2026-01-15,182512800,Validation
PRJ3-00438,Northstar Corporate Center 438,Commercial,Southwest,TX,Private,Guaranteed Maximum Price,IPD,Low,Low,Standard,2020-01-19,2021-03-06,2021,89507100,695,0.593,0.5752,0.9608,1.0025,0.0394,12,1.0444,16,5,0.528,0.9791,41,4.581,9.971,0.3239,0.3022,0.0607,0.0947,0.0594,0.0451,0.037,0.0078,8.56,0.0462,4.56,0.1959,0.1251,0.3901,2,0.0211,-25,0,0,0,0.9794,1.0373,Complete,2021-11-19,91393800,Train
PRJ3-00439,Summit Neighborhood 439,Residential,West,NV,Private,Guaranteed Maximum Price,CMAR,High,Moderate,Slow,2020-08-20,2021-02-08,2021,40626900,463,0.372,0.4258,0.8955,1.0436,0.0366,-25,0.9174,23,10,0.468,0.9516,24,5.907,12.418,0.08,0.5331,0.0955,0.0081,0,0.2946,0.0316,0.023,32.711,0.324,2.009,0.3362,0.2628,0.4529,5,0.0095,30,0,1,1,0.9906,0.9391,Complete,2021-12-26,41013600,Train
PRJ3-00440,Horizon Transit-Oriented Development 440,Mixed-Use,Northeast,MA,Public,Guaranteed Maximum Price,Design-Build,Low,High,Standard,2021-06-14,2022-07-05,2022,115250700,892,0.433,0.4303,0.9838,0.9979,0.0115,2,0.9807,0,9,0.316,0.991,49,4.252,4.917,0.4457,0.1336,0.0451,0.0992,0.0678,0.08,0,0,5,0.0634,1.38,0.1786,0.1525,0.2919,1,0.0856,-25,0,0,0,0.9211,1.0288,Complete,2023-10-29,125116900,Train
PRJ3-00441,Lakeview Logistics Center 441,Industrial,Northeast,MA,Private,Guaranteed Maximum Price,IPD,Moderate,Low,Standard,2021-08-15,2022-12-28,2022,129541400,1015,0.493,0.4382,0.9656,0.8416,0.0416,56,1.0393,0,7,0.243,0.9624,58,4.477,15.223,0.08,0.5095,0.1161,0.07,0.0127,0.1863,0.0201,0.0083,8.263,0.1865,1.487,0.3969,0.1022,0.2655,3,0.0633,8,0,0,0,0.9405,0.9922,Complete,2024-06-03,137736800,Train
PRJ3-00442,Evergreen Medical Center 442,Institutional,West,WA,Public-Private Partnership,Lump Sum,Design-Bid-Build,Very High,Moderate,Standard,2022-10-14,2023-12-24,2023,159637600,987,0.442,0.3773,0.8231,0.9377,0.0659,64,0.9362,11,7,0.841,0.9533,95,5.951,8.631,0.08,0.3078,0.0945,0.2692,0.0741,0.2263,0.0775,0.0417,15.011,0.2999,3.204,0.5121,0.2827,0.2822,3,0.203,-19,1,0,1,0.8313,1.0196,Complete,2025-06-08,192042200,Train
PRJ3-00443,Mesa Transit Program 443,Infrastructure,Midwest,MO,Private,Lump Sum,CMAR,Moderate,Low,Fast,2020-06-11,2022-02-26,2022,400947900,1055,0.593,0.6055,0.8649,1.0193,0.1061,-13,0.9713,10,17,0.829,0.9591,197,4.913,11.077,0.1406,0.3431,0.0352,0.1836,0.0381,0.1855,0.0164,0.0023,20.358,0.2517,1.505,0.212,0.2242,0.1807,2,0.1019,18,1,0,1,0.9075,0.9832,Complete,2023-05-20,441809800,Train
PRJ3-00444,Crescent Transit Program 444,Infrastructure,Northeast,NJ,Public-Private Partnership,Guaranteed Maximum Price,Design-Build,Moderate,Low,Fast,2022-04-15,2024-02-22,2024,144683000,1293,0.525,0.5179,1.0909,1.0308,-0.0462,9,1.0563,25,12,0.58,0.9785,91,6.29,11.085,0.2745,0.4035,0.0797,0.1248,0.031,0.2164,0.0249,0.0094,13.945,0.2437,1.3,0.2228,0.1782,0.2713,2,-0.0046,16,0,0,0,1.0046,0.9878,Complete,2025-11-14,144024000,Validation
PRJ3-00445,Riverside Airport Improvements 445,Infrastructure,Midwest,MI,Private,Unit Price,Design-Bid-Build,High,Moderate,Standard,2021-05-20,2022-09-24,2022,61708100,954,0.516,0.4678,0.9998,0.9322,-0.0054,46,0.9876,22,27,0.663,0.9655,40,6.482,8.385,0.2864,0.3485,0.0967,0.1159,0.0536,0.1099,0.0309,0.0356,11.37,0.189,10.231,0.3128,0.2166,0.3463,4,0.0631,18,0,0,0,0.9407,0.9815,Complete,2024-01-17,65599700,Train
PRJ3-00446,Crescent Utility Corridor 446,Infrastructure,West,CA,Public,Guaranteed Maximum Price,Design-Bid-Build,High,High,Fast,2023-11-14,2025-11-15,2025,342604300,1294,0.566,0.5093,1.0598,0.8976,-0.0253,73,0.9561,4,4,0.767,0.9718,177,5.166,7.417,0.3818,0.1895,0.0414,0.1826,0.0319,0.1665,0.0354,0.0149,20.821,0.3376,3.312,0.2066,0.2515,0.3862,2,0.0416,-1,0,0,0,0.96,1.0008,Complete,2027-05-30,356872700,Test
PRJ3-00447,Liberty Housing 447,Residential,West,OR,Public,Unit Price,Design-Bid-Build,Very High,Moderate,Slow,2018-05-16,2019-01-25,2019,35718000,445,0.572,0.4247,0.8751,0.811,0.053,66,0.8491,49,0,1.101,0.9562,33,9.239,9.55,0.1475,0.3551,0.0989,0.1042,0.0535,0.2813,0.0671,0.0404,28.42,0.3428,10.164,0.419,0.1854,0.4737,5,0.1503,52,1,1,1,0.8693,0.8954,Complete,2019-09-25,41087700,Train
PRJ3-00448,Copper Neighborhood 448,Residential,Northeast,MA,Public,Unit Price,Design-Bid-Build,Moderate,Moderate,Standard,2019-01-23,2019-06-09,2019,61029700,240,0.574,0.6627,0.9878,1.0945,-0.0036,-21,0.9571,14,15,0.494,0.9765,31,5.079,4.177,0.5581,0.2015,0.0387,0.0859,0.0195,0.1514,0.0058,0.0013,27.935,0.2828,0.851,0.155,0.2329,0.2676,2,-0.0422,20,0,0,0,1.0441,0.9231,Complete,2019-10-10,58453000,Train
PRJ3-00449,Redwood Neighborhood 449,Residential,West,NV,Private,Guaranteed Maximum Price,CMAR,Moderate,Moderate,Standard,2021-12-04,2022-09-12,2022,17121200,565,0.5,0.4829,1.072,0.945,-0.0344,10,1.0102,14,1,0.688,0.9705,7,4.088,11.097,0.0814,0.3335,0.092,0.1324,0.0643,0.1775,0.0108,0.0004,20.137,0.1417,6.085,0.0761,0.1375,0.4132,3,0.0465,3,0,0,0,0.9556,0.9947,Complete,2023-06-25,17916600,Train
PRJ3-00450,Canyon Transit-Oriented Development 450,Mixed-Use,Midwest,MI,Public,Guaranteed Maximum Price,Design-Build,Moderate,Low,Standard,2023-05-09,2024-08-01,2024,174438900,962,0.468,0.4481,0.8902,0.9077,0.0492,19,0.9573,18,15,0.368,0.9632,83,4.758,6.457,0.3162,0.2267,0.0297,0.2091,0.075,0.1121,0.0513,0.0197,24.481,0.2142,0.19,0.3431,0.2908,0.3835,2,0.1383,42,1,1,1,0.8785,0.9582,Complete,2026-02-06,198562000,Validation
PRJ3-00451,Northstar Medical Center 451,Institutional,West,OR,Public,Guaranteed Maximum Price,CMAR,Moderate,Low,Fast,2023-11-21,2025-02-06,2025,206478600,778,0.57,0.5939,0.9862,1.0218,-0.0172,-19,1.0668,17,4,0.417,0.9428,88,4.262,7.317,0.3944,0.2141,0.053,0.0871,0.048,0.0884,0.0363,0,10.522,0.2578,3.506,0.3471,0.106,0.334,1,0.062,14,0,0,0,0.9416,0.9823,Complete,2026-01-21,219274400,Test
PRJ3-00452,Crescent Medical Center 452,Institutional,West,CA,Private,Cost Plus,Design-Build,Low,High,Slow,2024-02-13,2025-02-09,2025,98500200,777,0.467,0.4768,1.0055,1.0188,0.0018,-8,1.0316,12,0,0.606,0.955,27,2.741,9.318,0.221,0.3954,0.127,0.0715,0.0009,0.02,0.0183,0.0033,22.937,0.2942,6.405,0.2247,0.1396,0.2209,3,0.0471,20,0,0,0,0.955,0.9749,Complete,2026-04-20,103143800,Test
PRJ3-00453,Liberty Town Center 453,Mixed-Use,Southwest,NM,Private,Cost Plus,CMAR,Low,Low,Fast,2019-02-06,2020-07-24,2020,58622600,974,0.549,0.5134,1.0554,0.9612,-0.0058,35,0.9815,0,6,0.765,0.965,26,4.435,10.96,0.1875,0.4038,0.0842,0.1422,0.0449,0.1971,0.0416,0.0048,8.691,0.1657,0.508,0.2628,0.179,0.3647,2,0.0187,-6,0,0,0,0.9817,1.0062,Complete,2021-10-01,59717600,Train
PRJ3-00454,Northstar Corporate Center 454,Commercial,West,NV,Public,Guaranteed Maximum Price,Design-Build,High,High,Standard,2021-06-09,2022-04-25,2022,67692800,710,0.451,0.4841,1.0488,1.0946,-0.0353,-24,1.0296,10,14,0.46,0.9575,37,5.466,5.757,0.5888,0.1681,0.0314,0.1456,0.0638,0.1775,0.0249,0.0356,25.843,0.2897,1.078,0.1898,0.2839,0.468,3,0.0482,-10,0,0,0,0.954,1.0143,Complete,2023-05-10,70956000,Train
PRJ3-00455,Summit Urban Village 455,Mixed-Use,Midwest,IL,Public,Unit Price,Design-Bid-Build,Moderate,High,Standard,2020-06-01,2021-12-10,2021,66101000,1010,0.552,0.5952,0.8843,1.0975,0.0914,-44,1.0592,34,17,0.502,0.9521,29,4.387,6.001,0.3519,0.3352,0.1,0.001,0.012,0.1024,0.0486,0.0217,22.141,0.2181,7.589,0.3084,0.2262,0.3803,3,0.0183,-6,0,0,0,0.982,1.006,Complete,2023-03-02,67312900,Train
PRJ3-00456,Granite Education Center 456,Institutional,Midwest,MO,Private,Lump Sum,Design-Build,Very High,High,Standard,2024-10-05,2025-10-20,2025,205049100,950,0.401,0.38,0.9806,0.9985,0.0072,20,1.0022,12,26,0.429,0.9567,112,5.462,8.285,0.2899,0.3704,0.0976,0.2767,0.0726,0.3493,0.0199,0.0315,15.992,0.1711,6.692,0.368,0.2895,0.472,3,0.0467,17,0,0,0,0.9554,0.9824,Complete,2027-05-30,214616500,Test
PRJ3-00457,Northstar Corporate Center 457,Commercial,West,WA,Private,Cost Plus,IPD,Moderate,Moderate,Standard,2021-10-17,2022-07-12,2022,61772400,732,0.367,0.393,1.0531,1.0174,-0.0239,-19,1.0056,0,4,0.571,0.9701,25,4.047,7.16,0.292,0.2528,0.0366,0.1373,0.0397,0.1669,0.0672,0,15.099,0.189,8.579,0.3584,0.2693,0.4366,2,0.0699,-25,0,0,0,0.9347,1.0354,Complete,2023-09-24,66089200,Train
PRJ3-00458,Northstar Bridge Program 458,Heavy Civil,West,CA,Public-Private Partnership,Cost Plus,Design-Bid-Build,Moderate,High,Standard,2017-07-03,2019-01-28,2019,105248900,1128,0.509,0.5174,1.0628,0.9547,-0.0342,-9,1.0639,2,11,0.657,0.9686,47,4.466,8.038,0.427,0.2827,0.0953,0.0814,0.0625,0.0787,0.075,0.0082,28.617,0.3194,0,0.2488,0.3613,0.1613,2,0.0769,8,0,0,0,0.9286,0.993,Complete,2020-08-12,113346700,Train
PRJ3-00459,Horizon Distribution Hub 459,Industrial,Mountain,ID,Public,Lump Sum,CMAR,Moderate,Low,Slow,2021-05-05,2022-03-22,2022,178475300,785,0.41,0.3535,0.8005,0.8372,0.1061,44,0.9089,24,10,0.757,0.9473,86,4.819,11.543,0.1109,0.3591,0.1013,0.0557,0.0648,0.1503,0.0702,0.0212,23.182,0.3421,6.333,0.4686,0.2204,0.3447,4,0.2035,32,1,1,1,0.8309,0.9608,Complete,2023-07-31,214792700,Train
PRJ3-00460,Canyon Housing 460,Residential,Northeast,NY,Public,Cost Plus,CMAR,Moderate,Moderate,Standard,2020-07-18,2021-03-01,2021,99049000,408,0.555,0.5347,0.9835,0.9384,0.0026,8,0.9309,1,12,0.656,0.9677,42,4.24,5.897,0.3114,0.2732,0.0955,0.1502,0.0525,0.0662,0.0101,0,17.296,0.1753,4.425,0.3005,0.2009,0.2721,2,0.0788,4,0,0,0,0.927,0.9903,Complete,2021-09-03,106852800,Train
PRJ3-00461,Aspen Office Campus 461,Commercial,Southwest,NM,Public-Private Partnership,Guaranteed Maximum Price,CMAR,Moderate,Moderate,Standard,2022-07-13,2023-08-05,2023,52916900,835,0.465,0.4463,1.0361,0.9173,-0.0119,16,1.0154,5,10,0.957,0.9704,22,4.157,9.877,0.3433,0.2947,0.0559,0.0449,0.0214,0.1871,0.0189,0.0013,31.511,0.2558,0,0.3431,0.209,0.2434,2,-0.0192,22,0,0,0,1.0196,0.9743,Complete,2024-11-16,51900500,Train
PRJ3-00462,Riverside Medical Center 462,Institutional,Southeast,GA,Public,Cost Plus,Design-Bid-Build,High,High,Fast,2019-12-05,2021-03-10,2021,95029900,983,0.469,0.4724,0.9467,1.0167,0.0232,-3,0.9731,28,15,0.804,0.9624,67,7.05,6.933,0.2487,0.2019,0.0633,0.1269,0.0511,0.0502,0.0227,0,18.722,0.2828,0,0.19,0.1873,0.41,1,-0.0136,-12,0,0,0,1.0138,1.0124,Complete,2022-08-02,93737400,Train
PRJ3-00463,Horizon Apartments 463,Residential,Southwest,AZ,Public,Cost Plus,Design-Bid-Build,High,Moderate,Standard,2019-06-11,2020-04-21,2020,52865700,662,0.477,0.4439,0.9541,0.9622,0.0255,22,0.9373,17,11,0.284,0.9696,29,5.486,6.616,0.4015,0.2261,0.0605,0.1726,0.0461,0.276,0.0812,0.0336,19.738,0.1809,4.433,0.4139,0.2874,0.3536,3,0.0872,14,0,0,0,0.9198,0.9793,Complete,2021-04-17,57476800,Train
PRJ3-00464,Cedar Corporate Center 464,Commercial,Northeast,PA,Private,Cost Plus,CMAR,Very High,High,Fast,2022-11-10,2023-11-18,2023,44848200,712,0.524,0.5524,0.8699,1.0551,0.0677,-20,1.1263,9,25,0.727,0.9764,21,4.682,10.367,0.08,0.362,0.1109,0.1445,0.0171,0.3203,0.0562,0.0103,28.235,0.3346,5.121,0.3058,0.2569,0.3023,4,0.1509,-12,1,0,1,0.8689,1.0171,Complete,2024-10-10,51613800,Train
PRJ3-00465,Copper Residences 465,Residential,Southwest,NM,Public,Unit Price,Design-Bid-Build,Very High,Moderate,Fast,2018-11-07,2019-04-14,2019,77895800,422,0.376,0.352,0.8418,0.9613,0.0624,10,0.8817,24,10,0.91,0.9595,36,4.622,10.746,0.08,0.3609,0.0764,0.1393,0.0503,0.3306,0.0634,0.0083,23.461,0.2311,7.084,0.5172,0.2724,0.3476,3,0.1127,45,1,1,1,0.8987,0.9036,Complete,2020-02-17,86674900,Train
PRJ3-00466,Canyon Civic Complex 466,Institutional,West,CA,Public-Private Partnership,Unit Price,Design-Build,Moderate,Moderate,Fast,2021-03-01,2022-03-17,2022,106722400,985,0.387,0.3851,0.9233,0.9641,0.0403,2,1.0531,0,8,0.73,0.9739,43,4.029,9.557,0.1992,0.2532,0.0466,0.1166,0.0093,0.1154,0.0169,0.0036,10.07,0.1333,7.943,0.2243,0.1464,0.3965,2,0.087,-24,0,0,0,0.92,1.025,Complete,2023-10-18,116003200,Train
PRJ3-00467,Copper Office Campus 467,Commercial,Southwest,NM,Private,Cost Plus,Design-Build,High,Moderate,Slow,2023-08-02,2024-10-13,2024,75188300,848,0.517,0.5117,0.9469,0.9788,0.0178,5,0.98,28,23,0.678,0.9539,47,6.251,9.786,0.2453,0.3647,0.0943,0.1396,0.0682,0.1505,0.0395,0.0375,28.669,0.3835,3.152,0.2945,0.2833,0.461,4,0.0774,66,0,1,1,0.9281,0.9278,Complete,2026-02-01,81010000,Validation
PRJ3-00468,Granite Apartments 468,Residential,Midwest,OH,Public-Private Partnership,Lump Sum,CMAR,High,Moderate,Fast,2018-11-17,2019-06-23,2019,42961200,510,0.428,0.4025,1.0696,0.9536,-0.0195,13,0.892,11,21,0.867,0.9482,16,3.724,10.038,0.1009,0.3329,0.0932,0.2268,0.0581,0.1751,0.0389,0,21.316,0.1952,3.206,0.2444,0.2523,0.4738,2,0.0965,-14,0,0,0,0.912,1.0282,Complete,2020-03-27,47107200,Train
PRJ3-00469,Mesa Marketplace 469,Commercial,Mountain,ID,Public-Private Partnership,Lump Sum,Design-Build,Very High,Moderate,Fast,2019-08-19,2020-05-28,2020,165956500,780,0.363,0.3704,1.0305,0.9994,-0.0092,-6,1.0308,29,14,0.611,0.9594,85,5.122,13.608,0.08,0.4813,0.1189,0.2267,0.0498,0.1062,0.0723,0.0315,29.645,0.2769,1.663,0.3799,0.2557,0.4297,5,0.1391,71,1,1,1,0.8779,0.9166,Complete,2021-12-17,189038300,Train
PRJ3-00470,Crescent Manufacturing Facility 470,Industrial,West,OR,Public,Cost Plus,IPD,Very High,Low,Slow,2019-09-19,2020-07-23,2020,150779700,834,0.37,0.3405,0.8582,0.7974,0.0519,25,0.8865,19,3,1.03,0.9633,103,6.831,6.567,0.3926,0.312,0.0651,0.1567,0.0647,0.2592,0.0517,0.0375,31.597,0.2323,7.826,0.497,0.3158,0.5716,5,0.1327,82,1,1,1,0.8828,0.9105,Complete,2022-03-23,170793400,Train
PRJ3-00471,Copper Water Program 471,Heavy Civil,Southwest,TX,Public-Private Partnership,Guaranteed Maximum Price,Design-Build,High,Moderate,Slow,2022-05-12,2023-06-27,2023,139533400,1054,0.39,0.332,0.909,0.8756,0.0324,61,0.9426,19,12,0.698,0.9527,77,5.518,12.635,0.08,0.494,0.0651,0.2203,0.1045,0.2016,0.0487,0.05,25.655,0.3041,8.12,0.2682,0.2879,0.4283,6,0.1678,24,1,0,1,0.8563,0.9777,Complete,2025-04-24,162944700,Train
PRJ3-00472,Mesa Office Campus 472,Commercial,Southwest,AZ,Private,Lump Sum,Design-Bid-Build,High,Low,Standard,2021-11-08,2022-08-15,2022,163028800,581,0.482,0.3982,0.9094,0.8686,0.0661,49,0.9482,31,16,0.611,0.9656,99,6.073,13.45,0.08,0.4433,0.1174,0.0706,0.0337,0.2551,0.0272,0.0434,19.454,0.2284,6.772,0.3152,0.1928,0.3892,5,0.105,41,1,1,1,0.905,0.9341,Complete,2023-07-23,180151300,Train
PRJ3-00473,Mesa Corporate Center 473,Commercial,Southwest,AZ,Private,Cost Plus,Design-Build,Moderate,Low,Slow,2021-05-06,2022-02-23,2022,147972600,536,0.548,0.4938,0.8456,0.8835,0.08,29,0.8437,23,12,1.1,0.9644,64,4.325,3.829,0.5937,0.2209,0.0643,0.1078,0.0389,0.2633,0.029,0.0038,17.897,0.2826,7.528,0.3603,0.2209,0.3756,2,0.1323,50,1,1,1,0.8832,0.9147,Complete,2022-12-13,167543800,Train
PRJ3-00474,Summit Marketplace 474,Commercial,West,WA,Private,Lump Sum,Design-Build,Moderate,Low,Fast,2022-06-11,2023-04-05,2023,67505500,549,0.544,0.551,0.9637,1.0163,-0.0053,-4,0.9342,46,0,0.55,0.9678,32,4.74,9.842,0.237,0.2417,0.0649,0.1597,0.0553,0.0802,0.0312,0.0039,14.238,0.1848,4.279,0.2454,0.2224,0.2846,2,0.0906,-13,0,0,0,0.9169,1.0243,Complete,2023-11-29,73623800,Train
PRJ3-00475,Evergreen Civic Complex 475,Institutional,Midwest,OH,Private,Cost Plus,CMAR,Moderate,Moderate,Standard,2022-08-03,2023-07-20,2023,108161200,813,0.432,0.3865,1.0822,0.8857,-0.0425,37,0.9473,18,14,0.745,0.9703,56,5.177,13.856,0.08,0.4858,0.121,0.0038,0.0398,0.07,0.0223,0.0127,32.681,0.3158,7.971,0.0457,0.2257,0.3538,5,0.0343,47,0,1,1,0.9669,0.9453,Complete,2024-12-10,111866700,Train
PRJ3-00476,Canyon Marketplace 476,Commercial,Southeast,TN,Public,Guaranteed Maximum Price,IPD,Moderate,High,Standard,2022-01-18,2022-12-15,2022,165268800,593,0.559,0.5656,1.0731,1.0404,-0.0589,-4,1.0394,25,14,0.22,0.9832,61,3.691,7.261,0.426,0.2643,0.1053,0.2337,0.0786,0.1517,0.0195,0.0108,21.798,0.2256,0,0.3226,0.3158,0.2771,2,0.0296,21,0,0,0,0.9713,0.9658,Complete,2023-09-24,170159200,Train
PRJ3-00477,Evergreen Distribution Hub 477,Industrial,Northeast,NY,Public,Cost Plus,Design-Bid-Build,Moderate,High,Slow,2018-06-11,2019-10-18,2019,96168000,997,0.496,0.4787,0.9425,0.9541,0.0275,17,1.0419,30,35,0.612,0.9757,49,5.095,7.407,0.3479,0.2326,0.0774,0.0827,0.0165,0.0967,0.0348,0.0149,23.204,0.2415,8.814,0.1863,0.176,0.3967,3,0.1154,4,1,0,1,0.8966,0.996,Complete,2021-03-08,107263200,Train
PRJ3-00478,Crescent Highway Improvements 478,Heavy Civil,Midwest,MO,Private,Guaranteed Maximum Price,Design-Build,Low,High,Standard,2024-05-19,2025-11-08,2025,251245200,917,0.587,0.5957,1.0745,1.0094,-0.0375,-8,1.0271,11,2,0.41,0.9758,87,3.463,11.712,0.08,0.3137,0.1008,0.0612,0.0561,0.0878,0.0035,0.0181,22.359,0.2009,3.331,0.1852,0.1954,0.2446,3,0.0207,-13,0,0,0,0.9797,1.0144,Complete,2026-11-09,256446300,Test
PRJ3-00479,Lakeview Research Facility 479,Institutional,Mountain,ID,Private,Guaranteed Maximum Price,IPD,Moderate,High,Standard,2019-05-19,2020-02-23,2020,106009400,589,0.476,0.48,1.0582,1.037,-0.0412,-2,1.0312,10,9,0.28,0.9633,47,4.434,6.413,0.5414,0.2566,0.0484,0.0732,0.0084,0.0471,0.0274,0.0135,20.614,0.1221,3.831,0.3965,0.3365,0.2114,2,-0.0028,-25,0,0,0,1.0028,1.0443,Complete,2020-12-03,105709500,Train
PRJ3-00480,Liberty Apartments 480,Residential,Southwest,TX,Public-Private Partnership,Guaranteed Maximum Price,Design-Bid-Build,High,High,Standard,2020-07-16,2021-07-22,2021,162603500,819,0.454,0.4522,0.9389,0.9763,0.0287,1,1.005,1,23,0.725,0.9754,89,5.473,8.956,0.2769,0.1456,0.0396,0.1899,0.0283,0.2106,0.0332,0.0203,18.717,0.202,5.936,0.4152,0.2062,0.3967,2,0.0329,-25,0,0,0,0.9682,1.0315,Complete,2022-09-18,167951100,Train
PRJ3-00481,Northstar Education Center 481,Institutional,Southeast,TN,Public,Guaranteed Maximum Price,Design-Build,High,High,Slow,2018-02-08,2019-04-05,2019,458938400,826,0.51,0.445,0.9035,0.9208,0.0482,54,0.9431,9,17,0.708,0.9793,240,5.229,12.592,0.08,0.4178,0.0881,0.1289,0.0401,0.1908,0.0145,0.0121,34.515,0.3808,6.975,0.3751,0.3191,0.4334,5,0.0782,15,0,0,0,0.9275,0.9822,Complete,2020-05-29,494807700,Train
PRJ3-00482,Harbor Residences 482,Residential,West,NV,Public-Private Partnership,Guaranteed Maximum Price,Design-Bid-Build,High,High,Standard,2021-05-01,2022-03-11,2022,68418800,537,0.586,0.5763,0.9431,0.9409,0.0333,5,1.0902,13,11,0.772,0.9572,34,4.969,9.077,0.1171,0.3489,0.1164,0.1399,0.0288,0.1422,0.0672,0,22.131,0.2932,3.011,0.4275,0.3623,0.3647,2,0.0681,-9,0,0,0,0.9362,1.017,Complete,2022-10-11,73079000,Train
PRJ3-00483,Northstar Retail Center 483,Commercial,Midwest,IL,Public,Unit Price,Design-Bid-Build,High,Moderate,Fast,2019-09-24,2020-11-22,2020,128393900,808,0.527,0.5135,0.9855,0.9422,-0.0034,11,0.9678,16,18,0.533,0.9564,49,3.816,6.537,0.3521,0.2022,0.0655,0.0515,0.0714,0.1959,0.0401,0,18.087,0.2259,2.735,0.2267,0.1391,0.3243,1,0.0842,-17,0,0,0,0.9224,1.0215,Complete,2021-11-23,139202300,Train
PRJ3-00484,Gateway Civic Complex 484,Institutional,West,NV,Public,Cost Plus,Design-Build,Moderate,High,Slow,2023-06-09,2024-03-06,2024,101772100,652,0.417,0.4116,0.9936,0.9798,-0.0095,3,1.0262,10,14,0.604,0.9771,40,3.93,7.666,0.3582,0.4272,0.0799,0.0153,0.0211,0.0781,0.0138,0.0008,15.901,0.2325,1.514,0.2483,0.1965,0.4597,2,0.0338,24,0,0,0,0.9673,0.9645,Complete,2025-04-15,105207500,Validation
PRJ3-00485,Lakeview Water Program 485,Heavy Civil,West,WA,Public,Cost Plus,IPD,Very High,High,Standard,2018-03-08,2019-09-30,2019,415192400,1204,0.475,0.4848,0.9421,1.039,0.0432,-12,0.9845,17,0,0.781,0.9679,231,5.564,12.566,0.08,0.3985,0.094,0.2582,0.0682,0.1958,0.0608,0.0481,31.165,0.2819,2.85,0.3706,0.2947,0.5063,6,0.1058,31,1,1,1,0.9043,0.9749,Complete,2021-07-25,459118800,Train
PRJ3-00486,Canyon Housing 486,Residential,Midwest,MI,Private,Unit Price,Design-Build,Moderate,Low,Fast,2024-07-09,2025-04-25,2025,45587600,718,0.405,0.4613,0.9427,1.079,0.0354,-40,1.0066,13,12,0.328,0.9698,13,2.852,7.675,0.319,0.2476,0.0785,0.0793,0.0165,0.2521,0.0316,0.0174,28.073,0.3833,0,0.2969,0.1978,0.2688,2,0.0754,2,0,0,0,0.9299,0.9972,Complete,2026-06-29,49022800,Test
PRJ3-00487,Northstar Logistics Center 487,Industrial,Southwest,TX,Public,Cost Plus,IPD,Moderate,High,Fast,2018-05-02,2019-04-22,2019,154300700,787,0.452,0.5163,0.978,1.12,0.0185,-51,1.0106,10,7,0.449,0.9792,72,4.666,5.563,0.449,0.1755,0.038,0.047,0.0249,0.1539,0.0262,0,11.922,0.1955,0,0.4424,0.1854,0.3385,1,-0.0358,-19,0,0,0,1.0371,1.0247,Complete,2020-06-08,148773900,Train
PRJ3-00488,Canyon Research Facility 488,Institutional,Mountain,MT,Public,Lump Sum,IPD,Low,Moderate,Fast,2022-06-18,2023-08-17,2023,69562200,813,0.523,0.5446,1.1021,1.0212,-0.0374,-18,0.9665,0,13,0.512,0.9844,34,4.888,6.407,0.5063,0.2084,0.0463,0,0.0138,0.0463,0.0042,0.0127,15.797,0.2053,5.549,0.3411,0.1824,0.1633,2,0.0537,14,0,0,0,0.949,0.9831,Complete,2024-09-22,73296700,Train
PRJ3-00489,Horizon Corporate Center 489,Commercial,Mountain,UT,Private,Unit Price,Design-Bid-Build,Low,Moderate,Fast,2022-02-16,2022-11-24,2022,37361900,536,0.525,0.5141,1.0233,0.9718,-0.0246,6,1.0371,37,6,0.506,0.9786,14,3.747,8.111,0.3773,0.3241,0.0617,0,0,0.1091,0.0257,0.0156,20.401,0.2955,1.071,0.2443,0.2074,0.2514,2,0.0066,-4,0,0,0,0.9934,1.0075,Complete,2023-08-02,37608700,Train
PRJ3-00490,Lakeview Marketplace 490,Commercial,Southeast,FL,Public,Lump Sum,IPD,High,Low,Fast,2022-10-07,2023-09-17,2023,63908700,615,0.562,0.5527,1.0055,0.9713,0.0274,6,0.9215,9,16,0.699,0.9735,38,5.946,9.022,0.1047,0.3242,0.0883,0.1153,0.0225,0.2551,0.0372,0.0176,21.851,0.2487,4.524,0.4022,0.2642,0.3615,3,0.0388,-25,0,0,0,0.9627,1.0424,Complete,2024-05-19,66387600,Train
PRJ3-00491,Mesa Education Center 491,Institutional,Southeast,TN,Private,Guaranteed Maximum Price,Design-Bid-Build,Low,Moderate,Slow,2020-11-09,2021-10-22,2021,265477300,729,0.476,0.4608,1.0609,0.9668,-0.0137,11,0.901,4,8,0.514,0.9765,131,4.935,11.797,0.137,0.4986,0.1124,0.1032,0.0465,0.02,0.0214,0.0305,30.426,0.3683,8.562,0.1357,0.3146,0.2975,6,-0.0156,35,0,1,1,1.0158,0.9542,Complete,2022-12-13,261348100,Train
PRJ3-00492,Cedar Research Facility 492,Institutional,West,CA,Private,Lump Sum,Design-Build,Very High,Moderate,Fast,2021-03-05,2022-04-05,2022,90118500,847,0.468,0.4452,0.9349,0.9378,0.0387,19,1.0961,16,7,0.893,0.9883,47,5.215,9.546,0.2573,0.315,0.1014,0.1888,0.0407,0.1504,0.0365,0.0119,21.024,0.2357,2.97,0.3623,0.3061,0.2668,3,0.0931,15,0,0,0,0.9149,0.9826,Complete,2023-07-15,98505200,Train
PRJ3-00493,Horizon Transit Program 493,Infrastructure,Northeast,CT,Private,Guaranteed Maximum Price,Design-Bid-Build,Moderate,High,Standard,2022-12-17,2024-08-18,2024,428901300,1098,0.556,0.5978,1.0806,1.0392,-0.0392,-46,0.9639,12,13,0.523,0.9704,211,4.92,7.508,0.645,0.3048,0.0853,0.0312,0.0408,0.0501,0.0438,0,16.765,0.2934,4.347,0.4686,0.1858,0.3538,2,0.0701,16,0,0,0,0.9344,0.9856,Complete,2026-01-04,458988700,Validation
PRJ3-00494,Copper Water Program 494,Heavy Civil,West,WA,Public,Guaranteed Maximum Price,Design-Build,High,Moderate,Slow,2024-05-23,2025-11-12,2025,88200400,1049,0.513,0.5059,0.9563,1.0101,0.0178,7,0.9375,24,9,0.714,0.972,49,5.556,11.086,0.08,0.3678,0.0935,0.1363,0.0108,0.1798,0.025,0.0313,25.213,0.2972,8.183,0.3571,0.2795,0.4614,5,0.0647,-9,0,0,0,0.9392,1.0087,Complete,2027-03-29,93910000,Test
PRJ3-00495,Summit Residences 495,Residential,Southwest,NM,Private,Guaranteed Maximum Price,Design-Build,High,Low,Standard,2023-04-22,2024-01-04,2024,142316700,501,0.513,0.5249,0.9842,0.9831,0.0106,-6,0.9051,24,16,0.683,0.9841,80,5.621,12.208,0.08,0.3547,0.0965,0.1605,0.0111,0.2426,0.0638,0.0202,17.931,0.1955,1.782,0.3147,0.1959,0.3876,3,0.1037,12,1,0,1,0.906,0.9766,Complete,2024-09-16,157080200,Validation
PRJ3-00496,Aspen Town Center 496,Mixed-Use,Mountain,WY,Private,Cost Plus,CMAR,Moderate,High,Standard,2021-07-07,2022-10-11,2022,65284700,998,0.462,0.4817,0.8699,1.0543,0.0807,-20,1.0494,15,17,0.42,0.9576,31,4.748,7.982,0.3826,0.2817,0.086,0.0757,0.0301,0.0951,0.0507,0.0109,16.534,0.2317,3.057,0.4614,0.1367,0.3546,2,0.1201,-25,1,0,1,0.8928,1.0257,Complete,2024-03-06,73127300,Train
PRJ3-00497,Summit Airport Improvements 497,Infrastructure,Southwest,AZ,Public,Guaranteed Maximum Price,Design-Build,High,Low,Slow,2022-03-15,2024-04-13,2024,371763800,1329,0.572,0.4639,0.902,0.8508,0.0454,144,0.8534,10,15,0.73,0.9452,211,5.676,11.395,0.0854,0.4562,0.099,0.2097,0.0547,0.1464,0.0546,0.0359,26.843,0.3635,4.026,0.3992,0.2161,0.4095,5,0.0712,50,0,1,1,0.9335,0.9637,Complete,2025-12-23,398236700,Validation
PRJ3-00498,Mesa Airport Improvements 498,Infrastructure,Northeast,PA,Public,Unit Price,Design-Build,Moderate,Moderate,Slow,2022-10-07,2024-01-15,2024,251212300,1109,0.42,0.3878,0.9022,0.878,0.0365,36,1.0048,24,17,0.77,0.9801,127,5.055,11.391,0.1451,0.42,0.093,0.0876,0.0395,0.0968,0.0226,0.0037,29.65,0.465,8.14,0.5514,0.2698,0.4506,4,0.1453,42,1,1,1,0.8731,0.9635,Complete,2025-12-01,287720100,Validation
PRJ3-00499,Aspen Highway Improvements 499,Heavy Civil,West,WA,Public,Unit Price,Design-Bid-Build,Very High,High,Slow,2020-03-13,2021-09-25,2021,194478100,1034,0.543,0.4698,0.88,0.8591,0.0642,76,0.7977,25,11,0.655,0.9637,122,6.273,12.231,0.08,0.4352,0.1091,0.2207,0.0476,0.2388,0.0539,0.0532,36.062,0.4549,4.637,0.4247,0.3342,0.3478,6,0.1526,62,1,1,1,0.8676,0.9434,Complete,2023-03-14,224158700,Train
PRJ3-00500,Evergreen Neighborhood 500,Residential,Midwest,MN,Public-Private Partnership,Guaranteed Maximum Price,CMAR,Moderate,High,Slow,2023-07-22,2024-07-27,2024,44720900,621,0.599,0.5213,0.9374,0.8885,0.0342,48,1.0128,14,12,0.628,0.9597,33,7.379,8.444,0.2024,0.2797,0.1302,0.0932,0.0481,0.1799,0.0274,0.0061,18.077,0.3011,1.271,0.357,0.1466,0.2855,2,0.0545,40,0,1,1,0.9483,0.9395,Complete,2025-05-13,47158500,Validation
PRJ3-00501,Copper Highway Improvements 501,Heavy Civil,Northeast,NJ,Public-Private Partnership,Lump Sum,CMAR,High,High,Standard,2022-02-06,2023-07-28,2023,210475500,1135,0.474,0.4098,1.0422,0.9513,-0.0136,73,0.9455,24,19,0.736,0.9533,123,5.844,4.924,0.4929,0.2526,0.0617,0.0969,0,0.2728,0.0444,0.02,26.15,0.3495,0,0.2164,0.2462,0.4054,2,0.0322,9,0,0,0,0.9688,0.9921,Complete,2025-03-26,217249300,Train
PRJ3-00502,Copper Education Center 502,Institutional,Southeast,TN,Public,Lump Sum,IPD,Moderate,Moderate,Standard,2023-02-14,2024-05-19,2024,183066200,888,0.519,0.534,1.038,1.011,-0.0211,-13,0.9712,12,10,0.56,0.9935,74,4.042,8.913,0.3355,0.3028,0.0566,0.0799,0.0161,0.1569,0.0265,0.0007,23.648,0.1897,9.503,0.156,0.2612,0.2366,3,-0.0276,-7,0,0,0,1.0284,1.0079,Complete,2025-07-14,178006600,Validation
PRJ3-00503,Lakeview Transit Program 503,Infrastructure,West,OR,Private,Lump Sum,Design-Bid-Build,Moderate,Moderate,Standard,2020-04-09,2022-06-06,2022,135933900,1376,0.573,0.4928,0.9867,0.8519,0.0083,110,0.9527,16,9,0.449,0.9778,71,5.223,6.406,0.4775,0.2611,0.0696,0,0.0083,0.1366,0.0398,0.0212,27.199,0.2543,4.597,0.2033,0.1815,0.3148,3,0.0657,13,0,0,0,0.9384,0.9906,Complete,2024-01-28,144860700,Train
PRJ3-00504,Pioneer Logistics Center 504,Industrial,Mountain,UT,Private,Lump Sum,Design-Bid-Build,Very High,High,Standard,2023-07-12,2024-10-07,2024,80736400,936,0.485,0.4043,0.9152,0.848,0.0108,76,0.8747,31,21,0.917,0.9425,56,6.936,8.508,0.3187,0.3785,0.1124,0.2002,0.0582,0.2219,0.0664,0.0258,16.979,0.212,4.826,0.5121,0.1978,0.4356,3,0.0871,72,0,1,1,0.9199,0.9286,Complete,2026-04-15,87769800,Validation
PRJ3-00505,Aspen Transit Program 505,Infrastructure,Southwest,TX,Private,Lump Sum,Design-Bid-Build,High,Low,Fast,2024-07-18,2025-10-13,2025,201485200,1137,0.398,0.3662,0.9016,0.9144,0.0569,36,0.8787,13,0,0.666,0.9681,115,5.708,9.692,0.1323,0.2638,0.0455,0.1237,0.0229,0.2356,0.0585,0.0192,14.153,0.2356,5.078,0.2136,0.1894,0.3491,3,0.1505,30,1,1,1,0.8692,0.9743,Complete,2027-09-28,231808800,Test
PRJ3-00506,Aspen Education Center 506,Institutional,Northeast,NJ,Public,Unit Price,Design-Build,Moderate,Moderate,Standard,2021-10-11,2022-09-10,2022,187899600,899,0.372,0.3707,0.957,1.0085,0.0295,1,1.022,19,12,0.493,0.9742,97,5.162,7.715,0.286,0.2921,0.0674,0.1449,0.0331,0.1216,0,0,18.032,0.1903,0.055,0.1831,0.2437,0.2358,1,0.0076,20,0,0,0,0.9924,0.9782,Complete,2024-04-17,189329400,Train
PRJ3-00507,Evergreen Transit-Oriented Development 507,Mixed-Use,Mountain,CO,Private,Unit Price,CMAR,High,Low,Fast,2020-10-03,2022-01-22,2022,403093500,802,0.594,0.5561,0.9575,0.959,0.0226,30,0.8498,31,15,0.309,0.9864,217,5.383,10.043,0.141,0.412,0.1371,0.2014,0.0645,0.1228,0.0933,0.0323,23.872,0.1903,3.589,0.4283,0.2953,0.2873,4,0.1199,-25,1,0,1,0.8929,1.0322,Complete,2022-11-19,451420900,Train
PRJ3-00508,Copper District 508,Mixed-Use,Southwest,NM,Private,Guaranteed Maximum Price,Design-Bid-Build,Low,Low,Slow,2025-01-06,2025-09-06,2025,135351800,659,0.37,0.3151,0.9258,0.9092,0.0368,36,0.9108,18,0,0.329,0.9572,64,4.728,9.683,0.221,0.374,0.1043,0.127,0.0479,0.1234,0.0267,0.0418,19.979,0.2715,6.816,0.2887,0.2522,0.3635,4,0.1175,1,1,0,1,0.8949,0.9985,Complete,2026-10-28,151252400,Test
PRJ3-00509,Riverside Apartments 509,Residential,West,WA,Private,Guaranteed Maximum Price,Design-Bid-Build,Moderate,Moderate,Standard,2022-07-18,2023-01-12,2023,202869400,460,0.388,0.3906,0.9913,1.0778,-0.0111,-1,0.9647,18,6,0.673,0.9597,95,4.683,10.749,0.08,0.3592,0.0402,0.0806,0.0312,0.0929,0.0196,0.0258,28.144,0.2711,0.362,0.2158,0.2085,0.3911,3,0.085,14,0,0,0,0.9217,0.9705,Complete,2023-11-04,220112400,Train
PRJ3-00510,Aspen Housing 510,Residential,Mountain,MT,Public-Private Partnership,Unit Price,Design-Build,Moderate,Moderate,Slow,2019-01-17,2019-07-08,2019,92245800,422,0.409,0.4223,0.9841,1.0131,0.0057,-6,0.972,21,11,0.568,0.9823,49,5.312,9.136,0.3192,0.2601,0.0539,0.0623,0.054,0.1338,0.013,0.0372,28.615,0.267,10.119,0.2868,0.2187,0.3971,5,-0.0132,-6,0,0,0,1.0133,1.0144,Complete,2020-03-08,91031500,Train
PRJ3-00511,Granite Town Center 511,Mixed-Use,West,WA,Private,Lump Sum,Design-Bid-Build,High,High,Standard,2022-03-10,2023-07-18,2023,134667600,921,0.538,0.5816,0.9619,1.0135,0.0292,-40,1.0199,14,2,0.771,0.9557,79,5.866,6.313,0.3078,0.1924,0.0514,0.1249,0.0065,0.1789,0.05,0.0258,13.85,0.1282,6.442,0.5416,0.1912,0.3547,3,0.1197,38,1,1,1,0.8931,0.9604,Complete,2024-10-24,150783300,Train
PRJ3-00512,Granite Education Center 512,Institutional,Midwest,OH,Public,Lump Sum,IPD,Moderate,Moderate,Standard,2021-09-22,2023-03-19,2023,125949000,1025,0.53,0.5054,0.9386,0.9937,0.0188,25,0.8885,0,22,0.642,0.9721,53,4.208,9.367,0.139,0.3486,0.0611,0.1018,0.0083,0.1654,0,0.0218,5,0.1557,1.79,0.2855,0.1123,0.4427,2,0.0511,17,0,0,0,0.9514,0.9837,Complete,2024-07-30,132381000,Train
PRJ3-00513,Gateway Corporate Center 513,Commercial,Southwest,AZ,Public-Private Partnership,Guaranteed Maximum Price,Design-Bid-Build,Very High,High,Standard,2022-02-01,2022-10-08,2022,61570900,673,0.37,0.361,0.9626,1.0377,0.0173,6,0.9766,26,14,0.223,0.9334,44,7.146,5.474,0.334,0.3243,0.0975,0.136,0.0982,0.2753,0.059,0.0331,13.118,0.2485,2.656,0.3669,0.1844,0.367,3,0.1481,-3,1,0,1,0.871,1.0045,Complete,2023-12-03,70692000,Train
PRJ3-00515,Harbor Airport Improvements 515,Infrastructure,Mountain,ID,Public-Private Partnership,Unit Price,Design-Build,Moderate,Moderate,Standard,2022-04-11,2024-01-23,2024,267505900,1382,0.472,0.5172,0.9813,1.12,0.0169,-62,0.9936,14,9,0.471,0.9666,127,4.748,8.814,0.3306,0.368,0.1081,0.0627,0.0432,0.0253,0.0203,0.0125,20.185,0.1629,0,0.1253,0.2117,0.3327,2,0.0262,18,0,0,0,0.9745,0.9871,Complete,2026-02-09,274517900,Validation
PRJ3-00516,Riverside Retail Center 516,Commercial,Southwest,AZ,Private,Cost Plus,Design-Bid-Build,Moderate,Moderate,Standard,2020-08-16,2021-05-17,2021,113313400,751,0.365,0.426,0.8877,1.097,0.084,-46,0.858,22,5,0.288,0.9592,52,4.589,7.181,0.3987,0.2965,0.0889,0.0031,0.001,0.1378,0.0221,0.0229,16.15,0.1631,5.561,0.3418,0.0966,0.5148,3,0.0432,2,0,0,0,0.9586,0.9973,Complete,2022-09-08,118209100,Train
PRJ3-00517,Crescent Corporate Center 517,Commercial,Mountain,UT,Private,Unit Price,Design-Bid-Build,Very High,Moderate,Fast,2018-02-01,2019-01-17,2019,103286000,840,0.417,0.4404,0.9668,1.0056,-0.0089,-20,0.9725,0,15,1.242,0.9512,56,5.422,6.653,0.389,0.2312,0.076,0.1804,0.0515,0.0996,0.0713,0.0314,9.019,0.3201,8.596,0.2247,0.1443,0.4345,3,0.0091,-18,0,0,0,0.9909,1.0219,Complete,2020-05-03,104230200,Train
PRJ3-00519,Canyon Transit Program 519,Infrastructure,Southwest,NM,Private,Cost Plus,Design-Build,Moderate,Moderate,Standard,2021-04-22,2022-05-24,2022,119197000,975,0.408,0.3604,1.0062,0.9708,0.0025,46,1.003,13,4,0.529,0.9693,60,5.034,8.277,0.373,0.3185,0.0794,0.1537,0.0537,0.1118,0.0406,0.0246,23.277,0.2779,1.568,0.1243,0.234,0.3043,3,0.0025,-16,0,0,0,0.9975,1.0167,Complete,2023-12-07,119489900,Train
PRJ3-00520,Northstar Highway Improvements 520,Heavy Civil,Midwest,OH,Public,Guaranteed Maximum Price,Design-Bid-Build,Moderate,Moderate,Standard,2021-07-21,2022-07-28,2022,163194600,866,0.43,0.3926,0.9064,0.9864,0.0418,32,1.0166,11,14,0.437,0.9479,86,5.27,7.842,0.1784,0.3083,0.0926,0.1139,0.0322,0.0417,0.0567,0.0175,19.085,0.2793,4.259,0.3515,0.2031,0.3156,2,0.1041,17,1,0,1,0.9057,0.9807,Complete,2023-12-21,180183400,Train
PRJ3-00521,Canyon Town Center 521,Mixed-Use,Midwest,IL,Public,Guaranteed Maximum Price,Design-Build,Moderate,High,Slow,2021-10-01,2023-03-11,2023,327019400,1057,0.498,0.5168,0.9693,0.9681,0.0169,-20,1.0161,16,11,0.683,0.9631,152,4.648,12.401,0.08,0.469,0.1098,0,0.0242,0.1479,0.0285,0.0152,47.541,0.5607,4.665,0.1526,0.3853,0.4577,6,0.0342,28,0,0,0,0.9669,0.9742,Complete,2024-09-20,338202700,Train
PRJ3-00522,Canyon Urban Village 522,Mixed-Use,Southwest,TX,Public-Private Partnership,Cost Plus,CMAR,Moderate,Moderate,Slow,2022-07-17,2023-08-15,2023,137514900,866,0.456,0.4145,0.8547,0.9704,0.0894,36,0.95,20,8,0.882,0.9472,68,4.945,6.12,0.4553,0.2895,0.0685,0.1167,0.0326,0.229,0.0049,0.0337,23.834,0.2439,7.083,0.3413,0.2315,0.4092,4,0.1283,-4,1,0,1,0.8863,1.0046,Complete,2024-11-25,155157400,Train
PRJ3-00523,Summit Housing 523,Residential,Northeast,PA,Private,Lump Sum,Design-Build,High,Low,Slow,2020-05-21,2021-01-18,2021,52563300,591,0.411,0.3407,0.7981,0.8158,0.0533,42,0.9277,30,7,0.578,0.9403,31,5.898,11.995,0.1046,0.4736,0.1174,0.2142,0.0608,0.3568,0.0325,0.0308,24.159,0.3595,4.317,0.2034,0.2444,0.3789,5,0.1339,60,1,1,1,0.8819,0.9078,Complete,2022-03-03,59600000,Train
PRJ3-00524,Crescent Highway Improvements 524,Heavy Civil,Northeast,CT,Public,Guaranteed Maximum Price,Design-Build,Low,Low,Fast,2020-04-13,2022-04-15,2022,186975000,1233,0.594,0.5825,0.9721,1.0164,0.0424,14,0.8897,4,14,0.262,0.9894,75,4.011,9.172,0.3342,0.3649,0.0752,0.1433,0.007,0.118,0.0097,0.0063,25.076,0.3375,0.095,0.2113,0.2353,0.3391,2,0.0168,2,0,0,0,0.9835,0.9984,Complete,2023-08-31,190112100,Train
PRJ3-00526,Northstar Urban Village 526,Mixed-Use,Southeast,FL,Private,Guaranteed Maximum Price,IPD,High,Moderate,Standard,2017-11-14,2019-03-05,2019,82689500,979,0.487,0.4812,1.0477,0.9794,-0.0282,6,1.0573,8,10,0.345,0.9689,38,4.596,5.902,0.4943,0.2395,0.022,0.0804,0.0546,0.2425,0.0198,0.022,16.668,0.2167,1.689,0.1488,0.1009,0.3221,2,0.0345,-25,0,0,0,0.9667,1.0262,Complete,2020-06-25,85538900,Train
PRJ3-00527,Granite Education Center 527,Institutional,Southeast,NC,Private,Cost Plus,Design-Bid-Build,High,High,Standard,2024-02-10,2025-06-18,2025,98917200,1080,0.458,0.5045,1.0055,1.1104,0.0033,-50,0.978,16,10,0.636,0.9577,40,4.044,4.426,0.453,0.0642,0.0433,0.2012,0.0399,0.1159,0.0717,0.0176,13.131,0.14,6.745,0.3996,0.1329,0.282,2,-0.0076,-25,0,0,0,1.0076,1.0237,Complete,2026-12-31,98166600,Test
PRJ3-00528,Cedar Retail Center 528,Commercial,Southeast,GA,Private,Guaranteed Maximum Price,IPD,Moderate,High,Slow,2022-04-09,2023-03-15,2023,47552700,743,0.458,0.4483,1.0204,0.9656,-0.0151,7,1.0169,15,19,0.799,0.9684,25,5.257,8.473,0.2207,0.4291,0.102,0.0154,0.0058,0.0892,0.0142,0.0314,21.166,0.2834,0,0.181,0.2115,0.3016,3,0.0337,-2,0,0,0,0.9674,1.0027,Complete,2024-04-19,49154900,Train
PRJ3-00529,Pioneer Transit-Oriented Development 529,Mixed-Use,Northeast,CT,Private,Lump Sum,Design-Bid-Build,Very High,Moderate,Slow,2018-11-07,2019-12-24,2019,180856300,872,0.473,0.3995,0.8635,0.8854,0.0639,64,0.8142,55,24,0.617,0.9419,113,6.248,6.283,0.394,0.257,0.0794,0.2228,0.0947,0.207,0.0717,0.0359,37.082,0.4811,3.208,0.3744,0.3824,0.4308,4,0.2334,58,1,1,1,0.8108,0.9376,Complete,2021-05-25,223069000,Train
PRJ3-00530,Crescent Housing 530,Residential,Mountain,WY,Public,Cost Plus,Design-Bid-Build,Low,High,Fast,2020-07-20,2021-05-05,2021,127199500,612,0.473,0.4716,1.1107,1.0741,-0.0317,1,1.1036,0,17,0.303,0.9852,53,4.167,8.54,0.3149,0.3218,0.0623,0.1216,0.059,0.115,0.0025,0.0079,18.735,0.2833,1.176,0.1531,0.2098,0.1971,2,-0.0757,21,0,0,0,1.0819,0.9668,Complete,2022-04-14,117567600,Train
PRJ3-00531,Harbor Urban Village 531,Mixed-Use,Southeast,FL,Public,Guaranteed Maximum Price,Design-Build,Moderate,Moderate,Standard,2020-01-21,2021-01-08,2021,234644700,914,0.387,0.4286,0.9092,1.1089,0.0444,-38,0.9631,25,8,0.03,0.9747,94,4.006,3.958,0.5565,0.2337,0.061,0.1214,0.0341,0.1841,0,0.0087,7.839,0.1707,0,0.1173,0.0254,0.3863,1,0.0924,25,0,0,0,0.9154,0.9734,Complete,2022-08-17,256324300,Train
PRJ3-00532,Pioneer Civic Complex 532,Institutional,West,WA,Private,Cost Plus,Design-Build,Low,Moderate,Fast,2018-10-23,2019-09-22,2019,227406500,731,0.458,0.4353,1.0415,0.9619,-0.0151,17,1.084,0,15,0.591,0.9823,102,4.485,6.67,0.5461,0.2994,0.0801,0.0724,0.0337,0.0935,0.0202,0.0085,19.173,0.2451,0,0.2747,0.213,0.2161,1,0.0759,27,0,0,0,0.9295,0.9644,Complete,2020-11-19,244664900,Train
PRJ3-00533,Canyon Residences 533,Residential,Southeast,TN,Private,Lump Sum,Design-Build,Moderate,Moderate,Fast,2022-03-01,2022-09-26,2022,44056300,554,0.379,0.3942,0.9605,0.9948,0.0303,-8,1.0327,9,10,0.476,0.9635,12,2.724,7.896,0.4133,0.3396,0.0724,0.093,0.0524,0.0852,0.0187,0.0016,20.503,0.214,0.108,0.1764,0.1872,0.3032,1,0.0265,-20,0,0,0,0.9741,1.0375,Complete,2023-08-17,45225900,Train
PRJ3-00534,Redwood Research Facility 534,Institutional,Mountain,UT,Private,Guaranteed Maximum Price,IPD,Moderate,High,Fast,2021-03-10,2022-03-14,2022,248848100,727,0.508,0.4893,1.1118,1.0208,-0.0422,14,1.019,13,0,0.694,0.9793,101,4.059,14.583,0.08,0.406,0.0512,0.069,0.058,0.1575,0.0409,0.016,9.973,0.1676,2.329,0.3139,0.1962,0.3937,3,0.0699,4,0,0,0,0.9346,0.9945,Complete,2023-03-11,266250700,Train
PRJ3-00535,Canyon Retail Center 535,Commercial,Southeast,FL,Public-Private Partnership,Guaranteed Maximum Price,Design-Bid-Build,High,High,Standard,2021-06-23,2022-05-20,2022,45517200,632,0.525,0.4981,1.0099,0.8806,-0.0195,17,0.9955,16,11,0.4,0.9435,23,5.053,9.194,0.2064,0.3146,0.0848,0.1547,0.0644,0.2102,0.042,0.0168,36.33,0.3459,1.282,0.288,0.4059,0.1635,4,-0.0036,76,0,1,1,1.0037,0.8927,Complete,2023-06-01,45351300,Train
PRJ3-00536,Cedar Apartments 536,Residential,West,NV,Public,Guaranteed Maximum Price,Design-Bid-Build,High,Moderate,Slow,2020-01-12,2020-07-06,2020,22557400,432,0.408,0.3875,0.9379,0.9684,0.0378,9,0.9813,9,9,0.806,0.9556,10,4.433,10.142,0.143,0.424,0.1025,0.1418,0.056,0.1786,0.0626,0.0409,23.067,0.306,10.108,0.2627,0.2902,0.4618,5,0.1152,19,1,0,1,0.8967,0.9579,Complete,2021-04-07,25155800,Train
PRJ3-00537,Redwood Bridge Program 537,Heavy Civil,West,WA,Private,Cost Plus,CMAR,High,High,Standard,2021-05-19,2022-08-28,2022,201802400,1233,0.378,0.3955,0.8928,1.0028,0.0582,-22,1.0247,5,0,0.621,0.9544,104,5.154,10.606,0.3216,0.3814,0.086,0.1047,0.021,0.1348,0.0507,0.0304,21.686,0.3255,6.559,0.2946,0.2091,0.2851,4,0.0416,-19,0,0,0,0.9601,1.0157,Complete,2024-09-14,210199400,Train
PRJ3-00538,Lakeview Neighborhood 538,Residential,Midwest,OH,Public,Guaranteed Maximum Price,Design-Bid-Build,Moderate,Moderate,Standard,2021-04-04,2022-01-20,2022,211725100,600,0.485,0.4682,1.0376,1.0181,-0.0217,10,0.9457,7,8,0.748,0.9617,101,4.77,9.888,0.2416,0.3255,0.0435,0.06,0.0334,0.0909,0.011,0.0249,17.538,0.2835,2.503,0.1566,0.2363,0.258,3,0.0496,30,0,1,1,0.9527,0.9524,Complete,2022-12-25,222234800,Train
PRJ3-00539,Aspen Public Works Program 539,Infrastructure,West,WA,Public,Guaranteed Maximum Price,Design-Build,High,Moderate,Standard,2022-12-08,2024-05-02,2024,218894300,1115,0.459,0.4843,0.9542,1.0703,0.054,-28,0.9754,23,7,0.689,0.9523,110,5.025,9.069,0.3292,0.2555,0.0972,0.061,0.0288,0.1741,0.0403,0.0079,21.557,0.2126,4.323,0.3517,0.2592,0.4118,2,0.0651,9,0,0,0,0.9389,0.992,Complete,2026-01-05,233142100,Validation
PRJ3-00540,Pioneer Civic Complex 540,Institutional,Midwest,OH,Private,Lump Sum,IPD,Moderate,Moderate,Slow,2018-01-12,2019-03-25,2019,180833700,852,0.514,0.496,0.9793,0.9559,0.0266,15,0.9863,0,15,0.556,0.9659,92,5.088,7.772,0.3333,0.3371,0.0719,0.1112,0.0458,0.111,0.0098,0.0327,37.709,0.468,8.414,0.3212,0.3363,0.331,5,0.0029,8,0,0,0,0.9971,0.9907,Complete,2020-05-21,181366200,Train
PRJ3-00541,Canyon Town Center 541,Mixed-Use,Southwest,AZ,Private,Lump Sum,Design-Build,Very High,High,Standard,2017-08-31,2019-01-11,2019,950000000,894,0.558,0.569,0.9209,1.0392,0.0358,-10,0.9366,0,13,0.463,0.9541,240,2.526,7.072,0.325,0.2376,0.0819,0.1528,0.0489,0.3033,0.0243,0.0178,33.594,0.2354,5.693,0.3401,0.3094,0.3899,4,0.1125,-1,1,0,1,0.8988,1.0011,Complete,2020-02-10,1056911200,Train
PRJ3-00542,Cedar Corporate Center 542,Commercial,West,NV,Public,Unit Price,Design-Bid-Build,Very High,High,Standard,2020-12-25,2021-08-11,2021,105447200,551,0.416,0.4039,0.9454,0.945,0.0335,7,0.855,17,14,0.708,0.9641,60,5.69,8.837,0.1641,0.3725,0.0949,0.1941,0.0888,0.2806,0.0502,0.0324,30.945,0.3914,7.687,0.3468,0.2882,0.4063,5,0.0758,-3,0,0,0,0.9296,1.0055,Complete,2022-06-26,113438000,Train
PRJ3-00543,Lakeview Distribution Hub 543,Industrial,Northeast,NY,Private,Unit Price,CMAR,Very High,Low,Standard,2023-09-20,2024-10-31,2024,52970800,967,0.421,0.3673,0.8315,0.8292,0.0782,52,0.884,23,16,0.576,0.9642,45,8.495,12.751,0.08,0.3884,0.0968,0.2728,0.082,0.224,0.0507,0.0513,19.719,0.3864,4.446,0.4168,0.3322,0.4705,5,0.1555,74,1,1,1,0.8654,0.9289,Complete,2026-07-27,61210300,Validation
PRJ3-00544,Northstar Education Center 544,Institutional,Mountain,CO,Public,Lump Sum,IPD,Moderate,Moderate,Standard,2024-12-02,2025-10-22,2025,210522000,750,0.433,0.4152,0.9385,0.9702,0.0432,13,1.0248,3,11,0.611,1.0,88,4.18,5.692,0.4217,0.1953,0.0642,0.0606,0.0108,0.0577,0.0376,0.0006,22.202,0.3329,5.474,0.2138,0.2214,0.2035,2,-0.0094,33,0,1,1,1.0095,0.9579,Complete,2027-01-24,208537100,Test
PRJ3-00545,Crescent Retail Center 545,Commercial,Southeast,GA,Private,Lump Sum,CMAR,Moderate,Moderate,Fast,2022-10-14,2023-11-06,2023,71617200,832,0.467,0.514,1.0203,1.12,-0.0188,-39,1.0104,1,14,0.51,0.9649,36,5.027,8.01,0.423,0.2625,0.0934,0.1028,0.0675,0.02,0.0007,0.0231,20.734,0.1487,1.322,0.4248,0.1912,0.2568,2,-0.0079,4,0,0,0,1.0079,0.9952,Complete,2025-01-27,71053100,Train
PRJ3-00546,Copper Apartments 546,Residential,Mountain,UT,Public,Unit Price,Design-Bid-Build,Very High,High,Slow,2023-09-13,2024-08-21,2024,12644000,598,0.574,0.4925,1.0691,0.8944,-0.0171,49,0.9682,30,9,0.745,0.9481,9,7.118,8.89,0.1888,0.3091,0.0653,0.2367,0.0421,0.2554,0.0359,0.0528,22.117,0.3211,3.811,0.079,0.2294,0.3801,4,0.0447,37,0,1,1,0.9572,0.9417,Complete,2025-06-09,13209600,Validation
PRJ3-00547,Cedar Highway Improvements 547,Heavy Civil,Northeast,NY,Public-Private Partnership,Lump Sum,Design-Build,Low,High,Standard,2022-08-20,2024-04-04,2024,178629500,1042,0.57,0.6008,0.9761,1.0196,0.0065,-32,1.0438,0,12,0.493,0.9746,60,3.359,7.335,0.5577,0.3157,0.0933,0.0381,0.0216,0.104,0.0178,0.0058,31.048,0.3701,7.191,0.0855,0.2303,0.2719,3,0.0833,4,0,0,0,0.9231,0.9962,Complete,2025-07-01,193513200,Validation
PRJ3-00548,Summit Highway Improvements 548,Heavy Civil,Southeast,FL,Public,Unit Price,Design-Bid-Build,High,High,Standard,2022-05-09,2023-12-11,2023,254933100,1204,0.483,0.4915,1.0099,0.9993,-0.0067,-10,0.9301,8,5,0.795,0.9564,149,5.845,8.549,0.249,0.3375,0.0754,0.0647,0.0277,0.2186,0.0407,0.022,27.13,0.3424,3.676,0.1332,0.2115,0.3415,3,0.0374,46,0,1,1,0.9639,0.9632,Complete,2025-10-10,264479200,Train
PRJ3-00549,Northstar Research Facility 549,Institutional,Southwest,AZ,Private,Guaranteed Maximum Price,Design-Build,High,High,Standard,2022-09-06,2023-08-28,2023,63632800,693,0.515,0.5208,0.8076,1.0446,0.1037,-4,1.0627,19,6,0.782,0.9745,26,4.086,10.228,0.1412,0.3358,0.1017,0.0216,0.0277,0.1756,0.0483,0.0094,22.727,0.219,0.077,0.4307,0.2292,0.4463,2,0.147,-23,1,0,1,0.8718,1.0343,Complete,2024-07-07,72990000,Train
PRJ3-00550,Copper Office Campus 550,Commercial,Southwest,TX,Private,Cost Plus,CMAR,Very High,High,Fast,2019-05-17,2020-04-28,2020,217073600,746,0.466,0.5078,0.9882,1.0778,0.0062,-31,0.9731,12,7,0.686,0.9676,122,5.62,9.159,0.2599,0.32,0.0806,0.1331,0.0392,0.241,0.0555,0.0069,26.194,0.3349,4.016,0.1682,0.283,0.3897,3,0.068,-13,0,0,0,0.9364,1.0177,Complete,2021-05-19,231828200,Train
PRJ3-00552,Cedar Housing 552,Residential,Mountain,WY,Public,Cost Plus,Design-Build,Moderate,Moderate,Slow,2020-12-05,2022-01-20,2022,36196400,774,0.532,0.4929,0.9209,0.9258,0.0411,30,0.996,19,14,0.38,0.9662,38,10.498,9.691,0.1496,0.4484,0.0988,0.0893,0.0454,0.1475,0.0291,0.0319,36.02,0.4942,7.21,0.1633,0.3143,0.3406,5,0.1026,32,1,1,1,0.9069,0.9603,Complete,2023-02-19,39910100,Train
PRJ3-00553,Granite Logistics Center 553,Industrial,Mountain,MT,Public,Guaranteed Maximum Price,IPD,Very High,Moderate,Standard,2023-03-10,2024-01-13,2024,350098900,841,0.368,0.3556,0.9953,0.9678,0.0166,10,1.0144,0,22,0.697,0.9532,212,6.055,9.727,0.2433,0.3797,0.0932,0.1198,0.0214,0.1294,0.0562,0.0153,20.231,0.2976,5.43,0.3261,0.2361,0.3588,3,-0.0294,1,0,0,0,1.0303,0.9988,Complete,2025-06-29,339798700,Validation
PRJ3-00554,Gateway District 554,Mixed-Use,Southwest,NM,Private,Cost Plus,CMAR,High,High,Slow,2020-07-03,2021-08-18,2021,56729000,981,0.419,0.3633,0.8774,0.8816,0.0509,55,0.9724,4,5,0.726,0.9517,22,3.878,10.505,0.1736,0.4495,0.0909,0.1761,0.0925,0.0912,0.0275,0.0515,15.482,0.1325,4.774,0.2182,0.269,0.6178,5,0.0316,23,0,0,0,0.9694,0.9771,Complete,2023-04-03,58522700,Train
PRJ3-00555,Mesa Distribution Hub 555,Industrial,Mountain,WY,Public,Cost Plus,Design-Build,High,Moderate,Fast,2020-06-21,2021-07-07,2021,139620100,949,0.402,0.3988,0.9931,0.9825,0.0023,3,0.9746,20,14,0.347,0.9431,81,5.801,2,0.5928,0.1327,0.0624,0.1536,0.0734,0.149,0.0638,0.032,23.944,0.2909,5.329,0.32,0.2475,0.2859,3,0.0654,3,0,0,0,0.9386,0.9968,Complete,2023-01-29,148754400,Train
PRJ3-00556,Redwood Medical Center 556,Institutional,Mountain,UT,Private,Cost Plus,Design-Build,Moderate,High,Fast,2024-10-04,2025-09-13,2025,98732100,833,0.413,0.468,0.9947,1.1085,0.0301,-46,1.0281,0,10,0.322,0.9604,46,4.659,3.664,0.5914,0.1427,0.0465,0.104,0.0441,0.2428,0.0277,0.0118,18.836,0.3031,4.869,0.3806,0.1625,0.2462,2,0.0773,13,0,0,0,0.9282,0.9846,Complete,2027-01-28,106367300,Test
PRJ3-00557,Granite Earthworks Package 557,Heavy Civil,West,NV,Public,Cost Plus,CMAR,Moderate,Low,Standard,2023-01-21,2024-02-13,2024,820939800,785,0.495,0.4458,0.9842,0.931,0.0257,39,0.9832,17,9,0.49,0.9494,240,2.923,12.201,0.08,0.3319,0.0703,0.144,0.0071,0.1984,0.0451,0.0192,35.852,0.2882,5.344,0.3726,0.3579,0.2191,5,0.0634,6,0,0,0,0.9403,0.9924,Complete,2025-03-22,873026300,Validation
PRJ3-00558,Liberty Apartments 558,Residential,Southwest,NM,Private,Guaranteed Maximum Price,Design-Bid-Build,Low,Low,Standard,2019-09-18,2020-08-19,2020,20397100,677,0.497,0.537,1.0269,1.0699,-0.0087,-27,1.0123,4,3,0.547,0.9612,4,1.961,13.199,0.1412,0.4658,0.1034,0.0677,0.0581,0.1345,0.0174,0.0232,25.011,0.2672,1.354,0.238,0.2107,0.1489,4,-0.0395,-3,0,0,0,1.0411,1.0045,Complete,2021-07-23,19591200,Train
PRJ3-00559,Gateway Logistics Center 559,Industrial,West,NV,Private,Cost Plus,Design-Bid-Build,High,Low,Fast,2023-10-08,2024-08-28,2024,56293200,793,0.411,0.4175,0.9402,0.9354,0.0462,-5,1.0539,36,10,0.651,0.9542,41,7.283,5.9,0.4005,0.1821,0.0728,0.1789,0.0482,0.3001,0.0549,0.0149,26.853,0.2903,3.633,0.3494,0.2538,0.3595,3,0.1337,55,1,1,1,0.8821,0.9351,Complete,2026-02-02,63820300,Validation
PRJ3-00560,Northstar Marketplace 560,Commercial,Southwest,AZ,Public,Unit Price,Design-Build,Very High,Moderate,Standard,2021-08-18,2022-07-14,2022,40992400,568,0.581,0.5844,1.0622,1.0104,-0.06,-2,0.9834,10,17,0.872,0.9613,17,4.147,10.619,0.1976,0.3192,0.0904,0.1318,0.0187,0.1771,0.0689,0.0474,16.072,0.2744,7.984,0.5557,0.2276,0.3427,5,0.0476,1,0,0,0,0.9545,0.9982,Complete,2023-03-10,42945400,Train
PRJ3-00561,Pioneer Public Works Program 561,Infrastructure,Mountain,ID,Private,Unit Price,Design-Bid-Build,High,Moderate,Fast,2020-04-07,2021-10-20,2021,501035400,1202,0.467,0.4327,1.003,0.9654,-0.0221,41,1.0272,26,7,0.321,0.9477,240,4.79,7.923,0.2318,0.3143,0.0454,0.1296,0.0434,0.2126,0.0608,0.046,9.388,0.1517,2.878,0.1994,0.1774,0.2943,3,0.0481,-25,0,0,0,0.9541,1.0212,Complete,2023-06-28,525144300,Train
PRJ3-00562,Horizon Residences 562,Residential,Southeast,NC,Private,Lump Sum,Design-Build,Moderate,Moderate,Fast,2022-01-23,2023-03-20,2023,17030800,726,0.581,0.528,0.983,0.9018,0.008,39,1.0376,0,12,0.42,0.9869,5,2.936,5.578,0.3159,0.2661,0.0537,0.1598,0.0957,0.1724,0.018,0,17.219,0.215,1.99,0.0432,0.217,0.4229,1,0.0454,9,0,0,0,0.9566,0.9878,Complete,2024-01-28,17804000,Train
PRJ3-00563,Cedar Marketplace 563,Commercial,Midwest,MN,Private,Unit Price,Design-Build,Moderate,High,Standard,2024-08-12,2025-06-14,2025,24866100,672,0.456,0.5217,1.0128,1.12,0.0001,-44,1.0611,8,14,0.483,0.9811,7,2.815,7.591,0.439,0.3041,0.064,0.1198,0.0299,0.02,0.0372,0.029,20.088,0.231,4.849,0.3738,0.2632,0.3796,3,0.0658,20,0,0,0,0.9383,0.9711,Complete,2026-07-05,26501800,Test
PRJ3-00564,Horizon Urban Village 564,Mixed-Use,Midwest,MO,Public-Private Partnership,Unit Price,Design-Build,Moderate,Moderate,Slow,2020-06-19,2021-09-15,2021,133135900,776,0.584,0.5423,0.9353,0.9239,0.0254,32,1.0377,11,18,0.603,0.9809,54,4.056,10.344,0.1821,0.455,0.1178,0.2113,0.0605,0.2156,0.017,0.0309,16.965,0.2346,4.786,0.2024,0.2727,0.3342,4,0.0864,19,0,0,0,0.9205,0.9761,Complete,2022-08-23,144638900,Train
PRJ3-00565,Mesa Water Program 565,Heavy Civil,West,WA,Public,Guaranteed Maximum Price,CMAR,Very High,Moderate,Slow,2018-09-01,2020-03-11,2020,217185600,1127,0.495,0.4605,0.8464,0.8738,0.0824,39,0.9039,28,0,1.261,0.9604,142,6.538,16.273,0.08,0.5213,0.1142,0.0818,0.065,0.2762,0.0863,0.0498,22.619,0.409,3.877,0.4328,0.2766,0.4138,6,0.1497,9,1,0,1,0.8698,0.9921,Complete,2021-10-11,249697100,Train
PRJ3-00566,Summit Airport Improvements 566,Infrastructure,Northeast,MA,Private,Guaranteed Maximum Price,CMAR,Moderate,High,Standard,2024-04-15,2025-09-19,2025,376410900,1244,0.42,0.4654,1.0294,1.0623,-0.0193,-56,0.9695,0,11,0.242,0.9744,170,4.516,10.637,0.0811,0.3447,0.0907,0.0997,0.0546,0.1004,0.0419,0,29.889,0.2928,2.925,0.3903,0.2564,0.3452,3,0.0094,12,0,0,0,0.9907,0.9904,Complete,2027-09-23,379947600,Test
PRJ3-00567,Summit Utility Corridor 567,Infrastructure,Midwest,OH,Public,Guaranteed Maximum Price,CMAR,Very High,High,Standard,2024-03-08,2025-12-08,2025,242942400,1392,0.46,0.4405,1.014,0.9468,0.0283,27,0.9573,33,22,1.04,0.9578,133,5.475,6.256,0.4058,0.2285,0.0927,0.212,0.0737,0.2703,0.0627,0.0379,22.855,0.2406,0,0.2007,0.2867,0.393,3,-0.0082,32,0,1,1,1.0082,0.9775,Complete,2028-01-31,240960100,Test
PRJ3-00568,Riverside Bridge Program 568,Heavy Civil,Mountain,ID,Private,Cost Plus,Design-Build,High,High,Slow,2023-08-04,2025-03-16,2025,294196000,1200,0.492,0.4208,0.8329,0.8792,0.0903,85,0.9692,29,10,0.966,0.9508,168,5.71,2,0.6058,0.1244,0.0399,0.1353,0.067,0.1172,0.0592,0.0496,26.398,0.3189,6.083,0.348,0.2763,0.5229,4,0.1758,17,1,0,1,0.8505,0.986,Complete,2026-12-03,345906300,Test
PRJ3-00569,Horizon Education Center 569,Institutional,Midwest,MI,Public,Guaranteed Maximum Price,Design-Bid-Build,Very High,Moderate,Standard,2022-10-20,2023-12-05,2023,126389100,1096,0.375,0.3379,0.7961,0.9817,0.0956,41,0.9487,21,22,0.819,0.9602,83,6.567,11.55,0.08,0.4742,0.1081,0.1692,0.0553,0.256,0.0725,0.0503,32.917,0.1978,5.559,0.2705,0.4028,0.464,6,0.2201,19,1,0,1,0.8196,0.983,Complete,2025-11-08,154207400,Train
PRJ3-00570,Harbor Transit-Oriented Development 570,Mixed-Use,Mountain,UT,Public,Guaranteed Maximum Price,CMAR,Moderate,Moderate,Standard,2020-04-04,2020-12-04,2020,143919700,668,0.366,0.3203,0.9916,0.9052,0.0054,31,0.9342,24,14,0.934,0.9658,69,4.794,11.239,0.0877,0.4113,0.0905,0.0497,0.0163,0.0434,0.0333,0.0266,35.151,0.3212,4.248,0.3486,0.2875,0.3076,5,0.0801,19,0,0,0,0.9258,0.9723,Complete,2022-02-20,155447500,Train
PRJ3-00571,Mesa Marketplace 571,Commercial,Midwest,MN,Private,Guaranteed Maximum Price,Design-Bid-Build,Moderate,Low,Standard,2018-07-11,2019-05-01,2019,143994500,599,0.491,0.5268,0.9382,1.0273,0.0511,-21,0.9741,4,18,0.837,0.9505,65,4.514,5.735,0.4322,0.1999,0.0446,0.1342,0.0591,0.2046,0.0634,0.0385,18.17,0.3396,0,0.4541,0.2397,0.3347,2,0.0925,9,0,0,0,0.9153,0.9852,Complete,2020-03-10,157317100,Train
PRJ3-00572,Riverside Utility Corridor 572,Infrastructure,Midwest,MO,Public,Unit Price,IPD,Moderate,High,Slow,2024-02-13,2025-08-19,2025,86975600,1191,0.465,0.4127,0.97,0.8921,0.0011,62,1.0596,16,19,0.734,0.9863,31,3.564,10.554,0.08,0.5005,0.093,0.0573,0.021,0.1311,0,0.0068,28.71,0.3958,5.829,0.2294,0.2779,0.4575,4,-0.0142,35,0,1,1,1.0144,0.9715,Complete,2027-06-23,85743000,Test
PRJ3-00573,Aspen Earthworks Package 573,Heavy Civil,Mountain,UT,Private,Lump Sum,CMAR,High,Moderate,Standard,2024-04-18,2025-08-23,2025,263758500,1166,0.422,0.3689,0.9571,0.8997,0.0174,62,0.9296,28,13,0.501,0.9749,138,5.232,10.946,0.125,0.3074,0.065,0.097,0.029,0.2291,0.0218,0.0249,28.847,0.2584,4.192,0.4771,0.3431,0.353,4,0.0145,63,0,1,1,0.9857,0.9487,Complete,2027-08-30,267585500,Test
PRJ3-00574,Harbor Water Program 574,Heavy Civil,Southwest,TX,Private,Lump Sum,Design-Build,Very High,Moderate,Fast,2021-12-04,2023-08-21,2023,169823200,1092,0.573,0.5494,0.9875,0.9342,0.01,26,0.8477,18,22,0.893,0.981,98,5.771,14.184,0.08,0.4154,0.1184,0.2097,0.0916,0.2584,0.0628,0.023,28.786,0.4067,6.107,0.37,0.2956,0.4141,5,0.0597,68,0,1,1,0.9437,0.9414,Complete,2025-02-06,179953600,Train
PRJ3-00575,Copper Airport Improvements 575,Infrastructure,West,CA,Public,Lump Sum,CMAR,High,Moderate,Standard,2020-06-01,2022-01-24,2022,199923000,1307,0.461,0.4117,0.7987,0.9124,0.0999,64,1.0315,24,7,0.432,0.9767,99,4.952,11.507,0.1068,0.3885,0.0743,0.1691,0.0917,0.1377,0.0281,0.0338,18.623,0.2467,0,0.4,0.2388,0.3295,3,0.1739,24,1,0,1,0.8519,0.982,Complete,2024-01-23,234689300,Train
PRJ3-00576,Lakeview Housing 576,Residential,Northeast,NY,Public,Guaranteed Maximum Price,CMAR,Moderate,Low,Standard,2025-05-09,2025-12-18,2025,35671800,405,0.551,0.537,0.879,1.0168,0.055,6,1.0036,0,18,0.693,0.9618,12,3.364,6.295,0.3857,0.1695,0.0733,0.1867,0.0656,0.1601,0.0126,0.0281,23.221,0.3699,6.79,0.3095,0.2393,0.3064,3,-0.0004,-12,0,0,0,1.0004,1.0305,Complete,2026-06-06,35658300,Test
PRJ3-00577,Gateway Transit-Oriented Development 577,Mixed-Use,Southeast,NC,Public,Unit Price,Design-Bid-Build,High,Moderate,Standard,2019-05-21,2020-04-21,2020,186039800,927,0.363,0.3535,0.8906,0.9487,0.0512,9,0.9409,21,17,1.128,0.9478,99,5.321,6.571,0.3133,0.2604,0.0726,0.0775,0.0339,0.2466,0.063,0.0382,34.346,0.2527,8.99,0.3454,0.3266,0.3279,5,0.1225,21,1,0,1,0.8909,0.9778,Complete,2021-12-24,208830800,Train
PRJ3-00578,Cedar Office Campus 578,Commercial,Mountain,UT,Public-Private Partnership,Lump Sum,Design-Bid-Build,High,Moderate,Fast,2024-11-10,2025-12-20,2025,74335500,696,0.583,0.5297,0.982,0.9177,-0.003,37,1.0378,22,25,0.642,0.9469,41,5.516,6.937,0.438,0.2206,0.0687,0.1274,0.037,0.1712,0.0473,0.0261,18.828,0.2911,5.591,0.3534,0.2239,0.3631,3,0.0636,-2,0,0,0,0.9402,1.0029,Complete,2026-10-05,79064400,Test
PRJ3-00579,Liberty Residences 579,Residential,Southwest,NM,Private,Cost Plus,Design-Bid-Build,Moderate,Low,Standard,2020-05-09,2021-02-14,2021,93873200,633,0.444,0.428,0.9819,0.9387,0.0037,10,0.9015,21,5,0.472,0.9762,47,5.007,7.867,0.408,0.3071,0.0915,0.1919,0.048,0.1355,0.0576,0.0129,22.562,0.3035,7.345,0.4023,0.2873,0.335,3,0.0969,31,0,1,1,0.9116,0.9533,Complete,2022-03-04,102971000,Train
PRJ3-00580,Northstar Utility Corridor 580,Infrastructure,Southeast,NC,Private,Cost Plus,CMAR,Very High,Moderate,Slow,2022-01-14,2023-09-20,2023,491058200,1331,0.462,0.4176,1.036,0.8729,-0.0317,59,0.9548,18,20,1.324,0.9424,240,4.887,11.412,0.1282,0.3928,0.1102,0.0744,0.0504,0.3071,0.0514,0.0468,28.098,0.3257,3.968,0.419,0.2149,0.4952,5,0.0586,43,0,1,1,0.9447,0.9687,Complete,2025-10-19,519818800,Train
PRJ3-00581,Canyon Transit Program 581,Infrastructure,Mountain,CO,Private,Guaranteed Maximum Price,Design-Bid-Build,Moderate,Low,Standard,2020-08-18,2022-05-01,2022,310532000,1136,0.547,0.4891,0.9034,0.8865,0.0477,66,0.9401,0,23,0.843,0.97,169,5.442,11.813,0.1602,0.3848,0.1129,0.0422,0.0099,0.2128,0.0535,0.0124,14.973,0.1899,1.686,0.2453,0.1925,0.228,3,0.0983,-7,0,0,0,0.9105,1.0062,Complete,2023-09-21,341054000,Train
PRJ3-00582,Liberty Transit-Oriented Development 582,Mixed-Use,Midwest,MN,Private,Guaranteed Maximum Price,CMAR,High,High,Fast,2019-05-01,2020-04-04,2020,200722900,948,0.358,0.3485,0.962,0.97,0.0127,9,0.9231,14,12,0.647,0.9598,113,5.63,6.404,0.3403,0.3441,0.0965,0.1158,0.0539,0.1694,0.026,0.0076,21.059,0.2196,1.645,0.31,0.2284,0.3935,2,0.0851,-25,0,0,0,0.9216,1.0271,Complete,2021-11-09,217805100,Train
PRJ3-00583,Northstar Town Center 583,Mixed-Use,Mountain,WY,Private,Cost Plus,CMAR,Moderate,Moderate,Standard,2019-09-10,2021-01-11,2021,164789100,1009,0.485,0.453,0.9605,0.9278,-0.0027,32,0.9888,17,20,0.905,0.9751,75,4.551,10.829,0.2345,0.4272,0.108,0.1124,0.0597,0.1187,0.0337,0.0209,8.47,0.1944,3.796,0.3273,0.1898,0.4632,3,0.1021,20,1,0,1,0.9074,0.9806,Complete,2022-07-05,181613900,Train
PRJ3-00584,Cedar Office Campus 584,Commercial,West,WA,Private,Lump Sum,IPD,Very High,Moderate,Slow,2020-11-06,2021-12-21,2021,68808100,910,0.451,0.3951,0.9191,0.8891,0.0489,51,0.9214,10,6,0.848,0.9536,34,4.941,9.817,0.2152,0.3634,0.1349,0.1909,0.0863,0.2259,0.0528,0.035,25.423,0.3551,5.422,0.2288,0.281,0.3645,4,0.0501,44,0,1,1,0.9523,0.9539,Complete,2023-06-18,72255200,Train
PRJ3-00585,Harbor Process Plant 585,Industrial,Southeast,GA,Private,Guaranteed Maximum Price,Design-Bid-Build,High,Moderate,Fast,2021-08-04,2022-07-13,2022,60144000,978,0.351,0.33,0.8995,0.9909,0.0579,21,0.9594,0,6,0.451,0.9595,27,4.489,5.219,0.5104,0.165,0.0358,0.0422,0.0463,0.1882,0.0812,0.0204,14.138,0.1517,3.074,0.3614,0.2312,0.2401,2,0.0875,-25,0,0,0,0.9196,1.0262,Complete,2024-03-14,65404500,Train
PRJ3-00586,Granite Transit-Oriented Development 586,Mixed-Use,Mountain,MT,Private,Guaranteed Maximum Price,CMAR,High,Moderate,Standard,2020-02-01,2021-06-11,2021,131548700,1149,0.432,0.4186,0.9332,0.9584,0.0541,15,0.9619,24,19,0.916,0.9612,72,5.473,7.87,0.2826,0.2614,0.073,0.1062,0.0296,0.1364,0.0544,0.0185,15.24,0.1918,2.768,0.3311,0.1576,0.4282,2,0.1191,21,1,0,1,0.8935,0.9821,Complete,2023-04-16,147220800,Train
PRJ3-00587,Cedar Water Program 587,Heavy Civil,Mountain,ID,Private,Guaranteed Maximum Price,CMAR,Low,Moderate,Standard,2024-04-21,2025-05-25,2025,266346100,942,0.424,0.4174,1.0493,1.0121,-0.022,6,0.9811,10,6,0.505,0.99,117,4.393,4.1,0.4712,0.0489,0,0.1334,0.0363,0.1615,0.0084,0.0164,14.852,0.179,0,0.2006,0.1915,0.3191,1,-0.0365,-22,0,0,0,1.0378,1.0239,Complete,2026-10-28,256632600,Test
PRJ3-00588,Mesa Transit-Oriented Development 588,Mixed-Use,Mountain,WY,Public,Lump Sum,Design-Bid-Build,Moderate,Moderate,Standard,2023-05-01,2023-12-03,2023,62351900,618,0.351,0.3309,0.9394,0.9516,0.0068,12,0.9556,30,17,0.7,0.9602,43,6.896,9.961,0.2001,0.3043,0.045,0.0591,0.0485,0.174,0.0324,0.0172,22.338,0.2311,2.953,0.3159,0.1367,0.3445,3,0.0576,28,0,0,0,0.9456,0.9567,Complete,2025-02-05,65940500,Train
PRJ3-00589,Mesa Office Campus 589,Commercial,West,CA,Public-Private Partnership,Guaranteed Maximum Price,Design-Build,Low,Moderate,Fast,2018-12-14,2019-09-06,2019,64620000,689,0.387,0.4409,0.9948,1.0545,-0.0012,-37,1.1275,5,5,0.43,0.9758,29,4.488,4.025,0.5584,0.1686,0.058,0,0.0377,0.0378,0,0.0033,16.077,0.2004,5.825,0.3354,0.1515,0.3809,2,0.073,-25,0,0,0,0.932,1.0377,Complete,2020-10-08,69336500,Train
PRJ3-00590,Lakeview Marketplace 590,Commercial,Northeast,CT,Public-Private Partnership,Guaranteed Maximum Price,CMAR,Moderate,Moderate,Fast,2023-10-21,2024-06-23,2024,121687000,478,0.515,0.5044,0.9635,0.993,0.0042,5,0.9864,0,4,0.55,0.9458,60,4.931,5.61,0.3338,0.1857,0.0431,0.1195,0.0261,0.0507,0.0181,0.0039,17.889,0.2495,2.425,0.3074,0.2167,0.3639,1,0.0841,-25,0,0,0,0.9224,1.0552,Complete,2025-01-16,131919100,Validation
PRJ3-00591,Crescent Highway Improvements 591,Heavy Civil,Southeast,FL,Public,Guaranteed Maximum Price,Design-Build,Moderate,Moderate,Slow,2023-08-03,2025-02-20,2025,381081400,1180,0.481,0.3964,0.9848,0.8295,0.0186,100,0.9283,0,10,0.797,0.9499,203,5.327,12.626,0.1029,0.5826,0.1253,0.0628,0.0223,0.1184,0.0152,0.0328,22.711,0.1589,7.483,0.0981,0.2746,0.3588,5,-0.0087,58,0,1,1,1.0088,0.9532,Complete,2026-12-23,377767100,Test
PRJ3-00592,Harbor Retail Center 592,Commercial,West,CA,Private,Lump Sum,CMAR,Low,Low,Standard,2019-12-12,2020-09-28,2020,45966500,708,0.412,0.3954,1.0005,0.9616,-0.0211,12,0.9148,36,6,0.565,0.9571,19,4.133,14.099,0.08,0.6073,0.1276,0.1112,0.0339,0.0422,0,0.0345,19.026,0.1125,8.09,0.3245,0.1194,0.2462,5,0.0112,34,0,1,1,0.9889,0.9542,Complete,2021-12-23,46482400,Train
PRJ3-00593,Liberty Bridge Program 593,Heavy Civil,Southwest,TX,Private,Guaranteed Maximum Price,Design-Bid-Build,High,High,Standard,2018-04-13,2020-02-17,2020,548337900,1139,0.593,0.5809,1.0047,1.0038,-0.0025,14,0.799,17,6,0.867,0.9589,240,4.377,6.625,0.308,0.2087,0.0587,0.1422,0.0721,0.1607,0.0578,0.0421,8.421,0.1028,2.86,0.3315,0.1691,0.2655,3,0.0462,-25,0,0,0,0.9558,1.0224,Complete,2021-05-01,573669200,Train
PRJ3-00594,Riverside Distribution Hub 594,Industrial,West,WA,Private,Unit Price,CMAR,High,Low,Standard,2020-08-24,2021-09-11,2021,332228900,778,0.493,0.443,0.9621,0.9258,0.0008,39,0.9101,39,2,0.31,0.9438,179,5.388,5.629,0.3955,0.2554,0.0839,0.1472,0.0589,0.2145,0.0363,0.026,9.946,0.1569,0.871,0.3375,0.1627,0.3543,2,0.0682,-14,0,0,0,0.9362,1.0183,Complete,2022-09-27,354885600,Train
PRJ3-00595,Gateway Medical Center 595,Institutional,West,WA,Private,Cost Plus,Design-Build,High,High,Fast,2019-01-20,2020-03-26,2020,87418400,1119,0.386,0.4156,0.9247,1.0567,0.021,-33,0.9659,24,0,0.626,0.9826,35,4.004,7.469,0.4216,0.2742,0.067,0.2432,0.0443,0.2089,0.0149,0.0305,15.339,0.208,6.646,0.3771,0.2426,0.3376,3,0.056,4,0,0,0,0.9469,0.9964,Complete,2022-02-16,92316900,Train
PRJ3-00596,Liberty Town Center 596,Mixed-Use,West,WA,Public-Private Partnership,Unit Price,Design-Build,High,Moderate,Standard,2022-11-15,2024-05-24,2024,71517700,1052,0.529,0.5291,0.9323,1.0107,0.0227,0,0.9734,41,0,0.65,0.9764,49,6.851,8.994,0.2271,0.3152,0.0845,0.1127,0.0349,0.123,0.0404,0.0316,23.677,0.1737,4.775,0.519,0.1954,0.3454,4,0.0816,46,0,1,1,0.9246,0.9581,Complete,2025-11-17,77350600,Validation
PRJ3-00597,Mesa Medical Center 597,Institutional,Midwest,MO,Private,Guaranteed Maximum Price,Design-Bid-Build,Low,Moderate,Slow,2019-02-23,2020-02-27,2020,111923400,1015,0.364,0.3425,0.9625,0.9829,0.0017,22,0.9312,11,4,0.524,0.9695,56,5.003,6.841,0.4414,0.3041,0.0528,0.0223,0.0262,0.0923,0.0236,0.0234,22.307,0.2738,1.731,0.1765,0.2403,0.3034,2,0.0645,-22,0,0,0,0.9394,1.0222,Complete,2021-11-12,119144900,Train
PRJ3-00598,Northstar Neighborhood 598,Residential,Northeast,CT,Public,Unit Price,CMAR,Low,Moderate,Slow,2019-04-16,2020-02-20,2020,58546400,570,0.545,0.5278,0.8529,0.9929,0.0773,10,0.827,12,19,0.26,0.9724,29,4.953,9.122,0.2654,0.3079,0.0767,0.1111,0.0335,0.1452,0.0051,0.0047,29.317,0.3642,5.541,0.2287,0.2917,0.2619,3,0.0475,45,0,1,1,0.9547,0.9268,Complete,2020-12-21,61326300,Train
PRJ3-00599,Riverside Research Facility 599,Institutional,Southwest,TX,Private,Guaranteed Maximum Price,Design-Bid-Build,Moderate,High,Standard,2023-11-08,2024-11-05,2024,182001900,994,0.366,0.3011,0.9568,0.8455,0.0215,65,0.8879,26,8,0.237,0.9636,61,3.352,5.47,0.3732,0.203,0.0854,0.1584,0.0594,0.1766,0.0187,0.0138,9.392,0.1884,0,0.0643,0.1839,0.2516,1,0.0499,1,0,0,0,0.9524,0.999,Complete,2026-07-30,191090800,Validation
PRJ3-00600,Aspen Transit-Oriented Development 600,Mixed-Use,West,NV,Private,Lump Sum,CMAR,Moderate,Moderate,Standard,2022-07-05,2023-10-18,2023,285736800,821,0.573,0.5844,1.0084,0.9656,-0.0017,-9,0.9023,22,15,0.497,0.9571,139,4.865,7.489,0.4141,0.1538,0.0185,0,0.0276,0.1227,0.0094,0.0437,16.525,0.2197,3.84,0.2633,0.1399,0.291,3,-0.0261,-4,0,0,0,1.0268,1.0049,Complete,2024-09-29,278285800,Train
PRJ3-00601,Aspen Housing 601,Residential,West,CA,Private,Lump Sum,Design-Build,Moderate,Moderate,Standard,2019-02-12,2019-09-03,2019,42247800,565,0.36,0.361,1.0203,0.9826,-0.0012,-1,0.9927,16,6,0.476,0.9842,17,4.024,9.522,0.3676,0.221,0.0519,0.1285,0.0296,0.1952,0.0172,0.0169,16.088,0.3504,2.343,0.1908,0.1934,0.288,2,0.0061,-25,0,0,0,0.9939,1.0463,Complete,2020-08-05,42505100,Train
PRJ3-00602,Riverside District 602,Mixed-Use,Northeast,NJ,Private,Lump Sum,CMAR,Moderate,Moderate,Slow,2024-12-24,2025-12-12,2025,137283000,885,0.399,0.3666,0.8446,0.9865,0.0619,29,0.8661,21,26,0.759,0.9387,63,4.589,8.362,0.1541,0.4282,0.1003,0.0736,0.0558,0.0988,0.0451,0.0322,27.375,0.3506,4.244,0.1818,0.2219,0.4593,4,0.073,-15,0,0,0,0.9319,1.0172,Complete,2027-05-13,147310000,Test
PRJ3-00603,Horizon Office Campus 603,Commercial,West,NV,Private,Cost Plus,Design-Build,High,Moderate,Standard,2019-12-15,2021-02-15,2021,52189400,1032,0.415,0.4223,0.9755,0.9007,0.0064,-7,0.9931,22,8,0.906,0.9532,44,8.431,4.795,0.432,0.1881,0.0982,0.1741,0.0543,0.1355,0.0516,0.0355,10.214,0.0856,6.614,0.0977,0.1923,0.4752,3,0.0216,-7,0,0,0,0.9789,1.0068,Complete,2022-10-05,53314600,Train
PRJ3-00604,Liberty Corporate Center 604,Commercial,Southeast,FL,Private,Lump Sum,CMAR,Very High,Moderate,Slow,2023-05-14,2024-05-03,2024,184164300,606,0.586,0.5209,0.8526,0.8754,0.0932,39,0.8577,4,22,0.737,0.9478,122,6.625,12.909,0.08,0.42,0.1096,0.1355,0.0547,0.27,0.0308,0.0533,43.491,0.4983,10.194,0.3849,0.3198,0.428,8,0.192,76,1,1,1,0.8389,0.8886,Complete,2025-03-26,219523400,Validation
PRJ3-00605,Liberty Logistics Center 605,Industrial,West,WA,Public,Cost Plus,IPD,Low,High,Standard,2020-02-10,2021-06-17,2021,218858200,849,0.581,0.6265,0.9908,1.0555,0.0023,-39,1.0789,7,0,0.344,0.991,94,4.295,9.786,0.4072,0.2814,0.1043,0.0201,0.0374,0.1248,0.0439,0.009,17.564,0.2216,5.556,0.3077,0.1048,0.3648,2,-0.0612,-14,0,0,0,1.0652,1.0168,Complete,2022-05-25,205462400,Train
PRJ3-00606,Mesa Logistics Center 606,Industrial,Mountain,MT,Private,Cost Plus,CMAR,High,Moderate,Standard,2020-05-24,2021-10-24,2021,151922100,958,0.541,0.5379,0.9137,1.0059,0.0398,3,1.0024,29,11,0.977,0.9556,87,5.727,6.241,0.4455,0.3281,0.0713,0.17,0.0383,0.1543,0.0342,0.0283,16.238,0.1281,5.774,0.2733,0.1576,0.2856,3,0.0812,26,0,0,0,0.9249,0.9736,Complete,2023-02-02,164254200,Train
PRJ3-00607,Redwood Neighborhood 607,Residential,Mountain,UT,Private,Lump Sum,IPD,Moderate,Low,Standard,2020-05-25,2021-04-20,2021,34349000,708,0.467,0.4493,0.9987,0.9853,-0.0035,13,0.99,20,11,0.788,0.9541,29,8.443,8.253,0.2909,0.2701,0.0651,0.1265,0.0719,0.0897,0.0187,0.0258,17.266,0.198,3.988,0.2777,0.2914,0.3148,3,0.0393,-25,0,0,0,0.9622,1.0366,Complete,2022-04-08,35700100,Train
PRJ3-00608,Aspen Retail Center 608,Commercial,Northeast,NJ,Private,Unit Price,CMAR,Very High,Moderate,Fast,2023-06-06,2024-06-27,2024,45312500,793,0.489,0.4355,0.9661,0.9422,0.0124,42,1.0353,4,22,0.942,0.9679,33,7.283,10.868,0.08,0.3731,0.1145,0.2155,0.0874,0.2416,0.0843,0.019,21.249,0.2547,0.72,0.4912,0.2682,0.493,3,0.1079,-3,1,0,1,0.9026,1.0038,Complete,2025-08-04,50202300,Validation
PRJ3-00609,Evergreen Office Campus 609,Commercial,West,WA,Private,Guaranteed Maximum Price,CMAR,Moderate,High,Fast,2022-09-05,2023-08-05,2023,134072900,675,0.496,0.55,1.0691,1.0293,-0.0475,-36,1.052,0,1,0.094,0.9696,57,4.251,2,0.6204,0.186,0.0436,0.0572,0.047,0.1911,0,0,23.45,0.2554,0,0.2175,0.1677,0.2859,1,-0.0266,-21,0,0,0,1.0273,1.0321,Complete,2024-06-20,130507100,Train
PRJ3-00610,Harbor Corporate Center 610,Commercial,West,OR,Public,Unit Price,IPD,High,Low,Fast,2023-05-03,2024-05-23,2024,68437800,760,0.509,0.4705,0.9012,0.9472,0.0454,29,0.9801,0,9,0.671,0.9666,37,5.406,6.06,0.514,0.1472,0.0802,0.1562,0.0525,0.2708,0.0498,0.0223,22.585,0.2845,6.806,0.2737,0.2133,0.4433,3,0.0818,-2,0,0,0,0.9244,1.0026,Complete,2025-05-30,74038500,Validation
PRJ3-00611,Pioneer Retail Center 611,Commercial,West,OR,Public,Guaranteed Maximum Price,IPD,Moderate,Moderate,Fast,2025-05-14,2025-12-25,2025,85384800,535,0.421,0.4636,0.9012,1.0571,0.0378,-23,1.0405,4,5,0.583,0.9769,49,5.739,6.669,0.3372,0.2276,0.0471,0.1031,0.0492,0.1398,0.0302,0.0029,13.938,0.125,4.7,0.2975,0.244,0.1847,2,0.0285,25,0,0,0,0.9723,0.9554,Complete,2026-11-25,87820000,Test
PRJ3-00612,Granite Education Center 612,Institutional,West,OR,Private,Cost Plus,CMAR,High,High,Fast,2020-05-22,2021-05-10,2021,112898300,960,0.368,0.3413,1.0255,0.92,-0.0215,26,1.0393,14,12,0.139,0.9648,54,4.783,7.811,0.3064,0.322,0.0749,0.1234,0.0345,0.2809,0.0021,0.0054,23.042,0.2834,4.879,0.132,0.2817,0.4647,2,0.0485,50,0,1,1,0.9538,0.9505,Complete,2023-02-26,118370800,Train
PRJ3-00613,Evergreen Airport Improvements 613,Infrastructure,Midwest,MO,Private,Lump Sum,Design-Build,Low,Moderate,Fast,2021-12-16,2024-01-07,2024,141081500,1309,0.575,0.5867,0.9961,1.0204,0.0041,-15,1.0977,10,21,0.221,0.9793,50,3.544,3.935,0.5313,0.083,0.0281,0.0783,0.0016,0.0622,0.0083,0.0048,15.538,0.2067,4.064,0.2053,0.2362,0.3199,1,-0.0163,-3,0,0,0,1.0166,1.0023,Complete,2025-07-14,138780400,Validation
PRJ3-00614,Gateway Research Facility 614,Institutional,Midwest,MN,Private,Cost Plus,IPD,Very High,High,Fast,2019-04-17,2020-07-03,2020,70469500,776,0.572,0.5511,0.9981,1.0107,0.0182,16,1.0194,24,20,0.676,0.9828,48,6.811,7.513,0.2834,0.2745,0.066,0.1873,0.1128,0.2657,0.0457,0,26.719,0.3151,3.099,0.2535,0.2298,0.4869,2,0.0859,61,0,1,1,0.9209,0.9271,Complete,2021-08-01,76525800,Train
PRJ3-00615,Lakeview Earthworks Package 615,Heavy Civil,Mountain,CO,Public,Guaranteed Maximum Price,IPD,Moderate,Moderate,Standard,2023-10-11,2025-06-28,2025,302222300,1211,0.517,0.4293,0.9237,0.8999,0.0364,106,0.997,3,13,0.474,0.955,145,4.798,9.255,0.1876,0.3782,0.0926,0.0525,0.0433,0.2224,0.0051,0.0073,18.679,0.3979,7.959,0.0939,0.2631,0.2425,3,0.0739,45,0,1,1,0.9312,0.9642,Complete,2027-03-20,324549200,Test
PRJ3-00616,Crescent Residences 616,Residential,Southwest,AZ,Private,Lump Sum,Design-Build,Very High,Moderate,Slow,2022-04-13,2023-04-06,2023,16041200,731,0.49,0.4299,0.9429,0.8818,0.0306,44,0.9431,12,9,0.578,0.9639,7,4.364,13.527,0.08,0.3342,0.1029,0.2543,0.0961,0.2194,0.0491,0.0336,26.05,0.3333,2.453,0.2506,0.3541,0.5283,5,0.1034,11,1,0,1,0.9063,0.9852,Complete,2024-04-24,17699400,Train
PRJ3-00617,Pioneer Office Campus 617,Commercial,Mountain,UT,Private,Lump Sum,Design-Build,Moderate,Moderate,Standard,2020-05-11,2021-06-03,2021,196261800,776,0.5,0.5284,1.0029,0.9822,-0.0003,-22,1.0226,19,13,0.704,0.9486,76,3.872,8.107,0.3529,0.28,0.0888,0.0703,0.0323,0.1112,0.0213,0.02,19.486,0.2555,2.982,0.3703,0.1842,0.4457,2,0.0318,31,0,1,1,0.9692,0.9616,Complete,2022-07-27,202498400,Train
PRJ3-00618,Horizon Neighborhood 618,Residential,West,OR,Public,Guaranteed Maximum Price,Design-Bid-Build,Moderate,High,Standard,2018-09-12,2019-05-02,2019,10581300,626,0.372,0.3467,1.1033,0.9062,-0.0337,16,1.0175,2,7,0.36,0.9703,4,3.78,6.177,0.4618,0.1252,0.0401,0.1587,0.0462,0.1104,0.0059,0.0001,27.85,0.2591,11.088,0.2067,0.2475,0.3081,3,0.0649,5,0,0,0,0.9391,0.9921,Complete,2020-06-04,11267900,Train
PRJ3-00619,Horizon Transit-Oriented Development 619,Mixed-Use,West,OR,Public-Private Partnership,Lump Sum,CMAR,Moderate,Low,Fast,2019-03-25,2020-05-12,2020,188989800,910,0.455,0.3988,0.9617,0.9317,0.0077,51,0.8534,18,0,0.327,0.9977,95,5.027,2.854,0.6048,0.144,0.0708,0.1484,0.0209,0.1555,0.0452,0.0217,16.838,0.2034,4.717,0.3056,0.2053,0.3964,2,0.1172,34,1,1,1,0.8951,0.964,Complete,2021-10-24,211134700,Train
PRJ3-00620,Evergreen Marketplace 620,Commercial,West,CA,Public,Lump Sum,Design-Build,High,Low,Standard,2024-06-22,2025-02-04,2025,257507500,644,0.353,0.2793,0.961,0.8073,0.0113,47,1.0325,0,11,0.294,0.9594,143,5.553,8.337,0.2961,0.3427,0.085,0.1716,0.036,0.2507,0.0417,0.0258,25.378,0.2734,1.044,0.3617,0.2762,0.436,3,0.0174,88,0,1,1,0.9829,0.8798,Complete,2026-06-24,261992000,Test
PRJ3-00621,Copper Utility Corridor 621,Infrastructure,Mountain,UT,Private,Cost Plus,Design-Build,Moderate,Moderate,Standard,2024-04-03,2025-08-19,2025,108989600,1163,0.433,0.425,0.9138,0.9849,0.069,9,0.9268,24,17,0.313,0.9708,45,4.129,8.726,0.3079,0.3476,0.0674,0.0496,0,0.02,0.0452,0.0078,16.795,0.2815,4.21,0.3788,0.215,0.3423,2,0.1069,4,1,0,1,0.9034,0.9966,Complete,2027-06-14,120637200,Test
PRJ3-00622,Liberty Logistics Center 622,Industrial,West,OR,Public,Cost Plus,Design-Bid-Build,High,Moderate,Standard,2022-04-08,2023-05-28,2023,231084700,1166,0.356,0.3295,0.8416,0.9453,0.0737,31,0.8723,26,8,0.503,0.9621,124,5.366,9.085,0.2928,0.2745,0.0629,0.0861,0.0483,0.0825,0.0823,0.0293,17.698,0.2284,9.932,0.4934,0.1591,0.3902,3,0.137,11,1,0,1,0.8795,0.9907,Complete,2025-06-28,262745800,Train
PRJ3-00623,Riverside Apartments 623,Residential,Northeast,NJ,Private,Unit Price,IPD,Moderate,Moderate,Slow,2022-06-02,2023-09-28,2023,63880000,811,0.596,0.5931,1.0442,0.9268,-0.0154,2,0.9714,29,22,0.342,0.9677,38,5.949,4.723,0.4025,0.2026,0.0802,0.1289,0.0712,0.1275,0.0302,0.0283,24.925,0.3222,4.43,0.2235,0.2554,0.4414,3,0.0455,2,0,0,0,0.9565,0.9975,Complete,2024-08-23,66787600,Train
PRJ3-00624,Cedar Medical Center 624,Institutional,West,NV,Private,Unit Price,Design-Bid-Build,Very High,Moderate,Standard,2017-09-10,2019-03-16,2019,136261800,1235,0.447,0.4114,0.9122,0.9231,0.0656,44,0.8618,27,12,0.881,0.958,92,6.752,5.878,0.4107,0.3083,0.0993,0.1901,0.0792,0.2303,0.0793,0.0205,21.648,0.288,0,0.433,0.1544,0.3583,2,0.0996,27,0,0,0,0.9094,0.9786,Complete,2021-02-23,149837200,Train
PRJ3-00625,Aspen Manufacturing Facility 625,Industrial,West,WA,Public-Private Partnership,Guaranteed Maximum Price,Design-Bid-Build,Moderate,High,Fast,2023-07-15,2024-12-24,2024,75840300,1022,0.517,0.5267,1.0466,0.9915,-0.0208,-10,1.0764,29,4,0.698,0.9751,30,3.956,7.845,0.2379,0.2027,0.0699,0.1958,0.081,0.1562,0.0259,0.0048,11.217,0.1698,5.331,0.436,0.2011,0.2673,2,0.0585,-15,0,0,0,0.9447,1.0149,Complete,2026-04-17,80276500,Validation
PRJ3-00626,Gateway Neighborhood 626,Residential,Southeast,NC,Private,Guaranteed Maximum Price,Design-Build,Moderate,Low,Fast,2018-09-22,2019-02-28,2019,81635000,320,0.497,0.4805,0.9057,0.9373,0.0412,5,0.8816,12,10,0.457,0.9715,46,5.635,6.755,0.4243,0.2683,0.0811,0.1154,0.0282,0.1703,0.0196,0.0256,22.844,0.293,2.614,0.1594,0.2198,0.3376,3,0.0323,68,0,1,1,0.9687,0.8247,Complete,2019-10-15,84273700,Train
PRJ3-00627,Pioneer Earthworks Package 627,Heavy Civil,West,WA,Private,Lump Sum,CMAR,Very High,Moderate,Slow,2021-11-16,2023-10-17,2023,106798100,1307,0.536,0.5439,0.8373,0.9511,0.1077,-10,0.9107,42,2,1.025,0.9628,55,5.15,8.843,0.2731,0.2947,0.1038,0.1017,0.0529,0.2803,0.0516,0.0426,36.222,0.371,1.867,0.343,0.3559,0.2943,5,0.1801,61,1,1,1,0.8474,0.9554,Complete,2025-08-15,126030500,Train
PRJ3-00628,Crescent Process Plant 628,Industrial,Northeast,NY,Public,Lump Sum,IPD,High,Moderate,Slow,2020-02-23,2021-02-27,2021,127505300,790,0.469,0.4114,0.8597,0.8841,0.0713,46,0.933,10,17,0.436,0.9431,73,5.725,12.138,0.08,0.3881,0.0773,0.0592,0.0555,0.2477,0.0696,0.0432,32.085,0.3847,6.474,0.4967,0.1357,0.4654,5,0.2276,29,1,0,1,0.8146,0.9646,Complete,2022-05-22,156520400,Train
PRJ3-00629,Canyon Corporate Center 629,Commercial,Mountain,CO,Public,Guaranteed Maximum Price,Design-Bid-Build,High,Moderate,Standard,2025-01-05,2025-08-07,2025,59594400,597,0.36,0.2849,0.9973,0.8503,0.0054,45,0.9335,10,16,0.395,0.9531,18,3.02,7.609,0.4319,0.2667,0.037,0.1203,0.0318,0.2528,0.0255,0.0352,18.049,0.2553,0,0.3321,0.1809,0.2288,2,0.1038,13,1,0,1,0.906,0.9787,Complete,2026-09-07,65779100,Test
PRJ3-00630,Horizon Logistics Center 630,Industrial,West,CA,Public,Cost Plus,Design-Build,Moderate,Moderate,Standard,2018-05-21,2019-05-01,2019,288455300,863,0.4,0.4048,0.9894,1.0153,0.0261,-4,1.0232,0,6,0.299,0.9763,142,4.923,5.005,0.4039,0.182,0.0889,0.0352,0.0136,0.1519,0.0331,0,23.009,0.2747,5.195,0.2235,0.1399,0.3655,2,-0.0186,-25,0,0,0,1.0189,1.0298,Complete,2020-09-05,283092300,Train
PRJ3-00631,Crescent Water Program 631,Heavy Civil,Midwest,MI,Public,Guaranteed Maximum Price,Design-Bid-Build,High,Moderate,Standard,2020-08-10,2022-03-09,2022,257103900,1167,0.494,0.4155,0.8659,0.8581,0.0705,92,1.0423,34,21,1.032,0.9471,150,5.834,8.394,0.2154,0.3353,0.0725,0.0915,0.0248,0.252,0.0297,0.0185,34.226,0.3744,10.146,0.3176,0.2481,0.5265,4,0.1055,23,1,0,1,0.9046,0.9807,Complete,2023-11-13,284230100,Train
PRJ3-00632,Mesa Medical Center 632,Institutional,West,WA,Private,Guaranteed Maximum Price,Design-Bid-Build,Moderate,Low,Fast,2018-11-23,2020-01-08,2020,213825500,900,0.457,0.4088,1.0137,0.9104,-0.0108,43,0.995,12,13,0.665,0.9452,99,4.63,5.782,0.4576,0.2176,0.067,0.1288,0.0596,0.1313,0.0277,0.0148,9.173,0.1455,0,0.2623,0.1787,0.3292,1,0.0373,3,0,0,0,0.9641,0.9967,Complete,2021-05-14,221793300,Train
PRJ3-00633,Evergreen Residences 633,Residential,Mountain,UT,Public,Guaranteed Maximum Price,IPD,High,Low,Slow,2024-05-22,2024-10-31,2024,37646700,462,0.352,0.3508,0.9257,0.9893,0.0225,1,0.945,20,10,0.656,0.9398,10,2.656,11.858,0.08,0.4421,0.095,0.1468,0.0391,0.1872,0.0567,0.0275,28.801,0.3716,11.674,0.2355,0.2935,0.3265,6,0.1712,15,1,0,1,0.8538,0.9686,Complete,2025-09-11,44091500,Validation
PRJ3-00634,Gateway Distribution Hub 634,Industrial,West,CA,Public,Guaranteed Maximum Price,Design-Build,Moderate,Moderate,Standard,2022-06-02,2023-06-20,2023,97549700,947,0.405,0.3832,0.9488,0.9209,0.036,21,0.9783,11,7,0.824,0.9659,52,5.331,9.743,0.1247,0.3736,0.1001,0.0923,0.0402,0.1098,0.0412,0.0417,16.125,0.3351,4.03,0.3006,0.1371,0.2662,4,0.1211,20,1,0,1,0.8919,0.9793,Complete,2025-01-24,109367600,Train
PRJ3-00635,Harbor Retail Center 635,Commercial,West,NV,Private,Guaranteed Maximum Price,Design-Bid-Build,Low,High,Standard,2024-09-08,2025-07-12,2025,72184800,598,0.515,0.5405,0.951,1.0292,0.024,-15,1.1359,18,0,0.465,0.9918,16,2.217,4.936,0.5862,0.2139,0.0637,0.016,0.0266,0.0734,0.0125,0.0106,17.007,0.198,7.453,0.2772,0.2222,0.1792,2,0.037,45,0,1,1,0.9643,0.93,Complete,2026-06-13,74858200,Test
PRJ3-00636,Redwood District 636,Mixed-Use,Mountain,ID,Private,Lump Sum,Design-Bid-Build,Very High,High,Standard,2022-06-15,2024-02-21,2024,269157000,1116,0.552,0.4927,0.9174,0.8798,0.0409,66,0.8952,34,9,0.978,0.9546,146,5.424,10.824,0.2344,0.4525,0.1329,0.1603,0.0648,0.1911,0.0246,0.0301,22.042,0.2672,6.093,0.3304,0.2366,0.5548,4,0.0941,39,0,1,1,0.914,0.9662,Complete,2025-08-13,294479600,Validation
PRJ3-00637,Redwood Apartments 637,Residential,Southwest,AZ,Private,Cost Plus,CMAR,Low,Moderate,Standard,2022-10-23,2023-06-25,2023,43654500,449,0.547,0.5462,0.9758,0.9771,0.0082,0,1.0637,13,11,1.002,0.9767,23,5.269,8.407,0.353,0.2522,0.0542,0.0278,0.0505,0.1076,0.0017,0.0015,15.309,0.1893,0,0.1169,0.2479,0.3854,1,0.0367,18,0,0,0,0.9646,0.9615,Complete,2024-02-02,45257900,Train
PRJ3-00638,Crescent Urban Village 638,Mixed-Use,Midwest,IL,Private,Unit Price,Design-Bid-Build,Low,Moderate,Fast,2024-09-22,2025-08-17,2025,335405400,896,0.368,0.3852,1.1075,1.0822,-0.0329,-15,0.9745,13,12,0.602,0.9836,152,4.532,7.222,0.4684,0.2131,0.0677,0.1029,0.0352,0.0756,0.0006,0.0085,18.268,0.1357,1.825,0.0865,0.169,0.3567,1,0.0546,-1,0,0,0,0.9482,1.0011,Complete,2027-03-06,353718500,Test
PRJ3-00639,Aspen Transit-Oriented Development 639,Mixed-Use,Midwest,MI,Private,Guaranteed Maximum Price,Design-Build,Moderate,High,Slow,2021-03-14,2022-10-24,2022,243630200,1066,0.553,0.5337,0.9705,0.9435,0.0355,21,1.0068,12,13,0.432,0.9843,119,4.884,5.649,0.4406,0.2766,0.0688,0.0335,0,0.1124,0.0403,0.0328,20.927,0.368,6.658,0.308,0.1782,0.4981,3,0.0687,23,0,0,0,0.9357,0.9789,Complete,2024-03-07,260359000,Train
PRJ3-00640,Redwood Apartments 640,Residential,Northeast,CT,Private,Lump Sum,Design-Build,Very High,Low,Slow,2020-04-20,2021-05-02,2021,61279800,640,0.59,0.506,0.8826,0.8344,0.0781,54,0.8405,32,2,0.43,0.96,47,7.67,13.917,0.08,0.5677,0.1284,0.2114,0.0722,0.2868,0.0566,0.072,31.224,0.3599,7.947,0.3863,0.2942,0.5396,8,0.1494,35,1,1,1,0.87,0.9481,Complete,2022-02-24,70433700,Train
PRJ3-00641,Canyon Retail Center 641,Commercial,Southwest,NM,Private,Guaranteed Maximum Price,Design-Bid-Build,High,Moderate,Slow,2024-12-20,2025-08-22,2025,32840600,675,0.363,0.3209,0.8747,0.9503,0.0595,28,0.8573,31,16,0.804,0.9629,25,7.613,10.978,0.1649,0.409,0.1245,0.165,0.0282,0.2792,0.0703,0.0378,25.319,0.3366,8.691,0.5888,0.2335,0.3606,5,0.1366,3,1,0,1,0.8798,0.9956,Complete,2026-10-29,37325400,Test
PRJ3-00642,Harbor Apartments 642,Residential,West,OR,Public,Guaranteed Maximum Price,IPD,Very High,Low,Standard,2021-01-04,2021-10-30,2021,64586100,622,0.481,0.4689,0.9586,0.9547,0.0099,8,0.8819,0,14,0.922,0.9607,44,6.813,11.045,0.2884,0.5359,0.1516,0.1574,0.0297,0.2858,0.0265,0.043,30.399,0.3587,4.245,0.5005,0.3261,0.4548,6,0.0778,25,0,0,0,0.9278,0.9614,Complete,2022-10-13,69612900,Train
PRJ3-00643,Harbor Corporate Center 643,Commercial,West,WA,Public-Private Partnership,Cost Plus,IPD,High,High,Standard,2024-03-11,2025-07-15,2025,49529700,834,0.589,0.6814,1.0381,1.12,-0.044,-77,1.0103,14,0,0.597,0.9689,31,6.259,6.863,0.3854,0.1847,0.0319,0.0043,0.0094,0.167,0.0392,0.024,21.733,0.2578,1.79,0.2789,0.1638,0.3999,2,0.0862,-24,0,0,0,0.9206,1.0296,Complete,2026-05-30,53798900,Test
PRJ3-00644,Riverside Residences 644,Residential,West,WA,Private,Lump Sum,Design-Build,Low,High,Fast,2023-05-15,2023-10-04,2023,21814900,396,0.36,0.3613,0.9542,1.0689,0.008,-1,1.0943,4,0,0.687,0.9759,24,11.002,3.501,0.5761,0.0914,0.0662,0.0817,0.0219,0.0598,0.0139,0.0166,10.396,0.1467,8.003,0.3168,0.1755,0.3019,2,0.0923,-25,0,0,0,0.9155,1.0674,Complete,2024-05-20,23827300,Train
PRJ3-00645,Granite Town Center 645,Mixed-Use,Northeast,NJ,Private,Guaranteed Maximum Price,CMAR,Very High,High,Fast,2019-01-05,2020-08-11,2020,479200900,1038,0.563,0.544,1.0033,0.976,-0.0017,20,0.9551,24,29,0.622,0.9773,240,5.008,7.521,0.2393,0.2493,0.0785,0.104,0.0168,0.1412,0.0398,0.0267,13.7,0.1819,0,0.3245,0.2055,0.4267,2,0.0861,3,0,0,0,0.9207,0.9971,Complete,2021-11-11,520471100,Train
PRJ3-00646,Granite Bridge Program 646,Heavy Civil,West,CA,Public,Lump Sum,CMAR,High,Moderate,Standard,2024-07-10,2025-10-08,2025,66297600,1286,0.354,0.334,1.0015,0.9216,0.0003,26,0.9916,27,0,0.439,0.9446,36,5.43,5.232,0.4107,0.1511,0.0865,0.0831,0.0343,0.2179,0.0682,0.0158,16.82,0.2201,1.784,0.279,0.1771,0.307,2,0.0079,31,0,1,1,0.9922,0.9765,Complete,2028-02-17,66820300,Test
PRJ3-00647,Mesa Residences 647,Residential,West,OR,Public,Cost Plus,Design-Bid-Build,Moderate,Low,Standard,2020-11-22,2021-11-29,2021,13210900,677,0.55,0.519,0.8733,0.9163,0.0784,21,0.891,0,2,0.802,0.9638,8,6.056,10.917,0.2112,0.4134,0.0983,0.1119,0.0088,0.1828,0.0273,0.0352,23.921,0.2449,5.387,0.3718,0.2394,0.2484,4,0.1559,10,1,0,1,0.8652,0.9854,Complete,2022-10-10,15269900,Train
PRJ3-00648,Cedar Civic Complex 648,Institutional,West,CA,Public,Unit Price,Design-Build,High,Low,Slow,2023-01-22,2024-04-13,2024,85920800,939,0.477,0.4542,0.9013,0.9193,0.0382,21,0.9259,31,0,0.316,0.9523,49,5.703,6.47,0.5576,0.2955,0.0743,0.1648,0.0516,0.2554,0.0591,0.0482,31.266,0.2853,1.957,0.3514,0.3288,0.5023,4,0.1081,-22,1,0,1,0.9025,1.024,Complete,2025-07-27,95205000,Validation
PRJ3-00649,Liberty Office Campus 649,Commercial,Mountain,ID,Public,Lump Sum,Design-Build,Moderate,Low,Standard,2023-03-19,2023-11-04,2023,271673300,548,0.42,0.4239,0.9109,0.931,0.0584,-2,0.8847,24,16,0.587,0.9558,128,4.712,5.218,0.4148,0.1699,0.0918,0.1616,0.0271,0.1603,0.0073,0.0195,22.14,0.2711,2.072,0.1696,0.2734,0.3808,2,0.0882,-6,0,0,0,0.919,1.0111,Complete,2024-09-11,295626000,Train
PRJ3-00650,Cedar Water Program 650,Heavy Civil,Mountain,WY,Public,Lump Sum,CMAR,Moderate,Moderate,Standard,2021-03-20,2022-07-25,2022,184938600,1178,0.418,0.4503,0.9423,1.0704,0.0361,-38,0.9966,13,5,0.695,0.9803,87,4.704,7.946,0.339,0.3245,0.0748,0.0711,0.0164,0.1177,0.0288,0.0135,12.35,0.2721,4.564,0.0769,0.0564,0.2472,2,0.0685,-14,0,0,0,0.9359,1.012,Complete,2024-05-27,197601900,Train
PRJ3-00651,Redwood Marketplace 651,Commercial,West,NV,Private,Lump Sum,Design-Build,Moderate,Low,Standard,2023-10-16,2024-08-08,2024,81236700,496,0.599,0.554,1.0952,0.9081,-0.0448,22,0.9703,15,3,0.914,0.9797,46,5.662,8.443,0.2027,0.3347,0.0925,0.1672,0.0626,0.1834,0.0301,0.0352,22.977,0.2524,6.001,0.293,0.201,0.3045,4,0.0634,23,0,0,0,0.9404,0.9557,Complete,2025-03-18,86388100,Validation
PRJ3-00652,Horizon Retail Center 652,Commercial,Northeast,CT,Public,Guaranteed Maximum Price,Design-Bid-Build,Moderate,High,Slow,2019-08-11,2020-09-04,2020,71977700,762,0.512,0.4807,1.0371,0.9075,-0.0054,24,0.9635,0,20,0.397,0.9607,36,5.002,7.703,0.4168,0.2002,0.0167,0.1231,0.0466,0.0759,0.0193,0.0212,31.269,0.3451,3.294,0.2223,0.2514,0.3512,3,0.0255,-15,0,0,0,0.9751,1.0201,Complete,2021-08-27,73813400,Train
PRJ3-00653,Granite Retail Center 653,Commercial,Mountain,UT,Private,Lump Sum,Design-Build,High,Moderate,Standard,2018-04-24,2019-04-25,2019,206026500,746,0.491,0.4471,1.0194,0.914,-0.0182,33,0.9004,0,13,0.811,0.9801,111,5.388,6.429,0.3829,0.2421,0.0549,0.1001,0.0511,0.2073,0.0242,0.0133,16.559,0.2265,4.684,0.2667,0.2086,0.4199,2,-0.0039,10,0,0,0,1.0039,0.9868,Complete,2020-05-19,205226100,Train
PRJ3-00654,Evergreen Highway Improvements 654,Heavy Civil,West,NV,Private,Cost Plus,Design-Bid-Build,Moderate,Moderate,Standard,2022-02-15,2023-05-22,2023,270529300,1131,0.408,0.39,0.9758,0.9335,0.005,20,1.0297,0,0,0.827,0.9884,141,5.212,9.611,0.2544,0.3453,0.0905,0.136,0.0324,0.0844,0.0888,0.0097,18.933,0.2776,0.61,0.3993,0.2244,0.3113,2,0.1533,-16,1,0,1,0.8671,1.0143,Complete,2025-03-06,311995900,Train
PRJ3-00655,Granite Neighborhood 655,Residential,Southwest,TX,Private,Guaranteed Maximum Price,Design-Build,High,Moderate,Slow,2018-09-12,2019-09-02,2019,61181600,813,0.437,0.445,0.9448,0.9687,0.0225,-7,0.9164,19,16,0.506,0.9679,42,6.865,14.191,0.08,0.4693,0.0838,0.158,0.0674,0.1041,0.0439,0.0317,28.344,0.4441,3.112,0.273,0.2228,0.5226,5,0.1521,12,1,0,1,0.868,0.9855,Complete,2020-12-15,70488300,Train
PRJ3-00656,Crescent Transit Program 656,Infrastructure,Midwest,OH,Private,Lump Sum,Design-Bid-Build,Very High,High,Fast,2022-07-07,2024-03-13,2024,315794900,1151,0.535,0.5005,0.863,0.9847,0.0865,40,0.9369,23,28,1.227,0.9649,187,5.922,11.138,0.1486,0.3635,0.1162,0.1231,0.0254,0.2183,0.0421,0.0452,14.016,0.1028,4.753,0.3919,0.1159,0.4533,4,0.0966,2,0,0,0,0.9119,0.9983,Complete,2025-09-02,346286700,Validation
PRJ3-00657,Aspen Office Campus 657,Commercial,Southwest,TX,Private,Cost Plus,CMAR,Low,Moderate,Standard,2020-07-06,2021-05-15,2021,55977000,756,0.415,0.4028,1.1091,0.9462,-0.0596,9,1.0363,11,1,0.427,0.9775,27,4.823,11.12,0.1962,0.3811,0.0908,0.0841,0.0364,0.0995,0,0.0026,20.798,0.2779,1.592,0.1854,0.2283,0.3101,2,-0.0526,25,0,0,0,1.0555,0.968,Complete,2022-08-26,53033200,Train
PRJ3-00658,Evergreen Housing 658,Residential,West,OR,Public,Guaranteed Maximum Price,Design-Bid-Build,High,High,Slow,2022-01-08,2022-10-10,2022,72828200,715,0.385,0.3724,0.9753,0.9679,-0.0051,9,0.9898,0,0,1.035,0.9659,15,2.06,11.75,0.186,0.4989,0.1239,0.1568,0.0531,0.2098,0.0621,0.0478,34.199,0.3848,7.876,0.3205,0.3063,0.4963,6,0.0869,45,0,1,1,0.9201,0.9408,Complete,2024-02-07,79155100,Train
PRJ3-00659,Redwood Bridge Program 659,Heavy Civil,Northeast,NJ,Private,Cost Plus,Design-Build,Moderate,High,Standard,2022-04-08,2023-07-02,2023,233389300,895,0.503,0.5061,1.0483,1.0471,-0.0204,-3,0.9541,2,17,0.298,1.0,102,4.37,7.994,0.3571,0.3898,0.0897,0.0561,0.0463,0.1662,0.0302,0.0088,14.1,0.1615,4.917,0.2852,0.1626,0.3173,2,-0.0119,20,0,0,0,1.0121,0.9781,Complete,2024-10-09,230605600,Train
PRJ3-00660,Lakeview Office Campus 660,Commercial,West,WA,Private,Cost Plus,Design-Bid-Build,Very High,Moderate,Standard,2020-08-22,2021-09-01,2021,47826300,772,0.486,0.4391,0.8136,0.8643,0.1094,36,0.9714,30,4,1.028,0.9425,4,0.836,11.22,0.08,0.4686,0.1202,0.208,0.0577,0.2702,0.0178,0.0365,22.381,0.3207,8.369,0.4897,0.3051,0.3615,5,0.1631,25,1,0,1,0.8598,0.9686,Complete,2022-10-28,55625200,Train
PRJ3-00661,Harbor Corporate Center 661,Commercial,Southwest,AZ,Public,Guaranteed Maximum Price,Design-Bid-Build,High,Low,Fast,2022-02-04,2022-08-21,2022,80644400,435,0.457,0.4352,0.9296,0.993,0.0378,9,0.9508,41,4,1.043,0.9554,50,6.2,9.7,0.2209,0.411,0.1089,0.162,0.0804,0.2151,0.0525,0.0279,23.014,0.3521,4.365,0.4043,0.2267,0.4216,4,0.1234,22,1,0,1,0.8901,0.9519,Complete,2023-05-07,90598800,Train
PRJ3-00662,Gateway Highway Improvements 662,Heavy Civil,West,WA,Private,Cost Plus,CMAR,Moderate,Moderate,Standard,2018-10-20,2019-10-12,2019,262378000,893,0.4,0.4068,1.0204,0.9719,-0.0113,-6,0.9566,3,3,0.909,0.9782,131,4.993,7.87,0.388,0.3027,0.0564,0.0871,0.0186,0.1406,0.0412,0.0285,19.47,0.2824,7.624,0.2395,0.138,0.2913,3,0.0154,-22,0,0,0,0.9848,1.0253,Complete,2021-03-09,266414400,Train
PRJ3-00663,Canyon Bridge Program 663,Heavy Civil,Southeast,GA,Private,Guaranteed Maximum Price,Design-Build,High,Moderate,Standard,2020-12-23,2022-04-02,2022,109772100,995,0.468,0.5023,1.0068,1.062,-0.0151,-34,0.9779,1,9,0.792,0.9743,74,6.741,11.322,0.2221,0.3416,0.0593,0.0519,0.0443,0.2384,0.0313,0.0161,5,0.0587,7.163,0.3705,0.1411,0.3383,3,0.0428,-25,0,0,0,0.9589,1.0258,Complete,2023-08-20,114475100,Train
PRJ3-00664,Aspen Logistics Center 664,Industrial,Northeast,NJ,Public-Private Partnership,Cost Plus,CMAR,Very High,High,Standard,2024-08-15,2025-09-09,2025,253190200,959,0.407,0.4013,0.9745,0.9644,0.0069,5,0.9995,20,17,0.692,0.9864,144,5.687,9.484,0.3412,0.4002,0.0942,0.1402,0.0569,0.1994,0.0348,0.015,24.729,0.3103,0,0.4815,0.2588,0.4155,3,0.0275,41,0,1,1,0.9732,0.959,Complete,2027-05-12,260153500,Test
PRJ3-00665,Canyon Water Program 665,Heavy Civil,West,NV,Public,Guaranteed Maximum Price,Design-Build,High,Moderate,Standard,2019-07-03,2021-02-03,2021,258648800,1443,0.403,0.3494,0.9222,0.9261,0.0435,77,1.0029,0,9,0.934,0.9786,123,4.755,9.575,0.2083,0.3685,0.0795,0.1738,0.0627,0.1657,0.0157,0.0244,8.914,0.1322,4.623,0.5218,0.1051,0.2605,3,0.0046,-25,0,0,0,0.9954,1.0176,Complete,2023-05-21,259836500,Train
PRJ3-00666,Crescent Earthworks Package 666,Heavy Civil,Southwest,TX,Public,Lump Sum,CMAR,Low,Moderate,Standard,2018-10-16,2020-04-28,2020,136997500,1110,0.505,0.4714,0.9591,0.9738,0.0136,37,0.8845,10,6,0.713,0.9753,50,3.65,6.931,0.4492,0.3579,0.0915,0.0595,0.031,0.1221,0.0271,0,19.741,0.2941,1.6,0.4708,0.1521,0.2827,1,0.0497,-7,0,0,0,0.9526,1.0063,Complete,2021-10-23,143811200,Train
PRJ3-00667,Harbor Utility Corridor 667,Infrastructure,West,CA,Public,Unit Price,IPD,Moderate,Moderate,Standard,2018-09-21,2019-10-25,2019,265072300,1032,0.387,0.3802,1.019,0.9994,0.003,7,1.0601,11,0,0.435,0.9729,113,4.263,4.966,0.5358,0.2604,0.0535,0.1001,0.0083,0.1813,0.0441,0.0067,27.243,0.2726,2.967,0.2926,0.2294,0.2786,2,0.0822,2,0,0,0,0.924,0.9981,Complete,2021-07-21,286862400,Train
PRJ3-00668,Riverside Water Program 668,Heavy Civil,Southeast,NC,Private,Lump Sum,CMAR,Moderate,Moderate,Standard,2023-07-10,2024-08-14,2024,167543400,1070,0.375,0.3624,0.9492,0.9309,0.0329,14,0.9678,19,17,0.177,0.9703,69,4.118,7.099,0.3874,0.2773,0.0732,0.0499,0.0508,0.0552,0.055,0,17.201,0.2755,9.985,0.2777,0.2048,0.3282,2,0.0777,35,0,1,1,0.9279,0.9683,Complete,2026-07-19,180556200,Validation
PRJ3-00669,Horizon Marketplace 669,Commercial,Northeast,NY,Private,Lump Sum,Design-Bid-Build,Moderate,Moderate,Fast,2025-01-16,2025-10-23,2025,91204700,672,0.417,0.4386,1.0129,1.0213,0.0083,-15,1.0617,17,18,0.712,1.0,40,4.386,2,0.5779,0.0523,0.0368,0.1137,0.0697,0.1613,0.0164,0.0007,20.531,0.2449,6.681,0.3264,0.2079,0.2787,1,0.027,-25,0,0,0,0.9737,1.0386,Complete,2026-10-25,93668800,Test
PRJ3-00670,Canyon Utility Corridor 670,Infrastructure,Southwest,TX,Public,Cost Plus,IPD,High,Moderate,Standard,2023-03-25,2024-11-19,2024,296847100,1085,0.558,0.5457,1.0076,0.9927,0.0033,13,0.9842,18,1,0.872,0.972,157,5.289,7.427,0.3987,0.3168,0.1316,0.1757,0.0645,0.1158,0.0599,0.0238,22.162,0.2276,8.099,0.355,0.3092,0.3484,4,0.0026,3,0,0,0,0.9974,0.9972,Complete,2026-03-17,297615500,Validation
PRJ3-00672,Liberty Corporate Center 672,Commercial,Midwest,MN,Private,Lump Sum,Design-Build,Low,Low,Slow,2024-10-18,2025-06-13,2025,42670600,633,0.377,0.3224,0.9226,0.8765,0.0214,35,0.9442,14,26,0.261,0.9761,17,3.984,2,0.5901,0.1346,0.0222,0.1289,0.0485,0.0671,0,0.0083,23.458,0.2491,3.675,0.0927,0.2768,0.3681,2,0.0328,20,0,0,0,0.9682,0.9694,Complete,2026-08-02,44071400,Test
PRJ3-00673,Redwood Distribution Hub 673,Industrial,Midwest,MN,Private,Unit Price,Design-Bid-Build,Moderate,High,Slow,2021-11-08,2022-10-24,2022,61234800,745,0.471,0.492,1.0421,1.0137,0.0032,-16,0.995,18,16,1.097,0.9692,33,5.389,4.95,0.4299,0.1458,0.0732,0.0513,0.0163,0.02,0.0422,0.0322,28.966,0.3598,9.214,0.1942,0.2589,0.3577,4,-0.0093,15,0,0,0,1.0094,0.9803,Complete,2023-12-08,60667000,Train
PRJ3-00674,Harbor Water Program 674,Heavy Civil,West,CA,Public-Private Partnership,Guaranteed Maximum Price,Design-Build,High,Low,Standard,2019-07-06,2020-10-20,2020,106471100,1164,0.406,0.3746,0.8833,0.9135,0.0368,37,0.983,15,4,0.435,0.9593,65,6.105,10.552,0.262,0.3888,0.077,0.1892,0.082,0.2074,0.0422,0.029,22.24,0.2641,5.517,0.3019,0.3082,0.2892,4,0.1266,16,1,0,1,0.8876,0.9864,Complete,2022-09-28,119954200,Train
PRJ3-00675,Summit Marketplace 675,Commercial,West,WA,Private,Guaranteed Maximum Price,Design-Build,Moderate,High,Fast,2019-11-06,2020-06-19,2020,81641700,509,0.445,0.4723,1.107,1.0763,-0.0188,-14,1.0009,0,4,0.589,0.9802,41,5.022,3.599,0.6123,0.1927,0.015,0.1346,0.0353,0.0812,0.0315,0.0152,15.725,0.2314,4.597,0.1354,0.2219,0.3054,2,0.0288,46,0,1,1,0.972,0.9171,Complete,2021-05-14,83989400,Train
PRJ3-00676,Redwood Housing 676,Residential,West,CA,Private,Guaranteed Maximum Price,CMAR,Moderate,Moderate,Slow,2018-11-19,2019-07-01,2019,27217600,484,0.463,0.4482,0.9178,0.9581,0.0433,7,0.9724,2,6,0.515,0.972,4,1.47,13.242,0.0851,0.4683,0.1222,0.0659,0.0416,0.1431,0.0274,0.0294,31.405,0.4749,4.235,0.3159,0.2033,0.3611,5,0.1442,-9,1,0,1,0.874,1.0189,Complete,2020-03-08,31142100,Train
PRJ3-00677,Horizon Water Program 677,Heavy Civil,Southwest,NM,Private,Cost Plus,CMAR,Moderate,Moderate,Standard,2021-10-13,2023-01-10,2023,351145800,1092,0.416,0.3827,0.9949,0.9201,-0.0049,36,0.9458,16,4,0.194,0.9503,170,4.841,11.028,0.2037,0.3526,0.0774,0.1657,0.035,0.0984,0.0036,0.0112,14.771,0.2092,6.516,0.2782,0.1798,0.2429,3,0.0366,29,0,0,0,0.9647,0.9741,Complete,2024-11-07,364001900,Train
PRJ3-00678,Summit Logistics Center 678,Industrial,West,NV,Public,Guaranteed Maximum Price,Design-Bid-Build,Moderate,Moderate,Fast,2022-09-16,2023-10-06,2023,45644800,737,0.523,0.5325,1.022,1.042,-0.0183,-7,0.9552,5,8,0.421,0.9582,9,1.972,2.518,0.6493,0.1033,0.0144,0,0.0385,0.0802,0.0207,0.0139,8.206,0.1653,0.984,0.1222,0.0577,0.3103,1,0.0206,-25,0,0,0,0.9799,1.0351,Complete,2024-08-28,46582800,Train
PRJ3-00679,Horizon Process Plant 679,Industrial,West,CA,Public-Private Partnership,Unit Price,CMAR,High,Moderate,Fast,2023-06-26,2024-10-01,2024,260539100,966,0.48,0.4909,0.8708,0.9812,0.0811,-11,0.9874,26,15,0.583,0.9852,117,4.491,4.082,0.5514,0.1572,0.0726,0.1561,0.0512,0.2169,0.0323,0.004,16.679,0.0914,1.606,0.2694,0.2926,0.3861,1,0.1248,31,1,1,1,0.889,0.9689,Complete,2026-03-19,293059800,Validation
PRJ3-00680,Mesa Transit Program 680,Infrastructure,Mountain,UT,Private,Lump Sum,Design-Build,High,Moderate,Standard,2020-02-11,2021-09-20,2021,188600000,1511,0.389,0.3588,0.9695,0.9319,0.0032,46,1.0203,16,17,0.239,0.9521,113,5.992,5.933,0.1886,0.1524,0.0534,0.1893,0.0678,0.1967,0.0336,0.0244,22.987,0.2973,1.901,0.5045,0.2664,0.4101,2,0.0749,-11,0,0,0,0.9303,1.0073,Complete,2024-03-21,202730100,Train
PRJ3-00681,Riverside Town Center 681,Mixed-Use,Mountain,UT,Public,Cost Plus,Design-Build,Moderate,Moderate,Slow,2017-12-21,2019-04-21,2019,164429300,1062,0.458,0.3672,0.8347,0.8086,0.0475,96,0.8519,0,17,0.406,0.9362,79,4.804,9.377,0.3275,0.4071,0.1012,0.1053,0.0283,0.1221,0.0307,0.0278,19.128,0.3928,5.879,0.1977,0.2928,0.4083,4,0.054,47,0,1,1,0.9487,0.9576,Complete,2021-01-03,173312700,Train
PRJ3-00682,Copper Public Works Program 682,Infrastructure,Southeast,VA,Private,Cost Plus,CMAR,Very High,Moderate,Fast,2019-08-02,2021-08-01,2021,257904500,1443,0.506,0.3927,0.9425,0.8216,0.0242,164,0.8767,28,19,0.797,0.9549,151,5.855,7.585,0.3226,0.3902,0.0704,0.1775,0.0714,0.1943,0.0486,0.0114,30.039,0.3709,3.844,0.4381,0.2881,0.3726,3,0.0683,31,0,1,1,0.9361,0.979,Complete,2023-08-15,275519700,Train
PRJ3-00683,Northstar Medical Center 683,Institutional,Mountain,WY,Private,Unit Price,Design-Build,Low,Low,Slow,2018-04-08,2019-05-12,2019,80028500,787,0.508,0.4657,0.9425,0.9145,0.0575,33,0.9631,27,12,0.494,0.9658,46,5.748,6.808,0.5662,0.3535,0.0561,0.0403,0.0316,0.072,0.0072,0.0374,11.751,0.0237,1.859,0.2852,0.1017,0.4104,3,0.0887,-2,0,0,0,0.9185,1.0025,Complete,2020-06-01,87126700,Train
PRJ3-00684,Canyon Retail Center 684,Commercial,Southeast,GA,Private,Lump Sum,Design-Bid-Build,Low,High,Standard,2022-10-02,2023-08-15,2023,48043400,540,0.588,0.5903,1.0128,1.027,-0.003,-1,1.1596,15,15,0.38,0.9868,22,4.579,9.841,0.207,0.3317,0.0373,0.0174,0.0109,0.0901,0.02,0.0077,22.718,0.2181,2.712,0.3234,0.2293,0.1438,2,-0.0416,-9,0,0,0,1.0434,1.0169,Complete,2024-03-16,46043500,Train
PRJ3-00685,Crescent Public Works Program 685,Infrastructure,Northeast,NJ,Private,Guaranteed Maximum Price,CMAR,Moderate,Low,Fast,2022-12-16,2024-05-18,2024,372092400,1255,0.414,0.3868,1.0111,0.9211,-0.0026,34,0.9502,20,18,0.311,0.9807,188,5.053,5.432,0.4897,0.1731,0.0806,0.0374,0.0161,0.1656,0.032,0.0321,10.434,0.2008,0,0.1599,0.07,0.3246,2,0.0188,-5,0,0,0,0.9815,1.004,Complete,2026-05-19,379087300,Validation
PRJ3-00686,Copper Distribution Hub 686,Industrial,Southeast,GA,Private,Cost Plus,CMAR,High,Moderate,Slow,2021-12-07,2023-01-01,2023,161975600,905,0.431,0.4019,0.7775,0.9081,0.1277,26,0.9577,12,2,0.007,0.9573,85,5.248,12.391,0.3228,0.4925,0.1153,0.0676,0.049,0.1211,0.0207,0.0385,18.662,0.2382,7.713,0.4232,0.1865,0.3712,5,0.1669,11,1,0,1,0.857,0.988,Complete,2024-06-10,189002500,Train
PRJ3-00687,Evergreen Marketplace 687,Commercial,Midwest,MI,Private,Guaranteed Maximum Price,Design-Bid-Build,Low,Moderate,Standard,2022-02-15,2023-01-28,2023,35446600,700,0.496,0.5324,1.0886,1.081,-0.0415,-25,1.0209,16,14,0.53,0.9817,12,3.385,8.576,0.3349,0.3737,0.0451,0.1068,0.0445,0.02,0.0267,0.0139,6.207,0.1189,3.168,0.2301,0.0702,0.3176,2,-0.0085,-20,0,0,0,1.0086,1.0294,Complete,2023-12-27,35145500,Train
PRJ3-00688,Redwood Medical Center 688,Institutional,Northeast,NY,Private,Unit Price,IPD,High,Moderate,Standard,2020-04-02,2021-08-11,2021,140922100,885,0.561,0.5707,0.9328,0.9816,0.0257,-9,0.9241,46,22,0.609,0.9745,77,5.464,8.414,0.2386,0.258,0.0864,0.0443,0.0206,0.0351,0.0077,0.0035,24.498,0.3319,8.559,0.2224,0.1936,0.5,3,0.0365,54,0,1,1,0.9648,0.9425,Complete,2022-10-28,146059100,Train
PRJ3-00689,Harbor Highway Improvements 689,Heavy Civil,Midwest,MN,Public-Private Partnership,Guaranteed Maximum Price,Design-Bid-Build,High,Low,Standard,2023-03-05,2024-10-24,2024,295515600,1360,0.441,0.4017,0.9244,0.9244,0.0245,53,0.8959,36,18,0.516,0.976,174,5.888,12.171,0.2504,0.4102,0.1187,0.1441,0.0659,0.2335,0.0422,0.0123,19.705,0.3403,1.751,0.2126,0.2228,0.4119,3,0.0705,-6,0,0,0,0.9342,1.0044,Complete,2026-11-18,316336200,Validation
PRJ3-00690,Copper Distribution Hub 690,Industrial,Midwest,MO,Public,Unit Price,CMAR,Moderate,High,Standard,2019-11-07,2021-01-26,2021,408088800,870,0.513,0.515,0.9838,0.9799,-0.0167,-2,0.9013,29,18,0.645,0.968,190,4.656,6.833,0.3718,0.3232,0.1042,0.0192,0.0079,0.1322,0.0421,0,27.671,0.2725,1.305,0.1716,0.2068,0.3898,2,0.076,-4,0,0,0,0.9293,1.0046,Complete,2022-03-22,439123700,Train
PRJ3-00691,Horizon Corporate Center 691,Commercial,West,WA,Public-Private Partnership,Cost Plus,Design-Bid-Build,Low,Moderate,Slow,2020-05-05,2021-06-18,2021,68032000,781,0.524,0.5563,0.8664,1.0116,0.0619,-25,0.9872,11,3,0.057,0.9573,28,4.116,9.472,0.392,0.3529,0.0843,0.0405,0.034,0.1663,0.0225,0.0125,19.522,0.2126,3.269,0.1518,0.1611,0.2919,2,0.0765,-2,0,0,0,0.9289,1.0026,Complete,2022-06-23,73236100,Train
PRJ3-00692,Gateway Marketplace 692,Commercial,Southeast,VA,Private,Guaranteed Maximum Price,CMAR,Very High,High,Slow,2019-07-22,2020-03-03,2020,58984400,544,0.415,0.3598,0.9104,0.962,0.0299,30,0.9143,22,15,1.061,0.9388,39,6.612,13.014,0.08,0.5366,0.154,0.1214,0.0343,0.1962,0.0689,0.0492,29.657,0.3469,8.478,0.5292,0.2274,0.5644,7,0.1129,37,1,1,1,0.8985,0.9363,Complete,2021-02-22,65645400,Train
PRJ3-00693,Liberty Housing 693,Residential,Mountain,UT,Private,Unit Price,CMAR,Very High,Low,Slow,2020-04-08,2021-02-02,2021,26319300,764,0.393,0.3602,0.9585,0.8941,0.0198,25,0.9143,29,16,0.952,0.9384,28,10.639,8.245,0.247,0.3412,0.1084,0.2493,0.0662,0.2991,0.0978,0.0441,32.321,0.3501,7.805,0.3281,0.4042,0.4072,5,0.111,29,1,0,1,0.9001,0.9634,Complete,2022-06-10,29239800,Train
PRJ3-00694,Evergreen Research Facility 694,Institutional,Mountain,CO,Public,Guaranteed Maximum Price,Design-Build,High,Low,Fast,2020-07-25,2022-02-13,2022,37340600,1089,0.522,0.5283,1.0053,0.9905,-0.0085,-7,0.9292,29,16,0.487,0.956,10,2.678,2.059,0.6366,0.0232,0.0453,0.1646,0.0566,0.2723,0.0467,0.0401,10.172,0.19,5.91,0.3409,0.1541,0.259,3,0.0173,-22,0,0,0,0.983,1.0206,Complete,2023-06-27,37986600,Train
PRJ3-00695,Northstar Town Center 695,Mixed-Use,Southeast,GA,Private,Unit Price,Design-Build,Moderate,Moderate,Standard,2019-10-06,2021-06-16,2021,187353200,1048,0.591,0.6234,0.9105,0.9962,0.0599,-34,0.9613,0,11,0.716,0.9521,81,4.323,5.969,0.4023,0.1965,0.0321,0.0105,0.0284,0.0863,0.0257,0.0059,25.574,0.272,0.761,0.4231,0.1581,0.3217,2,-0.0079,-25,0,0,0,1.008,1.0244,Complete,2022-07-25,185864600,Train
PRJ3-00696,Summit Neighborhood 696,Residential,Mountain,MT,Private,Unit Price,CMAR,Moderate,High,Standard,2021-07-25,2022-07-14,2022,24634700,611,0.581,0.5642,0.9857,1.0195,0.0051,10,1.0097,12,13,0.14,0.9701,21,8.525,10.371,0.263,0.4081,0.1048,0.1553,0.0469,0.108,0.0111,0.0191,11.619,0.1177,3.341,0.2556,0.1968,0.3991,3,0.0187,19,0,0,0,0.9817,0.9698,Complete,2023-04-16,25094600,Train
PRJ3-00697,Evergreen Public Works Program 697,Infrastructure,West,CA,Private,Unit Price,Design-Bid-Build,Low,High,Fast,2023-04-14,2024-12-28,2024,244811700,1187,0.526,0.4733,1.0464,0.9445,-0.0303,63,1.0671,3,1,0.824,0.9495,100,4.085,4.466,0.6419,0.0552,0.0263,0,0.0362,0.0415,0.0413,0.0004,21.287,0.2864,5.884,0.3844,0.2184,0.2931,1,-0.0121,-3,0,0,0,1.0122,1.0025,Complete,2026-07-11,241854200,Validation
PRJ3-00698,Canyon Neighborhood 698,Residential,Mountain,CO,Public,Cost Plus,Design-Bid-Build,High,Moderate,Standard,2018-09-24,2019-08-17,2019,70121000,624,0.525,0.4678,0.9498,0.9139,-0.0047,36,0.9853,30,4,0.249,0.9522,38,5.419,12.232,0.08,0.5011,0.129,0.1594,0.0507,0.184,0.0379,0.037,34.074,0.3167,9.636,0.1763,0.3343,0.4041,6,0.0458,38,0,1,1,0.9562,0.9426,Complete,2020-07-17,73333700,Train
PRJ3-00699,Harbor Process Plant 699,Industrial,Southeast,FL,Public,Guaranteed Maximum Price,CMAR,Moderate,Moderate,Standard,2023-02-05,2024-02-26,2024,176058000,774,0.499,0.436,1.0026,0.956,0.0058,49,0.9972,20,10,0.612,0.9712,98,5.566,10.925,0.08,0.3433,0.0813,0.0611,0.045,0.1786,0.0164,0.0181,11.493,0.1747,7.561,0.3473,0.1545,0.1695,3,0.0592,-2,0,0,0,0.9441,1.0026,Complete,2025-03-18,186483100,Validation
PRJ3-00700,Summit Office Campus 700,Commercial,Mountain,CO,Private,Cost Plus,Design-Bid-Build,Moderate,Moderate,Standard,2023-01-19,2023-08-10,2023,59533800,394,0.516,0.5172,0.8795,0.9827,0.0776,0,0.9734,12,5,0.8,0.9741,29,4.871,10.878,0.0876,0.3693,0.1014,0.1133,0.049,0.0647,0.0232,0.0234,16.393,0.2596,5.413,0.2177,0.1841,0.3089,3,0.0964,55,0,1,1,0.9121,0.8775,Complete,2024-04-12,65271800,Train
PRJ3-00701,Northstar Neighborhood 701,Residential,Midwest,MN,Private,Guaranteed Maximum Price,Design-Bid-Build,High,Low,Standard,2020-08-16,2021-11-04,2021,59463300,752,0.593,0.5231,0.8336,0.896,0.1079,53,0.915,40,20,0.604,0.9552,46,7.736,9.133,0.4105,0.3043,0.056,0.235,0.0702,0.1747,0.0331,0.0042,28.962,0.282,7.563,0.3194,0.31,0.4229,3,0.1258,36,1,1,1,0.8883,0.9543,Complete,2022-10-13,66942400,Train
PRJ3-00702,Aspen Corporate Center 702,Commercial,Northeast,NY,Private,Guaranteed Maximum Price,Design-Bid-Build,High,Low,Slow,2024-10-02,2025-05-30,2025,58733900,546,0.44,0.367,0.8606,0.9066,0.0697,40,0.9087,39,5,1.22,0.9406,42,7.151,13.791,0.08,0.4895,0.1231,0.1088,0.0535,0.1612,0.0704,0.0336,34.564,0.3536,8.244,0.3331,0.3311,0.4546,6,0.2431,50,1,1,1,0.8045,0.9161,Complete,2026-05-21,73010700,Test
PRJ3-00703,Northstar Highway Improvements 703,Heavy Civil,West,CA,Public,Guaranteed Maximum Price,CMAR,Moderate,Moderate,Slow,2017-11-23,2019-05-12,2019,137741700,1085,0.494,0.4936,0.9375,0.949,0.0312,0,0.9867,36,17,0.396,0.9609,69,5.009,7.243,0.3872,0.2826,0.0758,0.0634,0.0209,0.1396,0.0439,0.0267,22.086,0.2984,6.075,0.3062,0.2495,0.3599,3,0.0442,41,0,1,1,0.9577,0.9636,Complete,2020-12-23,143828800,Train
PRJ3-00704,Pioneer Apartments 704,Residential,Southwest,AZ,Private,Guaranteed Maximum Price,Design-Bid-Build,Moderate,Moderate,Standard,2018-10-13,2019-06-12,2019,128475600,424,0.573,0.5838,1.0243,1.0586,-0.0027,-5,0.9305,3,3,0.225,0.9373,72,5.604,12.87,0.1834,0.3756,0.0738,0.1709,0.0714,0.1119,0.0126,0.0026,10.71,0.2538,6.051,0.302,0.2295,0.3953,3,0.0337,34,0,1,1,0.9674,0.9258,Complete,2020-01-14,132806600,Train
PRJ3-00705,Copper Utility Corridor 705,Infrastructure,Northeast,PA,Private,Guaranteed Maximum Price,CMAR,High,Low,Slow,2018-03-05,2019-09-27,2019,165262100,1171,0.488,0.4802,0.8448,0.9374,0.0803,9,0.8257,38,19,0.452,0.9692,111,6.717,11.467,0.0871,0.3892,0.0993,0.1557,0.0606,0.2916,0.042,0.0392,17.287,0.3581,7.199,0.1841,0.1921,0.4361,4,0.2019,13,1,0,1,0.832,0.989,Complete,2021-06-01,198620500,Train
PRJ3-00706,Canyon Neighborhood 706,Residential,Southeast,GA,Private,Guaranteed Maximum Price,Design-Build,Moderate,Moderate,Slow,2022-01-19,2022-12-20,2022,28731700,674,0.498,0.5019,0.9682,1.0185,0.0275,-3,0.969,24,23,0.518,0.9719,16,5.569,8.134,0.2787,0.3558,0.078,0.0358,0.0467,0.0915,0.0215,0.0354,14.379,0.235,6.849,0.3622,0.092,0.4041,3,0.0825,15,0,0,0,0.9238,0.9782,Complete,2023-12-09,31101500,Train
PRJ3-00707,Gateway Airport Improvements 707,Infrastructure,Southeast,VA,Public,Guaranteed Maximum Price,CMAR,High,High,Fast,2018-02-19,2019-07-15,2019,395095100,948,0.54,0.5319,1.0116,1.015,-0.0407,8,1.018,10,15,0.866,0.9644,203,5.138,10.392,0.1613,0.3669,0.0748,0.0951,0.0306,0.223,0.0386,0.012,21.731,0.18,6.292,0.269,0.1704,0.3748,3,0.0009,6,0,0,0,0.9991,0.9937,Complete,2020-09-30,395469400,Train
PRJ3-00708,Horizon Process Plant 708,Industrial,West,NV,Private,Unit Price,Design-Bid-Build,Moderate,Low,Slow,2019-02-10,2020-01-11,2020,256256200,913,0.368,0.3037,0.8158,0.8754,0.0707,59,0.923,45,1,0.486,0.9441,141,5.502,8.014,0.3697,0.3083,0.0698,0.0817,0.0052,0.1967,0.0394,0.0238,18.401,0.2087,3.643,0.193,0.073,0.37,2,0.2551,68,1,1,1,0.7968,0.9307,Complete,2021-10-18,321616900,Train
PRJ3-00709,Cedar Utility Corridor 709,Infrastructure,Midwest,MO,Private,Guaranteed Maximum Price,Design-Bid-Build,High,High,Standard,2022-12-03,2024-08-28,2024,180423400,1200,0.529,0.4451,0.913,0.8326,0.0274,101,0.9367,25,12,1.032,0.9431,90,4.988,10.277,0.2043,0.3173,0.1055,0.1496,0.0094,0.1577,0.021,0.0435,25.53,0.2748,0,0.1851,0.2743,0.3011,4,0.0839,31,0,1,1,0.9226,0.9748,Complete,2026-04-17,195562900,Validation
PRJ3-00710,Lakeview Neighborhood 710,Residential,Southwest,AZ,Public-Private Partnership,Unit Price,Design-Build,Moderate,Low,Slow,2020-12-13,2021-07-15,2021,54430000,471,0.456,0.4394,0.9037,0.9567,0.0526,8,0.9899,19,15,0.837,0.9657,44,8.084,9.61,0.204,0.3891,0.0939,0.1895,0.0415,0.0898,0.0479,0.0357,23.38,0.2768,6.435,0.2583,0.217,0.438,4,0.0841,34,0,1,1,0.9224,0.9327,Complete,2022-05-02,59009800,Train
PRJ3-00711,Northstar Research Facility 711,Institutional,West,NV,Private,Unit Price,CMAR,Moderate,High,Standard,2021-07-22,2022-08-28,2022,48594500,694,0.58,0.5136,0.9596,0.9507,0.0099,46,1.0451,0,8,0.788,0.9519,24,4.939,7.225,0.4393,0.2417,0.0328,0.0833,0.0325,0.0817,0.0396,0.0162,28.85,0.3172,5.289,0.03,0.2318,0.3508,3,0.1009,25,1,0,1,0.9083,0.9652,Complete,2023-07-11,53498100,Train
PRJ3-00712,Copper Residences 712,Residential,Southwest,AZ,Public,Cost Plus,Design-Build,Very High,High,Standard,2021-08-22,2022-01-04,2022,41054800,280,0.484,0.5151,0.8476,1.036,0.0931,-9,1.0207,3,24,0.685,0.9809,16,3.897,10.562,0.0961,0.3424,0.1064,0.1522,0.0715,0.2893,0.0368,0.0514,22.941,0.2755,3.898,0.4826,0.2226,0.4234,5,0.1532,-7,1,0,1,0.8672,1.0256,Complete,2022-05-22,47344200,Train
PRJ3-00713,Evergreen Distribution Hub 713,Industrial,West,WA,Private,Unit Price,Design-Bid-Build,Moderate,Low,Standard,2023-07-21,2024-11-11,2024,173654000,803,0.597,0.6477,0.9177,1.1015,0.0614,-41,0.955,29,5,0.967,0.9635,84,4.837,7.822,0.2849,0.2288,0.0815,0.0132,0.0333,0.1399,0.0184,0.0138,21.81,0.27,1.622,0.2629,0.1538,0.2537,2,0.0494,21,0,0,0,0.9529,0.9745,Complete,2025-10-22,182229600,Validation
PRJ3-00714,Horizon Neighborhood 714,Residential,Southwest,AZ,Private,Cost Plus,Design-Build,Very High,Moderate,Standard,2018-09-04,2019-06-26,2019,84591600,783,0.378,0.3058,0.9521,0.9082,0.0255,57,1.0178,2,6,1.013,0.9513,41,4.847,9.988,0.1401,0.4711,0.113,0.1548,0.0433,0.2572,0.0367,0.038,21.546,0.2444,3.452,0.4796,0.2519,0.4063,4,0.0377,51,0,1,1,0.9637,0.9388,Complete,2020-12-16,87780000,Train
PRJ3-00715,Liberty Logistics Center 715,Industrial,Mountain,ID,Public,Unit Price,Design-Bid-Build,Moderate,High,Fast,2021-11-20,2023-08-04,2023,221108800,1069,0.582,0.5793,1.0053,0.9967,-0.0129,3,1.0631,29,5,0.407,0.9858,93,4.206,10.649,0.2298,0.2716,0.0848,0.108,0.0094,0.0628,0.0128,0.0181,7.015,0.1468,4.334,0.2743,0.1474,0.2666,3,0.0281,9,0,0,0,0.9727,0.9917,Complete,2024-11-02,227322500,Train
PRJ3-00716,Evergreen Process Plant 716,Industrial,West,WA,Private,Lump Sum,Design-Build,High,Moderate,Standard,2019-09-22,2021-01-25,2021,225818900,840,0.585,0.6148,0.9452,0.9943,0.0439,-25,0.8961,13,12,0.739,0.9609,130,5.757,11.772,0.1283,0.3909,0.1005,0.0245,0.0183,0.254,0.032,0.0245,26.853,0.2805,11.421,0.5169,0.2826,0.4675,5,0.076,0,0,0,0,0.9294,1.0,Complete,2022-01-09,242982800,Train
PRJ3-00717,Aspen Marketplace 717,Commercial,Southwest,NM,Public,Lump Sum,Design-Build,Moderate,Moderate,Fast,2019-09-23,2020-03-11,2020,123021600,288,0.591,0.6106,1.0609,1.0513,-0.0163,-6,0.9399,14,22,0.653,0.9882,56,4.552,4.129,0.4532,0.2014,0.0773,0.116,0.079,0.1013,0.0135,0.0283,23.978,0.1967,6.883,0.2671,0.2676,0.24,3,0.0368,27,0,0,0,0.9645,0.9143,Complete,2020-08-03,127551100,Train
PRJ3-00718,Liberty Earthworks Package 718,Heavy Civil,Southeast,FL,Private,Guaranteed Maximum Price,Design-Bid-Build,High,High,Fast,2023-05-05,2024-06-22,2024,247487400,1017,0.408,0.3917,0.9234,0.9916,0.0328,17,0.9035,15,25,0.5,0.9589,132,5.334,11.459,0.08,0.372,0.087,0.1737,0.0242,0.1625,0.0388,0.0166,27.289,0.2039,2.666,0.2558,0.2753,0.2882,4,0.0726,35,0,1,1,0.9323,0.9667,Complete,2026-03-22,265455100,Validation
PRJ3-00719,Crescent Retail Center 719,Commercial,Midwest,MN,Private,Cost Plus,IPD,Moderate,Moderate,Fast,2024-05-01,2024-12-09,2024,83983500,525,0.423,0.4624,1.0704,1.0644,-0.0096,-21,1.0739,24,11,0.082,0.9801,32,3.81,5.794,0.3885,0.195,0.0952,0.0293,0.0266,0.1372,0.0208,0.0029,20.754,0.1296,1.6,0.153,0.1335,0.2673,1,-0.0095,-25,0,0,0,1.0095,1.05,Complete,2025-09-13,83189700,Validation
PRJ3-00720,Crescent Water Program 720,Heavy Civil,Midwest,MI,Public,Cost Plus,Design-Build,High,High,Fast,2018-10-07,2020-01-24,2020,246632000,1271,0.373,0.355,1.043,0.9718,-0.0196,23,0.9849,0,5,0.622,0.9833,118,4.784,5.658,0.4133,0.242,0.0517,0.1382,0.0477,0.1165,0.0035,0.0073,17.846,0.2237,4.674,0.2591,0.2084,0.2621,2,-0.0283,17,0,0,0,1.0291,0.9868,Complete,2022-04-17,239662300,Train
PRJ3-00721,Mesa Corporate Center 721,Commercial,Northeast,NY,Private,Guaranteed Maximum Price,Design-Build,Moderate,High,Standard,2023-11-26,2024-10-25,2024,76528300,655,0.511,0.5471,1.0591,1.019,-0.0177,-24,1.0529,15,30,0.39,0.9743,40,5.227,8.579,0.2326,0.3448,0.0978,0.021,0.0566,0.1587,0,0.0088,12.633,0.0265,4.133,0.2818,0.1945,0.413,2,0.0146,-25,0,0,0,0.9856,1.0397,Complete,2025-08-17,77645300,Validation
PRJ3-00722,Cedar District 722,Mixed-Use,Midwest,MI,Public,Lump Sum,Design-Bid-Build,High,Low,Standard,2020-01-16,2021-05-24,2021,221019700,1061,0.466,0.4097,0.8888,0.9106,0.0384,60,0.9715,7,18,0.586,0.9635,128,5.791,10.575,0.2468,0.4225,0.1442,0.2251,0.0506,0.2352,0.0589,0.0073,28.928,0.3289,3.697,0.4194,0.3359,0.4441,4,-0.0005,42,0,1,1,1.0005,0.9619,Complete,2023-01-23,220908100,Train
PRJ3-00723,Harbor Research Facility 723,Institutional,West,WA,Private,Guaranteed Maximum Price,Design-Bid-Build,Very High,Low,Standard,2024-06-05,2025-06-13,2025,118717300,937,0.399,0.3283,0.8833,0.8694,0.0338,66,0.7858,24,2,0.566,0.9566,76,6.402,6.381,0.4508,0.1749,0.0264,0.2793,0.0764,0.1959,0.0877,0.0418,21.613,0.2899,6.091,0.2855,0.1999,0.391,3,0.114,3,1,0,1,0.8977,0.9968,Complete,2027-01-01,132248400,Test
PRJ3-00724,Lakeview Residences 724,Residential,Southeast,VA,Private,Guaranteed Maximum Price,IPD,Low,Moderate,Standard,2020-07-08,2021-02-11,2021,176359700,422,0.517,0.5142,1.0243,0.9623,-0.0088,1,1.1122,0,15,0.984,0.9675,69,3.912,9.299,0.1996,0.3449,0.0939,0.0884,0.017,0.0365,0.0159,0,14.806,0.2394,4.112,0.0604,0.2184,0.2855,2,0.0051,-3,0,0,0,0.9949,1.0072,Complete,2021-08-31,177259000,Train
PRJ3-00725,Canyon Transit Program 725,Infrastructure,Southeast,NC,Private,Lump Sum,Design-Build,Moderate,Moderate,Standard,2021-07-01,2022-09-26,2022,734090300,1285,0.352,0.3964,1.029,1.0473,-0.0296,-57,0.9366,10,9,0.616,0.9433,240,3.269,8.269,0.345,0.3594,0.067,0.0795,0.0316,0.0732,0.0425,0.0245,38.384,0.3969,2.608,0.4056,0.4071,0.4014,4,0.0739,42,0,1,1,0.9311,0.9683,Complete,2025-02-17,788370300,Train
PRJ3-00726,Harbor Residences 726,Residential,Northeast,PA,Private,Lump Sum,Design-Bid-Build,Moderate,Moderate,Slow,2019-03-05,2020-03-18,2020,65613300,769,0.493,0.4768,0.8989,0.9906,0.0616,12,0.9347,14,15,0.587,0.9852,41,6.249,12.263,0.154,0.4184,0.1127,0.1946,0.0714,0.1679,0.008,0.0422,17.171,0.2898,5.863,0.1852,0.2081,0.3828,5,0.1091,19,1,0,1,0.9017,0.9759,Complete,2021-05-01,72768600,Train
PRJ3-00727,Lakeview Transit Program 727,Infrastructure,Mountain,CO,Public,Unit Price,CMAR,Moderate,Low,Slow,2022-10-20,2024-04-28,2024,176745000,1176,0.473,0.4213,0.9107,0.91,0.0435,61,0.9223,5,7,0.504,0.9621,107,6.054,9.305,0.2612,0.3554,0.0807,0.0906,0.0415,0.1125,0.0192,0.0358,27.274,0.3779,4.527,0.2922,0.2922,0.3318,4,0.0229,30,0,1,1,0.9776,0.9751,Complete,2026-02-07,180787100,Validation
PRJ3-00728,Riverside Civic Complex 728,Institutional,West,NV,Private,Unit Price,Design-Bid-Build,Moderate,Low,Fast,2024-03-19,2025-05-09,2025,173779000,720,0.578,0.5722,0.9508,0.984,0.043,4,1.008,6,2,0.788,0.978,85,4.891,5.74,0.4659,0.279,0.0681,0.125,0.0635,0.2131,0.0511,0.0099,16.108,0.1589,6.755,0.1755,0.21,0.2495,2,0.0839,-25,0,0,0,0.9226,1.036,Complete,2026-02-12,188366000,Test
PRJ3-00729,Evergreen Office Campus 729,Commercial,Southeast,FL,Public-Private Partnership,Guaranteed Maximum Price,Design-Build,Moderate,Moderate,Fast,2023-12-26,2025-04-08,2025,96850300,784,0.599,0.564,0.9802,0.926,0.0277,27,1.0951,17,10,0.332,0.9681,41,4.233,6.797,0.4183,0.0983,0.0361,0.1457,0.0646,0.142,0.011,0.0102,14.889,0.2721,6.678,0.2426,0.2227,0.3808,2,0.0612,-4,0,0,0,0.9423,1.0051,Complete,2026-02-13,102776900,Test
PRJ3-00730,Pioneer Residences 730,Residential,Southwest,TX,Private,Cost Plus,CMAR,Moderate,Moderate,Slow,2023-06-23,2024-01-14,2024,47092100,444,0.463,0.4301,0.9675,0.9594,0.0302,15,0.9047,8,12,0.496,0.949,21,4.459,13.348,0.08,0.5354,0.1309,0.2147,0.0361,0.1249,0.0218,0.0144,28.935,0.3862,2.489,0.2194,0.2996,0.3824,4,0.031,17,0,0,0,0.9699,0.9631,Complete,2024-09-26,48551100,Validation
PRJ3-00731,Evergreen Distribution Hub 731,Industrial,West,CA,Private,Guaranteed Maximum Price,Design-Bid-Build,Moderate,Low,Standard,2020-03-13,2021-08-06,2021,188064900,936,0.546,0.5129,0.8549,0.9568,0.0824,31,0.9429,20,0,0.431,0.9522,86,4.573,7.384,0.3245,0.3185,0.0874,0.1324,0.028,0.093,0.0417,0.0318,25.63,0.1915,6.531,0.3187,0.3568,0.1957,4,0.0846,-3,0,0,0,0.922,1.0032,Complete,2022-10-02,203977600,Train
PRJ3-00733,Lakeview Town Center 733,Mixed-Use,West,CA,Private,Guaranteed Maximum Price,Design-Bid-Build,Moderate,High,Slow,2025-01-02,2025-10-01,2025,64291700,702,0.388,0.3558,0.9592,0.9054,-0.002,23,0.9681,27,3,0.378,0.9663,42,6.533,8.471,0.3854,0.2991,0.0688,0.1161,0.0679,0.1332,0.0314,0.0337,35.82,0.5311,8.95,0.2863,0.382,0.3525,5,-0.0028,32,0,1,1,1.0028,0.9564,Complete,2027-01-06,64112800,Test
PRJ3-00734,Copper Medical Center 734,Institutional,Midwest,MO,Private,Lump Sum,Design-Bid-Build,Low,High,Standard,2021-04-25,2022-07-25,2022,127946100,849,0.538,0.5053,1.0396,0.9877,-0.0211,28,1.04,0,5,0.246,0.9565,40,3.126,5.845,0.2981,0.2437,0.0741,0.0287,0.051,0.0463,0,0.0048,21.382,0.3857,6.461,0.1071,0.1186,0.2659,2,0.009,-16,0,0,0,0.9911,1.0192,Complete,2023-08-06,129094500,Train
PRJ3-00735,Aspen Water Program 735,Heavy Civil,Southwest,AZ,Private,Lump Sum,IPD,High,Low,Standard,2023-07-14,2024-12-04,2024,466964200,1221,0.417,0.3533,0.8659,0.8601,0.0672,78,0.9095,17,7,0.814,0.9606,240,5.14,6.867,0.4286,0.3063,0.0995,0.0938,0.0251,0.2624,0.0271,0.026,23.762,0.275,0.704,0.2868,0.2496,0.4228,3,0.1298,4,1,0,1,0.8851,0.9967,Complete,2026-11-20,527595700,Validation
PRJ3-00736,Pioneer Civic Complex 736,Institutional,Southeast,GA,Public,Cost Plus,Design-Build,Low,Moderate,Slow,2022-02-16,2022-12-09,2022,84233300,658,0.451,0.446,0.9431,1.0238,0.0213,3,0.9995,15,6,0.282,0.9773,27,3.205,7.874,0.3126,0.2914,0.0941,0.0079,0.0367,0.0252,0.0182,0.0176,23.779,0.2791,6.257,0.2652,0.2467,0.3782,3,0.0267,-14,0,0,0,0.974,1.0217,Complete,2023-11-22,86482000,Train
PRJ3-00737,Evergreen Process Plant 737,Industrial,Midwest,MI,Private,Lump Sum,Design-Build,High,Moderate,Standard,2022-06-18,2023-09-19,2023,187084300,1025,0.447,0.5051,0.8968,1.0351,0.0556,-60,1.0127,16,32,0.836,0.9649,105,5.612,10.949,0.1594,0.3051,0.0675,0.0762,0,0.1165,0.0543,0.0274,32.867,0.3826,3.157,0.2716,0.2717,0.3357,4,0.1092,23,1,0,1,0.9015,0.9781,Complete,2025-05-01,207523100,Train
PRJ3-00738,Summit Bridge Program 738,Heavy Civil,Southeast,GA,Private,Guaranteed Maximum Price,Design-Build,Very High,Low,Standard,2019-06-10,2020-10-04,2020,165500200,1119,0.431,0.3728,0.7929,0.919,0.0897,65,0.96,20,29,0.75,0.9718,98,5.921,3.349,0.6395,0.1976,0.0842,0.2001,0.0573,0.2637,0.0273,0.0404,26.185,0.2447,7.448,0.5271,0.2815,0.3502,4,0.2006,29,1,0,1,0.8329,0.9747,Complete,2022-08-01,198694300,Train
PRJ3-00739,Mesa Marketplace 739,Commercial,Midwest,IL,Private,Unit Price,Design-Build,Moderate,Low,Standard,2018-06-04,2019-04-16,2019,76749200,556,0.57,0.4945,0.993,0.8936,0.0113,42,0.9395,20,12,0.385,0.9796,25,3.257,8.431,0.2533,0.2568,0.1024,0.0888,0.0313,0.1364,0.0351,0,19.979,0.2605,1.1,0.2503,0.1549,0.2566,1,0.046,16,0,0,0,0.956,0.972,Complete,2019-12-28,80280900,Train
PRJ3-00740,Liberty Water Program 740,Heavy Civil,Southwest,TX,Public,Lump Sum,Design-Build,Low,Moderate,Fast,2018-12-25,2020-02-06,2020,312110400,874,0.467,0.4925,0.9232,1.0115,0.0335,-22,1.0449,0,7,0.32,0.9905,117,3.749,7.738,0.3769,0.3064,0.1001,0.0094,0.0289,0.0974,0,0,14.973,0.18,2.177,0.2615,0.1681,0.1994,1,0.0592,-23,0,0,0,0.9442,1.027,Complete,2021-04-24,330572900,Train
PRJ3-00741,Horizon Research Facility 741,Institutional,West,CA,Public,Unit Price,CMAR,Moderate,Low,Standard,2024-07-24,2025-08-05,2025,244703700,902,0.418,0.4204,0.949,0.9753,0.0272,-2,0.9312,34,6,0.833,0.9698,113,4.618,11.223,0.1543,0.4429,0.1208,0.1013,0.0081,0.1857,0.051,0,18.849,0.2265,0.154,0.3038,0.2708,0.4301,2,0.1144,-25,1,0,1,0.8973,1.0285,Complete,2026-12-18,272707400,Test
PRJ3-00742,Summit Town Center 742,Mixed-Use,Northeast,PA,Private,Unit Price,Design-Bid-Build,Low,High,Standard,2024-06-23,2025-09-13,2025,378195000,764,0.586,0.6235,1.0088,1.0018,0.0005,-29,1.1415,16,13,0.169,0.9625,165,4.363,7.85,0.2787,0.1313,0.0339,0.0269,0.0149,0.1093,0.0183,0.0012,28.904,0.4,4.563,0.2538,0.1393,0.2234,2,0.0249,-20,0,0,0,0.9757,1.0269,Complete,2026-07-07,387619600,Test
PRJ3-00743,Riverside Earthworks Package 743,Heavy Civil,Southeast,VA,Public,Unit Price,Design-Bid-Build,Moderate,Low,Standard,2024-01-18,2025-04-23,2025,136516500,1145,0.403,0.3957,0.8431,0.9309,0.088,8,0.9872,16,17,0.732,0.9558,72,5.274,2,0.5626,0.164,0.0622,0.1568,0.0775,0.2112,0.0474,0.0416,18.868,0.1871,2.199,0.5402,0.2858,0.3665,3,0.1109,-4,1,0,1,0.9002,1.0035,Complete,2027-03-04,151654500,Test
PRJ3-00744,Summit Office Campus 744,Commercial,Southeast,NC,Private,Unit Price,Design-Build,Moderate,Moderate,Slow,2022-10-31,2023-07-23,2023,55876700,678,0.392,0.4161,1.0192,1.0149,-0.0172,-16,0.9447,20,21,0.618,0.9746,30,5.369,11.368,0.117,0.4624,0.1098,0.0254,0,0.099,0.0163,0.0231,30.611,0.3006,8.115,0.2623,0.2598,0.4109,5,-0.0531,-5,0,0,0,1.0561,1.0074,Complete,2024-09-03,52907500,Train
PRJ3-00746,Mesa Housing 746,Residential,Northeast,NJ,Private,Guaranteed Maximum Price,Design-Build,High,Moderate,Standard,2022-02-15,2022-09-26,2022,59662600,566,0.394,0.3746,0.8938,1.0156,0.0489,11,0.9776,10,15,0.86,0.9839,39,6.537,10.979,0.1224,0.3958,0.1083,0.0826,0.0264,0.0777,0.0529,0.0229,24.222,0.1668,5.545,0.3019,0.1745,0.3213,4,0.0606,38,0,1,1,0.9429,0.9371,Complete,2023-10-12,63278500,Train
PRJ3-00748,Summit Transit Program 748,Infrastructure,Southwest,NM,Private,Unit Price,Design-Bid-Build,High,Low,Slow,2022-12-06,2024-05-17,2024,258027300,1244,0.425,0.3469,0.8481,0.8715,0.0667,97,0.8212,37,5,0.611,0.948,159,6.162,14.177,0.08,0.5574,0.1461,0.1208,0.0425,0.2808,0.0638,0.0412,39.681,0.5342,7.36,0.4513,0.4089,0.419,7,0.1746,20,1,0,1,0.8513,0.9842,Complete,2026-05-23,303089900,Validation
PRJ3-00749,Gateway Research Facility 749,Institutional,West,OR,Private,Unit Price,Design-Bid-Build,Low,High,Standard,2018-04-19,2019-05-17,2019,150244400,713,0.552,0.5624,1.1143,1.0194,-0.0891,-7,1.0673,0,0,0.229,0.9657,60,3.993,5.465,0.4064,0.2341,0.053,0.0145,0.0228,0.02,0.0038,0.0058,17.974,0.2268,3.142,0.3196,0.054,0.1626,1,-0.0334,15,0,0,0,1.0345,0.9794,Complete,2020-04-16,145233500,Train
PRJ3-00750,Gateway Apartments 750,Residential,Southeast,VA,Public,Lump Sum,Design-Bid-Build,Low,Moderate,Fast,2020-09-21,2021-08-26,2021,42876600,580,0.586,0.5646,0.9874,0.9093,0.0144,12,1.0935,18,13,0.769,0.9694,16,3.732,2,0.6147,0.089,0.0077,0,0,0.0949,0.0163,0.0162,5,0.197,2.043,0.3153,0.0873,0.2909,1,0.0113,-17,0,0,0,0.9889,1.0302,Complete,2022-04-07,43359600,Train
PRJ3-00751,Harbor Housing 751,Residential,West,NV,Private,Guaranteed Maximum Price,Design-Build,High,Moderate,Standard,2021-04-07,2022-05-16,2022,127803000,697,0.581,0.6253,0.9395,1.0868,0.0298,-31,1.0455,11,10,0.757,0.9883,68,5.321,4.165,0.3843,0.2556,0.0469,0.0972,0.0602,0.2013,0.061,0.0287,21.42,0.3203,5.893,0.2881,0.2389,0.4605,3,0.0508,0,0,0,0,0.9517,1.0,Complete,2023-03-05,134294200,Train
PRJ3-00752,Horizon Corporate Center 752,Commercial,Northeast,PA,Private,Guaranteed Maximum Price,Design-Bid-Build,Moderate,High,Slow,2025-03-17,2025-08-11,2025,67357900,376,0.393,0.3624,0.8632,0.9319,0.0487,12,0.9879,12,13,0.839,0.9675,39,5.79,5.515,0.4969,0.1028,0.0272,0.103,0.0309,0.02,0.0524,0.03,26.045,0.287,7.381,0.401,0.2912,0.2571,3,0.1073,-12,1,0,1,0.9031,1.033,Complete,2026-03-16,74586400,Test
PRJ3-00753,Riverside Public Works Program 753,Infrastructure,Northeast,NJ,Private,Lump Sum,Design-Bid-Build,Low,High,Slow,2024-02-05,2025-04-21,2025,280381100,973,0.454,0.3962,0.9614,0.8806,0.0283,56,1.0416,12,13,0.899,0.9745,115,4.102,9.058,0.3435,0.4286,0.1021,0.1019,0.0383,0.02,0.0171,0.032,20.643,0.3228,3.299,0.1634,0.2062,0.2969,3,0.0146,32,0,1,1,0.9856,0.9682,Complete,2026-11-06,284484800,Test
PRJ3-00754,Lakeview Apartments 754,Residential,Mountain,WY,Private,Guaranteed Maximum Price,CMAR,High,High,Standard,2024-01-09,2024-12-03,2024,45745400,678,0.486,0.5367,0.9718,1.0443,0.0275,-34,0.9774,0,9,1.082,0.9758,26,5.684,13.011,0.08,0.3431,0.1086,0.0714,0.0274,0.1872,0.0099,0.0128,23.051,0.2705,5.422,0.2282,0.1342,0.3256,4,0.075,2,0,0,0,0.9303,0.9971,Complete,2025-11-19,49175100,Validation
PRJ3-00755,Pioneer Neighborhood 755,Residential,Southeast,FL,Private,Cost Plus,Design-Bid-Build,Moderate,Moderate,Standard,2019-10-07,2020-08-26,2020,31299200,782,0.415,0.4089,1.0581,0.9784,-0.0185,5,0.9783,5,15,0.648,0.9559,28,8.946,6.261,0.3842,0.2843,0.0601,0.0154,0.017,0.0215,0.0345,0.0368,28.541,0.3531,0,0.03,0.2248,0.2979,3,0.0535,16,0,0,0,0.9492,0.9799,Complete,2021-12-13,32973700,Train
PRJ3-00756,Northstar Process Plant 756,Industrial,Mountain,UT,Public,Cost Plus,CMAR,High,Low,Standard,2019-10-13,2021-02-26,2021,131917300,997,0.504,0.4836,0.9613,0.9454,0.0105,20,0.8728,29,9,0.519,0.9549,65,4.927,6.996,0.3941,0.2233,0.0567,0.1558,0.0571,0.1747,0.0494,0.05,20.241,0.2177,4.268,0.2517,0.2813,0.2615,4,0.0871,-13,0,0,0,0.9198,1.0132,Complete,2022-06-23,143413700,Train
PRJ3-00757,Riverside Highway Improvements 757,Heavy Civil,West,OR,Private,Lump Sum,CMAR,Moderate,High,Fast,2023-12-06,2025-05-28,2025,90635900,1048,0.515,0.5495,0.9941,1.0577,0.0067,-36,1.0475,1,9,0.869,0.9776,43,4.744,7.064,0.349,0.2722,0.0412,0.1317,0.0425,0.0686,0,0,24.134,0.2604,0,0.2172,0.2734,0.3219,1,0.0465,10,0,0,0,0.9556,0.9905,Complete,2026-10-29,94848400,Test
PRJ3-00758,Lakeview Retail Center 758,Commercial,West,OR,Private,Guaranteed Maximum Price,IPD,Moderate,Low,Standard,2025-05-24,2025-10-09,2025,33062300,359,0.386,0.3913,0.9789,1.0053,0.0051,-2,0.926,16,1,0.771,0.9669,21,6.352,6.169,0.3171,0.2873,0.1086,0.0396,0.0377,0.1363,0.0017,0,15.934,0.1243,2.629,0.1945,0.1434,0.2762,1,0.0431,-25,0,0,0,0.9587,1.0749,Complete,2026-04-23,34486700,Test
PRJ3-00759,Riverside Marketplace 759,Commercial,Southwest,AZ,Public,Guaranteed Maximum Price,Design-Bid-Build,High,Moderate,Fast,2024-04-02,2025-04-20,2025,89103000,693,0.554,0.5805,1.0329,1.059,-0.0283,-18,1.0785,8,7,0.46,0.968,42,4.714,5.221,0.4187,0.1771,0.0586,0.131,0.051,0.2358,0.0582,0.0127,22.954,0.2494,0,0.3349,0.1899,0.3574,2,0.0305,-16,0,0,0,0.9704,1.0236,Complete,2026-02-08,91824600,Test
PRJ3-00760,Aspen Neighborhood 760,Residential,West,WA,Public,Guaranteed Maximum Price,Design-Bid-Build,Very High,Low,Slow,2020-01-22,2020-12-12,2020,45878600,561,0.58,0.4071,0.918,0.72,0.0294,97,0.8535,27,14,1.004,0.948,29,6.321,13.171,0.08,0.3434,0.1142,0.2321,0.0855,0.2844,0.0844,0.0286,28.997,0.2659,7.79,0.3744,0.2691,0.4158,5,0.0906,64,0,1,1,0.9169,0.8976,Complete,2021-10-08,50035200,Train
PRJ3-00761,Granite Retail Center 761,Commercial,Northeast,MA,Private,Guaranteed Maximum Price,Design-Build,High,Moderate,Standard,2020-02-23,2020-11-17,2020,40538900,608,0.442,0.427,1.0055,0.927,-0.0141,9,0.9149,14,24,0.631,0.9771,23,5.674,7.74,0.4201,0.37,0.0923,0.097,0.057,0.1741,0.0487,0.0095,19.788,0.1975,8.977,0.3833,0.1936,0.4443,3,0.1118,-4,1,0,1,0.8994,1.0066,Complete,2021-10-19,45071800,Train
PRJ3-00762,Cedar Education Center 762,Institutional,Southeast,NC,Private,Cost Plus,IPD,High,Low,Standard,2023-09-16,2024-07-05,2024,80418900,771,0.381,0.3962,0.9082,0.9808,0.0576,-12,0.9132,33,19,0.552,0.9488,50,6.217,11.661,0.1088,0.3552,0.1005,0.1652,0.0639,0.2762,0.0146,0.0061,17.675,0.1485,8.286,0.2831,0.1651,0.3417,3,0.096,34,0,1,1,0.9124,0.9578,Complete,2025-11-29,88140300,Validation
PRJ3-00763,Lakeview Town Center 763,Mixed-Use,West,CA,Private,Guaranteed Maximum Price,Design-Bid-Build,Moderate,Moderate,Standard,2020-05-22,2021-08-11,2021,57359000,1070,0.417,0.4378,0.8508,1.0109,0.0786,-22,0.9739,9,5,0.604,0.9537,27,4.707,5.818,0.4302,0.2757,0.0504,0.1095,0.0399,0.2212,0.0226,0.0106,11.429,0.1677,2.313,0.1788,0.2025,0.4221,2,0.0783,-8,0,0,0,0.9274,1.0075,Complete,2023-04-19,61851800,Train
PRJ3-00764,Harbor Airport Improvements 764,Infrastructure,Southwest,NM,Public,Lump Sum,IPD,Moderate,Low,Standard,2019-06-10,2021-02-08,2021,76080600,1381,0.441,0.446,0.9839,0.9867,0.0044,-7,1.0731,8,1,0.243,0.9659,43,5.652,7.955,0.2858,0.4186,0.0827,0.0682,0.0443,0.1624,0.0276,0.0001,19.492,0.2691,2.903,0.3514,0.2173,0.3424,2,-0.0299,-22,0,0,0,1.0308,1.0162,Complete,2023-02-28,73804400,Train
PRJ3-00765,Summit Marketplace 765,Commercial,West,OR,Public-Private Partnership,Guaranteed Maximum Price,CMAR,Moderate,Moderate,Slow,2020-05-22,2021-12-17,2021,80869900,979,0.587,0.6652,0.9354,1.0484,0.0316,-77,0.9922,27,3,0.342,0.9602,48,5.935,11.063,0.2077,0.4927,0.1122,0.1324,0.0486,0.1008,0.0553,0.0047,29.483,0.399,4.293,0.1691,0.1996,0.3827,4,0.0836,34,0,1,1,0.9229,0.9664,Complete,2023-03-01,87629500,Train
PRJ3-00766,Crescent Earthworks Package 766,Heavy Civil,Mountain,WY,Public,Lump Sum,Design-Build,High,High,Standard,2021-01-21,2023-03-28,2023,98989100,1327,0.6,0.5485,0.977,0.9102,0.0053,68,1.0169,6,7,0.622,0.9546,49,4.95,6.218,0.4591,0.2528,0.0902,0.1624,0.0357,0.2274,0.0333,0.0139,23.205,0.3052,1.216,0.3405,0.1369,0.2384,2,0.0681,29,0,0,0,0.9363,0.9786,Complete,2024-10-08,105727800,Train
PRJ3-00767,Liberty Retail Center 767,Commercial,West,WA,Private,Cost Plus,CMAR,Low,Moderate,Standard,2018-10-18,2019-07-20,2019,183298100,642,0.429,0.4105,0.9545,1.0132,0.0144,12,1.0016,30,7,0.328,0.9801,62,3.382,2.337,0.6358,0.1056,0.0478,0.0452,0.0376,0.1566,0.0011,0.0014,20.744,0.29,5.674,0.089,0.186,0.1927,1,0.105,-10,1,0,1,0.905,1.0158,Complete,2020-07-11,202540300,Train
PRJ3-00768,Liberty Residences 768,Residential,Southeast,TN,Private,Cost Plus,Design-Build,High,Moderate,Slow,2024-06-13,2025-01-13,2025,58426200,496,0.432,0.4609,0.9324,1.0354,0.0431,-14,0.9545,13,12,0.859,0.9741,33,5.648,11.351,0.08,0.4171,0.1001,0.086,0.025,0.1623,0.0321,0.0263,41.02,0.5235,9.218,0.3545,0.2611,0.4209,6,0.0551,36,0,1,1,0.9478,0.9323,Complete,2025-11-27,61646400,Test
PRJ3-00769,Northstar Urban Village 769,Mixed-Use,Midwest,MN,Public,Guaranteed Maximum Price,IPD,Low,Moderate,Slow,2021-11-12,2022-11-02,2022,277727000,900,0.395,0.41,0.9754,1.087,0.0173,-13,0.9731,29,6,0.546,0.9825,133,4.789,6.855,0.4108,0.2105,0.0292,0.0327,0.0221,0.0227,0.0027,0.0122,20.147,0.2916,4.276,0.03,0.1408,0.3547,2,0.0833,-8,0,0,0,0.9231,1.009,Complete,2024-04-22,300854900,Train
PRJ3-00770,Copper Urban Village 770,Mixed-Use,Mountain,CO,Public,Unit Price,Design-Build,High,Low,Standard,2024-02-01,2025-01-02,2025,87207400,810,0.416,0.381,0.9372,0.9014,0.0389,28,0.9237,23,10,0.725,0.9645,50,5.733,6.054,0.474,0.2172,0.0764,0.2834,0.0925,0.2519,0.0224,0.0236,34.293,0.356,9.9,0.2317,0.3,0.3619,4,0.0572,26,0,0,0,0.9459,0.9689,Complete,2026-05-17,92197400,Test
PRJ3-00771,Horizon Water Program 771,Heavy Civil,Southeast,FL,Private,Cost Plus,IPD,Moderate,Moderate,Slow,2023-10-10,2025-01-27,2025,134426400,1086,0.438,0.3997,0.9059,0.9511,0.0572,42,0.9475,25,14,0.759,0.9396,60,4.463,10.403,0.1626,0.3649,0.1217,0.0675,0.0234,0.161,0.03,0.0133,24.317,0.4271,5.147,0.2747,0.1862,0.3279,3,0.0816,50,0,1,1,0.9246,0.956,Complete,2026-11-19,145390500,Test
PRJ3-00772,Liberty Airport Improvements 772,Infrastructure,Midwest,MO,Private,Lump Sum,IPD,Moderate,Low,Standard,2020-03-18,2021-10-23,2021,517697200,1193,0.49,0.4353,0.9368,0.9148,0.0327,65,1.0065,7,21,0.463,0.9659,240,4.636,12.002,0.1936,0.4149,0.062,0.1228,0.0461,0.1274,0.029,0.0111,24.299,0.3486,5.663,0.2352,0.2171,0.377,4,0.0299,20,0,0,0,0.9709,0.9835,Complete,2023-07-14,533194000,Train
PRJ3-00773,Granite Public Works Program 773,Infrastructure,West,CA,Private,Lump Sum,Design-Bid-Build,Very High,High,Slow,2018-12-18,2020-04-18,2020,181674000,1380,0.353,0.3442,0.9234,0.9237,0.0281,12,0.8737,5,5,0.779,0.9696,129,7.101,11.197,0.1881,0.493,0.1136,0.1745,0.0594,0.2406,0.0534,0.0319,23.233,0.4849,6.823,0.3582,0.2769,0.4514,5,0.0827,39,0,1,1,0.9236,0.9725,Complete,2022-11-06,196700000,Train
PRJ3-00774,Riverside District 774,Mixed-Use,Southwest,TX,Private,Guaranteed Maximum Price,Design-Build,Moderate,High,Standard,2020-02-20,2021-06-28,2021,86654900,945,0.523,0.4801,0.966,0.9567,0.0102,41,1.0094,0,18,0.33,0.9804,34,3.924,11.822,0.08,0.4665,0.0886,0.0543,0.032,0.2248,0.0256,0.0177,30.2,0.2325,6.97,0.226,0.2071,0.3464,5,0.0821,-4,0,0,0,0.9242,1.0043,Complete,2022-09-18,93766000,Train
PRJ3-00775,Northstar Urban Village 775,Mixed-Use,West,WA,Public,Lump Sum,Design-Bid-Build,Moderate,Moderate,Fast,2022-12-08,2024-03-23,2024,143977700,1080,0.437,0.4183,0.9286,0.9997,0.0017,20,1.0026,30,2,0.786,0.9686,68,4.723,3.918,0.5437,0.2247,0.0857,0.0523,0.0181,0.1466,0.0549,0,30.429,0.243,2.412,0.1819,0.3124,0.322,2,0.091,-5,0,0,0,0.9166,1.0047,Complete,2025-11-17,157084800,Validation
PRJ3-00776,Riverside Town Center 776,Mixed-Use,Midwest,MI,Public-Private Partnership,Guaranteed Maximum Price,CMAR,Very High,Moderate,Standard,2022-08-06,2023-11-01,2023,92105800,1000,0.452,0.4232,0.9307,0.9781,0.0439,29,0.8544,18,18,0.66,0.9559,59,6.406,10.015,0.2334,0.347,0.1125,0.1764,0.0368,0.3228,0.057,0.0372,35.619,0.422,8.273,0.384,0.3833,0.475,6,0.1984,63,1,1,1,0.8345,0.9407,Complete,2025-07-04,110378200,Train
PRJ3-00777,Northstar District 777,Mixed-Use,Northeast,NJ,Private,Guaranteed Maximum Price,CMAR,High,Moderate,Standard,2024-01-21,2025-04-02,2025,351147100,1091,0.401,0.4001,0.92,0.9448,0.0367,1,0.9246,13,14,0.912,0.9573,199,5.667,7.073,0.3662,0.3031,0.0666,0.0789,0.0265,0.1769,0.0217,0.0234,27.245,0.3028,4.325,0.1954,0.2586,0.181,3,0.0516,21,0,0,0,0.9509,0.9811,Complete,2027-02-06,369264400,Test
PRJ3-00778,Riverside Residences 778,Residential,Southeast,TN,Private,Lump Sum,Design-Bid-Build,Moderate,Moderate,Fast,2023-05-05,2024-03-08,2024,80267900,579,0.533,0.5461,1.0264,1.0214,-0.0083,-8,0.9653,12,19,0.204,0.9575,36,4.485,7.371,0.1915,0.3072,0.1065,0.0712,0.0602,0.0543,0.0022,0.0182,5,0.0107,6.343,0.2736,0.1396,0.3147,3,-0.0261,5,0,0,0,1.0268,0.9914,Complete,2024-12-09,78172700,Validation
PRJ3-00779,Horizon Medical Center 779,Institutional,West,CA,Private,Guaranteed Maximum Price,IPD,Moderate,Low,Standard,2017-12-05,2019-03-28,2019,146180100,955,0.501,0.463,1.0254,0.9638,-0.0046,36,0.9163,24,15,0.453,0.9952,66,4.515,5.058,0.5833,0.222,0.0867,0.013,0.01,0.1424,0.0148,0.0277,30.376,0.33,3.918,0.1628,0.2553,0.3659,3,-0.0049,11,0,0,0,1.0049,0.9886,Complete,2020-07-28,145462300,Train
PRJ3-00780,Evergreen Process Plant 780,Industrial,Northeast,CT,Private,Guaranteed Maximum Price,Design-Bid-Build,Low,High,Standard,2021-02-12,2022-04-10,2022,207056600,735,0.575,0.6041,1.0103,1.0379,0.0231,-21,0.9526,17,9,0.331,0.9737,77,3.719,6.388,0.4713,0.2694,0.0658,0.0498,0.0079,0.0224,0.0176,0.0121,12.449,0.1489,6.579,0.1984,0.1776,0.3712,2,0.0364,-23,0,0,0,0.9648,1.0323,Complete,2023-01-25,214602700,Train
PRJ3-00781,Liberty Airport Improvements 781,Infrastructure,Northeast,MA,Public,Guaranteed Maximum Price,IPD,High,Moderate,Standard,2023-02-14,2024-12-27,2024,326594200,1191,0.573,0.5496,0.9585,0.956,0.033,28,0.894,15,16,0.935,0.9713,157,4.807,10.308,0.2518,0.3554,0.1157,0.0236,0.0429,0.0549,0.0397,0.0185,10.199,0.204,7.706,0.3683,0.0991,0.3098,3,0.0421,-3,0,0,0,0.9596,1.0025,Complete,2026-05-17,340331300,Validation
PRJ3-00782,Evergreen Education Center 782,Institutional,Southwest,AZ,Private,Unit Price,IPD,High,High,Slow,2018-09-02,2019-11-26,2019,101560300,1001,0.45,0.4342,1.0408,0.9631,-0.046,16,0.9592,19,13,0.478,0.9609,39,3.84,8.098,0.08,0.2772,0.0664,0.0534,0.0263,0.232,0.0221,0.0137,17.206,0.3204,7.211,0.1818,0.1186,0.4299,2,0.0436,-25,0,0,0,0.9582,1.0256,Complete,2021-05-05,105985300,Train
PRJ3-00783,Crescent Apartments 783,Residential,Southeast,GA,Private,Cost Plus,Design-Bid-Build,Very High,Low,Slow,2023-07-19,2024-04-06,2024,26750100,569,0.462,0.4214,0.9343,0.9246,0.031,23,0.859,23,17,0.947,0.9457,17,6.355,14.831,0.08,0.4232,0.1208,0.2803,0.0596,0.2353,0.0668,0.0656,34.165,0.4232,3.704,0.3995,0.3683,0.5033,7,0.1787,24,1,0,1,0.8484,0.9595,Complete,2025-03-03,31530200,Validation
PRJ3-00784,Pioneer Urban Village 784,Mixed-Use,Southeast,FL,Private,Lump Sum,IPD,High,Moderate,Standard,2022-09-11,2023-10-07,2023,283688600,1055,0.371,0.3616,0.996,0.987,-0.0067,10,0.8541,0,26,0.652,0.9604,144,5.076,7.118,0.3462,0.2266,0.0616,0.1873,0.072,0.0478,0.0699,0.0286,19.259,0.2502,6.949,0.3455,0.2894,0.3727,3,0.0575,35,0,1,1,0.9457,0.9679,Complete,2025-09-05,299989900,Train
PRJ3-00785,Redwood Corporate Center 785,Commercial,Southeast,GA,Private,Cost Plus,IPD,Low,Moderate,Slow,2022-07-12,2023-05-06,2023,19433200,644,0.463,0.4179,0.9451,0.9057,-0.0148,29,1.0212,12,10,0.568,0.9671,4,2.058,5.216,0.573,0.297,0.0943,0.0642,0.042,0.0706,0,0.0265,20.103,0.3169,9.681,0.2377,0.1767,0.3494,3,0.0948,-13,0,0,0,0.9134,1.0206,Complete,2024-04-03,21275100,Train
PRJ3-00786,Cedar Retail Center 786,Commercial,Southeast,GA,Private,Cost Plus,Design-Bid-Build,Moderate,High,Fast,2021-04-09,2022-01-21,2022,202646200,646,0.445,0.4975,1.01,1.0889,-0.0009,-34,1.039,17,16,0.728,0.9857,95,4.688,3.654,0.4805,0.1306,0.0506,0.0711,0.0079,0.0571,0,0.0077,18.701,0.1735,1.231,0.3035,0.15,0.2572,1,0.0749,-24,0,0,0,0.9303,1.0386,Complete,2022-12-22,217823800,Train
PRJ3-00787,Redwood Highway Improvements 787,Heavy Civil,Mountain,UT,Private,Guaranteed Maximum Price,IPD,Moderate,Low,Fast,2023-09-20,2025-03-28,2025,46415300,1095,0.507,0.5223,0.9939,1.0362,0.0088,-17,1.0999,5,5,0.462,0.9868,28,6.032,6.022,0.4304,0.1549,0.0447,0.1655,0.06,0.1923,0.0316,0.0032,17.61,0.201,0,0.2583,0.2094,0.3068,1,-0.0144,-25,0,0,0,1.0146,1.0234,Complete,2026-08-25,45748300,Test
PRJ3-00788,Evergreen Manufacturing Facility 788,Industrial,Mountain,MT,Public-Private Partnership,Lump Sum,Design-Bid-Build,Very High,High,Standard,2024-06-01,2025-05-14,2025,73952700,914,0.38,0.3713,0.9073,0.9108,0.0525,8,0.9663,10,23,1.006,0.9689,52,7.032,12.848,0.08,0.3194,0.1115,0.2649,0.0913,0.2147,0.0397,0.0176,20.791,0.3462,3.547,0.4071,0.2265,0.3822,4,0.0544,36,0,1,1,0.9484,0.9621,Complete,2027-01-07,77972900,Test
PRJ3-00789,Evergreen District 789,Mixed-Use,Southeast,VA,Private,Cost Plus,CMAR,Moderate,Moderate,Fast,2024-05-08,2025-05-15,2025,190293300,730,0.51,0.4517,0.9693,0.8849,0.016,43,1.0537,31,14,0.346,0.9683,79,4.151,2.708,0.6356,0.1578,0.0603,0.0396,0.0311,0.1108,0.0179,0.0084,5.18,0.2032,0,0.2999,0.0479,0.3453,1,0.029,-22,0,0,0,0.9718,1.0311,Complete,2026-04-16,195812600,Test
PRJ3-00790,Crescent Retail Center 790,Commercial,Northeast,CT,Public,Lump Sum,CMAR,Low,High,Fast,2019-08-18,2020-04-23,2020,77724500,533,0.468,0.4672,1.15,1.0391,-0.0475,0,1.0317,0,18,0.243,0.9702,17,2.187,6.449,0.5342,0.1911,0.0597,0.0405,0.0191,0.1488,0.0369,0,9.761,0.1939,4.823,0.2375,0.0395,0.3269,1,0.0742,-25,0,0,0,0.9309,1.0492,Complete,2021-01-07,83494300,Train
PRJ3-00791,Summit Apartments 791,Residential,West,OR,Public,Lump Sum,IPD,Moderate,Low,Slow,2023-02-04,2023-08-23,2023,44015500,392,0.512,0.5082,0.9429,0.9763,0.0186,1,0.8423,13,5,0.004,0.9695,25,5.68,7.157,0.3461,0.3071,0.0863,0.1645,0.0175,0.1172,0.0437,0.0208,16.543,0.2786,4.873,0.3976,0.1621,0.3772,2,0.0552,1,0,0,0,0.9477,0.9975,Complete,2024-03-03,46446900,Train
PRJ3-00792,Cedar Neighborhood 792,Residential,West,OR,Public,Lump Sum,CMAR,High,Moderate,Standard,2020-06-25,2021-03-27,2021,77960300,673,0.41,0.3651,0.9958,0.9103,-0.0101,30,0.9803,25,0,0.542,0.967,38,4.874,11.317,0.1567,0.431,0.1241,0.0734,0.0353,0.2056,0.0296,0.0005,9.83,0.1653,1.629,0.3118,0.0853,0.3531,2,0.025,-5,0,0,0,0.9756,1.0075,Complete,2022-04-24,79906700,Train
PRJ3-00793,Copper Education Center 793,Institutional,Southwest,NM,Private,Lump Sum,CMAR,Very High,High,Standard,2022-06-20,2023-03-18,2023,59985200,770,0.352,0.2898,0.9441,0.9408,0.0376,48,0.9256,31,6,0.399,0.9652,35,5.835,9.44,0.1933,0.4488,0.1101,0.1039,0.021,0.1477,0.0534,0.0283,32.653,0.3706,0,0.4066,0.3192,0.3483,4,0.0251,37,0,1,1,0.9755,0.9542,Complete,2024-09-04,61490700,Train
PRJ3-00794,Aspen Neighborhood 794,Residential,West,NV,Public,Cost Plus,CMAR,Moderate,Moderate,Fast,2019-03-08,2020-04-17,2020,95147500,816,0.498,0.5242,1.0482,1.0054,-0.0165,-21,1.0327,0,0,0.652,0.9574,35,3.678,4.46,0.5683,0.3362,0.0685,0.0947,0.0392,0.247,0.0464,0.0232,21.244,0.2405,7.112,0.2466,0.1522,0.2698,3,0.0446,4,0,0,0,0.9573,0.9951,Complete,2021-06-05,99392200,Train
PRJ3-00795,Gateway Education Center 795,Institutional,Northeast,NJ,Private,Lump Sum,Design-Bid-Build,Low,High,Standard,2019-05-16,2020-06-16,2020,73508400,904,0.44,0.4083,1.1047,0.9045,-0.0737,29,1.0325,7,15,0.729,0.9721,27,3.673,7.864,0.2899,0.3047,0.0667,0,0.0433,0.084,0.0031,0,16.771,0.1746,0,0.2904,0.2218,0.2538,1,0.0267,26,0,0,0,0.974,0.972,Complete,2021-12-01,75470000,Train
PRJ3-00796,Cedar Civic Complex 796,Institutional,Southwest,TX,Private,Guaranteed Maximum Price,Design-Build,Very High,Moderate,Fast,2020-10-09,2021-10-14,2021,97550600,921,0.402,0.3523,0.9786,0.8976,0.009,46,0.912,11,5,0.76,0.9616,35,3.588,9.353,0.1813,0.3187,0.1014,0.1535,0.0567,0.2309,0.0243,0.0142,11.526,0.2977,1.152,0.2663,0.181,0.4384,2,-0.0042,38,0,1,1,1.0043,0.9604,Complete,2023-05-26,97137600,Train
PRJ3-00797,Pioneer Education Center 797,Institutional,Mountain,UT,Private,Lump Sum,IPD,High,Low,Fast,2023-12-24,2024-11-12,2024,466015000,846,0.383,0.4142,0.9164,1.0484,0.047,-26,0.9967,11,7,0.672,0.967,239,5.129,10.838,0.0985,0.3183,0.0689,0.1244,0.0639,0.1245,0.0271,0.0281,22.52,0.2063,6.111,0.3899,0.2487,0.3062,4,0.1237,-25,1,0,1,0.8899,1.0305,Complete,2026-03-24,523678900,Validation
PRJ3-00798,Crescent Education Center 798,Institutional,Mountain,CO,Public,Unit Price,Design-Build,Moderate,High,Standard,2022-06-17,2023-11-12,2023,131564000,884,0.581,0.6014,1.0005,1.0534,0.0055,-18,1.0783,3,13,0.795,0.9692,55,4.18,8.752,0.3884,0.2967,0.1023,0.0844,0.0312,0.1972,0.0158,0,26.756,0.2672,0,0.1308,0.1969,0.243,2,0.0144,-14,0,0,0,0.9858,1.0161,Complete,2024-11-03,133463600,Train
PRJ3-00799,Mesa Urban Village 799,Mixed-Use,Mountain,WY,Public,Guaranteed Maximum Price,Design-Bid-Build,Low,Low,Fast,2019-11-02,2021-01-14,2021,202417600,1030,0.427,0.4104,0.9181,1.0011,0.0467,17,1.0576,19,19,0.601,0.9659,83,4.1,3.814,0.5632,0.155,0.0323,0.0857,0.0089,0.02,0.0274,0.0165,12.61,0.1178,5.536,0.3421,0.1189,0.3542,2,0.0441,5,0,0,0,0.9578,0.9952,Complete,2022-09-02,211343000,Train
PRJ3-00800,Horizon Highway Improvements 800,Heavy Civil,Southeast,TN,Private,Lump Sum,CMAR,Very High,High,Fast,2020-12-01,2022-09-14,2022,182576800,1234,0.529,0.4647,0.9703,0.9334,0.0006,79,0.9744,10,25,0.456,0.9912,104,5.696,12.479,0.08,0.3601,0.0903,0.2218,0.0751,0.0493,0.0464,0.0308,18.132,0.3105,2.14,0.2226,0.2018,0.3818,4,0.0609,17,0,0,0,0.9426,0.9864,Complete,2024-05-05,193700800,Train
PRJ3-00801,Riverside Urban Village 801,Mixed-Use,Mountain,CO,Public,Guaranteed Maximum Price,Design-Build,Moderate,Low,Standard,2021-06-20,2022-12-31,2022,107358300,961,0.582,0.5574,0.9493,0.9887,0.0328,24,0.9997,13,25,0.717,0.9534,59,5.496,8.166,0.2529,0.2869,0.0922,0.1981,0.0751,0.162,0.0334,0.0267,31.395,0.3557,3.365,0.2501,0.3028,0.2123,4,0.0086,45,0,1,1,0.9914,0.9553,Complete,2024-03-22,108284600,Train
PRJ3-00802,Mesa Public Works Program 802,Infrastructure,Midwest,MN,Private,Unit Price,Design-Build,High,Low,Fast,2022-03-04,2023-11-14,2023,170545200,1207,0.514,0.4321,0.9162,0.8337,0.0426,99,0.9724,27,20,0.482,0.9636,87,5.101,7.96,0.2867,0.2156,0.0643,0.1842,0.0412,0.2336,0.0223,0.0502,18.7,0.3152,6.884,0.3875,0.2179,0.2282,4,0.0471,14,0,0,0,0.955,0.9885,Complete,2025-07-07,178576300,Train
PRJ3-00803,Lakeview Marketplace 803,Commercial,Mountain,WY,Public,Lump Sum,Design-Bid-Build,Moderate,Moderate,Standard,2018-06-25,2019-02-05,2019,117649300,617,0.366,0.3792,0.9727,1.0048,0.0212,-8,0.9319,21,14,0.278,0.9745,54,4.59,8.16,0.3694,0.4043,0.089,0.0489,0.022,0.165,0.0187,0.0269,23.814,0.3125,5.901,0.1412,0.2207,0.3257,4,-0.0252,6,0,0,0,1.0259,0.9904,Complete,2020-03-09,114684100,Train
PRJ3-00804,Riverside Public Works Program 804,Infrastructure,Northeast,MA,Private,Guaranteed Maximum Price,Design-Bid-Build,Moderate,High,Fast,2021-10-14,2022-11-11,2022,241186600,812,0.484,0.5097,1.0204,0.994,-0.0085,-21,0.9665,0,26,0.446,0.9786,107,4.436,8.055,0.4055,0.1531,0.0385,0.0622,0.0289,0.1218,0.0513,0.021,8.733,0.0513,1.685,0.3576,0.1428,0.3107,2,0.0707,-16,0,0,0,0.9339,1.0201,Complete,2023-12-19,258250400,Train
PRJ3-00805,Liberty Transit Program 805,Infrastructure,West,CA,Private,Guaranteed Maximum Price,Design-Bid-Build,Moderate,Moderate,Standard,2019-06-24,2020-11-17,2020,550246300,1195,0.429,0.3969,0.8679,0.9481,0.0611,38,1.0062,15,8,0.685,0.9595,240,4.362,13.235,0.08,0.4997,0.1225,0.1529,0.0502,0.1892,0.0191,0.0109,17.06,0.2113,5.693,0.1605,0.1828,0.4398,4,0.0935,-13,0,0,0,0.9145,1.011,Complete,2022-09-18,601707000,Train
PRJ3-00806,Granite Logistics Center 806,Industrial,Southeast,FL,Private,Unit Price,IPD,High,Low,Slow,2020-03-02,2021-06-27,2021,262557700,1203,0.401,0.3543,0.9085,0.798,0.0364,56,0.9229,14,19,0.711,0.9706,159,6.056,13.545,0.08,0.3872,0.1085,0.1233,0.042,0.1575,0.0352,0.0547,27.647,0.2311,4.789,0.4303,0.2019,0.438,6,0.0808,48,0,1,1,0.9252,0.9616,Complete,2023-08-05,283772600,Train
PRJ3-00807,Canyon Education Center 807,Institutional,Mountain,MT,Private,Unit Price,CMAR,Moderate,Low,Fast,2018-03-06,2019-03-15,2019,51788100,887,0.422,0.4325,0.9941,1.026,0.016,-9,0.9027,0,5,0,0.9594,18,3.476,12.918,0.08,0.4414,0.0723,0.0469,0.0162,0.1903,0.0719,0.0169,17.856,0.2482,9.14,0.1699,0.166,0.2514,4,0.0507,-17,0,0,0,0.9517,1.0195,Complete,2020-07-23,54414800,Train
PRJ3-00808,Gateway Residences 808,Residential,Southeast,TN,Private,Guaranteed Maximum Price,Design-Bid-Build,High,Moderate,Standard,2019-12-09,2021-03-19,2021,112418700,790,0.591,0.544,0.9719,0.9308,0.004,37,0.9971,15,13,0.972,0.9568,65,5.782,8.546,0.2604,0.2487,0.0943,0.1904,0.0438,0.1576,0.0215,0.0237,20.925,0.2167,0.476,0.2801,0.3165,0.3835,2,0.0676,54,0,1,1,0.9367,0.936,Complete,2022-04-01,120019000,Train
PRJ3-00809,Aspen Housing 809,Residential,Midwest,OH,Private,Guaranteed Maximum Price,Design-Bid-Build,Moderate,Moderate,Fast,2020-07-18,2021-01-06,2021,20438200,430,0.402,0.3922,1.0655,0.9093,-0.0111,4,1.0735,9,6,0.202,0.9763,4,1.957,2,0.6423,0.1326,0.0134,0.1105,0.053,0.1521,0.0401,0,12.107,0.017,0.754,0.2554,0.1723,0.3591,1,-0.0049,8,0,0,0,1.005,0.9817,Complete,2021-09-29,20337200,Train
PRJ3-00811,Granite Transit-Oriented Development 811,Mixed-Use,Mountain,MT,Public,Lump Sum,CMAR,Very High,High,Fast,2018-01-15,2019-07-26,2019,545465300,1058,0.527,0.5518,0.9725,1.0835,0.0293,-26,0.9664,16,21,0.93,0.9554,240,4.4,13.059,0.08,0.4198,0.1047,0.145,0.051,0.267,0.0416,0.0043,20.366,0.1776,5.028,0.4672,0.2763,0.4984,3,0.1091,-14,1,0,1,0.9016,1.0134,Complete,2020-11-24,604964200,Train
PRJ3-00812,Crescent Housing 812,Residential,Midwest,MO,Private,Unit Price,Design-Bid-Build,Moderate,Low,Fast,2022-05-16,2023-03-21,2023,55695000,597,0.518,0.4591,1.0101,0.8729,-0.0055,35,0.9298,13,10,0.67,0.9523,26,4.668,11.274,0.08,0.4478,0.1068,0.1545,0.0623,0.1065,0.0342,0.0124,17.069,0.279,5.152,0.2572,0.1637,0.3148,3,0.0296,10,0,0,0,0.9712,0.9835,Complete,2024-01-13,57345900,Train
PRJ3-00813,Pioneer Office Campus 813,Commercial,Midwest,MI,Private,Unit Price,Design-Bid-Build,Very High,High,Standard,2022-07-31,2023-12-11,2023,101240800,938,0.531,0.4703,0.9881,0.9147,-0.0169,57,0.9632,11,20,0.731,0.9729,62,6.124,8.974,0.2718,0.3103,0.0614,0.1336,0.0421,0.2022,0.0591,0.0482,21.745,0.1645,3.065,0.3281,0.2178,0.4233,4,0.0774,4,0,0,0,0.9282,0.9958,Complete,2025-02-27,109075200,Train
PRJ3-00814,Cedar Highway Improvements 814,Heavy Civil,Midwest,MN,Public-Private Partnership,Guaranteed Maximum Price,Design-Bid-Build,High,Moderate,Fast,2017-05-15,2019-01-08,2019,210858500,1161,0.52,0.4155,1.026,0.8376,-0.0104,121,0.9225,26,23,0.659,0.9619,117,5.549,4.533,0.6033,0.2336,0.0714,0.2311,0.0244,0.1829,0.0598,0.031,18.964,0.3064,0.847,0.3845,0.3018,0.3305,2,0.0625,16,0,0,0,0.9412,0.9864,Complete,2020-08-04,224042500,Train
PRJ3-00815,Redwood Logistics Center 815,Industrial,Mountain,WY,Private,Lump Sum,IPD,Low,Moderate,Standard,2022-09-16,2023-10-11,2023,190433100,685,0.57,0.6148,1.0701,1.0651,-0.0145,-31,0.9354,0,27,0.359,0.9687,96,5.041,6.227,0.2086,0.2334,0.0389,0.103,0.0552,0.02,0.0212,0.0307,26.082,0.3445,8.962,0.2685,0.218,0.2416,4,0.0294,44,0,1,1,0.9714,0.9396,Complete,2024-09-14,196030200,Train
PRJ3-00816,Aspen Apartments 816,Residential,West,NV,Public-Private Partnership,Cost Plus,Design-Build,High,Moderate,Standard,2021-07-14,2022-05-27,2022,32624100,683,0.465,0.4108,0.911,0.8973,0.0312,37,1.0244,20,11,0.58,1.0,11,3.372,12.869,0.08,0.5401,0.1196,0.1557,0.0331,0.2622,0.038,0.0195,26.584,0.3224,5.005,0.3493,0.2773,0.3108,5,0.1727,29,1,0,1,0.8528,0.9593,Complete,2023-06-26,38256800,Train
PRJ3-00817,Aspen Town Center 817,Mixed-Use,West,NV,Public,Cost Plus,CMAR,Moderate,Low,Standard,2022-11-18,2024-02-21,2024,119022400,839,0.549,0.5204,0.9055,0.9511,0.0535,24,1.0249,38,10,0.686,0.9788,67,5.629,9.488,0.2189,0.3582,0.0812,0.2034,0.0759,0.0891,0.0431,0.0333,14.084,0.1585,7.753,0.3862,0.2456,0.4835,4,0.0251,-7,0,0,0,0.9755,1.0084,Complete,2025-02-27,122013000,Validation
PRJ3-00818,Riverside Distribution Hub 818,Industrial,West,OR,Private,Guaranteed Maximum Price,Design-Build,Moderate,High,Standard,2021-09-07,2022-06-08,2022,106415500,725,0.379,0.3807,1.15,1.0248,-0.0485,-1,1.1097,2,0,0.976,0.9435,49,4.605,4.878,0.6108,0.138,0.0548,0.1802,0.0455,0.02,0.0127,0.0069,14.756,0.169,5.562,0.3209,0.1788,0.2916,2,0.0289,-15,0,0,0,0.9719,1.0211,Complete,2023-08-18,109491100,Train
PRJ3-00819,Copper Housing 819,Residential,Mountain,ID,Public,Guaranteed Maximum Price,CMAR,High,Moderate,Slow,2024-05-17,2025-03-16,2025,27399000,775,0.392,0.3437,1.0217,0.9785,-0.0045,37,0.9886,11,7,0.624,0.9642,14,5.11,12.592,0.08,0.533,0.1142,0.1017,0.0245,0.2706,0.0358,0.0447,23.936,0.3471,4.189,0.2734,0.1996,0.4559,5,0.1124,12,1,0,1,0.899,0.9848,Complete,2026-07-13,30478700,Test
PRJ3-00820,Granite Medical Center 820,Institutional,Northeast,NY,Public-Private Partnership,Unit Price,IPD,Moderate,Moderate,Standard,2024-01-19,2025-01-28,2025,70899300,677,0.555,0.6321,0.946,1.12,0.0257,-52,1.1002,10,11,0.485,0.9933,11,1.551,7.873,0.4169,0.3544,0.0743,0.1706,0.0634,0.2621,0.0239,0.0034,14.612,0.1937,3.925,0.371,0.1293,0.1791,2,0.0582,9,0,0,0,0.945,0.9869,Complete,2025-12-05,75026100,Test
PRJ3-00821,Riverside Housing 821,Residential,West,WA,Public-Private Partnership,Lump Sum,CMAR,Moderate,Moderate,Standard,2023-11-17,2024-08-25,2024,20187700,561,0.503,0.5393,1.0236,1.0554,-0.0043,-20,1.0033,0,0,0.447,0.9935,4,1.981,12.784,0.08,0.4639,0.0955,0.0443,0.012,0.1081,0.0405,0.0212,28.829,0.2946,6.536,0.351,0.2428,0.2723,5,0.048,-17,0,0,0,0.9542,1.0312,Complete,2025-05-14,21156800,Validation
PRJ3-00822,Aspen Water Program 822,Heavy Civil,Southeast,TN,Private,Guaranteed Maximum Price,Design-Bid-Build,Very High,Moderate,Fast,2019-08-15,2020-12-27,2020,219764600,1085,0.461,0.3965,0.8292,0.8445,0.0826,70,0.9444,17,23,0.555,0.9803,127,5.779,11.407,0.08,0.3477,0.0941,0.203,0.0805,0.2902,0.0671,0.0363,25.2,0.2209,3.903,0.328,0.2846,0.4032,4,0.1113,57,1,1,1,0.8998,0.9501,Complete,2022-09-30,244226200,Train
PRJ3-00823,Evergreen Apartments 823,Residential,Midwest,IL,Public,Cost Plus,Design-Bid-Build,High,Moderate,Slow,2020-05-13,2020-10-02,2020,45686800,321,0.444,0.4063,0.8715,0.9644,0.0339,12,0.9337,15,20,0.46,0.9433,32,7.004,13.215,0.08,0.3997,0.1012,0.161,0.0447,0.1989,0.0747,0.0306,20.351,0.247,9.712,0.4875,0.2448,0.3012,5,0.1343,52,1,1,1,0.8816,0.8606,Complete,2021-05-21,51821300,Train
PRJ3-00824,Liberty Office Campus 824,Commercial,Southwest,AZ,Private,Unit Price,CMAR,Very High,Low,Slow,2019-09-18,2020-08-31,2020,68309700,879,0.396,0.3065,0.8393,0.8012,0.0483,79,0.8572,31,16,0.902,0.9557,51,7.466,13.001,0.08,0.47,0.0971,0.1627,0.0421,0.2401,0.044,0.0423,21.23,0.2793,6.684,0.5954,0.2935,0.4912,5,0.2171,38,1,1,1,0.8216,0.9586,Complete,2022-03-23,83139600,Train
PRJ3-00825,Horizon Neighborhood 825,Residential,Mountain,WY,Public,Lump Sum,Design-Bid-Build,High,Moderate,Fast,2019-12-21,2020-12-20,2020,40241900,709,0.515,0.5012,0.8828,0.9218,0.0851,10,0.9667,14,9,0.929,0.9554,16,3.976,10.703,0.08,0.2847,0.1066,0.1866,0.042,0.1777,0.0171,0.0225,25.257,0.2325,3.117,0.2741,0.3329,0.191,4,0.0974,-8,0,0,0,0.9112,1.0114,Complete,2021-11-21,44163300,Train
PRJ3-00826,Aspen Transit-Oriented Development 826,Mixed-Use,West,WA,Public-Private Partnership,Cost Plus,Design-Build,High,Moderate,Standard,2019-02-07,2020-04-17,2020,97062500,946,0.46,0.3917,0.9815,0.8941,0.0016,65,0.9499,43,6,0.755,0.9553,51,5.254,5.5,0.5598,0.1632,0.0763,0.1087,0.0333,0.1615,0.0522,0.0247,22.515,0.2801,1.192,0.2863,0.2634,0.3662,2,0.1006,41,1,1,1,0.9086,0.9585,Complete,2021-10-21,106824000,Train
PRJ3-00827,Evergreen District 827,Mixed-Use,Southwest,TX,Private,Cost Plus,Design-Bid-Build,High,Low,Standard,2024-05-19,2025-09-23,2025,233093500,1085,0.454,0.3817,0.9018,0.8801,0.0239,78,0.8987,14,8,0.372,0.9599,145,6.221,8.21,0.3296,0.3298,0.0955,0.18,0.0571,0.2026,0.0522,0.0106,23.344,0.3176,4.5,0.3277,0.2062,0.3926,3,0.1255,-1,1,0,1,0.8885,1.0009,Complete,2027-05-08,262345300,Test
PRJ3-00828,Liberty Town Center 828,Mixed-Use,Mountain,MT,Public,Cost Plus,Design-Bid-Build,High,High,Slow,2020-06-10,2021-08-01,2021,175152200,898,0.465,0.4428,0.9372,0.9164,0.0236,20,0.817,23,15,0.55,0.9352,105,5.995,11.992,0.1553,0.4863,0.1167,0.1375,0.078,0.228,0.0683,0.0239,22.415,0.353,2.094,0.3203,0.2549,0.3557,4,0.1009,32,1,1,1,0.9083,0.9656,Complete,2022-12-27,192827300,Train
PRJ3-00829,Lakeview Housing 829,Residential,Southeast,VA,Public-Private Partnership,Cost Plus,Design-Build,Low,Low,Standard,2022-07-04,2023-02-01,2023,76143500,445,0.478,0.4581,0.9036,1.0016,0.0396,9,0.9821,27,9,0.486,0.9766,27,3.546,9.804,0.1415,0.409,0.078,0.1316,0.0221,0.155,0.0239,0.0031,19.19,0.1051,6.399,0.3796,0.2368,0.3581,3,0.0183,-2,0,0,0,0.982,1.0045,Complete,2023-09-20,77539900,Train
PRJ3-00830,Canyon District 830,Mixed-Use,West,NV,Private,Cost Plus,IPD,Moderate,Moderate,Fast,2022-05-15,2023-05-02,2023,208756500,886,0.398,0.4195,1.0765,1.0162,-0.0217,-19,0.9676,5,14,0.854,0.9942,94,4.503,10.063,0.2319,0.3037,0.093,0.087,0.0428,0.2387,0,0.0132,13.322,0.1462,1.487,0.274,0.1887,0.4598,2,-0.0066,3,0,0,0,1.0066,0.9966,Complete,2024-10-20,207382600,Train
PRJ3-00831,Summit Urban Village 831,Mixed-Use,Midwest,OH,Private,Lump Sum,CMAR,Moderate,Moderate,Fast,2024-11-01,2025-10-02,2025,158131700,684,0.491,0.4727,0.9903,1.0457,-0.003,13,1.0021,0,6,0.776,0.9737,72,4.553,7.962,0.2661,0.2952,0.0684,0.0596,0.0324,0.042,0.0322,0.0168,23.607,0.2714,5.23,0.2231,0.2086,0.3609,3,-0.0238,30,0,1,1,1.0244,0.958,Complete,2026-10-16,154362200,Test
PRJ3-00832,Riverside Research Facility 832,Institutional,Southwest,TX,Public-Private Partnership,Lump Sum,CMAR,Moderate,Moderate,Standard,2018-03-13,2019-05-12,2019,246607500,762,0.558,0.5143,0.9251,0.931,0.0472,33,1.0323,23,10,0.833,0.9576,116,4.704,6.376,0.4167,0.1691,0.0502,0.1293,0.0307,0.02,0.0383,0.026,16.687,0.225,6.413,0.3076,0.2328,0.2907,3,0.1094,-23,1,0,1,0.9014,1.0311,Complete,2020-03-21,273576700,Train
PRJ3-00833,Copper Logistics Center 833,Industrial,Mountain,UT,Private,Unit Price,CMAR,High,High,Fast,2022-03-03,2023-03-18,2023,214957200,844,0.451,0.4777,0.9904,1.0676,0.0056,-23,0.8653,27,13,0.731,0.9741,119,5.536,6.342,0.3556,0.301,0.0993,0.1598,0.0155,0.2502,0.0358,0.015,25.118,0.2012,1.426,0.1965,0.2932,0.3784,3,0.0256,34,0,1,1,0.9751,0.9613,Complete,2024-07-28,220452300,Train
PRJ3-00834,Cedar Process Plant 834,Industrial,West,CA,Private,Lump Sum,Design-Build,Moderate,High,Fast,2022-02-12,2023-03-06,2023,203740300,864,0.448,0.4681,1.024,1.0135,-0.001,-17,1.058,9,0,0.144,0.9862,91,4.466,2,0.5778,0,0.0142,0.0985,0,0.0935,0,0.003,25.084,0.2701,0,0.2777,0.2217,0.2241,1,-0.0215,-25,0,0,0,1.022,1.0298,Complete,2024-05-31,199357700,Train
PRJ3-00835,Liberty Medical Center 835,Institutional,Southeast,TN,Private,Lump Sum,Design-Build,Moderate,Moderate,Standard,2021-07-09,2022-03-18,2022,76891300,608,0.416,0.4032,1.052,0.9421,-0.0293,8,1.0567,15,7,0.758,0.9702,24,3.121,2,0.4848,0.1449,0.0476,0.1204,0.0374,0.1529,0.0071,0.0127,15.318,0.1821,3.717,0.3614,0.2232,0.3084,2,-0.0078,37,0,1,1,1.0078,0.9426,Complete,2023-04-15,76294200,Train
PRJ3-00836,Redwood Distribution Hub 836,Industrial,Southwest,NM,Private,Guaranteed Maximum Price,CMAR,High,Moderate,Standard,2023-12-25,2024-12-15,2024,231078700,665,0.536,0.5396,1.0409,1.0258,-0.0175,-2,1.0174,0,16,0.804,0.9642,124,5.366,16.689,0.08,0.5041,0.1363,0.0806,0.0228,0.1974,0.0537,0.0174,23.882,0.297,2.672,0.0795,0.2555,0.4563,5,0.0434,16,0,0,0,0.9584,0.9765,Complete,2025-11-05,241115000,Validation
PRJ3-00837,Gateway Research Facility 837,Institutional,Mountain,MT,Public,Cost Plus,IPD,Moderate,Moderate,Fast,2018-10-11,2020-01-27,2020,188118600,827,0.572,0.5817,0.9549,1.0544,0.0228,-8,1.0214,11,20,0.676,1.0,97,5.156,9.468,0.2356,0.2782,0.097,0.0601,0.0459,0.0668,0.0298,0.022,20.969,0.2663,0,0.3577,0.2666,0.493,3,0.0402,-3,0,0,0,0.9613,1.0036,Complete,2021-01-12,195687400,Train
PRJ3-00838,Copper Medical Center 838,Institutional,Mountain,ID,Private,Lump Sum,Design-Build,Low,Low,Slow,2020-08-13,2021-06-25,2021,56154000,679,0.466,0.4637,0.8704,0.9789,0.0615,2,1.0066,26,23,0.642,0.9598,21,3.74,5.694,0.6278,0.3178,0.0606,0.051,0.0243,0.0787,0.019,0.0375,21.788,0.2676,6.129,0.3437,0.1958,0.2964,4,0.1099,4,1,0,1,0.901,0.9941,Complete,2022-06-27,62323700,Train
PRJ3-00839,Mesa Manufacturing Facility 839,Industrial,Mountain,MT,Private,Lump Sum,Design-Bid-Build,Moderate,Moderate,Fast,2024-05-24,2025-06-02,2025,573884200,852,0.44,0.4527,0.9388,0.9756,0.0388,-11,0.9544,0,16,0.627,0.9516,240,4.182,8.974,0.2525,0.3473,0.0883,0.0506,0.0263,0.1534,0.0043,0.006,22.182,0.2137,4.331,0.1183,0.1792,0.347,2,0.054,-19,0,0,0,0.9488,1.0228,Complete,2026-09-04,604850100,Test
PRJ3-00840,Horizon Public Works Program 840,Infrastructure,Northeast,CT,Public-Private Partnership,Cost Plus,Design-Build,High,Moderate,Standard,2023-11-08,2025-11-19,2025,263875300,1275,0.582,0.5633,0.948,0.9549,0.0223,24,0.9474,2,19,1.044,0.9635,156,5.912,12.271,0.08,0.4109,0.1303,0.0837,0.071,0.3066,0.0314,0.0095,30.301,0.3159,6.791,0.5059,0.2338,0.4307,4,0.0294,7,0,0,0,0.9715,0.9945,Complete,2027-05-13,271629900,Test
PRJ3-00841,Lakeview Town Center 841,Mixed-Use,Midwest,IL,Private,Cost Plus,CMAR,Moderate,Moderate,Fast,2022-04-01,2023-05-05,2023,101994000,1046,0.382,0.3632,1.0026,0.9496,-0.0022,20,1.0509,10,18,0.252,0.9719,43,4.216,7.602,0.3491,0.2793,0.0709,0.066,0.0454,0.1881,0,0.0049,25.269,0.3338,3.177,0.2923,0.2841,0.3369,2,0.0026,35,0,1,1,0.9974,0.9676,Complete,2025-03-17,102259300,Train
PRJ3-00842,Redwood Neighborhood 842,Residential,Mountain,UT,Public,Guaranteed Maximum Price,IPD,Very High,Moderate,Fast,2023-04-24,2023-10-22,2023,41286800,506,0.359,0.3814,0.9974,1.0335,0.0001,-11,0.9685,13,21,0.723,0.9563,23,5.571,6.537,0.329,0.2627,0.1066,0.168,0.0267,0.1245,0.0473,0.0352,5,0.1688,3.853,0.3331,0.1667,0.2981,3,0.0509,-2,0,0,0,0.9516,1.004,Complete,2024-09-09,43388400,Train
PRJ3-00843,Pioneer Office Campus 843,Commercial,Northeast,CT,Public,Cost Plus,Design-Build,Very High,Low,Slow,2021-11-22,2023-02-13,2023,102215400,836,0.537,0.468,0.8422,0.8606,0.1026,58,0.8375,20,15,0.832,0.9498,68,6.653,15.734,0.08,0.499,0.1382,0.2182,0.0621,0.3016,0.0441,0.0564,24.36,0.4172,6.457,0.526,0.3051,0.4095,7,0.2233,34,1,1,1,0.8175,0.9609,Complete,2024-04-10,125040900,Train
PRJ3-00844,Aspen Highway Improvements 844,Heavy Civil,Midwest,MN,Public,Unit Price,Design-Bid-Build,High,Moderate,Standard,2024-02-10,2025-12-28,2025,81424900,1169,0.588,0.5447,0.9353,0.9315,0.0338,51,0.9287,15,12,0.541,0.9639,56,6.878,9.711,0.1954,0.3625,0.1143,0.1891,0.066,0.1481,0.0275,0.0403,16.934,0.1412,4.031,0.3454,0.156,0.3543,4,0.1062,26,1,0,1,0.904,0.9782,Complete,2027-05-20,90068800,Test
PRJ3-00845,Cedar Apartments 845,Residential,Northeast,PA,Private,Unit Price,Design-Build,Low,Moderate,Standard,2023-08-19,2024-07-15,2024,44334200,564,0.587,0.6018,1.0027,1.0415,0.004,-8,1.0718,29,22,0.415,0.9779,15,3.383,5.091,0.5984,0.1632,0.0503,0.0136,0.0196,0.1278,0.018,0.0011,16.337,0.2269,0,0.1617,0.1904,0.1917,1,-0.0743,6,0,0,0,1.0803,0.9895,Complete,2025-03-11,41039500,Validation
PRJ3-00846,Gateway Residences 846,Residential,Midwest,MI,Private,Cost Plus,IPD,High,Moderate,Standard,2022-01-07,2022-10-11,2022,53273800,500,0.554,0.5495,1.0093,1.011,0.0292,2,1.0093,6,29,0.56,0.9741,33,6.194,11.949,0.2429,0.459,0.1056,0.0994,0.0223,0.1739,0.0128,0.0266,16.979,0.214,3.271,0.3295,0.172,0.344,4,0.0885,16,0,0,0,0.9187,0.969,Complete,2023-06-07,57987800,Train
PRJ3-00847,Aspen Residences 847,Residential,Southeast,FL,Public-Private Partnership,Cost Plus,CMAR,Very High,Low,Fast,2022-03-31,2023-03-17,2023,38595900,911,0.386,0.344,0.8547,0.839,0.0763,38,0.9004,10,12,0.914,0.9705,16,4.146,7.79,0.3995,0.2962,0.0626,0.1767,0.0441,0.207,0.0414,0.0417,31.302,0.3067,8.289,0.381,0.3237,0.5075,5,0.1336,59,1,1,1,0.8821,0.9392,Complete,2024-11-25,43753100,Train
PRJ3-00848,Mesa Urban Village 848,Mixed-Use,Mountain,WY,Private,Unit Price,CMAR,Very High,Moderate,Standard,2023-12-11,2025-02-28,2025,265444400,992,0.449,0.3841,0.8997,0.8884,0.0528,64,0.9628,25,13,0.775,0.9665,159,5.99,10.329,0.1234,0.4422,0.1306,0.0715,0,0.2461,0.0579,0.0291,18.522,0.2843,7.265,0.4007,0.154,0.3732,4,0.157,8,1,0,1,0.8643,0.992,Complete,2026-09-06,307123600,Test
PRJ3-00849,Redwood Process Plant 849,Industrial,West,CA,Private,Cost Plus,Design-Build,High,High,Slow,2022-02-13,2023-03-26,2023,133568700,1156,0.352,0.3241,0.848,0.9968,0.0623,32,0.8504,16,17,0.75,0.9661,61,4.567,10.994,0.1633,0.4195,0.121,0.0491,0.0215,0.1954,0.0183,0.0286,14.053,0.2512,6.881,0.385,0.1365,0.427,4,0.0406,-22,0,0,0,0.961,1.0194,Complete,2025-03-23,138987700,Train
PRJ3-00850,Lakeview Transit-Oriented Development 850,Mixed-Use,Midwest,OH,Public,Unit Price,Design-Bid-Build,High,Moderate,Standard,2021-03-04,2022-06-12,2022,200576600,1061,0.439,0.4428,0.9295,0.9843,0.0338,-4,1.0121,5,5,0.565,0.9394,105,5.235,9.966,0.3302,0.312,0.075,0.0325,0.0303,0.3789,0.0744,0.0425,21.222,0.2002,6.373,0.4202,0.2005,0.2707,4,0.0686,2,0,0,0,0.9358,0.9981,Complete,2024-01-31,214339400,Train
PRJ3-00851,Harbor Medical Center 851,Institutional,Mountain,ID,Private,Cost Plus,Design-Bid-Build,High,Moderate,Standard,2022-05-24,2023-09-11,2023,145693400,1019,0.467,0.4442,1.0278,0.9607,-0.0142,23,0.9752,7,13,0.912,0.9464,80,5.491,6.763,0.3307,0.3839,0.0915,0.1117,0.0501,0.2002,0.0274,0.02,31.414,0.3822,1.55,0.3393,0.2806,0.3873,3,-0.0109,21,0,0,0,1.011,0.9798,Complete,2025-03-29,144108300,Train
PRJ3-00852,Redwood Retail Center 852,Commercial,Midwest,OH,Private,Cost Plus,Design-Bid-Build,High,Low,Standard,2023-11-10,2024-10-11,2024,45011300,631,0.533,0.4871,0.958,0.8568,0.0069,29,0.9339,13,19,0.698,0.969,25,5.554,10.225,0.1956,0.3947,0.1065,0.2334,0.0462,0.1628,0.0444,0.0251,17.464,0.1775,6.516,0.2656,0.3016,0.2476,4,0.1274,31,1,1,1,0.887,0.9532,Complete,2025-09-02,50744000,Validation
PRJ3-00853,Lakeview Transit-Oriented Development 853,Mixed-Use,West,OR,Private,Lump Sum,Design-Bid-Build,High,Moderate,Standard,2022-08-18,2023-11-13,2023,178566800,1073,0.422,0.4013,0.866,0.9232,0.0538,22,1.0158,17,14,0.815,0.9483,91,5.096,11.379,0.0858,0.402,0.1104,0.0436,0.0338,0.2088,0.0623,0.0276,24.03,0.2687,6.17,0.4034,0.2071,0.4086,4,0.0838,7,0,0,0,0.9227,0.9935,Complete,2025-08-02,193533800,Train
PRJ3-00854,Liberty Manufacturing Facility 854,Industrial,West,NV,Public,Guaranteed Maximum Price,Design-Bid-Build,Moderate,Moderate,Fast,2020-03-04,2021-07-01,2021,129088400,930,0.521,0.4799,1.0081,0.9576,-0.0097,38,1.0326,13,0,0.893,0.9705,43,3.331,2.657,0.5611,0.0497,0.0218,0.2276,0.091,0.1354,0.016,0.0129,10.234,0.1761,6.861,0.1987,0.2356,0.2154,2,-0.0158,-15,0,0,0,1.016,1.0164,Complete,2022-09-05,127051300,Train
PRJ3-00855,Riverside Residences 855,Residential,West,OR,Public,Guaranteed Maximum Price,Design-Bid-Build,High,High,Slow,2020-03-11,2020-11-01,2020,64098900,458,0.515,0.4757,0.9323,0.9444,0.0435,18,1.0645,24,9,0.529,0.9639,28,4.368,10.124,0.08,0.4164,0.0719,0.1189,0.0321,0.1773,0.0272,0.0139,31.741,0.4212,5.932,0.3125,0.293,0.4607,4,0.0693,11,0,0,0,0.9352,0.9765,Complete,2021-06-23,68539700,Train
PRJ3-00856,Northstar Neighborhood 856,Residential,Mountain,MT,Public,Guaranteed Maximum Price,CMAR,Low,Moderate,Slow,2021-08-09,2022-01-17,2022,23190000,445,0.362,0.3474,0.9383,1.0003,0.0199,6,0.9713,2,15,0.664,0.9622,4,1.725,7.102,0.3872,0.3614,0.0899,0.0237,0.0371,0.0585,0.0238,0.0156,17.192,0.3001,5.904,0.2256,0.1831,0.2797,3,0.0439,-25,0,0,0,0.958,1.0595,Complete,2022-10-03,24207600,Train
PRJ3-00857,Redwood Retail Center 857,Commercial,Southeast,GA,Private,Lump Sum,Design-Bid-Build,Very High,Low,Slow,2020-11-09,2022-02-25,2022,84238000,810,0.584,0.4661,0.7979,0.8438,0.1329,96,0.8272,27,28,1.121,0.9854,55,6.529,11.069,0.1614,0.373,0.0921,0.2286,0.0528,0.2496,0.0869,0.0597,27.696,0.3379,6.859,0.5129,0.3147,0.507,6,0.254,83,1,1,1,0.7974,0.9071,Complete,2023-04-21,105637800,Train
PRJ3-00858,Crescent Neighborhood 858,Residential,Northeast,PA,Private,Cost Plus,Design-Build,Moderate,Moderate,Standard,2022-11-18,2023-11-20,2023,67702200,625,0.588,0.5782,1.0351,1.0039,-0.008,6,1.0219,22,22,0.438,0.9773,44,6.499,4.18,0.5624,0.2778,0.1115,0.0063,0.0385,0.2001,0.0182,0.0083,10.806,0.1409,3.54,0.243,0.0603,0.2336,2,-0.0054,-11,0,0,0,1.0054,1.0179,Complete,2024-07-24,67336700,Train
PRJ3-00859,Summit Process Plant 859,Industrial,West,NV,Private,Cost Plus,Design-Build,Very High,Low,Standard,2024-05-16,2025-09-01,2025,159957700,938,0.505,0.449,0.9213,0.8762,0.044,53,1.0088,31,10,0.763,0.96,99,6.189,13.09,0.1076,0.4647,0.1372,0.1515,0.0416,0.3019,0.0552,0.0362,22.801,0.2467,9.318,0.4662,0.2452,0.4105,6,0.1189,46,1,1,1,0.8937,0.9533,Complete,2027-01-25,178983700,Test
PRJ3-00860,Summit Residences 860,Residential,Mountain,UT,Public-Private Partnership,Unit Price,Design-Build,High,Moderate,Standard,2023-06-23,2024-02-21,2024,45467300,560,0.435,0.3885,1.068,0.9474,-0.0351,26,0.9974,25,16,1.191,0.9789,16,3.519,12.868,0.08,0.2833,0.1079,0.0713,0.0283,0.1326,0.0172,0.0149,10.833,0.2041,0.895,0.1706,0.2063,0.368,3,0.0142,23,0,0,0,0.986,0.9605,Complete,2025-01-26,46113700,Validation
PRJ3-00861,Cedar Process Plant 861,Industrial,Southeast,GA,Private,Lump Sum,CMAR,Very High,Moderate,Standard,2017-09-06,2019-04-04,2019,110289100,1003,0.574,0.5062,0.9734,0.8973,0.0202,68,0.929,11,0,0.946,0.9476,52,4.715,11.746,0.2513,0.3371,0.1163,0.2155,0.1091,0.3656,0.0752,0.0456,27.901,0.2821,6.502,0.378,0.3893,0.2904,6,0.093,28,0,0,0,0.915,0.9728,Complete,2020-07-03,120541100,Train
PRJ3-00862,Mesa Apartments 862,Residential,West,OR,Private,Unit Price,Design-Build,Moderate,High,Standard,2019-01-14,2019-09-12,2019,14228400,647,0.374,0.3852,1.0133,1.0141,-0.0105,-7,0.986,8,9,0.473,0.9935,22,15.462,7.309,0.4529,0.2128,0.0827,0.0751,0.048,0.1218,0.0438,0.0082,21.698,0.2135,6.662,0.4292,0.2324,0.4041,2,0.0601,-25,0,0,0,0.9433,1.0402,Complete,2020-09-27,15083700,Train
PRJ3-00863,Northstar Neighborhood 863,Residential,Southeast,NC,Private,Unit Price,Design-Build,High,Moderate,Fast,2020-08-06,2021-01-08,2021,50369400,344,0.452,0.4918,0.9592,1.0583,0.0262,-14,1.0235,20,9,0.758,0.9995,14,2.779,3.299,0.5519,0.1201,0.0796,0.1163,0.0466,0.2961,0.0032,0.0233,19.666,0.2153,5.409,0.2141,0.1837,0.3453,2,0.1217,23,1,0,1,0.8915,0.9373,Complete,2021-08-08,56496900,Train
PRJ3-00864,Horizon Town Center 864,Mixed-Use,Midwest,OH,Private,Guaranteed Maximum Price,IPD,Very High,Moderate,Standard,2021-05-18,2022-07-11,2022,205577400,826,0.508,0.503,0.9788,0.9396,0.0242,4,0.9771,16,15,0.876,0.9439,130,6.324,7.067,0.234,0.2916,0.12,0.2316,0.0655,0.3317,0.0462,0.0269,26.048,0.3385,4.188,0.2232,0.253,0.4044,3,0.0346,25,0,0,0,0.9665,0.9706,Complete,2023-09-16,212697100,Train
PRJ3-00865,Riverside Water Program 865,Heavy Civil,Midwest,MI,Private,Lump Sum,Design-Build,Moderate,Moderate,Slow,2020-10-21,2022-04-01,2022,325880700,953,0.554,0.4919,0.8716,0.8983,0.057,59,0.9622,27,12,0.334,0.9593,169,5.186,11.827,0.08,0.3366,0.0968,0.0265,0,0.078,0.0163,0.0413,34.457,0.3583,6.554,0.308,0.2041,0.3716,6,0.1461,34,1,1,1,0.8725,0.9656,Complete,2023-07-05,373502300,Train
PRJ3-00866,Horizon Apartments 866,Residential,Midwest,MN,Private,Cost Plus,Design-Build,High,Moderate,Standard,2023-08-15,2024-03-08,2024,34933400,516,0.4,0.382,0.9385,0.9681,0.013,9,0.996,35,9,0.337,0.9931,15,4.294,12.16,0.1988,0.3915,0.0976,0.1654,0.0564,0.234,0.0225,0.0215,22.065,0.2624,1.931,0.1697,0.251,0.3201,4,0.0449,3,0,0,0,0.9571,0.9942,Complete,2025-01-15,36500900,Validation
PRJ3-00867,Evergreen Airport Improvements 867,Infrastructure,Mountain,CO,Private,Cost Plus,IPD,Moderate,Low,Standard,2017-05-18,2019-02-16,2019,196869200,1142,0.56,0.5455,0.9369,0.9449,0.0408,17,1.0087,28,7,0.846,0.9868,88,4.47,6.503,0.4456,0.2245,0.0736,0.1713,0.0568,0.2602,0.0289,0.0201,20.078,0.2618,0,0.2104,0.196,0.3371,2,0.0529,30,0,1,1,0.9497,0.9744,Complete,2020-08-02,207292400,Train
PRJ3-00868,Northstar Transit Program 868,Infrastructure,Midwest,MN,Private,Lump Sum,Design-Build,Moderate,High,Slow,2019-03-03,2020-07-21,2020,163008500,1254,0.404,0.3918,1.061,0.9715,-0.0206,15,0.8785,0,19,0.176,0.9613,75,4.601,9.548,0.3479,0.4034,0.1013,0.081,0.0796,0.1321,0.0407,0.0022,22.501,0.342,7.918,0.3396,0.2074,0.3971,3,0.0622,15,0,0,0,0.9415,0.9882,Complete,2022-08-23,173141600,Train
PRJ3-00869,Mesa Corporate Center 869,Commercial,Southeast,TN,Private,Lump Sum,IPD,Very High,High,Fast,2023-07-23,2024-12-25,2024,41281600,897,0.581,0.5978,1.0633,1.0138,-0.0362,-15,0.9203,0,11,0.416,0.9536,19,4.603,3.506,0.6206,0.1906,0.089,0.2624,0.0493,0.3082,0.0147,0.0146,23.884,0.2735,7.677,0.4562,0.28,0.4173,3,0.0717,-10,0,0,0,0.9331,1.0113,Complete,2025-12-26,44240000,Validation
PRJ3-00870,Northstar Apartments 870,Residential,Mountain,CO,Public,Unit Price,IPD,High,Low,Slow,2022-10-13,2023-11-03,2023,90817100,709,0.545,0.4814,0.9047,0.8997,0.049,45,0.8431,17,20,1.072,0.9599,68,7.488,6.93,0.2635,0.229,0.0658,0.1349,0.0446,0.2915,0.0343,0.0475,32.214,0.3422,9.132,0.3188,0.3215,0.3752,5,0.0156,28,0,0,0,0.9846,0.962,Complete,2024-10-19,92237500,Train
PRJ3-00871,Granite Corporate Center 871,Commercial,Mountain,UT,Private,Lump Sum,Design-Build,High,Low,Fast,2020-06-22,2021-05-01,2021,76185600,668,0.469,0.4413,1.0398,0.963,-0.0042,18,0.9685,12,7,1.246,0.9454,33,4.332,10.663,0.0833,0.3781,0.1055,0.1742,0.0407,0.2643,0.0229,0.0257,31.096,0.3714,1.693,0.2436,0.3136,0.3408,4,0.0454,19,0,0,0,0.9565,0.9723,Complete,2022-05-10,79646900,Train
PRJ3-00872,Gateway Residences 872,Residential,Midwest,MI,Private,Lump Sum,Design-Build,Very High,Low,Slow,2019-01-20,2019-09-03,2019,84986800,537,0.422,0.4147,0.7967,0.9578,0.0886,4,0.9294,37,21,1.311,0.9551,56,6.589,11.16,0.104,0.3722,0.1104,0.0977,0.0487,0.3707,0.0279,0.018,25.463,0.2516,0.966,0.2399,0.1791,0.5261,3,0.1512,7,1,0,1,0.8686,0.9871,Complete,2020-07-17,97840500,Train
PRJ3-00873,Copper Distribution Hub 873,Industrial,West,NV,Public,Lump Sum,Design-Bid-Build,High,High,Standard,2021-03-09,2022-01-07,2022,211506300,764,0.399,0.4013,1.0067,0.9894,-0.0074,-2,0.9571,24,3,0.546,0.9708,118,5.579,8.593,0.434,0.3519,0.1185,0.1825,0.0503,0.1826,0.0218,0.0464,44.944,0.443,5.787,0.206,0.4911,0.2685,6,0.0194,16,0,0,0,0.981,0.9795,Complete,2023-04-28,215613100,Train
PRJ3-00874,Summit Earthworks Package 874,Heavy Civil,West,NV,Private,Guaranteed Maximum Price,CMAR,Very High,High,Standard,2022-01-14,2023-05-30,2023,441304500,1032,0.486,0.5189,0.9883,0.9858,0.0111,-34,0.9626,19,15,0.463,0.9511,240,5.438,10.245,0.2016,0.3656,0.077,0.1191,0.0552,0.1401,0.0658,0.0205,26.604,0.3167,7.564,0.1931,0.2852,0.3389,4,0.0068,20,0,0,0,0.9932,0.981,Complete,2024-12-01,444326000,Train
PRJ3-00875,Pioneer Residences 875,Residential,Midwest,MI,Private,Guaranteed Maximum Price,Design-Build,Moderate,Moderate,Fast,2020-08-21,2021-06-23,2021,16566500,568,0.539,0.614,1.1111,1.0791,-0.0529,-43,1.0398,5,7,0.424,0.9639,14,8.451,4.265,0.5892,0.2495,0.0934,0.1429,0.0511,0.1017,0.0369,0.0089,11.456,0.2383,3.243,0.2155,0.1561,0.3314,2,0.0384,-25,0,0,0,0.963,1.046,Complete,2022-02-15,17202200,Train
PRJ3-00876,Lakeview District 876,Mixed-Use,Southeast,VA,Public-Private Partnership,Cost Plus,CMAR,Moderate,Moderate,Standard,2024-05-05,2025-09-28,2025,96433000,938,0.545,0.5388,0.854,0.9746,0.0915,6,1.0807,15,10,0.674,0.9847,47,4.874,9.148,0.2023,0.3592,0.094,0.1063,0.0395,0.1295,0.0361,0.0062,14.97,0.1796,7.516,0.378,0.1977,0.3085,3,0.0624,-7,0,0,0,0.9413,1.0075,Complete,2026-11-22,102447900,Test
PRJ3-00877,Harbor Transit-Oriented Development 877,Mixed-Use,Southwest,NM,Public,Guaranteed Maximum Price,IPD,Moderate,Low,Standard,2017-09-18,2019-04-14,2019,259958700,1010,0.568,0.5249,0.9055,0.9077,0.0436,44,0.9547,23,0,0.519,0.9557,126,4.847,6.415,0.3894,0.3036,0.0645,0.0858,0.0164,0.1275,0,0.0251,16.695,0.1579,1.921,0.3783,0.1436,0.3004,2,0.0845,21,0,0,0,0.9221,0.9796,Complete,2020-07-15,281925900,Train
PRJ3-00878,Cedar Marketplace 878,Commercial,West,OR,Private,Guaranteed Maximum Price,Design-Build,High,Moderate,Standard,2018-10-14,2019-11-09,2019,59128200,773,0.507,0.4927,1.0096,0.9562,-0.0162,11,0.9705,6,2,0.139,0.9517,30,5.074,7.873,0.3619,0.259,0.0711,0.1648,0.0669,0.2708,0.0659,0.025,26.337,0.2665,3.907,0.1748,0.3622,0.3958,3,-0.029,20,0,0,0,1.0299,0.9748,Complete,2020-12-15,57413600,Train
PRJ3-00879,Granite Residences 879,Residential,Northeast,PA,Public,Unit Price,Design-Build,High,Moderate,Fast,2020-08-19,2021-01-18,2021,40048900,420,0.362,0.3311,1.041,0.9013,-0.0236,13,1.1209,5,11,0.537,0.9664,19,4.744,4.466,0.375,0.0962,0.0586,0.1118,0.0631,0.1797,0.0363,0.0161,17.855,0.1856,1.863,0.1661,0.2102,0.3826,1,0.04,40,0,1,1,0.9616,0.913,Complete,2021-11-22,41649500,Train
PRJ3-00880,Canyon Apartments 880,Residential,Southeast,TN,Private,Unit Price,Design-Bid-Build,High,Low,Slow,2024-02-22,2024-10-13,2024,38460100,405,0.58,0.5418,0.867,0.8879,0.0651,15,0.8453,14,21,0.787,0.9373,36,9.36,11.141,0.08,0.4701,0.1213,0.1413,0.0384,0.2537,0.0507,0.0188,28.129,0.4059,5.672,0.3355,0.2929,0.4872,4,0.0755,28,0,0,0,0.9298,0.9353,Complete,2025-04-30,41362300,Validation
PRJ3-00881,Cedar Residences 881,Residential,Southeast,GA,Public,Lump Sum,Design-Bid-Build,Very High,High,Standard,2024-09-02,2025-10-06,2025,157118700,680,0.588,0.5891,0.8921,0.9796,0.0511,-1,0.9463,3,6,0.425,0.9629,97,6.174,9.88,0.219,0.3893,0.1144,0.156,0.0492,0.2675,0.0176,0.0318,33.29,0.3321,4.333,0.413,0.3404,0.5169,5,0.0959,-25,0,0,0,0.9125,1.0382,Complete,2026-06-19,172181700,Test
PRJ3-00882,Redwood Town Center 882,Mixed-Use,West,WA,Public,Lump Sum,CMAR,Moderate,High,Standard,2022-05-12,2023-10-20,2023,128025400,935,0.563,0.5591,1.0519,1.0266,-0.0245,4,1.0245,5,5,0.406,0.9655,47,3.671,8.251,0.3318,0.3644,0.0671,0.0822,0.0353,0.1161,0.0314,0.0157,16.26,0.1335,2.277,0.3509,0.2158,0.3436,2,0.0182,48,0,1,1,0.9821,0.9512,Complete,2025-01-19,130361700,Train
PRJ3-00883,Liberty Residences 883,Residential,Mountain,UT,Private,Lump Sum,CMAR,High,Moderate,Standard,2020-06-25,2021-04-24,2021,31910200,520,0.583,0.5819,0.9448,0.9977,0.0352,1,0.9261,8,20,0.644,0.9794,17,5.327,11.231,0.1707,0.3272,0.0839,0.135,0.0512,0.0976,0.0141,0.026,21.498,0.13,0.496,0.2908,0.1397,0.35,3,0.0452,-25,0,0,0,0.9568,1.0505,Complete,2021-11-02,33352300,Train
PRJ3-00884,Liberty Urban Village 884,Mixed-Use,Midwest,MI,Private,Cost Plus,Design-Bid-Build,Low,Moderate,Fast,2018-03-14,2019-06-10,2019,75612200,896,0.506,0.535,0.9862,1.0287,-0.0091,-26,1.0386,1,19,0.61,0.9765,32,4.232,7.792,0.3565,0.189,0.0345,0.1426,0.0195,0.0961,0.01,0,15.338,0.2625,3.09,0.1436,0.184,0.3236,1,0.0155,-11,0,0,0,0.9848,1.0124,Complete,2020-08-15,76781300,Train
PRJ3-00885,Copper Apartments 885,Residential,Southeast,GA,Public,Lump Sum,CMAR,Very High,High,Fast,2022-04-21,2023-01-17,2023,26872900,697,0.389,0.3784,0.9681,0.9918,0.0303,7,0.9692,3,18,0.562,0.9551,19,7.07,7.329,0.2994,0.2763,0.1054,0.1559,0.0587,0.1669,0.025,0.0164,22.877,0.248,4.699,0.3383,0.2498,0.4273,3,0.0843,1,0,0,0,0.9223,0.9986,Complete,2024-03-19,29137300,Train
PRJ3-00886,Aspen Process Plant 886,Industrial,West,WA,Private,Unit Price,CMAR,Very High,High,Standard,2022-09-23,2024-01-14,2024,123369500,1012,0.473,0.3944,0.959,0.8433,0.0038,80,0.8729,9,7,0.54,0.9685,76,6.16,5.286,0.3018,0.178,0.0696,0.1392,0.0242,0.2946,0.0614,0.004,18.224,0.2063,6.914,0.2724,0.1972,0.4181,2,-0.0054,30,0,1,1,1.0054,0.9712,Complete,2025-07-31,122702000,Validation
PRJ3-00887,Northstar Highway Improvements 887,Heavy Civil,West,WA,Private,Lump Sum,Design-Bid-Build,Low,High,Standard,2024-07-04,2025-10-05,2025,238638000,1119,0.41,0.4369,1.0,1.0414,-0.0199,-30,1.0699,14,0,0.317,0.971,87,3.646,8.797,0.117,0.3212,0.0508,0.1002,0.0376,0.1016,0,0,17.678,0.162,2.459,0.2365,0.1583,0.3403,1,0.0057,-25,0,0,0,0.9943,1.0229,Complete,2027-07-03,240000600,Test
PRJ3-00888,Granite Transit-Oriented Development 888,Mixed-Use,West,CA,Public,Guaranteed Maximum Price,IPD,Very High,High,Standard,2022-04-23,2023-06-10,2023,63470100,1145,0.361,0.2969,0.9513,0.9334,0.0021,73,0.9808,10,17,0.616,0.9487,30,4.727,13.936,0.08,0.4819,0.0945,0.1504,0.0529,0.1923,0.0343,0.0252,37.348,0.402,0.392,0.284,0.3495,0.4019,5,0.0832,30,0,1,1,0.9232,0.9745,Complete,2025-07-11,68752600,Train
PRJ3-00889,Crescent Process Plant 889,Industrial,Northeast,NJ,Private,Guaranteed Maximum Price,Design-Build,High,Low,Fast,2024-09-10,2025-11-04,2025,162969900,1051,0.4,0.4208,0.977,1.0287,0.003,-22,0.9868,12,22,0.558,0.9732,90,5.522,12.138,0.2014,0.4372,0.0988,0.1998,0.0829,0.2259,0.0068,0.0163,19.081,0.2727,0,0.3313,0.3284,0.3635,3,0.0317,22,0,0,0,0.9693,0.9795,Complete,2027-08-19,168139600,Test
PRJ3-00890,Pioneer Process Plant 890,Industrial,Mountain,UT,Private,Guaranteed Maximum Price,Design-Bid-Build,High,Moderate,Fast,2024-03-08,2025-05-28,2025,79500600,1054,0.424,0.4506,0.9297,0.9447,0.0356,-28,1.0079,33,21,0.467,0.9735,46,5.786,4.746,0.5188,0.2979,0.0671,0.1176,0.0465,0.2352,0.0423,0.0078,18.653,0.3005,3.01,0.4489,0.1654,0.3886,2,0.039,-9,0,0,0,0.9625,1.0086,Complete,2027-01-17,82600100,Test
PRJ3-00891,Harbor Water Program 891,Heavy Civil,Southeast,FL,Public,Cost Plus,CMAR,High,Low,Standard,2018-12-21,2020-05-28,2020,99125400,1037,0.506,0.4404,0.8686,0.887,0.0723,68,0.941,29,17,0.674,0.95,59,5.952,11.65,0.08,0.3979,0.102,0.1332,0.0521,0.2519,0.0412,0.0181,31.725,0.2792,2.72,0.1404,0.267,0.4192,4,0.1336,53,1,1,1,0.8821,0.9514,Complete,2021-12-15,112370700,Train
PRJ3-00892,Riverside Medical Center 892,Institutional,Southeast,FL,Public,Unit Price,Design-Bid-Build,High,Low,Standard,2020-09-08,2022-03-04,2022,83125800,1093,0.496,0.4181,0.9353,0.8116,0.0123,85,0.9092,31,12,0.921,0.9487,30,3.609,11.26,0.107,0.4662,0.0997,0.1799,0.0565,0.3162,0.0569,0.0563,23.165,0.3761,8.114,0.3021,0.2256,0.3851,6,0.0791,43,0,1,1,0.9267,0.9621,Complete,2023-10-19,89701700,Train
PRJ3-00893,Aspen Public Works Program 893,Infrastructure,West,CA,Private,Lump Sum,Design-Build,Low,Moderate,Slow,2019-08-03,2021-07-18,2021,302941000,1258,0.569,0.5212,0.8456,0.9291,0.0804,60,0.941,10,16,0.347,0.9541,143,4.72,4.068,0.4883,0.1936,0.0766,0.037,0.0367,0.0418,0.0295,0.0192,22.129,0.2528,3.384,0.2937,0.2281,0.2797,2,0.0751,-17,0,0,0,0.9301,1.0137,Complete,2022-12-26,325693400,Train
PRJ3-00894,Lakeview Neighborhood 894,Residential,West,CA,Private,Lump Sum,Design-Build,High,Moderate,Standard,2020-04-04,2020-10-22,2020,16263100,461,0.438,0.4322,1.02,0.9883,-0.02,3,1.0052,22,1,0.587,0.973,11,6.764,7.72,0.3078,0.2909,0.0555,0.1595,0.0523,0.1436,0.0462,0.0192,18.563,0.1749,6.782,0.3844,0.1056,0.4397,2,0.0858,16,0,0,0,0.921,0.9665,Complete,2021-07-25,17658500,Train
PRJ3-00895,Evergreen Neighborhood 895,Residential,Southwest,AZ,Private,Cost Plus,IPD,High,High,Standard,2022-12-10,2023-06-20,2023,35717800,484,0.398,0.3485,0.9595,0.9705,-0.0032,24,1.0332,0,10,0.408,0.9877,10,2.8,10.969,0.2652,0.37,0.0711,0.0928,0.0278,0.1904,0.0464,0.0046,32.287,0.267,2.736,0.3794,0.1919,0.4358,3,0.0081,19,0,0,0,0.9919,0.9622,Complete,2024-04-26,36008000,Train
PRJ3-00896,Riverside Neighborhood 896,Residential,Southwest,TX,Private,Cost Plus,CMAR,Low,Low,Standard,2023-03-12,2023-10-09,2023,71172300,478,0.442,0.4368,0.9465,0.9964,0.0145,2,0.9468,18,9,0.645,0.9495,26,3.653,12.843,0.1572,0.5431,0.1315,0.1102,0.0277,0.1788,0.0205,0.0111,15.709,0.187,1.697,0.2354,0.233,0.2014,3,0.1187,-24,1,0,1,0.8939,1.0529,Complete,2024-06-08,79622600,Train
PRJ3-00897,Aspen Medical Center 897,Institutional,Northeast,NY,Private,Guaranteed Maximum Price,Design-Bid-Build,Moderate,High,Standard,2022-02-02,2022-12-24,2022,282250000,706,0.461,0.4303,1.0048,0.9396,-0.0201,22,1.0589,11,17,0.399,0.9812,139,4.925,5.077,0.5769,0.1871,0.0435,0.0678,0.0258,0.02,0.0196,0.0033,13.58,0.1692,0,0.1564,0.1335,0.3025,1,0.0156,9,0,0,0,0.9846,0.9874,Complete,2024-01-18,286651500,Train
PRJ3-00898,Aspen Highway Improvements 898,Heavy Civil,Midwest,IL,Private,Guaranteed Maximum Price,Design-Build,Moderate,Moderate,Fast,2021-06-09,2022-10-28,2022,347923800,940,0.539,0.5683,0.8812,0.9732,0.0914,-28,1.0185,0,9,0.392,0.9674,165,4.742,7.161,0.3636,0.2375,0.0674,0.0806,0.0292,0.1214,0.0349,0,11.15,0.0765,0,0.243,0.1944,0.2565,1,0.1071,-25,1,0,1,0.9032,1.0273,Complete,2023-12-11,385203500,Train
PRJ3-00899,Pioneer Process Plant 899,Industrial,Mountain,WY,Private,Guaranteed Maximum Price,IPD,Moderate,Moderate,Standard,2021-11-16,2023-05-25,2023,362043700,996,0.558,0.5667,1.0324,1.0394,-0.0186,-9,1.002,5,11,0.465,0.9528,158,4.364,12.099,0.3052,0.485,0.0808,0.1243,0.039,0.1263,0.0009,0.0256,11.126,0.3151,1.361,0.1684,0.1412,0.1535,3,0.0013,-6,0,0,0,0.9987,1.0061,Complete,2024-08-02,362503600,Train
PRJ3-00900,Granite Housing 900,Residential,Mountain,UT,Public,Guaranteed Maximum Price,Design-Bid-Build,Moderate,High,Standard,2024-01-02,2024-12-01,2024,55649400,601,0.556,0.499,1.018,0.9367,0.0119,34,0.9585,15,22,0.162,0.9555,27,4.852,9.365,0.1687,0.3585,0.0734,0.1048,0.019,0.1413,0.0246,0,11.389,0.2097,2.013,0.1666,0.1483,0.3562,2,-0.0269,8,0,0,0,1.0277,0.9869,Complete,2025-09-02,54150200,Validation
PRJ3-00901,Granite Neighborhood 901,Residential,West,NV,Public,Guaranteed Maximum Price,Design-Build,Moderate,Moderate,Standard,2024-12-16,2025-08-08,2025,39314300,497,0.474,0.4697,0.9823,0.947,-0.002,2,1.1051,0,4,0.493,0.9554,34,8.648,4.82,0.572,0.0306,0.0229,0.1516,0.0363,0.1043,0.0218,0.0155,23.181,0.3663,5.652,0.0948,0.2303,0.3742,2,-0.0355,-2,0,0,0,1.0368,1.004,Complete,2026-04-25,37919300,Test
PRJ3-00902,Riverside Office Campus 902,Commercial,Midwest,OH,Private,Lump Sum,IPD,High,Moderate,Fast,2024-09-21,2025-05-22,2025,48558300,597,0.408,0.4528,0.8961,1.0999,0.0744,-27,0.9918,8,21,1.215,0.9532,31,6.384,9.647,0.1607,0.3582,0.078,0.1078,0.0476,0.149,0.0352,0,5,0.0621,6.0,0.3172,0.117,0.288,2,0.1533,-16,1,0,1,0.8671,1.0275,Complete,2026-04-25,56001900,Test
PRJ3-00903,Summit Highway Improvements 903,Heavy Civil,Southeast,TN,Private,Lump Sum,CMAR,Very High,Low,Standard,2022-10-07,2023-11-15,2023,124840900,1017,0.398,0.3226,0.9154,0.8218,0.0257,77,0.9676,32,18,0.948,0.9528,92,7.369,7.43,0.312,0.2713,0.0768,0.2677,0.0697,0.2475,0.0603,0.0298,43.077,0.4253,5.042,0.2725,0.4276,0.5338,5,0.1662,37,1,1,1,0.8575,0.9649,Complete,2025-08-26,145593400,Train
PRJ3-00904,Riverside Medical Center 904,Institutional,Mountain,CO,Public,Lump Sum,Design-Build,Low,Low,Fast,2024-04-12,2025-09-26,2025,125269500,927,0.574,0.6082,0.9169,1.0395,0.0355,-32,0.9508,7,3,0.223,0.9788,50,3.991,10.338,0.2537,0.2894,0.0326,0.1696,0.0266,0.1372,0.0304,0.0059,8.396,0.1572,1.604,0.2157,0.0908,0.3101,2,0.0612,-14,0,0,0,0.9423,1.0153,Complete,2026-10-12,132939200,Test
PRJ3-00905,Lakeview Civic Complex 905,Institutional,West,OR,Public,Unit Price,CMAR,Moderate,High,Standard,2021-12-09,2022-12-28,2022,150134800,746,0.516,0.5055,0.9715,0.975,0.0204,8,0.912,26,11,0.591,0.9755,61,4.063,9.589,0.3045,0.3087,0.099,0.0308,0.0561,0.0379,0.037,0.0157,11.416,0.1279,6.842,0.44,0.1271,0.3402,3,0.1433,11,1,0,1,0.8746,0.9855,Complete,2024-01-05,171653700,Train
PRJ3-00906,Cedar Marketplace 906,Commercial,Midwest,MN,Private,Guaranteed Maximum Price,Design-Build,High,Moderate,Standard,2024-03-22,2025-01-14,2025,63028500,654,0.456,0.4387,0.9556,0.95,0.0332,11,0.9836,10,17,0.664,0.9676,28,4.442,10.724,0.1322,0.3672,0.1125,0.1287,0.0546,0.113,0.0353,0.0226,21.062,0.1692,3.626,0.3537,0.2236,0.3419,3,0.0787,15,0,0,0,0.927,0.9776,Complete,2026-01-20,67989600,Test
PRJ3-00907,Horizon Neighborhood 907,Residential,Mountain,MT,Private,Cost Plus,Design-Bid-Build,Low,Moderate,Fast,2021-12-18,2022-06-26,2022,42006700,544,0.351,0.3662,1.0045,0.9822,0.0151,-8,1.0257,0,16,0.448,0.9612,4,0.952,3.969,0.4918,0.1835,0.0465,0.0753,0.0433,0.1383,0,0.011,15.304,0.1245,0,0.2488,0.2025,0.2415,1,-0.0321,-16,0,0,0,1.0331,1.0303,Complete,2023-05-30,40660300,Train
PRJ3-00908,Northstar Residences 908,Residential,Mountain,ID,Private,Cost Plus,IPD,High,High,Fast,2025-04-02,2025-11-29,2025,25843100,498,0.485,0.4797,0.9929,1.0178,0.0095,3,1.0299,19,19,0.795,0.9878,4,1.548,5.473,0.4352,0.1119,0.0493,0.071,0.013,0.1984,0.0065,0.0152,13.069,0.2222,0.674,0.1945,0.109,0.3771,1,0.0061,37,0,1,1,0.9939,0.9308,Complete,2026-09-19,26001000,Test
PRJ3-00909,Mesa Housing 909,Residential,Midwest,MN,Private,Unit Price,Design-Bid-Build,Moderate,Low,Standard,2022-09-19,2023-11-15,2023,76260000,708,0.597,0.5886,0.9017,0.9416,0.0605,6,0.9156,35,8,0.666,0.969,31,4.065,6.696,0.2387,0.3873,0.0778,0.2055,0.0681,0.2409,0.0334,0.0209,25.05,0.3909,9.487,0.2746,0.2318,0.2929,4,0.1759,37,1,1,1,0.8504,0.9503,Complete,2024-10-03,89675400,Train
PRJ3-00910,Pioneer Marketplace 910,Commercial,Northeast,CT,Private,Lump Sum,Design-Build,Very High,Moderate,Fast,2021-02-12,2021-11-06,2021,96560500,608,0.44,0.4844,1.0387,1.0763,-0.0033,-27,1.0168,2,15,0.313,0.9658,41,4.246,3.895,0.4712,0.0663,0.0718,0.1266,0.0464,0.3258,0.0131,0.0181,24.789,0.1743,1.602,0.4022,0.242,0.2007,2,-0.0449,14,0,0,0,1.047,0.9775,Complete,2022-10-27,92222900,Train
PRJ3-00912,Aspen Process Plant 912,Industrial,Mountain,WY,Public-Private Partnership,Guaranteed Maximum Price,Design-Bid-Build,High,High,Slow,2020-05-07,2021-02-17,2021,99000800,796,0.36,0.3252,0.9409,0.9582,0.0029,28,0.9561,32,8,1.208,0.9495,58,5.859,10.402,0.1401,0.2416,0.0457,0.1355,0.063,0.2148,0.0535,0.0465,16.98,0.2548,10.753,0.3719,0.2244,0.4021,5,0.1076,3,1,0,1,0.9029,0.9962,Complete,2022-07-15,109651400,Train
PRJ3-00913,Summit Housing 913,Residential,Midwest,MN,Private,Lump Sum,CMAR,High,High,Slow,2020-07-15,2021-03-28,2021,40808200,472,0.543,0.4673,0.8913,0.9247,0.0731,36,1.0041,2,11,0.695,0.975,27,6.616,7.677,0.2399,0.3328,0.0844,0.1428,0.0449,0.182,0.0221,0.0106,17.324,0.2882,1.558,0.3688,0.1653,0.4476,2,0.0484,-12,0,0,0,0.9538,1.0261,Complete,2021-10-18,42783900,Train
PRJ3-00914,Copper Education Center 914,Institutional,Southeast,VA,Private,Lump Sum,Design-Build,High,Moderate,Slow,2021-05-09,2022-03-27,2022,110838400,810,0.398,0.3799,0.9263,0.9513,0.0223,15,0.963,17,22,0.531,0.9587,47,4.24,14.321,0.08,0.5427,0.1018,0.0545,0.0264,0.1084,0.0527,0.0277,26.171,0.3129,5.611,0.2978,0.305,0.3341,5,0.0545,40,0,1,1,0.9484,0.9529,Complete,2023-09-06,116875000,Train
PRJ3-00915,Lakeview Corporate Center 915,Commercial,Midwest,OH,Private,Guaranteed Maximum Price,Design-Build,Low,Moderate,Standard,2018-11-29,2019-07-28,2019,111182100,514,0.469,0.4419,1.0453,0.9684,-0.0156,14,1.1004,0,13,0.508,0.9576,39,3.508,4.799,0.4251,0.2292,0.0443,0.0066,0.0021,0.0217,0.0154,0,6.807,0.2088,3.61,0.2786,0.0869,0.3446,1,-0.0409,-25,0,0,0,1.0426,1.0511,Complete,2020-04-01,106635900,Train
PRJ3-00916,Redwood Corporate Center 916,Commercial,Mountain,CO,Public,Cost Plus,Design-Build,Moderate,High,Standard,2021-12-03,2022-10-23,2022,81469600,742,0.438,0.4519,1.0202,1.0915,-0.0077,-10,1.0316,14,20,0.531,0.9804,31,3.805,6.117,0.381,0.2202,0.08,0.1043,0.0267,0.2404,0.0375,0.0123,23.254,0.3632,2.246,0.277,0.181,0.3786,2,-0.0001,0,0,0,0,1.0001,1.0,Complete,2023-12-15,81462700,Train
PRJ3-00917,Pioneer Logistics Center 917,Industrial,Mountain,ID,Private,Cost Plus,Design-Bid-Build,Moderate,Low,Standard,2024-07-22,2025-03-28,2025,263709100,695,0.359,0.3519,0.9969,1.0257,-0.0033,5,0.919,39,3,0.741,0.9684,133,5.043,13.122,0.08,0.3843,0.1124,0.115,0.0613,0.1157,0.0619,0.0079,25.845,0.2196,4.571,0.2673,0.2267,0.3196,4,0.061,-15,0,0,0,0.9425,1.0221,Complete,2026-06-02,279791600,Test
PRJ3-00918,Gateway Highway Improvements 918,Heavy Civil,West,NV,Private,Unit Price,Design-Build,Moderate,High,Fast,2017-04-07,2019-02-04,2019,173636700,1372,0.487,0.4879,0.9941,1.039,0.0019,-1,0.9192,8,6,0.844,0.9935,75,4.319,3.966,0.5301,0.0892,0.0367,0.1455,0.0911,0.129,0.0387,0.0046,13.905,0.2624,7.664,0.0797,0.2048,0.4258,2,-0.0406,-19,0,0,0,1.0424,1.014,Complete,2020-12-20,166580900,Train
PRJ3-00919,Mesa Logistics Center 919,Industrial,Southeast,FL,Private,Unit Price,CMAR,High,Moderate,Slow,2022-09-19,2023-10-11,2023,133107100,906,0.428,0.3378,0.9972,0.8366,0.014,82,0.8198,16,23,0.816,0.9511,88,6.611,10.255,0.1635,0.3266,0.0529,0.0799,0.018,0.2139,0.0601,0.0233,30.889,0.4339,6.673,0.4389,0.2087,0.5279,4,0.0954,46,0,1,1,0.9129,0.9517,Complete,2025-04-28,145801300,Train
PRJ3-00920,Liberty Apartments 920,Residential,Southwest,AZ,Public,Cost Plus,Design-Build,Moderate,Moderate,Standard,2021-04-16,2021-12-13,2021,38047400,447,0.54,0.5246,0.9939,0.9871,-0.0095,7,1.0255,0,3,0.906,0.974,25,6.571,8.746,0.1993,0.3502,0.0847,0.0054,0.0149,0.0405,0.0259,0,23.411,0.2687,2.591,0.1893,0.138,0.2997,2,-0.0114,-21,0,0,0,1.0115,1.0493,Complete,2022-06-16,37614200,Train
PRJ3-00921,Granite Research Facility 921,Institutional,Southeast,NC,Private,Lump Sum,IPD,High,Moderate,Slow,2018-08-20,2019-03-28,2019,91754100,547,0.403,0.3731,0.9221,0.9041,0.0464,16,0.9338,34,17,0.698,0.9494,38,4.142,8.214,0.3439,0.3183,0.0601,0.0962,0.0308,0.2178,0.0366,0.015,16.651,0.3223,5.2,0.2406,0.2015,0.3701,2,0.1723,1,1,0,1,0.853,0.9982,Complete,2020-02-19,107563200,Train
PRJ3-00922,Gateway Residences 922,Residential,Northeast,NY,Public,Cost Plus,Design-Build,Moderate,Low,Standard,2022-03-12,2023-04-22,2023,52898500,720,0.564,0.5548,0.9475,0.9703,0.0151,7,1.0232,12,11,0.588,0.9695,20,3.781,7.169,0.1546,0.2941,0.1051,0.1681,0.0766,0.0974,0.0244,0.0315,13.916,0.2099,3.052,0.1491,0.1803,0.3077,3,0.0443,-8,0,0,0,0.9576,1.0112,Complete,2024-02-22,55239700,Train
PRJ3-00923,Harbor Utility Corridor 923,Infrastructure,Mountain,MT,Public,Unit Price,CMAR,Moderate,High,Slow,2017-09-10,2019-01-18,2019,294148800,1115,0.444,0.4975,0.9785,1.0438,0.0034,-60,1.0525,11,15,0.627,0.9828,139,4.725,10.749,0.1829,0.4547,0.1075,0.101,0.0451,0.2021,0.0375,0.0169,32.733,0.3886,4.332,0.3578,0.3216,0.5151,4,0.0391,0,0,0,0,0.9624,1.0,Complete,2020-09-29,305645700,Train
PRJ3-00924,Evergreen Process Plant 924,Industrial,Northeast,NY,Private,Unit Price,Design-Bid-Build,Low,Low,Standard,2024-02-11,2025-01-24,2025,322411300,786,0.444,0.4236,0.9278,0.9911,0.0331,16,0.865,15,10,0.405,0.9616,158,4.901,8.431,0.3988,0.2084,0.0395,0.0549,0.0445,0.1173,0.035,0.0216,20.232,0.2292,6.768,0.2516,0.1954,0.3091,3,0.0654,-20,0,0,0,0.9386,1.0261,Complete,2026-03-18,343503000,Test
PRJ3-00925,Mesa Distribution Hub 925,Industrial,Southwest,NM,Public-Private Partnership,Guaranteed Maximum Price,Design-Build,Very High,High,Fast,2018-08-05,2019-10-03,2019,64638600,1043,0.407,0.3468,0.9495,0.8463,0.0385,63,0.9381,20,21,0.521,0.9762,20,3.094,6.839,0.4834,0.2428,0.0783,0.1726,0.0198,0.3789,0.0661,0.0123,27.338,0.2611,0.955,0.4153,0.2947,0.5473,2,0.0702,47,0,1,1,0.9344,0.9569,Complete,2021-07-30,69178300,Train
PRJ3-00926,Liberty Retail Center 926,Commercial,Northeast,NJ,Public,Lump Sum,Design-Bid-Build,High,Moderate,Fast,2024-05-16,2025-05-07,2025,164951100,712,0.501,0.4479,1.0354,0.8786,-0.0287,38,1.0598,32,18,0.951,0.9784,105,6.366,6.225,0.4734,0.3478,0.0864,0.1541,0.0451,0.1807,0.0607,0.0164,29.588,0.3251,4.003,0.2343,0.3193,0.4536,3,0.0461,53,0,1,1,0.9559,0.9307,Complete,2026-06-20,172555200,Test
PRJ3-00927,Copper Public Works Program 927,Infrastructure,Mountain,CO,Public,Lump Sum,CMAR,Moderate,High,Slow,2018-03-05,2019-11-09,2019,238922400,1194,0.515,0.5188,0.9275,1.0122,0.0342,-5,1.0137,0,12,0.531,0.9721,116,4.855,9.302,0.3339,0.388,0.0946,0.0815,0.0591,0.2078,0.0536,0.0288,26.008,0.4205,3.429,0.521,0.1466,0.5078,4,0.0733,-16,0,0,0,0.9317,1.0136,Complete,2021-05-26,256438500,Train
PRJ3-00928,Liberty Neighborhood 928,Residential,Midwest,MN,Public-Private Partnership,Cost Plus,Design-Build,High,High,Slow,2018-09-19,2019-03-01,2019,90134400,364,0.45,0.3576,0.9224,0.8096,0.0556,34,1.0455,12,17,0.441,0.9689,61,6.768,11.94,0.145,0.4731,0.1141,0.0711,0.0307,0.1669,0.0797,0.0318,31.453,0.2953,5.019,0.1921,0.2511,0.4058,5,0.1082,53,1,1,1,0.9024,0.8729,Complete,2019-11-10,99886700,Train
PRJ3-00929,Liberty District 929,Mixed-Use,Northeast,NJ,Public,Unit Price,Design-Bid-Build,High,Low,Slow,2024-01-02,2025-02-13,2025,155594300,939,0.435,0.3547,0.8568,0.855,0.0311,75,0.9197,21,18,0.614,0.9505,111,7.134,11.685,0.2568,0.3737,0.0907,0.1488,0.0766,0.203,0.082,0.0407,20.526,0.3431,7.062,0.4254,0.3132,0.5148,5,0.1833,72,1,1,1,0.8451,0.9288,Complete,2026-10-09,184113700,Test
PRJ3-00930,Lakeview Housing 930,Residential,Southeast,VA,Private,Guaranteed Maximum Price,CMAR,Low,Moderate,Standard,2019-06-18,2019-11-05,2019,29701500,360,0.39,0.4098,0.9281,1.0721,0.0305,-7,0.9755,26,21,0.551,0.9778,15,5.05,4.938,0.5419,0.1557,0.064,0,0.0031,0.0995,0.0254,0,14.79,0.1686,0.123,0.2338,0.1929,0.1478,1,0.0949,-25,0,0,0,0.9134,1.0746,Complete,2020-05-18,32519200,Train
PRJ3-00931,Aspen Residences 931,Residential,Southwest,TX,Private,Cost Plus,CMAR,Moderate,Low,Slow,2021-08-06,2022-06-21,2022,20026600,569,0.561,0.495,0.9406,0.9478,0.0422,38,0.887,14,7,0.282,0.9612,8,3.995,11.383,0.0933,0.5324,0.1129,0.1805,0.0375,0.2173,0.0344,0.039,21.223,0.3668,8.557,0.2707,0.3011,0.2751,5,0.091,61,0,1,1,0.9166,0.9032,Complete,2023-04-28,21849600,Train
PRJ3-00932,Gateway Earthworks Package 932,Heavy Civil,Northeast,CT,Private,Guaranteed Maximum Price,IPD,Very High,High,Standard,2022-03-01,2023-10-28,2023,291529200,1391,0.436,0.4404,0.9056,1.0468,0.0448,-6,0.8867,31,30,0.691,0.9884,167,5.728,10.46,0.309,0.2169,0.0927,0.2096,0.0781,0.2561,0.0451,0.0393,35.881,0.3532,7.74,0.4169,0.293,0.3664,5,0.1036,25,1,0,1,0.9062,0.9823,Complete,2026-01-15,321722400,Train
PRJ3-00933,Aspen Water Program 933,Heavy Civil,West,WA,Public,Guaranteed Maximum Price,CMAR,Moderate,Moderate,Standard,2023-11-12,2024-11-13,2024,431252400,943,0.39,0.3477,0.9407,0.9293,0.023,40,1.0024,23,6,0.09,0.9759,210,4.87,10.158,0.224,0.4173,0.1175,0.1614,0.0502,0.1624,0.0483,0.0261,23.304,0.308,0,0.1835,0.2182,0.2003,3,0.0755,2,0,0,0,0.9298,0.9979,Complete,2026-06-14,463827000,Validation
PRJ3-00934,Harbor Civic Complex 934,Institutional,Southwest,TX,Public-Private Partnership,Cost Plus,IPD,Moderate,Low,Standard,2023-02-23,2023-11-27,2023,120606400,754,0.368,0.3697,1.0224,0.957,-0.0274,-1,0.9849,33,0,0.572,0.9668,57,4.726,5.575,0.4638,0.2207,0.0869,0.1349,0.0584,0.1985,0.0466,0,9.041,0.1064,1.206,0.2028,0.1334,0.3546,1,0.0371,16,0,0,0,0.9642,0.9792,Complete,2025-04-03,125083600,Train
PRJ3-00935,Harbor Medical Center 935,Institutional,West,NV,Public,Guaranteed Maximum Price,CMAR,Moderate,High,Fast,2024-11-06,2025-10-25,2025,105426000,712,0.496,0.4787,1.0252,0.9986,-0.0134,12,1.0772,0,0,0.326,0.9866,36,3.415,6.643,0.2639,0.1884,0.0421,0.0604,0.0219,0.1065,0.0521,0,17.651,0.1568,2.977,0.2015,0.1555,0.197,1,-0.019,-3,0,0,0,1.0194,1.0042,Complete,2026-10-16,103422500,Test
PRJ3-00936,Northstar Urban Village 936,Mixed-Use,West,NV,Public,Unit Price,Design-Bid-Build,Low,High,Fast,2021-12-16,2022-11-25,2022,87219000,920,0.374,0.4056,1.0885,1.0462,-0.0318,-29,1.0726,0,0,0.495,0.9834,15,1.72,4.559,0.592,0.1976,0.0569,0.0327,0.0034,0.02,0.0108,0.0232,5,0.0567,5.334,0.2982,0.1452,0.318,2,0.0182,-4,0,0,0,0.9821,1.0044,Complete,2024-06-19,88808600,Train
PRJ3-00937,Evergreen Manufacturing Facility 937,Industrial,Southeast,FL,Private,Unit Price,CMAR,High,High,Fast,2019-07-02,2020-10-25,2020,90196500,974,0.494,0.4689,0.9147,0.9247,0.0504,24,1.0239,11,19,0.858,0.9688,36,3.991,7.02,0.3984,0.2825,0.0556,0.1096,0.0626,0.1285,0.0425,0,20.729,0.3024,3.125,0.2112,0.1472,0.3034,1,0.102,39,1,1,1,0.9075,0.9615,Complete,2022-04-10,99394000,Train
PRJ3-00938,Canyon Public Works Program 938,Infrastructure,Southwest,AZ,Private,Lump Sum,Design-Bid-Build,Moderate,Low,Slow,2019-10-09,2021-03-28,2021,395279500,1080,0.497,0.4313,0.7837,0.9374,0.1182,71,0.811,19,10,0.727,0.9612,230,5.819,13.34,0.08,0.581,0.1137,0.1009,0.0414,0.136,0.0396,0.0384,27.205,0.2714,6.53,0.4122,0.2003,0.3286,6,0.1248,-2,1,0,1,0.8891,1.0019,Complete,2022-09-21,444592400,Train
PRJ3-00939,Crescent Distribution Hub 939,Industrial,West,OR,Public,Cost Plus,IPD,Moderate,High,Standard,2021-01-18,2022-01-08,2022,216747300,811,0.438,0.4761,1.15,1.0242,-0.0704,-31,1.0448,15,2,0.348,0.9944,103,4.752,5.383,0.5029,0.1645,0.0565,0.1083,0.0418,0.2321,0.0267,0.0011,15.878,0.2641,5.768,0.2082,0.1983,0.3521,1,-0.0224,0,0,0,0,1.0229,1.0,Complete,2023-04-09,211895900,Train
PRJ3-00940,Evergreen Manufacturing Facility 940,Industrial,Northeast,NJ,Private,Lump Sum,Design-Bid-Build,Moderate,Moderate,Fast,2019-06-17,2020-09-02,2020,135956600,940,0.472,0.4867,0.9371,0.9851,0.0227,-14,1.0586,0,14,1.103,0.9587,50,3.678,8.81,0.2648,0.3218,0.0882,0.0653,0.0202,0.0536,0.0332,0,27.585,0.2623,1.445,0.2396,0.2177,0.2314,2,0.039,-10,0,0,0,0.9625,1.0108,Complete,2022-01-02,141257100,Train
PRJ3-00941,Canyon Office Campus 941,Commercial,Mountain,MT,Private,Lump Sum,Design-Bid-Build,High,High,Fast,2019-10-11,2020-09-29,2020,84206500,601,0.59,0.5856,0.9056,0.9856,0.0586,3,1.0025,7,29,0.688,0.9676,41,4.869,2.351,0.6243,0.1787,0.0706,0.0929,0.0443,0.2168,0.0264,0.0085,10.797,0.2571,2.766,0.231,0.1087,0.3665,1,0.1549,-1,1,0,1,0.8659,1.0017,Complete,2021-06-02,97251500,Train
PRJ3-00942,Redwood Corporate Center 942,Commercial,Midwest,MN,Private,Lump Sum,Design-Build,Moderate,High,Slow,2024-07-02,2025-06-19,2025,179584400,788,0.447,0.4063,1.0299,0.9666,-0.0187,32,0.9799,6,18,0.548,0.962,61,3.397,6.672,0.4214,0.2448,0.054,0.0763,0.0037,0.1265,0.0115,0.0151,13.409,0.2647,6.008,0.2883,0.094,0.3563,2,-0.0056,-1,0,0,0,1.0056,1.0013,Complete,2026-08-28,178587100,Test
PRJ3-00943,Northstar Apartments 943,Residential,West,WA,Public,Lump Sum,Design-Bid-Build,Low,High,Fast,2019-08-03,2020-05-27,2020,31289200,599,0.499,0.5683,1.1206,1.0964,-0.0508,-42,1.1247,0,0,0.509,0.9691,25,7.99,5.047,0.502,0.2046,0.0323,0.095,0.0351,0.1435,0.017,0.0043,20.89,0.2128,3.043,0.24,0.2056,0.3267,1,0.0055,-16,0,0,0,0.9945,1.0274,Complete,2021-03-08,31461700,Train
PRJ3-00944,Gateway Water Program 944,Heavy Civil,Southeast,FL,Private,Cost Plus,IPD,Low,Moderate,Standard,2022-11-23,2024-02-17,2024,172353200,1099,0.411,0.3914,0.9842,0.9553,0.0103,21,1.0263,13,0,0,0.9616,61,3.539,8.488,0.2683,0.3034,0.1076,0.1746,0.0737,0.0663,0,0,5,0.1319,1.712,0.2536,0.2293,0.2396,1,0.0995,-4,0,0,0,0.9095,1.0037,Complete,2025-11-22,189507200,Validation
PRJ3-00945,Liberty Transit Program 945,Infrastructure,Mountain,MT,Private,Cost Plus,CMAR,High,High,Slow,2018-09-22,2019-11-20,2019,198972200,1002,0.424,0.4052,0.9111,0.9473,0.0285,19,0.994,20,11,0.689,0.9672,115,5.78,8.472,0.316,0.3237,0.1026,0.1783,0.0474,0.1694,0.0374,0.0479,18.523,0.1986,7.952,0.3158,0.3158,0.3924,4,0.1148,11,1,0,1,0.897,0.9891,Complete,2021-07-01,221817600,Train
PRJ3-00946,Crescent Utility Corridor 946,Infrastructure,Southwest,NM,Private,Unit Price,Design-Bid-Build,High,Moderate,Fast,2022-01-14,2024-01-07,2024,397395700,1344,0.538,0.4811,1.0124,0.9353,-0.0209,77,0.9892,25,12,0.427,0.9881,214,5.385,10.329,0.2766,0.4506,0.0961,0.1575,0.0693,0.2212,0.062,0.021,21.232,0.1944,1.276,0.3337,0.2602,0.2668,3,0.0612,-19,0,0,0,0.9423,1.0143,Complete,2025-08-31,421709400,Validation
PRJ3-00947,Mesa Neighborhood 947,Residential,Mountain,ID,Public-Private Partnership,Guaranteed Maximum Price,CMAR,High,Moderate,Standard,2025-03-21,2025-10-03,2025,49318100,381,0.516,0.4987,0.9861,0.9882,-0.0071,7,1.005,17,14,0.729,0.9571,24,4.866,9.23,0.2396,0.2999,0.0768,0.0802,0.0412,0.2099,0.0105,0.0369,8.658,0.1681,5.809,0.2023,0.1479,0.3845,3,0.0889,1,0,0,0,0.9183,0.9974,Complete,2026-04-07,53703200,Test
PRJ3-00948,Redwood Logistics Center 948,Industrial,Southeast,FL,Private,Guaranteed Maximum Price,Design-Bid-Build,Low,High,Standard,2021-01-08,2021-10-29,2021,66411700,821,0.359,0.3843,0.9511,1.0307,0.0274,-21,1.104,13,5,0.239,0.9583,25,3.764,8.583,0.4083,0.3257,0.0631,0.1039,0.0331,0.0735,0.0228,0.0037,13.99,0.1896,3.58,0.2178,0.0814,0.3727,2,0.0796,1,0,0,0,0.9262,0.9988,Complete,2023-04-10,71699700,Train
PRJ3-00949,Crescent Office Campus 949,Commercial,West,CA,Public,Guaranteed Maximum Price,Design-Bid-Build,Moderate,Low,Standard,2024-07-03,2025-05-28,2025,154448000,658,0.5,0.4559,0.8475,0.9185,0.0816,29,1.0893,24,10,1.227,0.9716,70,4.532,6.825,0.4468,0.1068,0.069,0.0652,0.0296,0.198,0.0635,0.0127,33.753,0.2691,8.952,0.3396,0.2698,0.3102,3,0.072,28,0,0,0,0.9328,0.9592,Complete,2026-05-20,165574800,Test
PRJ3-00950,Summit Housing 950,Residential,West,WA,Private,Lump Sum,Design-Build,Low,Moderate,Standard,2018-11-09,2019-08-03,2019,79253600,506,0.528,0.5901,0.9966,1.1158,0.005,-31,1.0656,11,10,0.642,0.988,34,4.29,7.512,0.3986,0.2652,0.0631,0.0851,0.0209,0.0966,0.0064,0.0129,13.569,0.0747,6.191,0.363,0.1848,0.218,2,-0.0163,-25,0,0,0,1.0166,1.052,Complete,2020-03-04,77962200,Train
PRJ3-00951,Granite Medical Center 951,Institutional,Northeast,PA,Public,Guaranteed Maximum Price,CMAR,Moderate,Moderate,Standard,2022-11-21,2024-01-02,2024,170876200,783,0.52,0.5525,1.0184,1.0619,-0.0107,-25,1.0259,5,19,0.713,0.966,82,4.799,8.972,0.211,0.2935,0.0886,0.0818,0.0296,0.0395,0,0.0165,27.18,0.2326,4.066,0.2226,0.1709,0.3719,3,0.0169,30,0,1,1,0.9833,0.9631,Complete,2025-02-11,173769600,Validation
PRJ3-00952,Evergreen Highway Improvements 952,Heavy Civil,Southwest,AZ,Public,Unit Price,Design-Bid-Build,High,Moderate,Fast,2023-05-22,2024-07-23,2024,154029000,1019,0.421,0.4228,0.8948,0.956,0.0502,-2,0.9252,10,16,1.055,0.9626,89,5.778,8.387,0.2211,0.3262,0.0894,0.1053,0.0246,0.2678,0.0648,0.0036,9.552,0.2072,5.256,0.3441,0.0974,0.4783,2,0.1106,18,1,0,1,0.9004,0.9826,Complete,2026-03-24,171065900,Validation
PRJ3-00953,Pioneer Housing 953,Residential,Mountain,MT,Private,Cost Plus,CMAR,Moderate,Moderate,Fast,2020-07-21,2021-02-14,2021,58563000,560,0.373,0.3925,1.1368,1.0695,-0.0348,-11,0.9322,0,12,0.313,0.9713,30,5.123,8.668,0.47,0.3418,0.1055,0.0984,0.0869,0.1049,0.0149,0.0152,15.417,0.1634,0.27,0.2182,0.1904,0.3974,2,-0.0681,6,0,0,0,1.0731,0.9894,Complete,2022-02-07,54573800,Train
PRJ3-00954,Pioneer Transit Program 954,Infrastructure,Southeast,NC,Private,Cost Plus,CMAR,Moderate,Moderate,Standard,2022-10-16,2024-02-28,2024,252552300,1383,0.362,0.3885,1.0651,1.12,-0.0499,-37,1.0267,1,15,0.908,0.9355,131,5.187,11.907,0.0815,0.4236,0.0625,0.1108,0.0386,0.0781,0.0188,0,13.088,0.2026,0.494,0.33,0.2263,0.3288,2,0.0534,-13,0,0,0,0.9493,1.0095,Complete,2026-07-17,266048500,Validation
PRJ3-00955,Northstar Apartments 955,Residential,Northeast,NY,Public,Lump Sum,Design-Bid-Build,Moderate,High,Standard,2025-02-12,2025-08-08,2025,18485600,478,0.371,0.3597,1.0466,1.0023,-0.001,5,0.9181,0,7,0.145,0.9756,13,7.033,2.723,0.4803,0.1111,0.0413,0.2256,0.0545,0.1864,0.0116,0.0005,14.695,0.1289,5.021,0.242,0.2222,0.2893,1,0.015,-13,0,0,0,0.9852,1.028,Complete,2026-05-23,18762700,Test
PRJ3-00956,Riverside Transit-Oriented Development 956,Mixed-Use,Southeast,GA,Private,Cost Plus,Design-Build,Very High,Moderate,Standard,2023-04-06,2024-07-25,2024,193966000,938,0.508,0.5682,0.8868,1.0343,0.0827,-56,0.8989,19,21,0.709,0.958,125,6.444,8.761,0.1107,0.2506,0.0662,0.1767,0.0635,0.2416,0.0374,0.0303,24.904,0.3317,6.769,0.4177,0.2819,0.3922,4,0.1823,28,1,0,1,0.8458,0.971,Complete,2025-11-27,229319600,Validation
PRJ3-00957,Gateway Apartments 957,Residential,West,NV,Public,Lump Sum,Design-Build,High,Moderate,Slow,2021-10-25,2022-12-19,2022,39778000,794,0.529,0.4462,0.8342,0.8985,0.0787,66,0.9059,12,6,0.298,0.9689,21,5.279,10.507,0.1236,0.323,0.1283,0.0555,0.0057,0.089,0.0694,0.0501,14.958,0.2641,2.761,0.3814,0.1733,0.4378,4,0.2225,25,1,0,1,0.818,0.9695,Complete,2024-01-22,48629600,Train
PRJ3-00958,Harbor Earthworks Package 958,Heavy Civil,West,WA,Public,Guaranteed Maximum Price,Design-Bid-Build,Very High,Low,Slow,2019-09-16,2021-11-21,2021,270975000,1458,0.547,0.4846,0.8335,0.8998,0.0863,91,0.8207,56,1,1.088,0.9414,186,6.864,12.801,0.08,0.4733,0.1092,0.2382,0.0711,0.2767,0.065,0.0755,39.821,0.4919,10.749,0.3893,0.3757,0.3197,9,0.2739,32,1,1,1,0.785,0.9785,Complete,2023-10-15,345199600,Train
PRJ3-00959,Northstar District 959,Mixed-Use,Southeast,VA,Private,Lump Sum,CMAR,High,High,Fast,2020-12-06,2022-01-14,2022,308534100,967,0.418,0.4186,1.0019,0.9789,-0.0161,-1,1.0015,4,10,0.605,0.9641,157,5.089,6.319,0.4356,0.1925,0.074,0.0708,0.0449,0.1814,0.0617,0.0168,22.664,0.2874,0.793,0.2059,0.2354,0.3298,2,0.0559,-25,0,0,0,0.947,1.0265,Complete,2023-07-06,325793900,Train
PRJ3-00960,Summit Distribution Hub 960,Industrial,Mountain,WY,Private,Cost Plus,Design-Bid-Build,High,High,Slow,2020-10-20,2021-08-13,2021,82225500,766,0.389,0.3347,0.9163,0.8811,0.0024,42,0.8176,33,17,0.808,0.9679,56,6.811,10.88,0.0858,0.3976,0.1029,0.0778,0.035,0.1776,0.0134,0.0327,26.578,0.3026,8.95,0.2682,0.2255,0.162,5,0.085,22,0,0,0,0.9217,0.9721,Complete,2022-12-17,89211200,Train
PRJ3-00961,Harbor Civic Complex 961,Institutional,Midwest,MO,Private,Lump Sum,Design-Bid-Build,Moderate,Low,Fast,2023-03-04,2024-06-07,2024,202207300,816,0.565,0.5711,1.0358,0.9189,-0.0175,-5,1.0712,7,16,0.709,0.9865,93,4.599,4.242,0.6324,0.1174,0.0196,0.1499,0.073,0.1496,0.0383,0.0264,19.773,0.1235,5.759,0.3363,0.179,0.3367,2,-0.0104,-1,0,0,0,1.0105,1.0012,Complete,2025-05-27,200111000,Validation
PRJ3-00962,Liberty Process Plant 962,Industrial,Mountain,MT,Private,Lump Sum,Design-Build,High,High,Standard,2019-03-04,2020-10-20,2020,170297500,1130,0.528,0.5178,0.9784,0.9769,0.0225,12,0.9952,0,11,0.709,0.9741,97,5.696,5.437,0.3084,0.2184,0.0587,0.066,0.0383,0.1505,0.0406,0.0305,14.155,0.1305,7.271,0.2693,0.0795,0.3651,3,0.0704,-13,0,0,0,0.9342,1.0116,Complete,2022-03-25,182292000,Train
PRJ3-00963,Aspen Distribution Hub 963,Industrial,Mountain,UT,Public,Unit Price,CMAR,Low,Moderate,Standard,2023-08-01,2024-09-06,2024,72076500,812,0.496,0.4852,1.0025,1.0112,0.019,9,0.9651,16,9,0.093,0.9593,28,3.885,8.823,0.2035,0.211,0.0152,0,0.0123,0.0655,0.0089,0.0112,13.979,0.2218,2.994,0.1392,0.05,0.2731,1,-0.08,7,0,0,0,1.087,0.9915,Complete,2025-10-28,66310400,Validation
PRJ3-00964,Mesa Town Center 964,Mixed-Use,Southeast,TN,Public,Guaranteed Maximum Price,CMAR,High,High,Standard,2020-12-02,2022-02-02,2022,178829400,1152,0.371,0.3873,0.9558,0.9828,0.0238,-19,0.9553,30,17,0.8,0.9707,92,5.145,4.214,0.5656,0.2184,0.0769,0.0146,0.0147,0.2113,0.0395,0.0022,21.271,0.188,5.012,0.2245,0.2309,0.3914,2,0.0326,1,0,0,0,0.9684,0.9991,Complete,2024-01-29,184663000,Train
PRJ3-00965,Riverside Corporate Center 965,Commercial,Northeast,MA,Private,Cost Plus,IPD,High,High,Standard,2023-07-22,2024-07-25,2024,37850300,667,0.554,0.4824,1.0088,0.8601,0.0186,48,0.9977,0,26,0.346,0.9727,6,1.585,4.498,0.5068,0.2742,0.0856,0.1669,0.0555,0.205,0.0642,0,12.274,0.034,4.863,0.532,0.224,0.4231,2,0.0142,34,0,1,1,0.986,0.9515,Complete,2025-06-22,38388200,Validation
PRJ3-00966,Crescent Housing 966,Residential,West,NV,Public,Guaranteed Maximum Price,CMAR,High,Low,Fast,2020-06-17,2020-10-17,2020,54854600,244,0.503,0.5158,1.0342,1.0157,-0.0109,-3,0.982,7,0,0.74,0.9824,22,4.011,10.906,0.2365,0.3143,0.0716,0.2239,0.0463,0.1544,0.0275,0.0098,20.031,0.3524,3.326,0.391,0.2077,0.3295,3,0.0158,0,0,0,0,0.9845,1.0,Complete,2021-02-16,55719000,Train
PRJ3-00967,Lakeview Office Campus 967,Commercial,West,WA,Public,Guaranteed Maximum Price,IPD,Low,Low,Fast,2019-07-06,2020-06-09,2020,78052400,702,0.484,0.5616,1.0006,1.0964,-0.0123,-54,0.9768,0,8,0.247,0.9865,29,3.715,10.053,0.1702,0.267,0.0765,0.0452,0.028,0.0564,0.0437,0,19.578,0.2452,3.5,0.3391,0.1855,0.3292,2,0.0645,-17,0,0,0,0.9394,1.0248,Complete,2021-05-21,83084800,Train
PRJ3-00968,Mesa Water Program 968,Heavy Civil,West,WA,Private,Cost Plus,Design-Build,High,Moderate,Slow,2019-06-19,2021-01-04,2021,419934000,971,0.582,0.497,0.8727,0.879,0.0794,82,0.9211,22,16,0.539,0.9635,239,5.691,10.178,0.1687,0.3556,0.0744,0.0822,0.0295,0.2113,0.0417,0.0324,26.655,0.3989,2.956,0.3308,0.1393,0.4991,4,0.1299,25,1,0,1,0.885,0.9749,Complete,2022-03-11,474499100,Train
PRJ3-00969,Riverside Retail Center 969,Commercial,Midwest,IL,Private,Guaranteed Maximum Price,CMAR,Moderate,High,Standard,2018-08-14,2019-02-20,2019,118924200,392,0.485,0.5005,1.0385,0.9891,-0.0095,-6,1.0607,33,7,0.789,0.9627,42,3.532,8.64,0.258,0.3116,0.1071,0.0861,0.0361,0.1788,0.025,0.0264,20.646,0.114,3.551,0.2473,0.1641,0.2462,3,0.0174,10,0,0,0,0.9829,0.9751,Complete,2019-09-20,120996400,Train
PRJ3-00970,Northstar Airport Improvements 970,Infrastructure,West,NV,Public,Guaranteed Maximum Price,Design-Bid-Build,Moderate,Moderate,Slow,2022-05-23,2023-08-15,2023,107170300,1007,0.446,0.3634,0.9644,0.8081,0.0208,83,0.9308,39,9,0.564,0.9672,47,4.386,9.292,0.2377,0.316,0.1002,0.0621,0.0545,0.1229,0.0637,0.0335,32.783,0.4402,2.464,0.3316,0.1958,0.3809,4,0.0871,79,0,1,1,0.9198,0.9273,Complete,2025-05-13,116510200,Train
PRJ3-00971,Liberty Water Program 971,Heavy Civil,Northeast,MA,Public,Unit Price,CMAR,Low,Moderate,Standard,2022-03-07,2023-09-02,2023,429068400,1061,0.513,0.4509,1.0862,0.9345,-0.0265,66,0.9665,16,32,0.52,0.9816,181,4.218,6.49,0.4929,0.2227,0.0627,0.0155,0.0131,0.02,0.0051,0.0063,23.809,0.2799,2.696,0.1313,0.2052,0.2865,2,0.0408,19,0,0,0,0.9608,0.9824,Complete,2025-02-19,446584600,Train
PRJ3-00972,Copper Marketplace 972,Commercial,West,NV,Private,Guaranteed Maximum Price,Design-Bid-Build,Very High,High,Slow,2022-05-05,2022-11-17,2022,146088900,554,0.354,0.3137,0.8494,0.839,0.0499,22,0.8572,39,8,0.925,0.9763,85,5.818,10.9,0.214,0.329,0.0758,0.2755,0.09,0.3228,0.0358,0.0542,31.428,0.391,9.568,0.3718,0.2548,0.5506,6,0.1641,2,1,0,1,0.8591,0.9964,Complete,2023-11-12,170054900,Train
PRJ3-00974,Pioneer Research Facility 974,Institutional,West,OR,Private,Lump Sum,CMAR,Moderate,Moderate,Slow,2022-08-03,2023-07-11,2023,211991100,644,0.532,0.5073,1.0353,1.0324,-0.0305,16,0.9842,25,1,0.651,0.967,108,5.095,9.272,0.213,0.2889,0.0921,0.0826,0.0327,0.1546,0.0559,0.0255,17.757,0.2663,5.589,0.2242,0.1538,0.5083,3,0.0454,-1,0,0,0,0.9566,1.0016,Complete,2024-05-07,221608100,Train
PRJ3-00975,Northstar Earthworks Package 975,Heavy Civil,Northeast,MA,Private,Unit Price,Design-Build,Moderate,High,Standard,2018-03-04,2019-07-18,2019,237905500,1205,0.416,0.458,0.991,1.011,-0.0069,-51,1.0311,11,18,0.156,0.9648,112,4.708,8.548,0.1184,0.2918,0.0258,0.1128,0.0283,0.02,0.0177,0.0124,18.438,0.2122,3.305,0.3678,0.169,0.3485,2,-0.0448,30,0,1,1,1.0469,0.9757,Complete,2021-07-21,227255300,Train
PRJ3-00976,Horizon Research Facility 976,Institutional,Southwest,AZ,Public-Private Partnership,Lump Sum,Design-Build,Very High,Moderate,Standard,2020-11-13,2021-11-19,2021,106134000,925,0.402,0.3669,0.9842,0.9394,0.0012,32,0.9464,15,6,0.814,0.9482,67,6.313,2.672,0.7228,0.0789,0.0324,0.2044,0.0463,0.2518,0.0663,0.0337,11.746,0.2373,2.567,0.287,0.1695,0.4548,2,0.0865,11,0,0,0,0.9204,0.9882,Complete,2023-06-07,115310000,Train
PRJ3-00977,Riverside Marketplace 977,Commercial,Southwest,AZ,Public,Cost Plus,Design-Bid-Build,Very High,Low,Standard,2023-06-04,2024-08-02,2024,88062000,833,0.511,0.4921,0.8246,0.9409,0.1133,16,0.8935,37,2,0.753,0.9852,63,7.154,13.826,0.08,0.4989,0.1243,0.2637,0.0521,0.2764,0.0177,0.0409,43.387,0.3975,6.988,0.4379,0.4045,0.4249,7,0.17,77,1,1,1,0.8547,0.9154,Complete,2025-11-30,103036300,Validation
PRJ3-00978,Pioneer Apartments 978,Residential,Southwest,TX,Private,Guaranteed Maximum Price,Design-Bid-Build,Moderate,Low,Standard,2020-12-24,2022-01-25,2022,19052500,748,0.531,0.4545,0.9583,0.8749,0.024,57,0.9757,16,10,0.703,0.9362,4,2.099,9.943,0.3224,0.2931,0.0492,0.1468,0.0378,0.2176,0.0611,0.0018,33.465,0.3598,5.634,0.2026,0.3074,0.3535,3,0.0861,35,0,1,1,0.9207,0.9553,Complete,2023-02-15,20692800,Train
PRJ3-00979,Aspen Office Campus 979,Commercial,West,WA,Public,Cost Plus,Design-Build,Very High,Moderate,Standard,2025-04-25,2025-11-30,2025,36420300,543,0.404,0.3642,0.9827,0.9377,0.0014,22,0.8958,9,9,0.333,0.9853,22,6.041,10.212,0.2758,0.3585,0.0967,0.1369,0.0543,0.1653,0.0485,0.0525,28.122,0.2569,1.377,0.3852,0.246,0.3405,5,0.0897,19,0,0,0,0.9177,0.9662,Complete,2026-11-08,39686700,Test
PRJ3-00980,Canyon Residences 980,Residential,Mountain,CO,Public,Unit Price,IPD,Moderate,High,Standard,2020-09-19,2021-06-19,2021,21056000,512,0.535,0.5029,1.0081,0.9977,-0.0018,16,1.0633,19,14,0.968,0.978,6,2.85,8.269,0.2512,0.3527,0.1007,0.0565,0.0211,0.1286,0.0087,0.0225,25.922,0.4016,5.712,0.2406,0.289,0.3861,4,0.0195,17,0,0,0,0.9809,0.9679,Complete,2022-03-02,21466700,Train
PRJ3-00981,Harbor Airport Improvements 981,Infrastructure,Southwest,TX,Public,Guaranteed Maximum Price,Design-Bid-Build,Moderate,Moderate,Slow,2019-09-07,2021-04-01,2021,232017700,1463,0.391,0.3676,0.9076,0.9455,0.0433,34,0.9421,15,0,1.068,0.9672,115,4.957,12.08,0.0889,0.4695,0.1367,0.1716,0.0628,0.0902,0.0696,0.0446,20.751,0.3532,4.131,0.3593,0.2117,0.3978,5,0.2084,-17,1,0,1,0.8275,1.0118,Complete,2023-08-23,280376500,Train
PRJ3-00982,Granite Transit-Oriented Development 982,Mixed-Use,Southeast,TN,Private,Guaranteed Maximum Price,Design-Bid-Build,Low,Moderate,Standard,2020-03-04,2021-06-21,2021,195917200,948,0.5,0.4747,0.9549,0.9642,0.0204,24,0.9644,18,19,0.939,0.9669,84,4.288,10.967,0.1269,0.4476,0.1034,0.0609,0.0369,0.0746,0.0056,0.0239,19.804,0.3691,6.273,0.1024,0.0824,0.2116,4,0.0579,6,0,0,0,0.9453,0.9937,Complete,2022-10-14,207264200,Train
PRJ3-00983,Summit Airport Improvements 983,Infrastructure,Southwest,TX,Private,Lump Sum,Design-Bid-Build,Moderate,Moderate,Standard,2023-03-03,2024-07-21,2024,495474600,876,0.578,0.4979,0.9492,0.884,0.0174,70,0.9601,26,8,0.461,0.9695,240,4.844,7.143,0.3637,0.2279,0.0658,0.0752,0.0214,0.1506,0.0391,0.0202,18.753,0.2693,0,0.2977,0.1795,0.3166,2,0.0952,20,0,0,0,0.913,0.9777,Complete,2025-08-15,542664300,Validation
PRJ3-00984,Redwood Utility Corridor 984,Infrastructure,Southwest,TX,Public,Lump Sum,IPD,Low,Low,Fast,2023-10-11,2025-05-18,2025,217098300,1078,0.543,0.5691,1.0043,1.0443,-0.0029,-28,1.0402,23,1,0.808,0.9853,85,3.915,7.25,0.4299,0.3773,0.0556,0.089,0.0409,0.0424,0.0152,0.0132,7.727,0.0455,6.619,0.226,0,0.2689,2,0.023,-23,0,0,0,0.9775,1.0218,Complete,2026-08-31,222084900,Test
PRJ3-00985,Harbor Water Program 985,Heavy Civil,West,CA,Private,Lump Sum,CMAR,Moderate,High,Fast,2022-04-19,2023-06-19,2023,217240700,1119,0.381,0.3685,1.038,0.9956,-0.0038,14,1.1319,6,0,0.593,0.9691,98,4.511,7.562,0.3302,0.289,0.0817,0,0.0008,0.1811,0.0504,0.0228,13.967,0.1839,4.065,0.3935,0.1795,0.2516,2,0.079,-12,0,0,0,0.9268,1.0108,Complete,2025-04-30,234394300,Train
PRJ3-00986,Canyon Education Center 986,Institutional,Southwest,AZ,Public-Private Partnership,Unit Price,Design-Bid-Build,Very High,High,Standard,2021-07-14,2022-09-23,2022,94162800,811,0.538,0.4214,0.9101,0.8456,0.0421,95,0.9583,23,8,0.652,0.9634,49,5.204,9.924,0.08,0.4222,0.0844,0.1215,0.0312,0.2985,0.0443,0.029,24.443,0.2207,6.313,0.4813,0.2281,0.4851,4,0.054,37,0,1,1,0.9488,0.9564,Complete,2023-11-09,99245700,Train
PRJ3-00987,Riverside Urban Village 987,Mixed-Use,West,NV,Private,Guaranteed Maximum Price,Design-Build,High,Moderate,Fast,2021-01-08,2022-04-04,2022,300736900,1061,0.426,0.4879,0.9582,1.0081,0.024,-66,1.0229,3,10,0.333,0.9709,155,5.154,7.282,0.3245,0.2314,0.1048,0.081,0.0608,0.1932,0.0729,0.0172,15.841,0.2319,8.259,0.3348,0.1354,0.2786,3,-0.0321,1,0,0,0,1.0332,0.9991,Complete,2023-12-06,291080800,Train
PRJ3-00988,Pioneer Residences 988,Residential,Southeast,TN,Private,Unit Price,CMAR,Very High,Moderate,Standard,2020-11-12,2022-03-01,2022,16518300,816,0.581,0.5377,0.9269,0.9593,0.0433,35,0.9578,21,13,0.426,0.9569,4,2.422,11.237,0.1777,0.5931,0.1542,0.121,0.0248,0.2433,0.0237,0.0269,24.095,0.3071,2.033,0.3435,0.2911,0.4565,4,0.0606,33,0,1,1,0.9428,0.9611,Complete,2023-03-11,17520100,Train
PRJ3-00989,Gateway Housing 989,Residential,Northeast,CT,Private,Guaranteed Maximum Price,Design-Build,High,Moderate,Standard,2024-07-22,2025-07-03,2025,44911300,633,0.548,0.5492,1.0467,1.0018,-0.0403,-1,0.998,13,14,0.775,0.9706,21,4.676,13.287,0.1515,0.4144,0.1247,0.0599,0.0514,0.1718,0.0262,0,25.852,0.3117,1.862,0.2775,0.2526,0.4097,3,0.1199,1,1,0,1,0.8929,0.9984,Complete,2026-04-17,50298000,Test
PRJ3-00990,Granite Process Plant 990,Industrial,Mountain,ID,Public,Guaranteed Maximum Price,Design-Bid-Build,Low,High,Standard,2018-12-10,2020-01-13,2020,240266800,668,0.598,0.6003,0.9674,1.0142,0.0094,-2,1.0566,0,8,0.077,0.94,105,4.37,9.506,0.2555,0.3544,0.0731,0,0.008,0.1019,0.0446,0.007,25.565,0.1942,5.533,0.3815,0.1113,0.2679,3,0.0154,24,0,0,0,0.9848,0.9653,Complete,2020-11-01,243965600,Train
PRJ3-00991,Lakeview Residences 991,Residential,West,WA,Public,Cost Plus,Design-Build,Moderate,Low,Standard,2023-05-14,2024-01-23,2024,50168000,645,0.395,0.3957,0.9343,1.0276,0.0141,0,1.0393,13,0,0.518,0.9754,31,6.179,10.736,0.3084,0.3963,0.0774,0.044,0.0531,0.1924,0.0317,0.0094,16.475,0.2259,3.915,0.3375,0.1555,0.3453,3,0.0886,2,0,0,0,0.9186,0.9969,Complete,2025-02-19,54611200,Validation
PRJ3-00992,Northstar Urban Village 992,Mixed-Use,Southwest,AZ,Public,Lump Sum,CMAR,Very High,Low,Slow,2020-07-19,2021-09-19,2021,139378700,1077,0.397,0.4078,0.8031,1.004,0.0974,-12,0.8374,38,4,0.702,0.9282,81,5.812,12.77,0.105,0.4773,0.1504,0.2229,0.0752,0.2329,0.0496,0.0587,28.615,0.3698,4.462,0.3514,0.2638,0.4149,6,0.2036,15,1,0,1,0.8308,0.9863,Complete,2023-07-16,167759000,Train
PRJ3-00993,Lakeview Highway Improvements 993,Heavy Civil,West,NV,Public,Lump Sum,Design-Build,Very High,Moderate,Fast,2024-01-23,2025-11-01,2025,259823700,1185,0.547,0.6139,0.8243,1.0665,0.1208,-79,0.8994,21,5,0.92,0.9648,140,5.388,8.377,0.1869,0.3546,0.1576,0.1633,0.0666,0.2277,0.0476,0.0236,22.393,0.2237,7.49,0.477,0.3126,0.4334,4,0.0522,2,0,0,0,0.9504,0.9983,Complete,2027-04-24,273375000,Test
PRJ3-00994,Horizon Transit-Oriented Development 994,Mixed-Use,Mountain,UT,Public,Guaranteed Maximum Price,IPD,Low,Moderate,Standard,2020-09-08,2021-11-15,2021,88601200,942,0.46,0.4438,1.0119,0.977,-0.0022,15,0.9951,18,2,0.751,0.9876,41,4.627,9.204,0.2236,0.4636,0.0949,0.0672,0.0023,0.1516,0,0.025,7.595,0.1495,2.96,0.1864,0.1144,0.3067,3,0.0728,15,0,0,0,0.9321,0.9843,Complete,2023-04-23,95052800,Train
PRJ3-00995,Northstar Neighborhood 995,Residential,Mountain,MT,Public,Guaranteed Maximum Price,Design-Build,Low,Low,Standard,2021-08-14,2022-04-15,2022,17207200,528,0.464,0.4332,0.8722,0.9316,0.0735,16,0.9449,14,22,0.254,0.9526,4,2.325,9.932,0.3408,0.2953,0.0716,0.0258,0.0178,0.0521,0.0038,0,6.85,0.2739,3.598,0.3081,0.0817,0.2732,2,0.0747,-2,0,0,0,0.9305,1.0038,Complete,2023-01-22,18492100,Train
PRJ3-00996,Gateway Medical Center 996,Institutional,Northeast,NY,Public,Cost Plus,Design-Build,High,Moderate,Slow,2018-03-02,2019-03-07,2019,82360200,886,0.418,0.4007,0.8875,0.8507,0.0437,15,0.9394,32,16,0.937,0.9613,51,6.192,9.577,0.1109,0.2936,0.0831,0.1461,0,0.1441,0.0452,0.0255,26.773,0.2835,5.949,0.1843,0.3084,0.4176,4,0.0639,9,0,0,0,0.94,0.9899,Complete,2020-08-13,87619000,Train
PRJ3-00997,Crescent Retail Center 997,Commercial,Mountain,MT,Public,Lump Sum,CMAR,High,Moderate,Fast,2022-03-06,2023-02-24,2023,63471400,822,0.433,0.3677,0.8787,0.9274,0.0491,54,1.0221,0,15,0.791,0.9774,31,4.884,7.904,0.2833,0.2912,0.0987,0.037,0.0434,0.1442,0.0412,0.0243,18.879,0.2049,0,0.2992,0.1868,0.4853,2,0.0754,-25,0,0,0,0.9299,1.0314,Complete,2024-05-11,68254300,Train
PRJ3-00998,Riverside Urban Village 998,Mixed-Use,Southwest,NM,Private,Lump Sum,CMAR,Moderate,Moderate,Fast,2019-12-08,2021-03-24,2021,88542800,837,0.564,0.5423,1.0708,0.9581,-0.0285,18,1.0246,8,4,0,0.9741,38,4.292,9.899,0.1372,0.3388,0.0628,0.0417,0.028,0.1076,0.0108,0.0122,14.852,0.189,4.857,0.2813,0.1404,0.3997,2,-0.0091,-13,0,0,0,1.0092,1.0158,Complete,2022-03-11,87734100,Train
PRJ3-00999,Canyon Bridge Program 999,Heavy Civil,West,NV,Public,Guaranteed Maximum Price,Design-Bid-Build,Moderate,Moderate,Fast,2021-02-16,2022-08-07,2022,230450500,1028,0.523,0.5271,0.9882,1.001,-0.0084,-4,0.9592,28,3,0.71,0.9652,94,4.079,7.487,0.3604,0.366,0.0784,0.0974,0.0231,0.1697,0.0056,0,14.089,0.0694,3.302,0.2585,0.2566,0.376,2,0.01,-25,0,0,0,0.9901,1.0249,Complete,2023-11-16,232766300,Train
PRJ3-01000,Evergreen Housing 1000,Residential,Northeast,CT,Private,Lump Sum,Design-Bid-Build,Moderate,High,Slow,2024-08-21,2025-03-28,2025,121018800,563,0.389,0.3734,0.9504,0.9751,0.0206,9,0.9974,0,18,0.477,0.9384,62,5.123,10.262,0.08,0.3059,0.0816,0.1146,0.0731,0.0795,0.0469,0.0281,29.004,0.4978,0,0.3173,0.2255,0.3353,3,0.0719,49,0,1,1,0.9329,0.9199,Complete,2026-04-25,129718300,Test
PRJ3-01001,Cedar District 1001,Mixed-Use,Southeast,GA,Private,Lump Sum,Design-Build,Moderate,Low,Slow,2020-07-04,2021-10-26,2021,44007500,1051,0.456,0.3903,0.9216,0.8523,0.0496,69,0.9366,12,12,0.227,0.9579,21,4.772,15.578,0.08,0.5982,0.1458,0.2041,0.0443,0.1295,0.0355,0.0351,36.362,0.4216,6.782,0.3503,0.2386,0.4084,7,0.1154,16,1,0,1,0.8966,0.985,Complete,2023-06-06,49083900,Train
PRJ3-01002,Summit Housing 1002,Residential,Southeast,NC,Private,Lump Sum,Design-Bid-Build,Moderate,Low,Slow,2024-09-16,2025-04-28,2025,31229800,471,0.476,0.4239,0.9969,0.927,-0.009,25,0.862,24,12,0.37,0.9468,33,10.567,14.611,0.08,0.5781,0.1298,0.1438,0.0422,0.1051,0.0189,0.0331,30.233,0.3536,9.449,0.0691,0.2769,0.3267,6,0.0172,24,0,0,0,0.9831,0.9515,Complete,2026-01-24,31766600,Test
PRJ3-01003,Crescent Research Facility 1003,Institutional,Northeast,NJ,Public,Lump Sum,IPD,High,Moderate,Standard,2023-08-13,2025-01-05,2025,62938200,983,0.52,0.5266,0.9969,1.0315,-0.007,-6,0.8941,13,14,0.774,0.95,33,5.243,10.104,0.0842,0.4138,0.097,0.1293,0.067,0.1561,0.0582,0.0091,21.556,0.262,7.363,0.2553,0.218,0.364,3,0.1067,5,1,0,1,0.9036,0.9949,Complete,2026-04-27,69655100,Test
PRJ3-01004,Mesa Highway Improvements 1004,Heavy Civil,Mountain,MT,Public,Unit Price,Design-Bid-Build,Moderate,Moderate,Standard,2017-10-08,2019-01-03,2019,299621000,1112,0.407,0.3719,0.986,0.933,0.0063,39,1.0329,9,8,0.166,0.9466,146,4.873,7.292,0.3598,0.3102,0.0669,0.0172,0.0265,0.0448,0.0494,0.0306,15.848,0.0916,1.966,0.2915,0.1008,0.3282,2,0.0629,7,0,0,0,0.9408,0.9937,Complete,2020-10-31,318460800,Train
PRJ3-01005,Horizon Retail Center 1005,Commercial,Midwest,MI,Private,Guaranteed Maximum Price,IPD,High,High,Standard,2021-12-21,2023-03-22,2023,45690700,863,0.529,0.5365,1.0755,0.9735,-0.0369,-6,0.9676,0,12,0.561,0.9834,23,5.034,6.39,0.2945,0.2798,0.1017,0.0759,0.0574,0.1493,0.0415,0.0134,26.585,0.3479,5.851,0.3801,0.1999,0.3841,3,-0.0349,-8,0,0,0,1.0361,1.0094,Complete,2024-04-24,44096800,Train
PRJ3-01006,Northstar Office Campus 1006,Commercial,Southwest,NM,Public,Cost Plus,Design-Bid-Build,Very High,Low,Standard,2019-03-14,2020-02-27,2020,25671600,773,0.453,0.3844,0.9372,0.9251,0.0432,53,0.9682,16,2,1.268,0.9766,11,4.285,6.116,0.3827,0.1945,0.0612,0.129,0.0506,0.2072,0.0633,0.0448,15.828,0.2382,3.611,0.3075,0.1778,0.1948,3,0.1239,-1,1,0,1,0.8898,1.0013,Complete,2021-04-24,28851600,Train
PRJ3-01007,Copper Process Plant 1007,Industrial,Midwest,MO,Private,Lump Sum,Design-Bid-Build,High,Moderate,Standard,2022-10-24,2023-11-11,2023,215844800,1083,0.354,0.3356,0.8614,0.9657,0.0549,20,0.9219,17,12,0.953,0.9549,124,5.745,10.095,0.2135,0.2861,0.0821,0.1135,0.0559,0.2255,0.0354,0.0285,9.405,0.1442,8.1,0.3885,0.1657,0.3791,4,0.1726,-4,1,0,1,0.8528,1.0037,Complete,2025-10-07,253103400,Train
PRJ3-01008,Riverside Bridge Program 1008,Heavy Civil,Mountain,CO,Public,Cost Plus,Design-Build,Moderate,High,Slow,2019-08-26,2021-02-03,2021,141563500,932,0.566,0.584,1.0609,0.9924,-0.0232,-17,0.8927,0,13,0.565,0.9441,73,5.157,8.193,0.3577,0.2852,0.0596,0.0309,0.0419,0.207,0.0372,0.0372,34.831,0.4584,13.968,0.201,0.2638,0.387,5,0.0592,7,0,0,0,0.9441,0.9925,Complete,2022-03-22,149944500,Train
PRJ3-01009,Pioneer Corporate Center 1009,Commercial,Northeast,PA,Public,Lump Sum,CMAR,Moderate,Moderate,Standard,2024-10-16,2025-09-28,2025,54995200,637,0.546,0.5284,1.0472,0.9187,-0.0256,11,0.9272,18,11,0.763,0.9665,37,6.728,7.939,0.2235,0.1948,0.0618,0.0964,0.0193,0.1025,0.0425,0.0035,28.519,0.279,8.695,0.2683,0.2305,0.2596,3,-0.0018,9,0,0,0,1.0018,0.9861,Complete,2026-07-24,54895800,Test
PRJ3-01010,Gateway Airport Improvements 1010,Infrastructure,Southeast,TN,Public,Lump Sum,Design-Build,Low,Moderate,Fast,2024-07-20,2025-12-09,2025,91149800,1295,0.392,0.4223,0.9183,1.0176,0.0291,-39,1.0776,0,23,0.526,0.9659,41,4.498,3.993,0.5272,0.2365,0.0452,0.0597,0.0147,0.02,0.0172,0,5.499,0.1307,0.126,0.1863,0.1159,0.2931,1,-0.0206,-6,0,0,0,1.0211,1.0047,Complete,2028-01-30,89270100,Test
PRJ3-01011,Redwood Process Plant 1011,Industrial,West,WA,Public,Unit Price,Design-Build,Moderate,Moderate,Slow,2023-07-26,2024-09-16,2024,87112500,946,0.442,0.3736,0.9386,0.8803,0.0149,65,0.8926,24,8,0.121,0.954,28,3.214,9.527,0.2164,0.3861,0.1096,0.1787,0.0597,0.157,0.0265,0.0182,33.978,0.3472,3.96,0.2796,0.3338,0.3476,4,0.114,36,1,1,1,0.8976,0.9633,Complete,2026-04-03,97046700,Validation
PRJ3-01012,Redwood Highway Improvements 1012,Heavy Civil,West,OR,Public,Guaranteed Maximum Price,CMAR,High,Low,Slow,2020-08-11,2021-11-13,2021,308585800,861,0.534,0.4806,0.9059,0.881,0.0542,46,0.9162,18,0,1.114,0.9427,187,6.06,10.653,0.0803,0.4173,0.1145,0.1734,0.0566,0.2119,0.0039,0.0463,31.985,0.3287,3.739,0.4106,0.1591,0.3726,5,0.0632,30,0,1,1,0.9405,0.9663,Complete,2023-01-19,328100600,Train
PRJ3-01013,Cedar Earthworks Package 1013,Heavy Civil,Mountain,MT,Private,Lump Sum,Design-Bid-Build,Low,Low,Fast,2019-12-11,2021-01-12,2021,225277100,911,0.437,0.423,0.9107,0.9315,0.0507,13,1.0366,28,3,0.395,0.9581,89,3.951,5.931,0.5513,0.2149,0.041,0.079,0.0071,0.1333,0.0343,0.0124,20.396,0.2711,4.568,0.4453,0.1852,0.3008,2,0.0696,-25,0,0,0,0.9349,1.0282,Complete,2022-05-15,240965500,Train
PRJ3-01014,Granite Manufacturing Facility 1014,Industrial,West,NV,Private,Unit Price,Design-Build,High,Moderate,Standard,2020-07-13,2021-12-01,2021,95828400,917,0.552,0.5573,0.984,0.9956,0.0202,-5,0.8572,10,20,0.679,0.9863,50,5.218,9.353,0.2594,0.3196,0.0617,0.0832,0.0037,0.1382,0.0766,0.0194,8.314,0.1292,1.803,0.3339,0.1244,0.353,2,0.0525,26,0,0,0,0.9501,0.9724,Complete,2023-02-11,100858300,Train
PRJ3-01016,Evergreen Process Plant 1016,Industrial,Midwest,MN,Private,Cost Plus,IPD,Moderate,High,Fast,2023-04-19,2025-01-15,2025,218915900,1074,0.594,0.6331,1.0945,1.0705,-0.0694,-42,1.0956,6,2,0.338,0.9753,98,4.477,5.594,0.4567,0.1784,0.0793,0.0566,0,0.0403,0.0185,0,9.107,0.1945,0.557,0.2089,0.0372,0.4056,1,-0.0202,-21,0,0,0,1.0206,1.0199,Complete,2026-03-07,214492900,Test
PRJ3-01017,Granite Corporate Center 1017,Commercial,Southwest,NM,Public,Unit Price,Design-Build,Low,High,Slow,2024-12-19,2025-10-28,2025,80020500,577,0.543,0.6059,1.0017,1.0478,-0.0129,-36,0.9956,0,8,0.495,0.9906,23,2.874,10.419,0.0957,0.4063,0.0802,0.041,0.0325,0.121,0.0145,0.028,11.71,0.0914,2.347,0.2223,0.1395,0.2719,3,0.0375,-15,0,0,0,0.9639,1.0267,Complete,2026-07-04,83017900,Test
PRJ3-01018,Lakeview Airport Improvements 1018,Infrastructure,Northeast,CT,Private,Lump Sum,Design-Build,High,Moderate,Slow,2020-07-06,2022-05-24,2022,148707100,1457,0.472,0.4614,0.9116,0.9425,0.0519,15,0.8874,29,25,0.613,0.9754,89,5.985,8.732,0.3002,0.3568,0.1189,0.0941,0.0695,0.1007,0.0497,0.0386,25.802,0.4059,3.4,0.23,0.2898,0.3279,4,0.1614,46,1,1,1,0.861,0.9694,Complete,2024-08-17,172708300,Train
PRJ3-01019,Evergreen Airport Improvements 1019,Infrastructure,Southwest,TX,Public-Private Partnership,Guaranteed Maximum Price,Design-Build,Moderate,Moderate,Standard,2022-11-23,2025-02-19,2025,187635500,1558,0.526,0.5308,0.9667,1.0412,0.0142,-7,1.126,0,11,0.626,0.967,82,4.37,8.252,0.3339,0.3519,0.0784,0.0698,0.0044,0.02,0.0358,0.0153,19.862,0.2987,4.265,0.2386,0.2044,0.3052,2,0.071,14,0,0,0,0.9337,0.9911,Complete,2027-03-14,200951600,Test
PRJ3-01020,Cedar Education Center 1020,Institutional,Midwest,MO,Public-Private Partnership,Cost Plus,Design-Bid-Build,Moderate,Moderate,Standard,2020-09-12,2022-02-24,2022,52137300,924,0.574,0.5924,0.9532,1.0874,0.021,-17,1.0001,3,9,0.654,0.9634,26,4.987,8.071,0.3939,0.292,0.0805,0.1344,0.0716,0.1373,0.0255,0.008,37.325,0.4378,3.209,0.1934,0.3788,0.4167,3,0.1172,11,1,0,1,0.8951,0.9882,Complete,2023-04-05,58246500,Train
PRJ3-01021,Mesa Office Campus 1021,Commercial,Midwest,IL,Public,Lump Sum,Design-Bid-Build,Low,Moderate,Standard,2021-11-01,2022-07-12,2022,58160300,646,0.392,0.4399,1.0721,1.0621,-0.0441,-31,1.0332,12,12,0.043,0.9839,26,4.47,7.731,0.336,0.3471,0.0548,0.0548,0.0208,0.0423,0.0276,0.0223,14.135,0.127,1.16,0.1312,0.14,0.2126,2,0.0963,-21,0,0,0,0.9122,1.0336,Complete,2023-07-19,63760500,Train
PRJ3-01022,Aspen Housing 1022,Residential,Northeast,NY,Public,Guaranteed Maximum Price,Design-Bid-Build,Low,Moderate,Standard,2023-11-20,2024-12-20,2024,47923900,748,0.53,0.4964,1.0606,0.9624,-0.0234,25,0.9782,13,24,0.398,0.9916,27,5.634,10.13,0.1819,0.3262,0.0835,0.0395,0.0196,0.0673,0.0027,0.0132,16.703,0.2999,3.701,0.1098,0.1744,0.3364,2,0.0038,-16,0,0,0,0.9962,1.0219,Complete,2025-11-21,48107200,Validation
PRJ3-01023,Liberty Education Center 1023,Institutional,Southeast,TN,Public,Guaranteed Maximum Price,CMAR,Moderate,Low,Standard,2018-12-31,2020-02-10,2020,92532700,851,0.478,0.4496,0.8854,0.8961,0.0735,24,1.0559,25,14,0.45,0.954,43,4.647,9.639,0.1187,0.304,0.0997,0.1318,0.0466,0.1344,0.0014,0.019,9.552,0.1318,0.347,0.2467,0.2667,0.338,2,0.1202,31,1,1,1,0.8927,0.9649,Complete,2021-05-31,103654700,Train
PRJ3-01024,Cedar Manufacturing Facility 1024,Industrial,Midwest,OH,Private,Cost Plus,Design-Build,Very High,Moderate,Standard,2022-04-06,2023-01-24,2023,90371600,714,0.411,0.3262,0.946,0.8408,0.0201,61,0.9014,14,30,0.594,0.9808,53,5.865,8.278,0.3223,0.3198,0.1284,0.1331,0.0113,0.1184,0.0204,0.035,29.354,0.3892,4.049,0.2574,0.2524,0.2765,4,0.0546,32,0,1,1,0.9482,0.9571,Complete,2024-04-21,95308200,Train
PRJ3-01025,Pioneer Education Center 1025,Institutional,Southwest,AZ,Public,Unit Price,CMAR,Low,Moderate,Slow,2024-02-04,2025-08-08,2025,136293300,941,0.586,0.6221,0.9461,1.0256,0.0384,-34,0.9868,4,0,0.675,0.9863,69,5.063,11.725,0.1601,0.4564,0.1008,0.017,0.0052,0.1365,0.0205,0,25.848,0.3391,9.79,0.1141,0.2754,0.3039,4,0.0295,-25,0,0,0,0.9713,1.0273,Complete,2026-08-08,140319500,Test
PRJ3-01026,Harbor Transit-Oriented Development 1026,Mixed-Use,Southeast,FL,Public,Cost Plus,CMAR,High,Low,Standard,2018-07-15,2019-12-09,2019,136183200,1158,0.443,0.4099,1.0171,0.9245,-0.0075,38,0.92,18,13,0.927,0.9741,74,5.434,11.886,0.1913,0.3703,0.086,0.2365,0.0815,0.2891,0.0856,0.0373,17.524,0.1904,8.095,0.3086,0.3397,0.2978,5,0.0496,-11,0,0,0,0.9527,1.0096,Complete,2021-09-04,142940500,Train
PRJ3-01027,Riverside Residences 1027,Residential,West,WA,Public,Lump Sum,IPD,Very High,Moderate,Fast,2020-01-11,2020-09-07,2020,44751200,554,0.434,0.4284,1.0224,0.9895,-0.0015,3,0.9552,7,11,0.621,0.966,30,6.704,6.072,0.3145,0.2075,0.0722,0.176,0.0477,0.2814,0.0648,0.0258,15.426,0.2523,0.559,0.2754,0.2411,0.4265,2,0.0945,1,0,0,0,0.9136,0.9982,Complete,2021-07-19,48981100,Train
PRJ3-01028,Gateway Retail Center 1028,Commercial,West,CA,Private,Guaranteed Maximum Price,Design-Build,Moderate,Moderate,Slow,2024-11-24,2025-09-20,2025,79484800,505,0.596,0.5139,0.9654,0.9166,0.0217,41,1.0446,0,1,0.389,0.9672,46,5.787,11.951,0.08,0.4865,0.095,0.0519,0.0402,0.0983,0.0336,0.0301,29.29,0.2983,4.12,0.2778,0.1719,0.4319,5,0.0752,5,0,0,0,0.93,0.9902,Complete,2026-04-18,85463600,Test
PRJ3-01029,Riverside Apartments 1029,Residential,Northeast,CT,Private,Unit Price,Design-Bid-Build,Moderate,High,Slow,2024-04-22,2024-12-05,2024,47349100,499,0.456,0.4258,0.9747,0.9423,0.0189,15,0.8782,27,15,0.81,0.9599,28,5.914,9.711,0.3101,0.2384,0.0516,0.0769,0.0195,0.2444,0.0651,0.0403,23.53,0.342,3.478,0.3285,0.2227,0.4237,4,0.0477,58,0,1,1,0.9544,0.8959,Complete,2025-10-31,49609100,Validation
PRJ3-01030,Liberty Neighborhood 1030,Residential,Midwest,MN,Public,Cost Plus,Design-Build,Moderate,High,Slow,2024-07-09,2025-06-07,2025,49491400,624,0.534,0.5869,1.0342,1.0569,-0.0147,-33,0.9699,14,14,0.444,0.9884,27,5.455,11.557,0.08,0.4053,0.0816,0.1013,0.0546,0.1341,0.0097,0.0283,24.95,0.2847,5.004,0.0838,0.1759,0.3695,4,0.0579,5,0,0,0,0.9453,0.9921,Complete,2026-03-30,52357900,Test
PRJ3-01031,Copper Medical Center 1031,Institutional,Midwest,OH,Private,Lump Sum,Design-Build,Moderate,Moderate,Fast,2019-09-16,2020-06-17,2020,83555400,549,0.502,0.5053,0.9663,1.0605,0.0218,-2,0.9172,0,12,0.561,0.9851,45,5.386,4.702,0.5776,0.1479,0.0428,0.1435,0.042,0.0914,0.0244,0.0129,5.306,0.1504,4.543,0.2255,0.1531,0.3658,2,0.0298,-2,0,0,0,0.9711,1.0037,Complete,2021-03-16,86043500,Train
PRJ3-01032,Aspen Town Center 1032,Mixed-Use,Southeast,NC,Public-Private Partnership,Guaranteed Maximum Price,IPD,High,Low,Slow,2017-09-20,2019-01-06,2019,83287400,1123,0.422,0.4032,0.889,0.965,0.0291,21,0.9472,43,12,1.044,0.9612,40,4.803,12.64,0.08,0.438,0.1202,0.1836,0.0548,0.2348,0.0485,0.0453,18.324,0.2276,0.554,0.3065,0.2677,0.4397,4,0.1088,48,1,1,1,0.9019,0.959,Complete,2020-12-04,92349400,Train
PRJ3-01033,Redwood Education Center 1033,Institutional,Northeast,CT,Private,Cost Plus,Design-Build,Low,Moderate,Slow,2022-08-13,2023-08-10,2023,238728000,610,0.594,0.6485,1.0073,1.0679,-0.0128,-33,0.9582,10,14,0.513,0.9714,106,4.44,10.144,0.4117,0.4966,0.1275,0,0.0435,0.1047,0.0505,0.0409,22.58,0.2935,4.85,0.4027,0.1552,0.2435,4,-0.0268,20,0,0,0,1.0276,0.9683,Complete,2024-05-04,232327300,Train
PRJ3-01034,Mesa Research Facility 1034,Institutional,West,OR,Private,Lump Sum,Design-Bid-Build,Moderate,High,Slow,2023-06-21,2024-11-14,2024,103265100,967,0.53,0.4899,0.9491,0.8872,0.0222,39,1.0355,17,4,0.835,0.9755,60,5.81,6.101,0.3033,0.2479,0.0705,0.1343,0.0569,0.167,0.0454,0,17.466,0.2116,7.476,0.2455,0.2263,0.3915,2,0.0788,-7,0,0,0,0.9269,1.0073,Complete,2026-02-05,111404400,Validation
PRJ3-01035,Copper Civic Complex 1035,Institutional,Midwest,MI,Public,Lump Sum,IPD,Moderate,Low,Standard,2018-02-12,2019-04-03,2019,139528800,895,0.464,0.4572,0.9354,0.966,0.0318,6,0.9741,0,1,0.113,0.9406,69,4.945,7.637,0.49,0.203,0.054,0.2107,0.0724,0.2286,0.0257,0,12.303,0.1218,3.998,0.0559,0.2217,0.3008,1,0.0682,1,0,0,0,0.9362,0.9989,Complete,2020-07-27,149045100,Train
PRJ3-01036,Canyon Neighborhood 1036,Residential,Midwest,OH,Private,Guaranteed Maximum Price,Design-Bid-Build,Moderate,Moderate,Standard,2021-07-25,2022-06-25,2022,54062300,628,0.535,0.4529,0.9917,0.8289,0.0084,52,0.9383,1,5,0.747,0.9777,23,4.254,14.327,0.08,0.3651,0.1067,0.0214,0.0161,0.092,0,0.0124,14.947,0.2117,4.747,0.2101,0.1447,0.2867,4,0.0975,8,0,0,0,0.9111,0.9874,Complete,2023-04-22,59335600,Train
PRJ3-01037,Lakeview Neighborhood 1037,Residential,Southwest,AZ,Public-Private Partnership,Lump Sum,Design-Build,High,Moderate,Fast,2025-01-14,2025-12-18,2025,44480000,632,0.535,0.5004,1.0433,0.8939,-0.04,22,1.025,0,11,0.544,0.9589,8,1.799,9.88,0.2334,0.2733,0.0787,0.1732,0.0627,0.2604,0.0293,0.0296,9.92,0.2601,7.376,0.3365,0.199,0.2681,3,0.0218,4,0,0,0,0.9787,0.9937,Complete,2026-10-12,45449600,Test
PRJ3-01038,Copper Office Campus 1038,Commercial,Midwest,IL,Public-Private Partnership,Lump Sum,Design-Bid-Build,Low,Moderate,Standard,2023-09-19,2024-07-20,2024,41643800,573,0.533,0.4073,1.0328,0.8707,0.0116,72,0.9017,12,19,0.538,0.9894,28,6.724,7.064,0.2675,0.2029,0,0.0639,0.031,0.0691,0,0.0001,18.852,0.1429,3.343,0.2392,0.1594,0.3134,1,0.0327,18,0,0,0,0.9683,0.9695,Complete,2025-05-02,43005900,Validation
PRJ3-01039,Riverside Residences 1039,Residential,West,CA,Public-Private Partnership,Guaranteed Maximum Price,Design-Bid-Build,Moderate,Moderate,Slow,2023-01-01,2023-12-19,2023,182773300,724,0.487,0.4844,0.8407,0.9628,0.1008,2,0.9197,9,1,0.555,0.9702,91,4.979,11.916,0.0984,0.3985,0.0885,0.025,0.0267,0.2368,0.0575,0.0268,26.532,0.4432,4.376,0.2972,0.2797,0.4425,4,0.1417,20,1,0,1,0.8759,0.9731,Complete,2025-01-14,208677000,Train
PRJ3-01040,Copper Public Works Program 1040,Infrastructure,Mountain,CO,Public,Unit Price,CMAR,Low,Low,Fast,2024-02-23,2025-02-27,2025,152911200,966,0.384,0.3942,0.9999,0.9292,-0.003,-10,1.0097,14,12,0.503,0.9715,72,4.709,15.341,0.08,0.532,0.112,0.1246,0.0451,0.0872,0.0207,0.0225,18.435,0.156,0,0.1194,0.1804,0.2655,4,0.0065,43,0,1,1,0.9935,0.9574,Complete,2026-11-28,153911200,Test
PRJ3-01041,Crescent Water Program 1041,Heavy Civil,Southwest,AZ,Public,Guaranteed Maximum Price,CMAR,Moderate,High,Standard,2024-09-19,2025-12-23,2025,329092300,1040,0.443,0.3896,1.0175,0.9174,-0.0121,56,1.0809,0,5,0.193,0.989,157,4.771,6.529,0.2414,0.267,0.0644,0.0082,0.011,0.1479,0.0303,0.033,24.105,0.132,0.475,0.2026,0.2492,0.3577,3,-0.0207,9,0,0,0,1.0211,0.9914,Complete,2027-08-04,322279800,Test
PRJ3-01042,Cedar Logistics Center 1042,Industrial,Southeast,GA,Private,Lump Sum,CMAR,Moderate,Low,Slow,2021-09-16,2022-11-01,2022,277345600,768,0.536,0.4685,0.9199,0.8372,0.0367,52,0.9183,22,12,0.869,0.9684,155,5.589,12.307,0.08,0.5489,0.0723,0.153,0.0325,0.223,0.0289,0.0511,27.556,0.3093,4.039,0.349,0.2367,0.3091,6,0.1543,1,1,0,1,0.8663,0.9987,Complete,2023-10-25,320153900,Train
PRJ3-01043,Liberty Town Center 1043,Mixed-Use,West,CA,Private,Guaranteed Maximum Price,Design-Bid-Build,Moderate,Low,Fast,2022-07-19,2023-12-12,2023,161093200,1038,0.493,0.4214,0.8842,0.8632,0.0475,74,0.9746,11,0,0.487,0.9872,76,4.718,12.032,0.1205,0.453,0.0903,0.1091,0.0357,0.1106,0.0289,0.0107,14.62,0.2036,2.662,0.2149,0.2339,0.2947,3,0.0465,13,0,0,0,0.9556,0.9876,Complete,2025-06-04,168583100,Train
PRJ3-01044,Riverside Retail Center 1044,Commercial,West,WA,Private,Guaranteed Maximum Price,Design-Build,Moderate,Moderate,Slow,2020-08-15,2021-03-02,2021,26147200,489,0.407,0.4429,0.8903,1.0399,0.0733,-18,0.9489,27,0,0.74,0.9779,8,3.06,10.865,0.1733,0.3617,0.0887,0.1126,0.0362,0.1107,0.0121,0.0102,27.586,0.3479,5.932,0.3235,0.3572,0.4451,4,0.1605,13,1,0,1,0.8617,0.9741,Complete,2021-12-30,30344700,Train
PRJ3-01045,Cedar Utility Corridor 1045,Infrastructure,West,OR,Private,Guaranteed Maximum Price,Design-Bid-Build,Moderate,Moderate,Standard,2024-05-21,2025-12-11,2025,282734200,975,0.584,0.5702,0.9552,0.9565,0.0107,13,1.0023,30,7,0.979,0.9548,156,5.518,10.946,0.08,0.3646,0.0827,0.1478,0.0236,0.1351,0.0149,0,18.188,0.2864,2.802,0.2094,0.194,0.2149,2,0.0558,3,0,0,0,0.9472,0.9969,Complete,2027-01-24,298498500,Test
PRJ3-01046,Horizon Earthworks Package 1046,Heavy Civil,Mountain,MT,Private,Cost Plus,Design-Build,Low,High,Standard,2020-07-15,2021-11-03,2021,168072900,1076,0.443,0.4213,0.9615,0.9407,0.0138,23,1.0137,0,14,0.14,0.9855,65,3.867,5.935,0.5698,0.2731,0.0716,0.1205,0.0261,0.1084,0.0071,0.0153,18.268,0.3094,1.908,0.1698,0.208,0.2737,2,0.0177,-21,0,0,0,0.9826,1.0199,Complete,2023-06-05,171054400,Train
PRJ3-01047,Riverside Corporate Center 1047,Commercial,Midwest,IL,Public,Unit Price,Design-Bid-Build,Low,Moderate,Standard,2019-07-16,2020-05-25,2020,62637000,641,0.49,0.5019,0.8948,1.0368,0.0556,-8,0.974,8,22,0.344,0.9772,19,3.033,6.795,0.4824,0.283,0.0808,0.0892,0.0527,0.056,0.0356,0.0036,14.563,0.1781,0,0.2919,0.2192,0.2416,1,0.0878,6,0,0,0,0.9193,0.9907,Complete,2021-04-23,68138200,Train
PRJ3-01048,Pioneer Corporate Center 1048,Commercial,West,CA,Private,Cost Plus,CMAR,Moderate,Low,Standard,2023-12-15,2024-12-22,2024,21321800,803,0.465,0.4525,0.9785,0.9948,0.0096,10,1.0498,7,6,0.421,0.9637,5,2.345,4.234,0.4548,0.087,0.0339,0.0822,0.025,0.1396,0.0293,0.019,21.434,0.3897,0.999,0.1429,0.1782,0.4006,2,0.0465,-8,0,0,0,0.9555,1.0101,Complete,2026-02-17,22314300,Validation
PRJ3-01049,Lakeview Process Plant 1049,Industrial,Midwest,OH,Public-Private Partnership,Guaranteed Maximum Price,IPD,Moderate,High,Standard,2017-12-18,2019-03-14,2019,122206900,778,0.58,0.5899,0.9505,1.0409,0.0222,-8,0.9792,22,10,0.608,0.9666,46,3.764,3.768,0.5705,0.0316,0.0504,0.0482,0.06,0.1277,0.0152,0.0304,21.547,0.2519,1.059,0.3787,0.1443,0.2604,2,0.0264,23,0,0,0,0.9742,0.9713,Complete,2020-02-27,125437700,Train
PRJ3-01050,Northstar Distribution Hub 1050,Industrial,Midwest,MI,Private,Cost Plus,Design-Bid-Build,Low,Moderate,Standard,2020-06-04,2021-05-04,2021,92100700,761,0.44,0.4402,0.9075,0.921,0.0242,0,1.0506,6,22,0.858,0.9676,42,4.56,6.93,0.3621,0.1785,0.0355,0.015,0.067,0.0934,0.0532,0.0049,23.805,0.3229,6.316,0.3771,0.1925,0.2794,2,0.0882,-1,0,0,0,0.919,1.0013,Complete,2022-07-04,100221800,Train
PRJ3-01051,Riverside Corporate Center 1051,Commercial,West,CA,Public,Lump Sum,Design-Bid-Build,High,High,Fast,2023-05-18,2024-05-05,2024,79901600,647,0.546,0.5754,0.9363,1.0331,0.0533,-19,0.9712,19,12,0.366,0.9416,36,4.506,9.294,0.3853,0.3605,0.0886,0.0925,0.0293,0.1543,0.0293,0.0302,25.261,0.2564,7.282,0.3528,0.2103,0.312,4,0.1115,21,1,0,1,0.8997,0.9686,Complete,2025-03-16,88813100,Validation
PRJ3-01052,Summit Retail Center 1052,Commercial,Southeast,TN,Private,Lump Sum,CMAR,Moderate,Moderate,Standard,2022-04-08,2023-02-06,2023,59639000,664,0.458,0.4515,1.0868,0.9761,-0.0275,4,0.9734,1,6,0.323,0.9804,22,3.689,7.888,0.2995,0.3806,0.1034,0.04,0.0096,0.1759,0.0299,0.0199,17.559,0.2634,7.306,0.3296,0.051,0.2312,3,-0.0363,-4,0,0,0,1.0377,1.0061,Complete,2024-01-28,57472100,Train
PRJ3-01053,Evergreen Marketplace 1053,Commercial,Midwest,MI,Private,Guaranteed Maximum Price,Design-Build,Very High,High,Fast,2020-08-10,2021-08-25,2021,127225400,822,0.463,0.4247,0.9235,0.9543,0.0282,31,0.929,25,18,0.88,0.9706,75,5.895,11.697,0.2252,0.4713,0.1096,0.2129,0.0796,0.2537,0.026,0.0289,21.628,0.2415,9.548,0.2459,0.3135,0.4357,5,0.0542,38,0,1,1,0.9486,0.9558,Complete,2022-12-18,134121600,Train
PRJ3-01054,Horizon Housing 1054,Residential,West,OR,Private,Guaranteed Maximum Price,Design-Build,Low,Low,Slow,2020-07-21,2021-02-27,2021,52682800,416,0.533,0.4907,0.8987,0.9443,0.0494,18,1.0291,0,0,0.536,0.9502,35,6.644,10.723,0.1143,0.4041,0.065,0.0707,0.0191,0.136,0.0015,0.0206,19.351,0.2627,5.173,0.171,0.2582,0.4459,3,0.0673,-25,0,0,0,0.937,1.0639,Complete,2021-08-16,56225800,Train
PRJ3-01055,Copper Civic Complex 1055,Institutional,Southeast,VA,Private,Lump Sum,Design-Build,High,Low,Fast,2023-06-05,2024-04-18,2024,98296400,703,0.453,0.4695,0.9596,0.9841,0.0164,-12,0.8791,24,8,1.132,0.9689,32,3.255,13.321,0.08,0.5022,0.1192,0.1196,0.037,0.0931,0.0209,0.0392,18.701,0.122,3.209,0.3705,0.2361,0.2807,5,0.1186,5,1,0,1,0.894,0.9929,Complete,2025-05-13,109952100,Validation
PRJ3-01056,Liberty Education Center 1056,Institutional,Midwest,IL,Private,Guaranteed Maximum Price,Design-Build,Moderate,Low,Standard,2023-08-08,2024-05-20,2024,197109800,760,0.377,0.3426,0.9716,0.9739,-0.0098,26,0.963,19,9,0.394,0.9629,103,5.226,13.917,0.08,0.4708,0.0526,0.138,0.0547,0.1471,0.0333,0.0347,28.019,0.4204,0.522,0.3063,0.2255,0.318,5,0.1035,-12,1,0,1,0.9062,1.016,Complete,2025-08-25,217503000,Validation
PRJ3-01057,Redwood Education Center 1057,Institutional,Southeast,VA,Private,Guaranteed Maximum Price,Design-Build,Moderate,Moderate,Slow,2020-05-10,2021-07-28,2021,124108600,833,0.534,0.5346,0.9338,1.0303,0.0452,-1,0.8912,25,14,0.302,0.9834,52,4.19,10.589,0.1836,0.3937,0.0463,0.0735,0.0031,0.1009,0.0166,0.0219,25.934,0.2754,11.496,0.3859,0.2069,0.2839,5,0.125,11,1,0,1,0.8889,0.987,Complete,2022-09-01,139624200,Train
PRJ3-01058,Granite Corporate Center 1058,Commercial,Mountain,CO,Public,Lump Sum,CMAR,High,Moderate,Standard,2020-09-11,2021-04-10,2021,230096100,509,0.416,0.4335,0.9613,1.039,0.0127,-9,0.8849,16,19,0.853,0.9618,129,5.606,7.216,0.2997,0.2575,0.0622,0.1139,0.0274,0.1595,0.0567,0.0267,19.673,0.2476,4.888,0.3016,0.1917,0.2731,3,0.062,13,0,0,0,0.9416,0.9751,Complete,2022-02-15,244359600,Train
PRJ3-01059,Summit Research Facility 1059,Institutional,Southeast,NC,Private,Guaranteed Maximum Price,Design-Bid-Build,Low,Moderate,Slow,2021-11-19,2022-12-30,2022,189293100,838,0.485,0.4971,1.0347,0.9543,-0.0341,-10,0.9892,29,5,0.569,0.9607,71,3.751,12.124,0.2485,0.4763,0.0939,0.06,0.0003,0.0447,0.0245,0.0398,24.842,0.3526,4.204,0.2701,0.2614,0.2711,5,0.036,10,0,0,0,0.9652,0.9882,Complete,2024-03-16,196110700,Train
PRJ3-01060,Northstar Residences 1060,Residential,Mountain,MT,Private,Guaranteed Maximum Price,Design-Build,Moderate,Low,Fast,2018-09-16,2019-11-20,2019,32097300,799,0.539,0.5418,1.0026,1.0025,0.0028,-2,0.9249,8,14,0.705,0.9742,22,6.854,9.957,0.2055,0.2965,0.073,0.1045,0.0294,0.154,0.0319,0.0178,28.44,0.2703,4.653,0.2538,0.3161,0.2714,4,0.0472,2,0,0,0,0.9549,0.9975,Complete,2020-11-25,33613800,Train
PRJ3-01061,Aspen Corporate Center 1061,Commercial,West,NV,Private,Unit Price,Design-Build,High,Moderate,Standard,2020-01-23,2020-11-28,2020,99243900,884,0.351,0.3525,0.9836,1.0419,0.0003,-1,0.9438,17,19,0.548,0.9482,64,6.449,8.63,0.231,0.3477,0.1226,0.099,0.064,0.2169,0.0204,0.0043,25.636,0.3539,2.861,0.2677,0.2865,0.4507,3,-0.0439,10,0,0,0,1.046,0.9888,Complete,2022-07-05,94882700,Train
PRJ3-01062,Liberty Civic Complex 1062,Institutional,Midwest,IL,Private,Guaranteed Maximum Price,Design-Bid-Build,Very High,Low,Standard,2023-01-05,2024-08-17,2024,40350500,1021,0.578,0.5114,1.021,0.8687,-0.007,68,0.8526,15,21,0.969,0.9622,22,5.452,11.753,0.1375,0.3105,0.0981,0.1744,0.0435,0.2662,0.1,0.0583,23.718,0.2672,3.531,0.2137,0.3186,0.3643,5,0.0888,19,0,0,0,0.9185,0.9817,Complete,2025-11-10,43932900,Validation
PRJ3-01063,Pioneer Water Program 1063,Heavy Civil,West,OR,Public,Guaranteed Maximum Price,Design-Bid-Build,High,Low,Slow,2019-09-08,2021-02-11,2021,216457700,1181,0.442,0.3969,0.8936,0.86,0.0447,53,0.7606,30,20,0.82,0.9373,125,5.775,11.581,0.089,0.5602,0.135,0.1549,0.0772,0.1288,0.039,0.0412,32.361,0.357,4.615,0.4596,0.3106,0.3738,6,0.2075,52,1,1,1,0.8282,0.9578,Complete,2023-01-23,261373900,Train
PRJ3-01064,Mesa Research Facility 1064,Institutional,Midwest,MI,Private,Guaranteed Maximum Price,IPD,High,Moderate,Slow,2019-03-18,2020-06-25,2020,172852300,791,0.589,0.545,0.8985,0.9406,0.0826,35,0.952,15,18,0.279,0.9577,93,5.38,13.232,0.08,0.3937,0.1189,0.1723,0.0477,0.2163,0.0473,0.0376,23.514,0.3448,9.549,0.3695,0.2238,0.4573,5,0.1548,21,1,0,1,0.866,0.9741,Complete,2021-06-07,199602200,Train
PRJ3-01065,Redwood Utility Corridor 1065,Infrastructure,Mountain,WY,Private,Guaranteed Maximum Price,CMAR,Moderate,High,Standard,2021-09-05,2023-05-04,2023,338334200,1369,0.443,0.3845,0.9918,0.9549,0.0016,80,1.0059,11,4,1.036,0.9703,141,4.167,4.81,0.4222,0.1539,0.0138,0.0297,0.0252,0.1262,0,0.0321,20.972,0.2957,1.32,0.1608,0.153,0.2409,2,0.045,-25,0,0,0,0.957,1.0186,Complete,2025-05-11,353551100,Train
PRJ3-01066,Harbor Office Campus 1066,Commercial,Southeast,FL,Private,Guaranteed Maximum Price,Design-Build,Moderate,Moderate,Fast,2024-04-06,2024-11-09,2024,78725100,575,0.378,0.3733,1.1171,1.0086,-0.014,3,1.0128,0,16,0.253,0.9761,34,4.319,4.681,0.6054,0.1318,0.0329,0.1971,0.0569,0.0219,0.0228,0.0275,12.46,0.1477,0,0.3697,0.2262,0.3404,2,0.0478,-24,0,0,0,0.9544,1.0436,Complete,2025-10-09,82486500,Validation
PRJ3-01067,Copper Neighborhood 1067,Residential,Southwest,AZ,Private,Unit Price,Design-Bid-Build,Low,High,Standard,2025-01-17,2025-08-21,2025,65080400,379,0.57,0.5724,0.9754,1.0156,0.0299,-1,1.1081,18,0,0.514,0.9609,29,4.456,2.467,0.5886,0.139,0.054,0.0165,0.0125,0.1065,0.0223,0.0051,18.108,0.227,4.255,0.1769,0.1128,0.3187,1,0.0032,-25,0,0,0,0.9968,1.0706,Complete,2026-01-06,65287300,Test
PRJ3-01068,Harbor Transit Program 1068,Infrastructure,Mountain,UT,Private,Unit Price,Design-Bid-Build,High,Moderate,Standard,2021-03-13,2022-09-20,2022,242150200,1403,0.397,0.4001,0.8233,1.0083,0.09,-4,1.0065,33,23,0.654,0.9478,143,5.905,10.501,0.2629,0.3592,0.0853,0.0866,0.0446,0.273,0.0494,0.0216,18.971,0.2591,0,0.3957,0.2557,0.464,3,0.18,-10,1,0,1,0.8475,1.0072,Complete,2025-01-04,285737800,Train
PRJ3-01069,Redwood Medical Center 1069,Institutional,Midwest,MI,Public,Unit Price,CMAR,High,High,Fast,2022-01-07,2023-01-15,2023,229416000,896,0.417,0.4603,1.0084,1.0544,-0.0117,-39,0.9488,7,13,0.602,0.9911,111,4.838,5.604,0.3434,0.2799,0.1057,0.1693,0.0669,0.1929,0.0328,0.0142,17.016,0.2357,0,0.2003,0.248,0.3969,2,0.0182,-25,0,0,0,0.9821,1.0287,Complete,2024-05-27,233592000,Train
PRJ3-01070,Gateway Transit-Oriented Development 1070,Mixed-Use,West,OR,Private,Cost Plus,Design-Build,High,Low,Standard,2022-10-07,2023-10-21,2023,188814600,854,0.444,0.4282,0.9668,0.9581,0.0209,13,0.9558,18,8,0.651,0.9516,118,6.25,8.498,0.3541,0.3173,0.1143,0.2208,0.0593,0.221,0.0714,0.0244,29.506,0.2972,0,0.3466,0.3355,0.3298,3,0.118,43,1,1,1,0.8944,0.9521,Complete,2025-03-22,211099400,Train
PRJ3-01071,Mesa Housing 1071,Residential,Northeast,PA,Public,Lump Sum,Design-Bid-Build,Low,Low,Fast,2023-01-02,2023-11-27,2023,32305500,707,0.466,0.4482,0.9797,0.976,0.0161,13,1.0394,13,8,0.261,0.9779,16,4.953,4.974,0.5182,0.2409,0.0706,0.0612,0.038,0.0337,0.0405,0.0069,19.483,0.3293,5.05,0.1456,0.1423,0.2173,2,0.0445,-25,0,0,0,0.9574,1.0367,Complete,2024-11-14,33744600,Train
PRJ3-01072,Pioneer Research Facility 1072,Institutional,Midwest,IL,Private,Guaranteed Maximum Price,IPD,Moderate,Moderate,Standard,2023-02-18,2023-11-28,2023,41486300,570,0.498,0.479,1.0761,0.9686,-0.0308,11,1.1499,6,14,0.263,0.9527,24,5.785,5.41,0.4255,0.2346,0.0379,0.019,0.0006,0.1421,0.0068,0.0148,24.534,0.2489,2.878,0.2298,0.1536,0.3299,2,0.0021,12,0,0,0,0.9979,0.9794,Complete,2024-09-22,41573200,Train
PRJ3-01073,Lakeview Medical Center 1073,Institutional,Southeast,NC,Public-Private Partnership,Guaranteed Maximum Price,Design-Bid-Build,High,Low,Fast,2023-11-13,2025-06-02,2025,82907100,954,0.595,0.5395,0.8262,0.8795,0.1177,53,1.0111,29,5,0.752,0.9693,44,5.307,11.913,0.1904,0.4138,0.1462,0.1446,0.0499,0.2759,0.0695,0.0188,21.324,0.2017,6.122,0.4524,0.3234,0.2861,4,0.144,16,1,0,1,0.8741,0.9835,Complete,2026-07-10,94848100,Test
PRJ3-01074,Lakeview Residences 1074,Residential,Northeast,NJ,Public,Cost Plus,Design-Build,Low,Low,Standard,2022-01-17,2022-08-28,2022,32362200,455,0.492,0.5,0.9675,0.9589,0.0142,-4,0.9606,0,19,0.782,0.9892,20,6.18,9.24,0.153,0.275,0.1009,0.0808,0.0476,0.1299,0.0143,0.0079,11.369,0.1499,4.138,0.2241,0.1185,0.2748,2,-0.0672,-25,0,0,0,1.0721,1.0581,Complete,2023-03-23,30186600,Train
PRJ3-01075,Canyon Bridge Program 1075,Heavy Civil,Mountain,UT,Private,Lump Sum,Design-Build,High,Moderate,Standard,2024-05-25,2025-08-18,2025,105945000,1210,0.372,0.3434,0.9919,0.8999,-0.0027,35,0.9491,31,21,0.703,0.9559,58,5.475,13.89,0.1329,0.4795,0.1492,0.1062,0.0576,0.1504,0.0186,0.021,26.574,0.3191,5.663,0.3397,0.2975,0.4295,5,0.0757,38,0,1,1,0.9296,0.9696,Complete,2027-10-25,113968800,Test
PRJ3-01076,Mesa Highway Improvements 1076,Heavy Civil,Midwest,MI,Private,Guaranteed Maximum Price,Design-Build,High,High,Standard,2020-10-20,2022-03-25,2022,300877200,1256,0.415,0.4275,1.0231,0.9762,-0.0046,-16,0.953,0,13,0.991,0.9645,153,5.085,7.539,0.2972,0.1221,0.0449,0.1431,0.0167,0.1365,0.0332,0.0224,21.855,0.2291,7.082,0.3511,0.2346,0.4257,3,-0.08,-6,0,0,0,1.087,1.0048,Complete,2024-03-23,276807000,Train
PRJ3-01077,Copper Residences 1077,Residential,West,NV,Public,Unit Price,Design-Bid-Build,Moderate,Low,Slow,2022-04-23,2023-04-06,2023,65893200,755,0.461,0.3933,0.8405,0.8475,0.0578,51,0.9291,25,5,0.886,0.9705,31,4.705,12.501,0.08,0.3931,0.1247,0.1425,0.0737,0.2135,0.0203,0.0251,18.312,0.313,6.256,0.2834,0.2795,0.3518,4,0.1241,35,1,1,1,0.8896,0.9557,Complete,2024-06-21,74072200,Train
PRJ3-01078,Redwood Airport Improvements 1078,Infrastructure,West,CA,Private,Guaranteed Maximum Price,CMAR,Very High,Low,Fast,2023-06-15,2024-11-13,2024,278217300,1467,0.353,0.3667,0.9709,0.9821,0.0253,-20,0.9492,45,0,0.88,0.9596,176,6.326,8.881,0.2979,0.2854,0.0585,0.2552,0.0917,0.3169,0.0701,0.0368,13.568,0.2439,5.642,0.4306,0.3021,0.5011,3,0.1302,-5,1,0,1,0.8848,1.0034,Complete,2027-06-16,314433300,Validation
PRJ3-01079,Canyon Earthworks Package 1079,Heavy Civil,Northeast,PA,Public,Lump Sum,Design-Build,High,Low,Standard,2022-10-23,2024-09-09,2024,361262300,1206,0.57,0.4999,0.9369,0.9269,0.0116,85,0.9821,9,11,1.118,0.95,211,5.841,8.869,0.3826,0.2768,0.0656,0.1422,0.0518,0.225,0.0654,0.0387,20.77,0.267,6.626,0.459,0.2912,0.389,4,0.0953,-5,0,0,0,0.913,1.0042,Complete,2026-02-05,395704500,Validation
PRJ3-01080,Evergreen Office Campus 1080,Commercial,Northeast,NJ,Public,Guaranteed Maximum Price,Design-Build,High,High,Standard,2023-04-07,2024-01-13,2024,47728600,669,0.421,0.4186,1.0115,0.9318,0.0109,2,1.1296,8,17,0.567,0.9467,31,6.495,5.305,0.5087,0.2836,0.0725,0.1965,0.0357,0.2665,0.0135,0.0234,28.726,0.1376,2.236,0.168,0.3446,0.2028,3,0.0032,22,0,0,0,0.9968,0.9682,Complete,2025-02-26,47883700,Validation
PRJ3-01081,Mesa Water Program 1081,Heavy Civil,Southwest,TX,Private,Unit Price,Design-Bid-Build,Moderate,High,Slow,2021-07-19,2023-01-28,2023,242047800,1135,0.492,0.4857,0.9624,0.9879,0.024,7,0.9805,21,5,0.766,0.9538,114,4.71,9.564,0.1855,0.4037,0.1151,0.1018,0.0313,0.1118,0.0432,0.0269,15.469,0.2674,4.752,0.157,0.1056,0.4115,3,0.1027,-8,1,0,1,0.9068,1.0071,Complete,2024-08-19,266918100,Train
PRJ3-01082,Summit Residences 1082,Residential,Southeast,FL,Private,Guaranteed Maximum Price,Design-Bid-Build,High,Moderate,Fast,2023-06-16,2024-07-15,2024,64281200,703,0.562,0.4976,0.9031,0.9314,0.0571,45,0.9544,9,15,0.758,0.9804,17,2.645,8.826,0.2888,0.3513,0.0869,0.0929,0.0178,0.184,0.0332,0.0207,7.532,0.0663,4.924,0.2816,0.1403,0.3081,3,0.1666,10,1,0,1,0.8572,0.986,Complete,2025-05-29,74990200,Validation
PRJ3-01083,Mesa District 1083,Mixed-Use,Midwest,MN,Private,Cost Plus,Design-Bid-Build,Moderate,Low,Fast,2023-02-17,2024-09-28,2024,129362400,1079,0.546,0.4712,0.9369,0.8793,0.018,81,0.9247,12,16,0.183,0.9598,58,4.484,4.414,0.4255,0.1505,0.0591,0.1107,0.0662,0.2112,0.0473,0.0279,8.286,0.0356,2.231,0.2913,0.1824,0.1524,2,0.0781,22,0,0,0,0.9275,0.98,Complete,2026-02-22,139468500,Validation
PRJ3-01084,Canyon Apartments 1084,Residential,Southeast,GA,Public,Lump Sum,IPD,Very High,Moderate,Slow,2023-12-13,2024-09-17,2024,50418000,564,0.496,0.3674,0.8701,0.8255,0.0563,73,0.998,15,17,0.705,0.9551,31,6.149,10.773,0.1653,0.3645,0.0742,0.1408,0.0705,0.2211,0.0656,0.0538,21.092,0.3313,0,0.4646,0.2647,0.4788,4,0.1391,27,1,0,1,0.8779,0.9543,Complete,2025-07-26,57429700,Validation
PRJ3-01085,Canyon Civic Complex 1085,Institutional,Midwest,IL,Public,Unit Price,Design-Bid-Build,Very High,High,Standard,2023-08-03,2024-11-29,2024,108497600,1034,0.469,0.3974,0.8473,0.8792,0.063,74,0.9311,35,20,0.777,0.9542,47,4.332,6.391,0.4166,0.1762,0.0669,0.131,0.0374,0.2809,0.0426,0.0284,32.163,0.3189,3.18,0.3573,0.3973,0.4864,4,0.0483,57,0,1,1,0.9539,0.9478,Complete,2026-07-29,113739300,Validation
PRJ3-01086,Harbor Earthworks Package 1086,Heavy Civil,Southwest,AZ,Private,Guaranteed Maximum Price,Design-Build,Low,Moderate,Slow,2022-01-01,2023-04-22,2023,245939300,985,0.484,0.5187,0.9961,1.0843,0.0167,-34,1.0405,4,0,0.601,0.971,101,4.107,12.8,0.08,0.4202,0.0988,0.0889,0.0279,0.0661,0,0,27.123,0.3937,6.996,0.2278,0.1986,0.4498,4,0.0232,22,0,0,0,0.9773,0.9782,Complete,2024-10-04,251648300,Train
PRJ3-01087,Liberty Corporate Center 1087,Commercial,Midwest,MO,Private,Lump Sum,Design-Bid-Build,Very High,Low,Fast,2025-02-16,2025-10-23,2025,53030700,672,0.371,0.3521,0.8995,0.9567,0.0234,13,0.9289,23,21,0.72,0.9637,44,8.297,10.695,0.08,0.3435,0.1028,0.1931,0.0639,0.2321,0.0487,0.0426,20.268,0.2038,3.485,0.4083,0.2743,0.5698,4,0.1063,-25,1,0,1,0.904,1.0386,Complete,2026-11-25,58665500,Test
PRJ3-01088,Redwood Logistics Center 1088,Industrial,Southwest,AZ,Private,Unit Price,IPD,Low,Moderate,Standard,2024-01-24,2025-01-20,2025,189651700,832,0.436,0.4775,1.0227,1.12,-0.0313,-35,1.1155,14,13,0.449,0.9725,62,3.269,6.24,0.4924,0.1803,0.0159,0.1022,0.0204,0.1042,0.0142,0,24.505,0.2704,5.619,0.1939,0.2818,0.3034,2,0.0417,6,0,0,0,0.96,0.9928,Complete,2026-05-11,197563700,Test
PRJ3-01089,Aspen Process Plant 1089,Industrial,Southwest,NM,Public,Cost Plus,CMAR,High,High,Standard,2021-07-06,2022-06-20,2022,185885800,974,0.359,0.3607,0.9515,0.9244,0.0232,-2,1.0372,17,0,1.084,0.969,108,5.81,3.119,0.6909,0.1076,0.0232,0.1764,0.0533,0.2099,0.0439,0.0119,23.999,0.1444,2.073,0.3425,0.2994,0.3759,2,0.0938,-11,0,0,0,0.9143,1.0114,Complete,2024-02-24,203315200,Train
PRJ3-01090,Evergreen Neighborhood 1090,Residential,Mountain,ID,Private,Unit Price,Design-Build,Moderate,Moderate,Fast,2019-02-03,2019-10-18,2019,57195100,459,0.561,0.5604,1.1383,0.9917,-0.0581,0,1.0311,0,12,0.549,0.9797,31,5.42,7.227,0.3882,0.2258,0.0567,0.1975,0.0717,0.2055,0.0413,0.008,13.694,0.2428,7.854,0.3143,0.2518,0.08,2,0.0529,45,0,1,1,0.9497,0.9107,Complete,2020-06-21,60223100,Train
PRJ3-01091,Lakeview Logistics Center 1091,Industrial,Mountain,MT,Private,Lump Sum,Design-Bid-Build,Low,High,Fast,2020-09-15,2021-10-28,2021,71446200,751,0.544,0.6271,1.0008,1.1084,-0.0014,-62,1.0709,26,2,0.582,0.9896,28,3.919,10.025,0.3437,0.4129,0.1262,0.0571,0.0415,0.152,0.0229,0.0132,11.699,0.1668,0,0.2406,0.1632,0.2417,2,0.0884,4,0,0,0,0.9188,0.9947,Complete,2022-10-10,77761400,Train
PRJ3-01092,Horizon Logistics Center 1092,Industrial,Midwest,MN,Private,Guaranteed Maximum Price,Design-Build,Very High,High,Standard,2017-10-31,2019-04-23,2019,228468100,981,0.55,0.5191,1.0174,0.9642,-0.011,30,1.0093,34,19,0.715,0.9684,133,5.821,9.461,0.2677,0.3845,0.1093,0.23,0.0492,0.1692,0.042,0.0448,22.256,0.2548,2.256,0.2698,0.2311,0.3895,4,0.0889,18,0,0,0,0.9184,0.982,Complete,2020-07-26,248773900,Train
PRJ3-01093,Canyon Airport Improvements 1093,Infrastructure,Southeast,VA,Public-Private Partnership,Lump Sum,Design-Build,Moderate,Low,Fast,2019-07-26,2020-12-15,2020,365036600,1093,0.465,0.4722,0.9498,1.0462,0.0107,-8,1.0317,21,27,0.656,0.9697,154,4.219,7.416,0.4644,0.2421,0.0661,0.1256,0.0316,0.2642,0,0.0292,17.223,0.254,5.896,0.2325,0.1463,0.4421,3,0.0583,-4,0,0,0,0.9449,1.0037,Complete,2022-07-19,386332500,Train
PRJ3-01094,Horizon Public Works Program 1094,Infrastructure,Southeast,VA,Private,Unit Price,Design-Build,High,Moderate,Fast,2022-08-05,2024-02-10,2024,158702700,1281,0.433,0.3869,0.9593,0.9146,0.0234,59,0.9713,4,5,0.628,0.9877,87,5.482,9.883,0.2703,0.3155,0.0831,0.1842,0.0499,0.0621,0.0162,0.001,23.509,0.2375,5.174,0.4007,0.3004,0.3942,3,0.0397,10,0,0,0,0.9618,0.9923,Complete,2026-02-16,164997500,Validation
PRJ3-01095,Pioneer Retail Center 1095,Commercial,West,NV,Public,Lump Sum,Design-Bid-Build,High,Moderate,Fast,2024-05-16,2025-04-13,2025,34117800,707,0.47,0.4389,0.9584,0.9237,0.0237,22,0.9465,0,22,0.608,0.9618,13,3.81,7.161,0.3065,0.1898,0.0453,0.0907,0.028,0.2125,0.0307,0.0083,25.152,0.3099,1.349,0.2895,0.1779,0.1992,2,0.0993,16,0,0,0,0.9097,0.9779,Complete,2026-05-09,37506300,Test
PRJ3-01096,Northstar Corporate Center 1096,Commercial,West,OR,Private,Unit Price,CMAR,Very High,High,Standard,2022-05-02,2023-05-15,2023,127983700,809,0.468,0.4778,0.9945,0.9617,0.0159,-8,0.9841,10,3,0.714,0.9756,81,6.329,7.356,0.3932,0.0435,0.0211,0.0891,0.0241,0.3816,0.0498,0.0301,26.486,0.2562,5.851,0.3878,0.3071,0.4339,3,0.066,-4,0,0,0,0.938,1.005,Complete,2024-07-15,136436300,Train
PRJ3-01097,Redwood Apartments 1097,Residential,Northeast,PA,Private,Lump Sum,Design-Build,High,Moderate,Standard,2023-10-12,2024-06-11,2024,81713600,509,0.478,0.4313,0.9883,0.9069,0.0087,24,1.0376,1,15,0.621,0.9693,54,6.608,9.258,0.1914,0.3477,0.0973,0.1251,0.0358,0.2693,0.028,0.0075,34.789,0.3336,4.514,0.3996,0.3075,0.3169,4,0.048,40,0,1,1,0.9542,0.9271,Complete,2025-04-13,85637700,Validation
PRJ3-01098,Cedar Transit Program 1098,Infrastructure,Southeast,NC,Private,Cost Plus,Design-Build,Moderate,High,Standard,2020-01-03,2021-12-11,2021,119081300,1327,0.534,0.5183,0.9648,0.9665,0.0178,21,1.063,8,8,0.446,0.9941,40,3.359,10.441,0.1898,0.3008,0.0798,0.1199,0.0325,0.1075,0.0173,0.0172,24.834,0.1947,3.145,0.302,0.2018,0.3594,3,0.0558,38,0,1,1,0.9472,0.9722,Complete,2023-09-29,125723400,Train
PRJ3-01099,Summit Corporate Center 1099,Commercial,West,NV,Private,Guaranteed Maximum Price,Design-Bid-Build,Moderate,High,Fast,2020-01-07,2021-03-04,2021,46337100,713,0.592,0.6323,1.0984,1.0619,-0.0584,-29,1.0829,6,3,0.417,0.9479,29,6.258,8.587,0.1969,0.4147,0.1105,0.1185,0.0671,0.1717,0.0138,0,20.489,0.2811,0.158,0.4383,0.1286,0.4312,2,-0.0037,-5,0,0,0,1.0037,1.0071,Complete,2021-12-15,46167200,Train
PRJ3-01100,Redwood Apartments 1100,Residential,Southeast,NC,Private,Cost Plus,Design-Build,Very High,Low,Standard,2023-11-03,2024-05-27,2024,130029500,494,0.419,0.3947,0.8005,0.967,0.1032,12,0.9104,6,25,0.347,0.9508,75,5.768,7.559,0.2757,0.272,0.0933,0.2336,0.0484,0.2001,0.0078,0.0216,13.009,0.1844,8.339,0.3495,0.2078,0.4537,3,0.1072,3,1,0,1,0.9032,0.994,Complete,2025-03-14,143965300,Validation
PRJ3-01101,Riverside Water Program 1101,Heavy Civil,Midwest,MI,Private,Lump Sum,CMAR,Very High,Low,Standard,2021-07-11,2023-02-21,2023,104208500,1099,0.537,0.4927,0.8527,0.8701,0.0959,49,0.8272,27,12,0.669,0.9546,74,7.101,11.907,0.2206,0.3885,0.1244,0.2385,0.1144,0.1936,0.0518,0.0316,28.411,0.3839,5.307,0.4615,0.2521,0.3149,5,0.1054,37,1,1,1,0.9047,0.9674,Complete,2024-08-20,115189100,Train
PRJ3-01102,Liberty Process Plant 1102,Industrial,West,OR,Private,Lump Sum,CMAR,High,Low,Standard,2019-12-18,2021-01-04,2021,81394100,1047,0.366,0.404,0.9423,0.9908,0.0289,-40,0.9851,34,11,0.66,0.9503,45,5.529,16.128,0.08,0.5292,0.1388,0.2102,0.0307,0.2065,0.0555,0.0475,23.301,0.3032,2.417,0.2424,0.305,0.2002,6,0.1824,22,1,0,1,0.8458,0.9794,Complete,2022-11-21,96236800,Train
PRJ3-01103,Liberty Apartments 1103,Residential,Southeast,GA,Private,Cost Plus,Design-Build,Moderate,Moderate,Standard,2021-09-22,2022-07-07,2022,72796000,808,0.357,0.358,0.9611,0.9972,-0.0004,-1,1.0904,35,3,0.138,0.9815,45,6.182,6.44,0.4525,0.246,0.0729,0.0715,0.0216,0.0358,0.029,0.0091,10.669,0.1843,2.092,0.3833,0.1052,0.3162,1,0.005,-8,0,0,0,0.995,1.01,Complete,2023-12-01,73161900,Train
PRJ3-01104,Horizon Airport Improvements 1104,Infrastructure,West,OR,Private,Guaranteed Maximum Price,Design-Bid-Build,High,High,Standard,2021-08-04,2022-12-06,2022,169609700,1235,0.396,0.4007,1.0247,1.0061,-0.01,-6,1.0385,8,1,0.548,0.9823,99,5.837,11.702,0.08,0.3343,0.1004,0.2032,0.0604,0.1951,0.0533,0.0408,21.875,0.2314,6.782,0.3465,0.2573,0.3752,5,0.0826,-7,0,0,0,0.9237,1.0057,Complete,2024-12-14,183624500,Train
PRJ3-01105,Aspen Neighborhood 1105,Residential,West,OR,Public,Guaranteed Maximum Price,IPD,High,Low,Standard,2025-01-24,2025-11-25,2025,59208200,655,0.466,0.4049,0.9327,0.8957,0.0259,40,0.9633,19,9,0.485,0.9743,17,2.871,10.583,0.08,0.4539,0.0916,0.2682,0.0904,0.2518,0.011,0.0181,14.005,0.1369,8.311,0.34,0.2699,0.4446,4,0.0436,15,0,0,0,0.9582,0.9776,Complete,2026-11-25,61790000,Test
PRJ3-01106,Crescent Manufacturing Facility 1106,Industrial,Midwest,MO,Private,Unit Price,CMAR,Moderate,Moderate,Slow,2020-02-23,2021-01-31,2021,186500200,870,0.395,0.3679,1.074,0.9487,-0.0199,24,0.9569,11,2,0.421,0.9823,101,5.416,9.808,0.1881,0.337,0.0814,0.1406,0.013,0.0729,0.0347,0.0319,21.606,0.2705,10.851,0.2369,0.2998,0.2163,4,0.0683,2,0,0,0,0.936,0.9977,Complete,2022-07-14,199245700,Train
PRJ3-01107,Gateway Distribution Hub 1107,Industrial,Southwest,TX,Public-Private Partnership,Lump Sum,Design-Bid-Build,Very High,Low,Slow,2021-06-16,2022-10-18,2022,288396500,996,0.491,0.4316,0.8577,0.881,0.0755,59,0.8013,45,12,0.684,0.9347,199,6.9,10.276,0.204,0.3679,0.1015,0.1271,0.0299,0.3119,0.0587,0.0481,45.7,0.6051,4.138,0.4168,0.4526,0.4591,6,0.1436,56,1,1,1,0.8744,0.9468,Complete,2024-05-03,329808600,Train
PRJ3-01108,Northstar Neighborhood 1108,Residential,Southwest,AZ,Private,Lump Sum,IPD,High,Moderate,Fast,2019-07-06,2020-03-28,2020,52539700,507,0.525,0.5241,0.99,1.001,-0.0012,0,0.9794,6,5,0.494,0.9785,12,2.284,8.536,0.2952,0.2956,0.0559,0.0999,0,0.2001,0.0247,0.0102,15.096,0.2038,1.632,0.4692,0.2132,0.3374,2,0.0411,-20,0,0,0,0.9606,1.0411,Complete,2020-11-04,54696800,Train
PRJ3-01109,Harbor Water Program 1109,Heavy Civil,West,NV,Public,Cost Plus,IPD,High,High,Standard,2020-10-07,2022-01-08,2022,338762700,1052,0.436,0.4428,1.0374,1.0152,-0.0114,-7,1.022,0,2,0.626,0.9807,173,5.107,9.622,0.1846,0.3424,0.0841,0.1099,0.01,0.1509,0.0467,0.0139,33.409,0.2309,7.551,0.4215,0.3197,0.3074,4,0.0318,-6,0,0,0,0.9692,1.0057,Complete,2023-08-19,349519200,Train
PRJ3-01110,Gateway Marketplace 1110,Commercial,Southeast,VA,Private,Lump Sum,Design-Build,Low,Low,Slow,2018-07-16,2019-01-08,2019,195631000,346,0.51,0.4781,0.9808,0.9085,0.007,11,0.9504,30,24,0.663,0.9658,82,4.192,10.013,0.2819,0.3656,0.0701,0.0955,0.0493,0.0883,0.0173,0.0144,25.435,0.2963,4.192,0.1793,0.2598,0.3557,3,0.039,-13,0,0,0,0.9625,1.039,Complete,2019-06-14,203253900,Train
PRJ3-01111,Evergreen Urban Village 1111,Mixed-Use,Mountain,CO,Private,Lump Sum,CMAR,Low,High,Standard,2023-05-25,2024-09-04,2024,156474000,887,0.528,0.5199,1.065,0.9944,-0.0349,7,1.013,0,12,0.055,0.9863,56,3.579,7.247,0.3489,0.2399,0.0571,0,0.001,0.1277,0.0115,0.02,6.561,0.0618,0.162,0.1677,0.1304,0.3067,2,0.0436,3,0,0,0,0.9582,0.9966,Complete,2025-10-31,163298400,Validation
PRJ3-01112,Copper Neighborhood 1112,Residential,Southwest,AZ,Public,Guaranteed Maximum Price,Design-Bid-Build,High,Low,Fast,2025-03-17,2025-11-18,2025,88413200,631,0.391,0.4115,0.8898,0.9715,0.052,-13,1.0098,6,11,0.529,0.9656,64,7.239,13.98,0.08,0.448,0.128,0.2307,0.0885,0.168,0.0491,0.0322,7.592,0.0094,3.694,0.4187,0.1793,0.3976,4,0.2293,-11,1,0,1,0.8134,1.0177,Complete,2026-11-27,108690400,Test
PRJ3-01113,Riverside Marketplace 1113,Commercial,Midwest,IL,Public-Private Partnership,Guaranteed Maximum Price,CMAR,Moderate,High,Slow,2024-01-18,2025-03-28,2025,47729600,848,0.514,0.5016,1.0,1.0759,-0.0019,11,0.9004,5,18,0.339,0.9841,20,4.19,7.801,0.4007,0.3219,0.0779,0.196,0.0762,0.1441,0.018,0,22.475,0.3,6.385,0.2643,0.3433,0.4899,2,0.0368,7,0,0,0,0.9645,0.9918,Complete,2026-05-22,49487200,Test
PRJ3-01114,Canyon Corporate Center 1114,Commercial,West,NV,Public,Guaranteed Maximum Price,CMAR,Low,Low,Standard,2023-04-19,2024-03-25,2024,65407800,655,0.522,0.5363,1.0049,1.0147,-0.0144,-9,1.046,31,0,0.384,0.9563,25,3.822,6.824,0.4734,0.2203,0.0801,0.13,0.0333,0.1865,0.0119,0.0004,12.155,0.1353,2.148,0.1129,0.1324,0.2608,1,-0.0024,24,0,0,0,1.0024,0.9647,Complete,2025-02-26,65250200,Validation
PRJ3-01115,Summit Highway Improvements 1115,Heavy Civil,Midwest,MO,Public,Guaranteed Maximum Price,Design-Build,Very High,Low,Standard,2021-07-03,2022-12-04,2022,119438100,1175,0.442,0.4348,0.9082,0.8545,0.0302,8,0.88,33,27,1.083,0.9501,85,7.117,11.864,0.1004,0.3793,0.1191,0.1958,0.0836,0.2078,0.0421,0.0299,22.926,0.2836,4.519,0.3838,0.3014,0.4319,4,0.0353,45,0,1,1,0.9659,0.9631,Complete,2024-11-04,123649100,Train
PRJ3-01116,Canyon Process Plant 1116,Industrial,Southeast,VA,Public,Guaranteed Maximum Price,CMAR,High,High,Fast,2022-02-13,2023-11-28,2023,366065200,1157,0.565,0.5568,1.0237,1.0268,-0.0053,9,1.0176,15,12,0.28,0.9581,173,4.726,8.54,0.2327,0.2559,0.0738,0.1684,0.0663,0.1348,0.0249,0.0113,18.69,0.2295,5.948,0.3147,0.224,0.5114,2,0.0456,25,0,0,0,0.9564,0.9788,Complete,2025-05-10,382758600,Train
PRJ3-01117,Lakeview Logistics Center 1117,Industrial,Mountain,CO,Public,Guaranteed Maximum Price,CMAR,Moderate,Moderate,Slow,2021-06-12,2022-11-21,2022,83287400,927,0.569,0.4741,1.0912,0.8088,-0.0551,88,1.0888,3,23,0.592,0.9444,34,4.082,9.059,0.4269,0.3439,0.0608,0.1008,0,0.03,0.0647,0.0331,25.037,0.295,5.136,0.3411,0.1867,0.3154,4,0.0565,61,0,1,1,0.9465,0.9383,Complete,2024-02-25,87990500,Train
PRJ3-01118,Canyon Transit-Oriented Development 1118,Mixed-Use,Northeast,MA,Public-Private Partnership,Guaranteed Maximum Price,CMAR,High,Moderate,Standard,2023-01-11,2024-07-16,2024,135504300,1270,0.435,0.4029,0.9108,0.9492,0.0389,41,1.0409,10,12,0.561,0.9615,57,4.207,5.867,0.2288,0.0536,0.0853,0.1183,0.0311,0.1235,0.0098,0.0402,14.708,0.2064,1.7,0.204,0.1764,0.4837,2,0.0633,-3,0,0,0,0.9405,1.0024,Complete,2026-07-01,144081500,Validation
PRJ3-01119,Gateway Retail Center 1119,Commercial,Southwest,AZ,Private,Guaranteed Maximum Price,CMAR,Moderate,Moderate,Standard,2023-03-23,2023-11-08,2023,76549400,629,0.367,0.3643,0.9565,1.001,0.0173,2,1.0895,10,5,0.572,0.9481,42,5.487,7.276,0.3634,0.2999,0.0711,0.1221,0.0601,0.1888,0.0038,0.0292,18.464,0.2561,7.089,0.2786,0.2001,0.1379,3,-0.0188,-25,0,0,0,1.0192,1.0414,Complete,2024-11-16,75107500,Train
PRJ3-01120,Summit Airport Improvements 1120,Infrastructure,Northeast,NY,Public,Lump Sum,Design-Bid-Build,Moderate,Moderate,Standard,2023-01-16,2024-06-10,2024,85101300,1291,0.396,0.3746,0.91,0.9395,0.0191,28,0.9169,12,14,0.673,0.9717,39,4.583,2,0.6823,0.1271,0.0361,0.1338,0.043,0.1355,0.0374,0.0428,15.94,0.2043,6.082,0.406,0.2669,0.2812,3,0.1155,-22,1,0,1,0.8964,1.0173,Complete,2026-07-08,94934100,Validation
PRJ3-01121,Lakeview Distribution Hub 1121,Industrial,Mountain,CO,Private,Cost Plus,Design-Build,High,Moderate,Standard,2021-12-01,2022-11-15,2022,137345900,799,0.437,0.4002,1.068,0.9245,-0.0137,29,0.956,23,19,0.615,0.9538,67,4.878,9.326,0.2229,0.4364,0.1471,0.081,0.0301,0.2009,0.0573,0.0449,16.802,0.243,4.502,0.4971,0.2161,0.2605,4,0.1499,7,1,0,1,0.8697,0.9913,Complete,2024-02-15,157928800,Train
PRJ3-01122,Canyon Housing 1122,Residential,Mountain,ID,Public-Private Partnership,Lump Sum,Design-Build,Very High,Moderate,Standard,2021-03-04,2022-03-22,2022,336583400,722,0.531,0.5143,0.984,0.9985,0.0039,12,1.0467,17,21,1.088,0.9644,197,5.853,8.891,0.2676,0.2843,0.0601,0.1697,0.0597,0.2132,0.0599,0.0314,17.291,0.2158,4.42,0.397,0.2671,0.3343,3,0.081,-9,0,0,0,0.925,1.0126,Complete,2023-02-15,363859700,Train
PRJ3-01123,Aspen Apartments 1123,Residential,Northeast,CT,Private,Guaranteed Maximum Price,CMAR,Moderate,Moderate,Fast,2021-04-24,2021-12-07,2021,38188000,471,0.483,0.5013,1.0699,1.0256,-0.0255,-9,0.9569,0,19,0.308,0.977,20,5.237,8.703,0.2343,0.1864,0.0598,0.0332,0.0106,0.1,0.0193,0.0159,13.58,0.177,3.411,0.471,0.1272,0.3891,2,0.0387,-18,0,0,0,0.9627,1.0397,Complete,2022-07-21,39666400,Train
PRJ3-01124,Mesa Corporate Center 1124,Commercial,Southeast,FL,Public-Private Partnership,Guaranteed Maximum Price,Design-Bid-Build,High,Low,Slow,2020-08-10,2021-05-22,2021,131685600,573,0.498,0.4318,0.887,0.8769,0.0587,38,0.8953,18,13,0.851,0.979,82,6.227,13.314,0.08,0.5205,0.1033,0.1679,0.076,0.1896,0.0335,0.0335,20.377,0.2823,6.723,0.3253,0.2147,0.4128,5,0.174,81,1,1,1,0.8518,0.8761,Complete,2022-05-26,154594400,Train
PRJ3-01125,Copper Apartments 1125,Residential,Midwest,MN,Public,Lump Sum,Design-Bid-Build,Low,High,Slow,2024-06-07,2025-04-21,2025,44398200,539,0.59,0.5831,1.0207,1.0306,-0.0135,4,0.933,16,15,0.488,0.9517,19,4.279,7.519,0.4452,0.3071,0.0719,0.0057,0.0033,0.02,0.0122,0,25.599,0.2258,7.139,0.2365,0.226,0.2432,2,-0.0209,20,0,0,0,1.0214,0.9642,Complete,2025-12-18,43468700,Test
PRJ3-01126,Horizon Education Center 1126,Institutional,Mountain,WY,Public-Private Partnership,Guaranteed Maximum Price,CMAR,Low,High,Fast,2021-12-05,2022-07-07,2022,78087600,525,0.409,0.4226,1.0354,1.0861,0.0018,-7,1.1219,0,9,0.367,0.9743,34,4.354,9.127,0.35,0.3046,0.0676,0.0939,0,0.0656,0,0.0044,10.254,0.1157,0.405,0.1036,0.1773,0.2287,1,0.0661,-23,0,0,0,0.938,1.0458,Complete,2023-04-21,83252700,Train
PRJ3-01127,Riverside Housing 1127,Residential,Northeast,CT,Private,Cost Plus,Design-Bid-Build,Low,High,Standard,2022-04-06,2022-12-30,2022,48494800,479,0.561,0.5854,1.0768,0.9932,-0.0358,-12,0.9844,0,10,0.532,0.9673,11,2.268,11.883,0.1157,0.3591,0.0765,0,0.0347,0.0666,0.0234,0,10.895,0.1307,0,0.21,0.0715,0.2787,2,0.0166,-25,0,0,0,0.9836,1.0551,Complete,2023-07-04,49301100,Train
PRJ3-01128,Copper Town Center 1128,Mixed-Use,Midwest,MN,Public,Guaranteed Maximum Price,Design-Bid-Build,Moderate,Low,Fast,2024-01-24,2024-12-21,2024,134985700,864,0.385,0.3542,0.9159,0.9275,0.0184,27,1.0134,8,9,0.583,0.9664,66,4.889,5.563,0.4342,0.173,0.0425,0.1749,0.0317,0.1453,0.0101,0.0177,13.254,0.0876,6.764,0.2097,0.2078,0.3406,2,0.0753,1,0,0,0,0.93,0.9988,Complete,2026-06-07,145147400,Validation
PRJ3-01129,Summit Distribution Hub 1129,Industrial,Mountain,ID,Public,Unit Price,Design-Bid-Build,Moderate,High,Standard,2023-07-12,2024-12-24,2024,200627000,911,0.583,0.5424,1.044,0.9548,-0.0167,37,1.0495,18,12,0.332,0.9865,99,4.935,6.05,0.4721,0.3458,0.056,0.1571,0.0725,0.1806,0.0347,0.0226,32.856,0.3961,5.948,0.2782,0.2233,0.2351,4,0.0811,34,0,1,1,0.925,0.964,Complete,2026-02-11,216897300,Validation
PRJ3-01130,Horizon Logistics Center 1130,Industrial,Southwest,AZ,Private,Cost Plus,Design-Build,High,Low,Fast,2024-07-23,2025-12-19,2025,89338800,1141,0.451,0.4504,0.9205,1.0481,0.0227,1,0.8972,27,6,0.272,0.9621,49,5.485,10.99,0.3082,0.3038,0.0491,0.0977,0.0712,0.2707,0.0334,0.0354,21.261,0.2546,5.201,0.4398,0.1531,0.3412,4,0.0753,14,0,0,0,0.93,0.9879,Complete,2027-09-21,96062100,Test
PRJ3-01131,Copper Education Center 1131,Institutional,Southwest,NM,Private,Guaranteed Maximum Price,CMAR,Moderate,Moderate,Fast,2020-11-13,2021-10-06,2021,346390100,712,0.46,0.49,1.015,1.0731,-0.0127,-21,1.1223,3,12,0.413,0.942,170,4.908,6.329,0.5115,0.1821,0.0399,0.1308,0.056,0.1373,0.0343,0.009,21.35,0.2233,6.071,0.3311,0.2189,0.1897,2,0.0353,-8,0,0,0,0.9659,1.0114,Complete,2022-10-18,358625100,Train
PRJ3-01132,Lakeview Civic Complex 1132,Institutional,Southeast,VA,Public,Guaranteed Maximum Price,Design-Bid-Build,High,Moderate,Standard,2024-07-21,2025-11-23,2025,77963800,898,0.546,0.5116,0.9959,0.9245,-0.011,31,0.9262,36,20,0.738,0.9745,53,6.798,12.329,0.08,0.4496,0.1254,0,0.0004,0.2677,0.0737,0.024,19.486,0.2785,5.53,0.3331,0.1946,0.2717,4,0.0679,28,0,0,0,0.9365,0.9698,Complete,2027-02-02,83254300,Test
PRJ3-01133,Northstar Process Plant 1133,Industrial,Southeast,TN,Private,Unit Price,IPD,High,Moderate,Fast,2022-01-05,2022-12-22,2022,71022200,782,0.449,0.4365,1.0212,1.0364,0.0094,10,0.9298,3,22,0.37,0.9729,26,3.661,7.452,0.3347,0.3048,0.0855,0.0449,0.0493,0.02,0.0469,0.0301,5.17,0.1504,1.594,0.4369,0.0651,0.3962,2,0.0501,17,0,0,0,0.9522,0.9787,Complete,2024-03-14,74583700,Train
PRJ3-01134,Mesa Neighborhood 1134,Residential,Northeast,NJ,Public,Guaranteed Maximum Price,Design-Build,High,High,Fast,2024-02-21,2025-02-21,2025,32382800,673,0.545,0.5548,1.0061,1.0479,-0.0203,-7,1.0791,27,20,0.291,0.9776,7,2.162,6.129,0.4648,0.2399,0.0674,0.1233,0.0498,0.2333,0.0254,0.0199,10.594,0.129,0,0.1468,0.221,0.3483,2,-0.0545,14,0,0,0,1.0577,0.9796,Complete,2026-01-08,30617100,Test
PRJ3-01135,Horizon Office Campus 1135,Commercial,West,OR,Public,Guaranteed Maximum Price,IPD,Very High,Moderate,Fast,2022-03-18,2023-07-04,2023,164126400,871,0.544,0.4679,0.9368,0.8919,0.0309,66,0.9322,20,0,0.307,0.9499,78,4.752,4.297,0.4663,0.1992,0.0946,0.1365,0.0722,0.1434,0.0785,0.0275,31.399,0.2695,2.381,0.5225,0.2877,0.4405,3,0.0989,5,0,0,0,0.91,0.9943,Complete,2024-08-10,180360400,Train
PRJ3-01136,Cedar Manufacturing Facility 1136,Industrial,West,WA,Public,Cost Plus,Design-Bid-Build,Moderate,Moderate,Standard,2025-02-16,2025-11-04,2025,107425800,733,0.357,0.2829,1.0371,0.9049,0.0072,54,1.0318,0,3,0.888,0.9553,60,5.585,8.78,0.3621,0.228,0.0505,0.084,0.0325,0.1445,0.019,0.0425,17.965,0.2859,0,0.1744,0.1709,0.3505,3,0.0224,-9,0,0,0,0.9781,1.0124,Complete,2027-02-10,109827300,Test
PRJ3-01137,Harbor Medical Center 1137,Institutional,West,OR,Public,Guaranteed Maximum Price,IPD,Very High,Moderate,Slow,2022-08-22,2024-01-19,2024,70575700,1066,0.484,0.4421,0.8845,0.853,0.0424,45,0.822,40,0,0.792,0.9459,34,4.818,8.728,0.205,0.3718,0.1101,0.1812,0.108,0.2295,0.0352,0.0332,20.642,0.2409,7.659,0.37,0.2732,0.4649,4,0.186,54,1,1,1,0.8432,0.9518,Complete,2025-09-15,83699500,Validation
PRJ3-01138,Copper Civic Complex 1138,Institutional,Midwest,MN,Private,Guaranteed Maximum Price,Design-Bid-Build,Moderate,Low,Standard,2023-05-20,2024-03-27,2024,78121900,654,0.478,0.4435,0.8999,0.9652,0.0634,23,0.9106,20,20,0.753,0.9469,45,5.76,7.691,0.3691,0.2855,0.0542,0.1237,0.0527,0.0628,0.0299,0.012,5.314,0.1734,0,0.2106,0.0943,0.2831,1,0.1082,-25,1,0,1,0.9024,1.0397,Complete,2025-02-07,86571800,Validation
PRJ3-01139,Riverside District 1139,Mixed-Use,Mountain,MT,Private,Lump Sum,Design-Build,High,Moderate,Standard,2022-12-19,2023-09-28,2023,148556100,603,0.47,0.453,1.032,0.9692,-0.0173,10,0.9501,0,7,0.862,0.9749,74,4.981,7.295,0.3942,0.2284,0.0504,0.1161,0.0439,0.2874,0.0414,0.0172,20.371,0.2832,3.159,0.2527,0.2079,0.4827,2,0.0841,-25,0,0,0,0.9224,1.0433,Complete,2024-07-19,161052600,Train
PRJ3-01140,Aspen Education Center 1140,Institutional,Mountain,MT,Private,Guaranteed Maximum Price,Design-Build,High,Moderate,Standard,2024-08-04,2025-09-15,2025,93418400,855,0.477,0.502,0.9194,0.9902,0.0421,-21,0.9168,14,13,0.595,0.985,46,4.924,14.1,0.08,0.4353,0.1341,0.0992,0.0393,0.1689,0.0409,0,14.038,0.1986,6.186,0.4606,0.124,0.342,3,0.118,10,1,0,1,0.8945,0.9884,Complete,2026-12-17,104438100,Test
PRJ3-01141,Northstar Retail Center 1141,Commercial,West,CA,Private,Lump Sum,IPD,Very High,Moderate,Slow,2022-12-09,2024-01-24,2024,124833900,690,0.597,0.56,0.9313,0.9163,0.0486,26,0.991,44,10,0.76,0.9605,69,5.527,9.742,0.1204,0.3771,0.1044,0.1459,0.0664,0.1825,0.0472,0.0517,35.776,0.4132,7.507,0.4266,0.4033,0.4042,6,0.1178,58,1,1,1,0.8946,0.9225,Complete,2024-12-26,139534800,Validation
PRJ3-01142,Redwood District 1142,Mixed-Use,Midwest,IL,Public,Guaranteed Maximum Price,IPD,High,Moderate,Standard,2023-09-17,2025-01-28,2025,155351300,1021,0.489,0.5125,1.0459,1.0588,-0.0358,-24,0.9318,26,11,1.22,0.9766,85,5.471,7.886,0.3567,0.2658,0.0851,0.2013,0.061,0.1294,0.0479,0.03,33.88,0.3052,1.79,0.2044,0.3857,0.3988,4,0.0818,15,0,0,0,0.9244,0.9855,Complete,2026-07-19,168060800,Test
PRJ3-01143,Redwood Neighborhood 1143,Residential,Mountain,UT,Public,Guaranteed Maximum Price,IPD,High,Low,Standard,2022-04-04,2022-12-26,2022,60196600,547,0.488,0.4643,0.9622,0.9071,0.0264,13,0.9496,0,7,0.39,0.976,33,5.482,13.425,0.08,0.4778,0.117,0.2132,0.054,0.2561,0.0581,0.0267,22.205,0.2199,4.636,0.349,0.2242,0.204,5,0.1723,19,1,0,1,0.8531,0.9664,Complete,2023-10-22,70565900,Train
PRJ3-01144,Redwood Retail Center 1144,Commercial,Midwest,MI,Public,Lump Sum,Design-Build,Moderate,High,Standard,2024-03-22,2024-10-17,2024,343068800,425,0.493,0.4666,1.0244,0.9477,0.0277,11,0.9447,2,8,0.334,0.9837,140,4.081,6.057,0.2637,0.2617,0.048,0.0377,0.0338,0.1162,0.0016,0,21.067,0.417,2.35,0.1899,0.2344,0.3657,1,0.08,-5,0,0,0,0.9259,1.0119,Complete,2025-05-16,370506800,Validation
PRJ3-01145,Cedar Urban Village 1145,Mixed-Use,Mountain,WY,Public,Lump Sum,Design-Bid-Build,High,Low,Standard,2018-10-14,2019-10-18,2019,198195400,843,0.438,0.3837,0.844,0.8713,0.072,46,0.918,13,20,0.693,0.9724,126,6.357,5.153,0.4678,0.1241,0.0571,0.247,0.049,0.2427,0.0967,0.0359,25.24,0.3615,0.21,0.5513,0.2306,0.3811,3,0.1378,27,1,0,1,0.8789,0.969,Complete,2021-03-02,225511300,Train
PRJ3-01146,Crescent Civic Complex 1146,Institutional,Mountain,MT,Private,Lump Sum,Design-Bid-Build,Moderate,Low,Slow,2021-03-08,2021-12-28,2021,76101900,804,0.367,0.3462,0.9131,0.8929,0.0243,17,0.8649,22,10,0.677,0.9597,40,5.256,10.2,0.2744,0.3914,0.0977,0.2028,0.0959,0.1887,0.0309,0.059,19.515,0.174,6.935,0.2368,0.0962,0.2662,5,0.125,-16,1,0,1,0.8889,1.0203,Complete,2023-05-05,85613600,Train
PRJ3-01147,Mesa Office Campus 1147,Commercial,Northeast,PA,Public,Guaranteed Maximum Price,Design-Build,Moderate,Moderate,Standard,2022-11-23,2023-08-03,2023,123764300,553,0.459,0.4515,1.0021,0.9508,-0.0201,4,0.9811,14,7,0.898,0.9724,67,5.414,2.912,0.5916,0.1908,0.0576,0.1145,0,0.1042,0.0249,0,16.302,0.2193,0.157,0.1828,0.1633,0.2721,1,0.0081,13,0,0,0,0.992,0.977,Complete,2024-06-11,124766500,Train
PRJ3-01148,Summit Office Campus 1148,Commercial,Mountain,UT,Private,Guaranteed Maximum Price,Design-Bid-Build,Moderate,High,Standard,2019-07-22,2020-03-17,2020,55841400,446,0.538,0.4751,1.0075,0.8777,0.0058,28,0.9929,25,6,0.818,0.9817,29,5.193,6.856,0.2765,0.2288,0.0582,0.1233,0.038,0.2348,0.0334,0.0269,28.66,0.2932,5.751,0.1295,0.2775,0.2265,3,0.0061,46,0,1,1,0.9939,0.9065,Complete,2020-11-25,56181400,Train
PRJ3-01149,Mesa Town Center 1149,Mixed-Use,West,CA,Public,Cost Plus,Design-Build,Very High,Moderate,Standard,2020-04-24,2021-04-21,2021,118275000,949,0.382,0.3223,0.8495,0.867,0.0665,57,0.9103,19,9,1.038,0.9724,84,7.102,10.825,0.1098,0.3413,0.0715,0.2327,0.0521,0.1598,0.0566,0.0332,21.477,0.3081,3.832,0.5186,0.3113,0.339,4,0.1428,67,1,1,1,0.875,0.9341,Complete,2023-02-04,135167300,Train
PRJ3-01150,Crescent District 1150,Mixed-Use,Mountain,ID,Private,Unit Price,Design-Build,Low,Moderate,Standard,2019-06-14,2020-10-05,2020,239417300,1033,0.464,0.4247,1.1263,0.944,-0.0501,41,0.9336,24,12,0.567,0.9561,101,4.219,7.327,0.4445,0.3251,0.0769,0.0635,0.0159,0.1348,0,0,13.353,0.1822,4.96,0.0416,0.1816,0.2774,2,-0.008,22,0,0,0,1.0081,0.9791,Complete,2022-05-04,237495700,Train
PRJ3-01151,Northstar Transit-Oriented Development 1151,Mixed-Use,Southeast,VA,Private,Lump Sum,Design-Build,Low,Moderate,Fast,2020-01-25,2021-07-05,2021,150683600,945,0.558,0.5913,1.0422,1.0119,-0.0093,-31,1.0467,0,13,0.674,0.9798,53,3.517,7.541,0.2148,0.2068,0.0501,0.1312,0.0559,0.2018,0.0506,0,23.672,0.2346,0.881,0.2476,0.2722,0.2011,1,0.1393,-7,1,0,1,0.8778,1.0075,Complete,2022-08-20,171666300,Train
PRJ3-01152,Liberty Highway Improvements 1152,Heavy Civil,Southeast,GA,Private,Cost Plus,Design-Build,Moderate,Moderate,Standard,2019-12-13,2021-02-18,2021,548219400,1123,0.386,0.4017,0.8678,0.9541,0.0709,-18,0.8973,27,18,0.445,0.9794,240,4.378,11.547,0.2058,0.2771,0.0676,0.1544,0.0276,0.137,0.0186,0.0057,22.874,0.1791,2.688,0.3339,0.2581,0.2978,3,0.109,64,1,1,1,0.9017,0.9461,Complete,2023-03-14,607984100,Train
PRJ3-01153,Lakeview Residences 1153,Residential,Southeast,FL,Public,Guaranteed Maximum Price,Design-Build,High,Moderate,Standard,2024-10-05,2025-05-18,2025,73210100,490,0.461,0.4702,1.0075,1.0107,-0.0035,-5,0.9702,21,17,0.551,0.9754,36,4.917,10.171,0.08,0.2491,0.1036,0.0584,0.0109,0.2117,0.0591,0.0305,22.359,0.2051,1.689,0.2511,0.3056,0.3265,3,0.0575,11,0,0,0,0.9456,0.978,Complete,2026-02-18,77422600,Test
PRJ3-01154,Horizon Civic Complex 1154,Institutional,Mountain,MT,Private,Cost Plus,Design-Bid-Build,Moderate,Low,Standard,2024-04-18,2024-12-30,2024,160022100,595,0.431,0.4181,0.9249,0.9074,0.0389,8,0.9107,10,10,0.659,0.9663,76,4.749,12.172,0.0955,0.3848,0.1029,0.0972,0.0015,0.118,0.0387,0,5.186,0.1443,0.667,0.3502,0.0606,0.2631,2,-0.0222,17,0,0,0,1.0227,0.9722,Complete,2025-12-21,156468700,Validation
PRJ3-01155,Copper Education Center 1155,Institutional,Northeast,PA,Private,Lump Sum,CMAR,High,Low,Slow,2023-06-21,2025-04-21,2025,217259300,1233,0.544,0.4587,0.8989,0.8398,0.0229,105,0.8142,12,15,0.833,0.949,133,6.122,14.055,0.08,0.4076,0.0935,0.1855,0.0607,0.165,0,0.0392,33.6,0.4526,4.984,0.3625,0.3657,0.346,6,0.1412,42,1,1,1,0.8763,0.9671,Complete,2026-12-17,247937000,Test
PRJ3-01156,Evergreen Transit-Oriented Development 1156,Mixed-Use,Southeast,GA,Private,Guaranteed Maximum Price,CMAR,Moderate,Moderate,Slow,2024-01-12,2025-03-24,2025,154492600,1051,0.416,0.4075,0.8526,0.9546,0.0615,9,0.8851,29,5,0.452,0.9594,87,5.631,9.006,0.2624,0.3353,0.0958,0.008,0.0164,0.1399,0.0476,0.0316,21.325,0.2889,4.071,0.3028,0.0977,0.3378,3,0.184,-21,1,0,1,0.8446,1.0204,Complete,2026-11-07,182917100,Test
PRJ3-01157,Aspen Water Program 1157,Heavy Civil,Southwest,AZ,Private,Guaranteed Maximum Price,Design-Bid-Build,Very High,Moderate,Standard,2022-04-22,2024-05-04,2024,169148300,1342,0.554,0.5058,1.0772,0.892,-0.007,65,0.8318,28,17,0.994,0.966,114,6.74,12.245,0.08,0.485,0.108,0.1617,0.0618,0.2212,0.0291,0.0289,29.748,0.2919,4.152,0.2994,0.2633,0.299,5,0.0824,73,0,1,1,0.9239,0.9484,Complete,2026-03-07,183087100,Validation
PRJ3-01158,Northstar Logistics Center 1158,Industrial,Mountain,ID,Private,Guaranteed Maximum Price,Design-Bid-Build,High,Moderate,Standard,2017-11-04,2019-04-17,2019,190924600,1074,0.493,0.4285,0.9396,0.8484,0.0291,69,0.9962,37,21,0.659,0.9538,105,5.5,7.354,0.3915,0.2011,0.0859,0.0974,0.0244,0.1937,0.0402,0.0228,22.651,0.3325,3.823,0.3987,0.2043,0.3723,3,0.1071,25,1,0,1,0.9033,0.9773,Complete,2020-11-07,211373800,Train
PRJ3-01159,Pioneer Apartments 1159,Residential,Midwest,MO,Public,Lump Sum,Design-Bid-Build,Moderate,Moderate,Standard,2024-05-10,2025-02-03,2025,23788200,621,0.434,0.4342,1.0459,0.9364,-0.0146,0,0.9926,0,10,0.457,0.98,11,4.624,12.486,0.1163,0.3967,0.0878,0.0576,0.0282,0.0494,0.0242,0.0103,22.569,0.1579,4.864,0.2597,0.1336,0.3739,3,0.0372,-20,0,0,0,0.9642,1.0333,Complete,2026-01-01,24672200,Test
PRJ3-01160,Copper Medical Center 1160,Institutional,Mountain,MT,Public,Lump Sum,Design-Build,High,Moderate,Fast,2018-06-19,2019-06-22,2019,163766900,956,0.385,0.3611,1.0588,0.9623,-0.031,23,0.9797,24,10,0.596,0.9767,71,4.335,6.392,0.5132,0.2779,0.0829,0.1144,0.0396,0.2524,0.0391,0.0253,20.729,0.3538,3.121,0.3736,0.2259,0.4046,3,0.048,41,0,1,1,0.9542,0.9589,Complete,2021-03-12,171626700,Train
PRJ3-01161,Northstar Public Works Program 1161,Infrastructure,Northeast,PA,Private,Guaranteed Maximum Price,Design-Bid-Build,Moderate,High,Fast,2023-05-24,2025-02-04,2025,287758200,1043,0.597,0.6434,1.0296,1.0882,-0.0082,-48,1.0083,23,9,0.489,0.9836,124,4.309,4.505,0.5657,0.2528,0.0929,0.011,0,0.1141,0.0368,0.0175,13.092,0.1174,1.111,0.1603,0.0952,0.3698,2,0.0192,-21,0,0,0,0.9811,1.0205,Complete,2026-03-11,293296800,Test
PRJ3-01162,Canyon Public Works Program 1162,Infrastructure,Southeast,TN,Private,Unit Price,CMAR,Moderate,Moderate,Fast,2020-12-03,2022-04-03,2022,270314400,822,0.592,0.6329,0.9486,1.0231,0.0076,-34,1.0555,14,20,0.384,0.988,131,4.846,3.216,0.4653,0.166,0.0632,0.111,0.0589,0.0549,0.0381,0.0123,21.331,0.3363,0.45,0.2333,0.1816,0.2533,2,0.0568,-21,0,0,0,0.9462,1.0262,Complete,2023-02-12,285677600,Train
PRJ3-01163,Aspen Office Campus 1163,Commercial,Mountain,ID,Private,Lump Sum,Design-Bid-Build,Moderate,Moderate,Standard,2019-06-17,2020-05-28,2020,42800000,715,0.485,0.4591,0.8858,0.9493,0.0653,19,1.0322,15,7,0.656,0.9781,25,5.841,5.895,0.4268,0.2897,0.1034,0.104,0.0473,0.0449,0.0092,0.0152,9.118,0.149,2.572,0.3219,0.0677,0.1932,2,0.0996,0,0,0,0,0.9094,1.0,Complete,2021-06-01,47063900,Train
PRJ3-01164,Summit Highway Improvements 1164,Heavy Civil,Mountain,UT,Public,Lump Sum,Design-Build,Moderate,Moderate,Standard,2019-02-07,2020-01-14,2020,146150400,856,0.399,0.3661,1.0293,0.96,0.0065,28,0.9605,39,13,0.554,0.9769,62,4.242,4.451,0.6036,0.1946,0.0456,0.113,0.0156,0.11,0.0075,0.0095,24.476,0.3051,2.53,0.3234,0.2483,0.2924,2,0.0533,14,0,0,0,0.9494,0.9839,Complete,2021-06-26,153945300,Train
PRJ3-01165,Liberty Civic Complex 1165,Institutional,Southeast,NC,Private,Unit Price,IPD,Low,High,Slow,2023-04-04,2024-06-28,2024,76042000,900,0.502,0.5267,0.8939,0.9775,0.0643,-22,1.067,11,22,0.806,0.9751,36,4.734,3.376,0.6456,0.2031,0.0597,0,0,0.0253,0.0092,0.0091,17.39,0.2728,1.052,0.234,0.0577,0.4487,1,0.0193,0,0,0,0,0.9811,1.0,Complete,2025-09-20,77506400,Validation
PRJ3-01166,Canyon Highway Improvements 1166,Heavy Civil,West,CA,Public-Private Partnership,Guaranteed Maximum Price,Design-Build,High,Moderate,Slow,2021-08-13,2023-08-20,2023,176091900,1328,0.555,0.5011,0.8813,0.891,0.0464,72,0.8889,1,5,0.659,0.956,103,5.849,11.098,0.1315,0.4473,0.1112,0.0766,0.0501,0.1693,0.0554,0.0275,33.997,0.4256,6.103,0.4179,0.3106,0.4789,5,0.1389,36,1,1,1,0.878,0.9736,Complete,2025-05-08,200552000,Train
PRJ3-01167,Granite Logistics Center 1167,Industrial,Mountain,MT,Private,Guaranteed Maximum Price,Design-Build,Moderate,Moderate,Fast,2020-07-09,2022-02-16,2022,244521300,1242,0.473,0.4666,1.0853,0.972,-0.0301,8,1.0914,17,15,0.737,0.9587,107,4.376,5.709,0.3923,0.163,0.0441,0,0.0031,0.1537,0.0229,0.0062,21.823,0.3263,1.045,0.2895,0.1464,0.407,1,0.0029,-3,0,0,0,0.9971,1.0024,Complete,2023-11-30,245228100,Train
PRJ3-01168,Aspen Education Center 1168,Institutional,Mountain,WY,Private,Lump Sum,Design-Bid-Build,Very High,High,Standard,2020-09-01,2021-11-25,2021,103575600,935,0.482,0.4727,0.9308,0.9349,0.0194,9,1.0079,3,12,1.126,0.9702,62,5.986,9.991,0.1653,0.3486,0.1131,0.1652,0.0607,0.2631,0.0425,0.037,21.288,0.0783,6.35,0.148,0.1896,0.4951,4,0.0468,58,0,1,1,0.9553,0.9416,Complete,2023-05-22,108423600,Train
PRJ3-01169,Lakeview Utility Corridor 1169,Infrastructure,Southwest,TX,Private,Lump Sum,Design-Bid-Build,Moderate,High,Standard,2018-07-01,2019-11-23,2019,196186400,1118,0.457,0.4052,1.0042,0.9202,-0.0149,58,1.0483,10,0,0.725,0.9671,83,4.231,4.784,0.5033,0.2255,0.0406,0.0575,0.0198,0.0825,0.0214,0.0138,14.171,0.1599,0,0.168,0.1322,0.3273,1,0.127,-19,1,0,1,0.8873,1.0173,Complete,2021-07-04,221102300,Train
PRJ3-01170,Summit Process Plant 1170,Industrial,Southeast,VA,Public,Lump Sum,Design-Bid-Build,Moderate,High,Fast,2020-09-22,2021-07-11,2021,189301200,834,0.351,0.3597,0.8744,0.9731,0.0286,-7,0.9976,3,19,0.61,0.9747,80,4.226,7.397,0.3384,0.1504,0.0299,0.0764,0.0378,0.1499,0.0314,0.0131,21.186,0.3646,2.452,0.0428,0.186,0.3722,2,0.1062,7,1,0,1,0.904,0.9917,Complete,2023-01-11,209398100,Train
PRJ3-01171,Riverside Research Facility 1171,Institutional,West,NV,Public,Cost Plus,Design-Build,Very High,Low,Standard,2023-01-25,2023-11-22,2023,73144500,730,0.413,0.3858,0.8821,0.9285,0.0375,20,0.797,18,0,0.727,0.9645,40,5.469,12.807,0.0918,0.4455,0.1467,0.2723,0.081,0.2288,0.0466,0.0265,13.137,0.0579,4.31,0.4836,0.2426,0.3916,4,0.0994,7,0,0,0,0.9096,0.9905,Complete,2025-01-31,80418200,Train
PRJ3-01172,Riverside Research Facility 1172,Institutional,Mountain,ID,Private,Lump Sum,Design-Bid-Build,High,High,Standard,2023-05-09,2023-11-27,2023,128658500,562,0.361,0.3075,0.8948,0.8601,0.0675,30,1.0507,27,16,0.926,0.9526,84,6.529,10.307,0.1162,0.4461,0.0914,0.1278,0.0281,0.1065,0.02,0.0053,20.062,0.3399,6.718,0.2845,0.2285,0.3174,3,0.1448,2,1,0,1,0.8735,0.9965,Complete,2024-11-23,147288000,Train
PRJ3-01173,Crescent Logistics Center 1173,Industrial,Mountain,MT,Private,Lump Sum,CMAR,High,Low,Slow,2022-10-08,2023-10-03,2023,116545400,939,0.384,0.3303,0.8436,0.8613,0.0318,50,0.9324,37,2,0.601,0.9518,70,6.006,12.076,0.1184,0.3979,0.1259,0.1586,0.0099,0.3187,0.0504,0.0189,30.972,0.4266,4.602,0.1065,0.2807,0.4053,5,0.1275,14,1,0,1,0.8869,0.9853,Complete,2025-05-18,131404300,Train
PRJ3-01174,Granite Research Facility 1174,Institutional,West,OR,Private,Guaranteed Maximum Price,Design-Build,High,Moderate,Standard,2019-09-20,2020-12-08,2020,192288300,782,0.57,0.533,0.8846,0.9442,0.059,29,0.9558,13,5,0.734,0.9768,102,5.305,6.368,0.5544,0.1795,0.0548,0.1586,0.0415,0.1105,0.0535,0.0293,31.572,0.4144,3.564,0.3042,0.317,0.2263,3,0.1326,44,1,1,1,0.8829,0.9467,Complete,2021-12-24,217782700,Train
PRJ3-01175,Copper Apartments 1175,Residential,West,WA,Private,Guaranteed Maximum Price,Design-Bid-Build,Moderate,Moderate,Standard,2019-05-14,2020-02-28,2020,54452100,632,0.459,0.4429,1.0338,0.9197,0.0127,10,1.0068,15,2,0.521,0.957,35,6.428,8.554,0.2822,0.2854,0.0789,0.1223,0.0632,0.113,0.0139,0.0295,17.312,0.2221,11.702,0.2094,0.2089,0.2464,4,0.0271,21,0,0,0,0.9736,0.9678,Complete,2021-02-25,55930000,Train
PRJ3-01176,Harbor Town Center 1176,Mixed-Use,Southwest,NM,Private,Cost Plus,IPD,Moderate,High,Fast,2019-02-13,2020-08-08,2020,448709800,916,0.592,0.6168,1.0232,1.0366,-0.0169,-23,1.16,0,12,0.294,0.9789,189,4.212,2.484,0.6166,0.1609,0.0599,0.0999,0.0369,0.1462,0.0145,0.0044,7.071,0.2684,0.82,0.2928,0.1382,0.3602,1,0.0347,-25,0,0,0,0.9665,1.0281,Complete,2021-07-23,464260400,Train
PRJ3-01177,Horizon Medical Center 1177,Institutional,West,WA,Public-Private Partnership,Guaranteed Maximum Price,Design-Bid-Build,High,Moderate,Standard,2018-10-19,2019-12-28,2019,96852500,955,0.456,0.4383,0.8704,1.0329,0.0665,17,0.9781,23,0,0.916,0.9731,43,4.44,9.875,0.2482,0.2888,0.09,0.1953,0.0597,0.154,0.0482,0.0391,16.219,0.2108,5.851,0.2468,0.2358,0.2876,4,0.1239,-25,1,0,1,0.8898,1.0269,Complete,2021-05-06,108850900,Train
PRJ3-01178,Gateway Highway Improvements 1178,Heavy Civil,West,NV,Public-Private Partnership,Cost Plus,Design-Bid-Build,Moderate,Moderate,Standard,2024-02-20,2025-11-19,2025,128476000,1305,0.489,0.49,0.8481,0.9915,0.0802,-1,0.9954,20,0,0.511,0.9666,64,4.981,9.226,0.1946,0.4448,0.1063,0.1044,0.0068,0.1247,0.0025,0,27.742,0.2572,3.706,0.245,0.2225,0.2565,3,0.073,-25,0,0,0,0.932,1.0195,Complete,2027-08-23,137853400,Test
PRJ3-01179,Harbor District 1179,Mixed-Use,West,CA,Public,Cost Plus,IPD,Moderate,High,Standard,2018-11-23,2020-05-07,2020,493625400,903,0.589,0.5913,0.8665,1.0405,0.0794,-2,0.998,13,2,0.838,0.9792,215,4.356,9.575,0.2813,0.34,0.1014,0.1143,0.0307,0.0738,0.0099,0,20.696,0.201,5.156,0.3293,0.2103,0.2065,2,0.0618,-1,0,0,0,0.9418,1.0011,Complete,2021-05-13,524116300,Train
PRJ3-01181,Granite Transit-Oriented Development 1181,Mixed-Use,Southwest,AZ,Public,Guaranteed Maximum Price,Design-Build,Moderate,Moderate,Standard,2025-02-20,2025-12-22,2025,440752300,830,0.368,0.3182,0.9302,0.9144,0.0237,41,1.0089,29,13,0.37,0.9577,215,4.878,9.3,0.1831,0.3143,0.1232,0.1329,0.0166,0.1267,0.0202,0.0166,16.022,0.1397,2.574,0.3739,0.1772,0.2401,2,0.0258,24,0,0,0,0.9748,0.9719,Complete,2027-06-24,452135200,Test
PRJ3-01182,Evergreen Process Plant 1182,Industrial,Mountain,WY,Private,Unit Price,IPD,High,Low,Fast,2023-01-05,2024-01-11,2024,268036300,956,0.389,0.3335,0.8941,0.8848,0.0168,53,0.8902,26,8,0.904,0.9654,141,5.26,11.237,0.08,0.3648,0.0793,0.1609,0.0667,0.1635,0.0249,0.0133,19.422,0.2881,0,0.3684,0.3217,0.4515,3,0.0981,52,0,1,1,0.9107,0.9484,Complete,2025-10-09,294320600,Validation
PRJ3-01183,Summit Medical Center 1183,Institutional,Southwest,TX,Private,Guaranteed Maximum Price,Design-Build,Moderate,High,Standard,2021-12-09,2022-11-20,2022,72434100,842,0.411,0.4084,1.15,1.0447,-0.0527,2,1.1058,0,0,0.282,0.984,22,3.037,9.488,0.31,0.3165,0.0829,0.1226,0.054,0.067,0.0102,0.0074,23.785,0.3001,0,0.1204,0.3036,0.3553,2,-0.0322,5,0,0,0,1.0332,0.9941,Complete,2024-04-04,70104300,Train
PRJ3-01184,Gateway Corporate Center 1184,Commercial,Southeast,FL,Private,Lump Sum,Design-Build,Very High,Moderate,Standard,2020-11-09,2021-10-07,2021,109688900,652,0.51,0.4999,0.9995,0.9788,-0.0014,7,0.9242,30,17,0.524,0.958,65,5.926,12.384,0.08,0.4051,0.1059,0.1644,0.013,0.2304,0.0398,0.0134,32.097,0.3118,4.05,0.1818,0.3623,0.4449,4,0.0291,31,0,1,1,0.9718,0.9546,Complete,2022-09-23,112877400,Train
PRJ3-01185,Aspen Office Campus 1185,Commercial,West,CA,Private,Unit Price,CMAR,Very High,High,Slow,2018-07-10,2019-08-19,2019,71833800,695,0.584,0.5171,0.8699,0.8702,0.0797,47,0.9428,25,0,0.743,0.9456,49,6.821,9.2,0.3441,0.3836,0.1422,0.2,0.0646,0.2221,0.0842,0.0256,25.274,0.3017,5.64,0.5144,0.2828,0.5061,4,0.118,37,1,1,1,0.8945,0.9495,Complete,2020-07-11,80308200,Train
PRJ3-01186,Harbor Apartments 1186,Residential,Southeast,GA,Public,Cost Plus,Design-Bid-Build,Low,Moderate,Standard,2021-02-01,2021-12-19,2021,33654400,680,0.473,0.5255,1.0106,1.0919,-0.0035,-36,0.9933,8,24,0.834,0.974,8,2.377,6.215,0.5308,0.2014,0.0588,0,0.0111,0.0361,0,0,9.988,0.2002,3.517,0.2082,0.1122,0.3204,1,0.0304,20,0,0,0,0.9705,0.9714,Complete,2023-01-02,34677900,Train
PRJ3-01187,Redwood Retail Center 1187,Commercial,Mountain,CO,Public,Lump Sum,Design-Build,Moderate,Low,Fast,2024-12-05,2025-09-16,2025,98996900,520,0.549,0.5608,1.0479,1.0556,-0.037,-6,0.9533,7,17,0.621,0.9652,49,4.95,10.431,0.1705,0.2358,0.0961,0.1873,0.0663,0.2224,0.0477,0.0132,12.318,0.0826,6.149,0.204,0.2373,0.2377,3,0.0439,-5,0,0,0,0.9579,1.0097,Complete,2026-05-04,103343400,Test
PRJ3-01188,Lakeview Urban Village 1188,Mixed-Use,Northeast,MA,Public,Unit Price,Design-Build,High,Moderate,Fast,2021-04-07,2022-07-13,2022,61811300,969,0.477,0.436,0.9912,0.9654,0.0196,40,1.0603,23,16,0.861,0.9566,29,4.692,4.742,0.3987,0.1754,0.061,0.1843,0.0445,0.211,0.0423,0.0221,14.896,0.1984,2.976,0.3029,0.2331,0.3599,2,-0.0486,4,0,0,0,1.0511,0.9959,Complete,2023-12-06,58804500,Train
PRJ3-01189,Northstar Water Program 1189,Heavy Civil,West,CA,Private,Guaranteed Maximum Price,Design-Bid-Build,High,High,Fast,2021-06-01,2023-01-21,2023,148681300,1306,0.459,0.4054,0.97,0.9272,0.0121,70,0.9219,22,15,0.702,0.9635,82,5.515,9.282,0.2866,0.3022,0.0624,0.1238,0.0316,0.1804,0.026,0,5,0,6.996,0.3186,0.0987,0.2746,2,0.0265,6,0,0,0,0.9742,0.9954,Complete,2025-01-03,152626100,Train
PRJ3-01190,Pioneer Town Center 1190,Mixed-Use,Mountain,UT,Public-Private Partnership,Lump Sum,Design-Bid-Build,High,Moderate,Fast,2021-06-16,2022-11-24,2022,90867500,1078,0.488,0.4761,1.0345,0.9343,-0.0362,13,0.9721,7,7,1.123,0.959,55,6.053,7.403,0.4132,0.2437,0.064,0.0892,0.0555,0.1656,0.0582,0.0321,17.618,0.1724,3.435,0.4395,0.2084,0.2923,3,0.0492,22,0,0,0,0.9532,0.98,Complete,2024-06-20,95333800,Train
PRJ3-01191,Copper Medical Center 1191,Institutional,Southwest,AZ,Public,Guaranteed Maximum Price,Design-Build,Moderate,Moderate,Standard,2021-07-17,2022-09-27,2022,78769900,745,0.587,0.5768,0.9577,1.0083,0.0192,8,1.0252,26,9,0.449,0.9669,44,5.586,8.104,0.3355,0.3682,0.0828,0.1053,0.0073,0.179,0.0056,0.0183,31.674,0.2583,4.468,0.2811,0.3315,0.2867,4,0.0278,-8,0,0,0,0.9729,1.0109,Complete,2023-07-24,80961500,Train
PRJ3-01193,Liberty Distribution Hub 1193,Industrial,Midwest,MN,Public,Unit Price,Design-Bid-Build,Moderate,Moderate,Fast,2023-12-15,2024-12-28,2024,158558700,916,0.414,0.4211,0.9926,1.0038,-0.0291,-7,0.8862,0,10,0.501,0.9609,86,5.424,9.134,0.2388,0.3423,0.0721,0.0528,0.0311,0.1702,0.0179,0.0131,7.367,0.1948,2.867,0.2143,0.1957,0.2676,2,0.0912,-7,0,0,0,0.9164,1.0077,Complete,2026-06-11,173021000,Validation
PRJ3-01194,Redwood Water Program 1194,Heavy Civil,Midwest,MN,Private,Guaranteed Maximum Price,Design-Bid-Build,Moderate,Moderate,Fast,2024-05-23,2025-04-18,2025,115092900,848,0.39,0.3578,1.0096,0.9455,-0.0255,27,0.9679,30,7,0.395,0.974,55,4.779,5.389,0.4805,0.1729,0.0544,0,0.0087,0.1401,0.0348,0,14.761,0.0798,2.305,0.342,0.1043,0.3055,1,0.0705,27,0,0,0,0.9342,0.9691,Complete,2026-10-15,123202900,Test
PRJ3-01195,Redwood Marketplace 1195,Commercial,Mountain,ID,Private,Lump Sum,CMAR,High,Moderate,Fast,2021-07-23,2023-01-03,2023,37944100,909,0.582,0.623,1.011,1.0415,-0.0101,-37,1.0186,10,15,0.48,0.9946,24,6.325,11.073,0.08,0.331,0.0999,0.0913,0.0141,0.1592,0.0324,0.003,18.72,0.1343,2.866,0.3595,0.1703,0.3243,2,0.0401,16,0,0,0,0.9614,0.9827,Complete,2024-02-03,39467500,Train
PRJ3-01196,Liberty Distribution Hub 1196,Industrial,West,WA,Public,Lump Sum,IPD,Low,High,Standard,2023-07-07,2024-07-11,2024,181953800,770,0.481,0.5376,1.0459,1.118,-0.0065,-44,1.0681,0,5,0.781,0.9698,77,4.232,7.247,0.5394,0.2183,0.0355,0.0201,0.0084,0.101,0.0334,0.015,5,0,1.791,0.2912,0.0919,0.2034,1,-0.0362,-20,0,0,0,1.0376,1.0267,Complete,2025-07-26,175368000,Validation
PRJ3-01197,Redwood Apartments 1197,Residential,West,OR,Public,Cost Plus,Design-Bid-Build,Low,Low,Fast,2023-03-20,2023-12-13,2023,22504000,533,0.503,0.4298,1.0269,0.8747,-0.0208,39,0.9701,24,3,0.63,0.9707,10,4.444,2.564,0.5897,0.1432,0.0619,0.1957,0.0578,0.1421,0,0,22.345,0.2842,0.558,0.1767,0.2429,0.282,1,-0.0624,2,0,0,0,1.0666,0.9963,Complete,2024-09-05,21099100,Train
PRJ3-01198,Gateway Manufacturing Facility 1198,Industrial,Mountain,MT,Private,Guaranteed Maximum Price,Design-Build,Very High,Moderate,Slow,2023-11-02,2024-12-17,2024,185822100,1009,0.408,0.3485,0.9785,0.8828,0.0152,60,0.9011,17,19,0.808,0.9589,124,6.673,9.249,0.0897,0.3129,0.1101,0.1903,0.0607,0.2222,0.0773,0.043,32.292,0.4572,7.557,0.501,0.2877,0.4927,5,0.0694,50,0,1,1,0.9351,0.9528,Complete,2026-09-26,198721100,Validation
PRJ3-01199,Redwood Retail Center 1199,Commercial,Northeast,NJ,Public,Unit Price,Design-Build,Moderate,Low,Standard,2024-02-14,2025-02-04,2025,48863100,617,0.577,0.5196,0.8902,0.9644,0.0637,35,0.8957,24,22,1.119,0.9686,20,4.093,11.677,0.1912,0.4253,0.1119,0.1348,0.0207,0.1241,0.0105,0.0214,23.384,0.2629,1.732,0.4243,0.3093,0.1742,4,0.1098,29,1,0,1,0.901,0.9551,Complete,2025-11-21,54229800,Test
PRJ3-01200,Horizon Process Plant 1200,Industrial,West,OR,Private,Guaranteed Maximum Price,IPD,Low,Moderate,Slow,2024-03-16,2025-06-03,2025,127269400,849,0.524,0.5381,0.9088,0.9749,0.0561,-12,1.0001,14,0,0.439,0.9733,60,4.714,7.735,0.3973,0.3037,0.0823,0.0563,0.0502,0.1696,0.0238,0.0214,15.289,0.2783,7.166,0.4377,0.1263,0.338,3,0.1198,-8,1,0,1,0.893,1.0095,Complete,2026-07-05,142521200,Test
PRJ3-01201,Lakeview Town Center 1201,Mixed-Use,Northeast,MA,Public,Guaranteed Maximum Price,CMAR,Moderate,Moderate,Standard,2022-05-05,2023-07-10,2023,247973200,931,0.464,0.4851,0.9512,1.0214,-0.0006,-20,1.0278,15,15,0.771,0.9401,120,4.839,5.143,0.4176,0.2856,0.0616,0.1422,0.0406,0.1288,0.0356,0.0336,5,0.1726,6.82,0.1375,0.1387,0.2948,3,0.085,24,0,0,0,0.9217,0.9749,Complete,2024-12-15,269045800,Train
PRJ3-01202,Riverside Highway Improvements 1202,Heavy Civil,Mountain,WY,Public-Private Partnership,Unit Price,Design-Bid-Build,High,Low,Fast,2021-10-01,2023-05-15,2023,166507300,1213,0.488,0.49,0.9414,0.995,0.0331,-2,0.9287,12,9,1.326,0.9795,97,5.826,9.986,0.2177,0.4396,0.0905,0.2325,0.0561,0.2775,0.0698,0.0578,12.254,0.1073,2.881,0.3464,0.1282,0.421,4,0.1101,-25,1,0,1,0.9008,1.021,Complete,2025-01-01,184833600,Train
PRJ3-01203,Copper Bridge Program 1203,Heavy Civil,Mountain,WY,Private,Cost Plus,Design-Build,Very High,Low,Standard,2020-09-03,2022-01-15,2022,129843100,1145,0.436,0.3601,0.8065,0.8622,0.0662,87,0.9111,13,13,0.467,0.9575,83,6.392,5.693,0.4425,0.2388,0.0957,0.2074,0.0799,0.2062,0.0606,0.0302,6.708,0.1629,1.956,0.3885,0.1699,0.3628,2,0.0823,62,0,1,1,0.924,0.9486,Complete,2023-12-24,140528400,Train
PRJ3-01204,Canyon Medical Center 1204,Institutional,Midwest,MN,Public,Unit Price,Design-Build,Moderate,Moderate,Standard,2024-05-23,2025-07-07,2025,186671500,692,0.593,0.5684,0.9826,0.9766,0.0345,17,1.0997,21,12,0.61,0.9635,82,4.393,5.478,0.2722,0.2953,0.12,0.0982,0.0169,0.1168,0.0209,0.0091,33.947,0.3066,6.194,0.1931,0.2705,0.3194,3,0.0272,2,0,0,0,0.9735,0.9971,Complete,2026-04-17,191755800,Test
PRJ3-01205,Evergreen Logistics Center 1205,Industrial,Northeast,CT,Public,Guaranteed Maximum Price,Design-Build,Moderate,Moderate,Fast,2019-10-06,2020-08-08,2020,427799500,722,0.426,0.3997,1.1335,0.9747,-0.0368,19,1.0654,17,22,0.551,0.9974,186,4.348,8.839,0.424,0.3926,0.101,0.1879,0.023,0.1451,0.0039,0,7.659,0.1561,2.727,0.335,0.1433,0.2501,2,-0.0163,31,0,1,1,1.0166,0.9588,Complete,2021-10-28,420833400,Train
PRJ3-01206,Granite Public Works Program 1206,Infrastructure,West,CA,Public,Guaranteed Maximum Price,Design-Build,High,Moderate,Standard,2024-01-14,2025-04-28,2025,610005200,1179,0.399,0.4018,1.0561,0.9912,-0.0508,-3,0.9083,23,12,0.836,0.9609,240,3.934,7.874,0.3468,0.2965,0.1034,0.2574,0.0529,0.2514,0.0538,0.0073,22.359,0.2506,6.791,0.303,0.2949,0.2535,3,0.0992,8,0,0,0,0.9098,0.9933,Complete,2027-04-15,670508800,Test
PRJ3-01207,Lakeview Civic Complex 1207,Institutional,Southwest,NM,Public,Guaranteed Maximum Price,CMAR,Moderate,High,Standard,2019-09-25,2020-10-07,2020,53291300,770,0.492,0.4945,1.079,1.0097,-0.0461,-2,1.0277,26,14,0.083,0.9806,30,5.629,6.777,0.3525,0.2089,0.0553,0.05,0.0201,0.1489,0.0225,0.0163,15.277,0.2257,3.146,0.339,0.212,0.2242,2,-0.043,-13,0,0,0,1.0449,1.0172,Complete,2021-10-21,50999200,Train
PRJ3-01208,Pioneer Research Facility 1208,Institutional,Mountain,MT,Private,Lump Sum,Design-Bid-Build,Moderate,Moderate,Standard,2020-07-17,2021-09-12,2021,143718800,956,0.442,0.4688,0.9814,0.9591,0.0225,-26,1.0337,6,28,0.489,0.9674,70,4.871,5.024,0.4458,0.2147,0.0729,0.0609,0.0428,0.1255,0.0099,0.0185,15.685,0.1426,2.884,0.3244,0.2005,0.2437,2,-0.0044,-2,0,0,0,1.0044,1.0021,Complete,2023-02-26,143083800,Train
PRJ3-01209,Redwood Process Plant 1209,Industrial,Southeast,GA,Public,Lump Sum,Design-Bid-Build,High,High,Fast,2018-06-30,2019-05-24,2019,497109900,901,0.365,0.3388,0.9772,0.9533,0.0029,24,1.0231,17,10,0.815,0.9691,240,4.828,9.611,0.2375,0.3176,0.0909,0.0865,0.0468,0.2299,0.0489,0.0096,17.278,0.2307,0.108,0.38,0.1912,0.3388,2,0.0202,-6,0,0,0,0.9802,1.0067,Complete,2020-12-11,507127100,Train
PRJ3-01210,Harbor Airport Improvements 1210,Infrastructure,Mountain,ID,Public,Lump Sum,CMAR,Very High,High,Fast,2022-09-17,2023-12-18,2023,230734800,1219,0.375,0.3881,0.8973,0.9869,0.0123,-16,0.8662,12,20,1.073,0.9641,135,5.851,7.24,0.2594,0.1454,0.0753,0.1574,0.0413,0.2222,0.0789,0.0228,19.402,0.2176,4.845,0.2866,0.1557,0.4648,2,0.0329,15,0,0,0,0.9681,0.9878,Complete,2026-02-02,238325500,Train
PRJ3-01211,Redwood Housing 1211,Residential,Midwest,MI,Private,Unit Price,IPD,Very High,High,Standard,2024-11-13,2025-11-06,2025,30065400,623,0.576,0.6495,1.0613,1.0829,-0.0167,-46,0.9107,25,31,0.75,0.9703,9,2.993,5.624,0.4262,0.2497,0.0872,0.1068,0.053,0.2664,0.0675,0.0295,21.797,0.2521,5.011,0.4313,0.0784,0.4448,3,0.0748,36,0,1,1,0.9304,0.9454,Complete,2026-09-03,32314500,Test
PRJ3-01212,Mesa Public Works Program 1212,Infrastructure,Southeast,TN,Public,Cost Plus,Design-Build,Very High,High,Fast,2023-05-22,2024-09-09,2024,127781500,1244,0.383,0.381,0.9112,0.9658,0.0405,2,0.9957,2,20,0.845,0.9767,79,6.182,9.863,0.2459,0.1627,0.0756,0.1429,0.0201,0.271,0.0622,0.0396,26.758,0.259,3.122,0.3499,0.1906,0.2636,4,0.0917,-4,0,0,0,0.916,1.0032,Complete,2026-10-13,139505200,Validation
PRJ3-01213,Pioneer Utility Corridor 1213,Infrastructure,Northeast,NJ,Private,Lump Sum,Design-Build,Low,High,Standard,2019-07-20,2020-11-10,2020,124220200,1049,0.457,0.5185,1.0419,1.0909,-0.0132,-64,1.0279,19,5,0.601,0.9815,50,4.025,3.505,0.5583,0.1496,0.0237,0,0.0067,0.02,0,0.0155,25.52,0.3089,1.477,0.2251,0.109,0.1884,2,0.0144,28,0,0,0,0.9858,0.974,Complete,2022-07-01,126012000,Train
PRJ3-01214,Redwood Residences 1214,Residential,Northeast,CT,Private,Cost Plus,Design-Bid-Build,High,Moderate,Fast,2021-07-10,2022-07-15,2022,32585300,711,0.521,0.4902,0.8747,0.9619,0.0607,22,1.0329,16,23,0.346,0.9598,19,5.831,11.401,0.1299,0.3269,0.0854,0.2,0.0629,0.193,0.0599,0.0361,27.93,0.3329,0.148,0.3635,0.2427,0.3094,4,0.1771,0,1,0,1,0.8496,1.0,Complete,2023-06-21,38355900,Train
PRJ3-01215,Canyon Water Program 1215,Heavy Civil,Mountain,WY,Public,Unit Price,CMAR,High,Low,Slow,2024-02-20,2025-11-12,2025,238936800,1173,0.538,0.4853,0.89,0.962,0.0501,62,0.9068,24,11,0.202,0.9552,147,6.152,9.053,0.2683,0.3582,0.09,0.1601,0.0522,0.1539,0.0517,0.0325,30.217,0.2593,0.565,0.3187,0.2676,0.3455,4,0.0878,14,0,0,0,0.9193,0.9882,Complete,2027-05-22,259908100,Test
PRJ3-01216,Copper Apartments 1216,Residential,Southwest,AZ,Public,Unit Price,CMAR,Low,High,Standard,2019-04-03,2020-01-03,2020,44713900,764,0.36,0.3898,1.0418,1.1053,-0.0053,-23,1.0542,1,3,0.76,0.992,19,4.249,13.254,0.0844,0.4423,0.1161,0.0766,0.069,0.062,0.0255,0,10.108,0.1646,0,0.237,0.1209,0.2003,2,0.0581,-24,0,0,0,0.9451,1.0324,Complete,2021-04-12,47313000,Train
PRJ3-01217,Canyon Public Works Program 1217,Infrastructure,West,OR,Public,Lump Sum,Design-Bid-Build,Moderate,Low,Fast,2021-05-23,2022-08-28,2022,194359600,942,0.491,0.4958,0.9324,1.0402,0.0226,-5,0.9135,11,0,1.022,0.9478,98,5.042,9.511,0.1816,0.2978,0.086,0.0849,0.0316,0.195,0.0492,0.0142,12.481,0.2319,1.537,0.0901,0.139,0.265,2,0.0108,-25,0,0,0,0.9894,1.0273,Complete,2023-11-26,196451400,Train
PRJ3-01218,Canyon Bridge Program 1218,Heavy Civil,Southwest,NM,Private,Guaranteed Maximum Price,IPD,Moderate,Moderate,Standard,2017-09-14,2019-04-28,2019,315007400,1007,0.587,0.5461,0.9878,0.9305,-0.0035,41,0.9535,7,1,0.135,0.9955,139,4.413,10.224,0.2048,0.4343,0.0826,0.1003,0.0418,0.1792,0.0714,0.0001,31.697,0.3505,7.319,0.2743,0.2814,0.3444,4,0.059,63,0,1,1,0.9442,0.9411,Complete,2020-08-19,333606800,Train
PRJ3-01219,Aspen Manufacturing Facility 1219,Industrial,West,NV,Public,Unit Price,CMAR,High,High,Slow,2023-10-18,2024-09-20,2024,157961100,809,0.419,0.3876,0.9389,0.8751,0.0179,25,0.99,28,9,0.92,0.9671,96,6.077,9.487,0.238,0.3786,0.0986,0.1454,0.0301,0.2411,0.0309,0.0375,35.733,0.4607,2.005,0.3533,0.2816,0.3744,5,0.1115,42,1,1,1,0.8997,0.9506,Complete,2026-02-15,175578500,Validation
PRJ3-01220,Crescent District 1220,Mixed-Use,Northeast,NJ,Public,Lump Sum,Design-Bid-Build,High,High,Slow,2022-07-08,2023-10-27,2023,74301300,1002,0.476,0.4434,1.0072,0.9437,-0.0158,33,0.9674,26,17,0.879,0.9537,26,3.499,9.454,0.2641,0.423,0.1008,0.2067,0.0463,0.2465,0.0388,0.0402,26.105,0.4066,2.53,0.3333,0.2731,0.3888,4,0.1009,28,1,0,1,0.9083,0.9728,Complete,2025-05-03,81801900,Train
PRJ3-01221,Canyon Urban Village 1221,Mixed-Use,Southwest,NM,Private,Guaranteed Maximum Price,Design-Bid-Build,Very High,Moderate,Standard,2022-12-11,2024-10-03,2024,75908900,1183,0.56,0.5065,0.8307,0.8864,0.1054,63,0.8613,25,11,1.254,0.9531,42,5.533,13.157,0.0973,0.4275,0.1188,0.143,0.0392,0.1902,0.0657,0.0484,21.435,0.2833,0,0.457,0.2314,0.3705,5,0.1579,42,1,1,1,0.8636,0.9657,Complete,2026-04-19,87893200,Validation
PRJ3-01222,Horizon Logistics Center 1222,Industrial,West,OR,Public,Cost Plus,Design-Bid-Build,Moderate,High,Fast,2019-01-10,2019-12-20,2019,174674700,926,0.372,0.3975,0.946,1.0742,0.0284,-24,1.024,0,11,0.634,0.9579,82,4.694,4.695,0.4584,0.1916,0.0283,0.0643,0,0.0706,0.0488,0.0123,12.658,0.1671,3.411,0.3364,0.1309,0.3564,2,0.0097,-13,0,0,0,0.9904,1.0142,Complete,2021-07-11,176375100,Train
PRJ3-01223,Crescent Utility Corridor 1223,Infrastructure,Southwest,AZ,Private,Unit Price,Design-Build,Moderate,High,Fast,2018-06-14,2019-09-21,2019,150425000,912,0.509,0.5599,1.032,1.0961,-0.0033,-46,0.9843,0,14,0.635,0.983,53,3.523,5.588,0.5062,0.25,0.0614,0.1199,0.0393,0.1025,0.0253,0.0134,23.194,0.2121,0,0.2343,0.1976,0.4465,2,0.0093,1,0,0,0,0.9908,0.9989,Complete,2020-12-13,151821100,Train
PRJ3-01224,Crescent Retail Center 1224,Commercial,Southwest,AZ,Private,Guaranteed Maximum Price,Design-Build,High,Moderate,Fast,2024-05-01,2025-05-26,2025,46545100,693,0.563,0.5158,0.9153,0.9305,0.0389,33,1.1034,22,14,0.873,0.9779,28,6.016,6.788,0.2988,0.2339,0.0724,0.1233,0.0298,0.1381,0.0054,0.0029,25.752,0.3496,0,0.4067,0.2122,0.3561,2,0.0478,0,0,0,0,0.9544,1.0,Complete,2026-03-25,48770800,Test
PRJ3-01225,Crescent Earthworks Package 1225,Heavy Civil,West,OR,Private,Guaranteed Maximum Price,Design-Build,Very High,High,Fast,2024-05-14,2025-11-27,2025,84442200,1361,0.413,0.4267,0.9638,0.9853,-0.0047,-19,1.0471,21,9,0.272,0.9748,30,3.553,8.454,0.2981,0.3362,0.1346,0.1798,0.0747,0.2824,0.0013,0.0281,27.083,0.3308,6.082,0.3621,0.223,0.33,4,0.0214,30,0,1,1,0.979,0.9784,Complete,2028-03-05,86251500,Test
PRJ3-01226,Liberty Transit-Oriented Development 1226,Mixed-Use,Southwest,NM,Private,Unit Price,Design-Bid-Build,High,Low,Standard,2020-06-13,2021-10-29,2021,90151500,1039,0.485,0.427,0.906,0.9052,0.0545,60,1.0022,27,8,0.709,0.9351,54,5.99,5.833,0.3461,0.1231,0.0366,0.1475,0.0547,0.203,0.06,0.0169,26.276,0.3713,8.911,0.3541,0.2876,0.3656,3,0.1366,34,1,1,1,0.8798,0.9683,Complete,2023-05-22,102467700,Train
PRJ3-01227,Liberty Corporate Center 1227,Commercial,Midwest,MN,Public-Private Partnership,Guaranteed Maximum Price,Design-Build,Moderate,Moderate,Standard,2019-06-02,2020-05-28,2020,41197800,746,0.484,0.5013,1.0343,1.0034,-0.0012,-13,1.0072,8,9,0.506,0.9696,25,6.068,9.465,0.3248,0.3498,0.0883,0.0698,0.0645,0.0431,0.029,0.018,23.698,0.2811,0,0.1953,0.1372,0.3368,3,0.0265,-25,0,0,0,0.9742,1.0347,Complete,2021-05-23,42289600,Train
PRJ3-01228,Crescent Office Campus 1228,Commercial,West,NV,Private,Cost Plus,Design-Bid-Build,Moderate,High,Fast,2024-12-10,2025-09-20,2025,99035100,492,0.579,0.545,1.0351,0.9258,-0.0207,17,0.9849,8,5,0.463,0.9574,33,3.332,4.695,0.3998,0.182,0.0456,0.1039,0.0569,0.1445,0.0167,0,12.247,0.2433,3.722,0.1404,0.1643,0.3586,1,-0.042,-20,0,0,0,1.0439,1.0424,Complete,2026-03-27,94872900,Test
PRJ3-01229,Canyon Housing 1229,Residential,Northeast,CT,Private,Guaranteed Maximum Price,Design-Build,Very High,High,Standard,2022-02-10,2023-02-23,2023,119398000,651,0.582,0.6005,0.9554,0.9977,0.0195,-12,1.0389,0,22,0.896,0.974,62,5.193,8.348,0.3531,0.3401,0.1164,0.1507,0.0304,0.1633,0.0465,0.0396,21.405,0.1766,1.492,0.6042,0.2719,0.3087,3,0.0713,16,0,0,0,0.9334,0.976,Complete,2023-12-09,127914500,Train
PRJ3-01230,Summit Office Campus 1230,Commercial,Northeast,CT,Private,Guaranteed Maximum Price,Design-Build,High,High,Standard,2021-07-19,2022-06-07,2022,80134500,633,0.511,0.4597,0.955,0.9469,0.0045,32,1.0568,25,15,0.487,0.9848,41,5.116,3.812,0.4431,0.1213,0.0379,0.2235,0.0787,0.2116,0.0475,0.0017,17.18,0.353,5.054,0.2662,0.242,0.2722,1,0.0593,4,0,0,0,0.944,0.9937,Complete,2023-04-17,84885800,Train
PRJ3-01231,Gateway Marketplace 1231,Commercial,Midwest,IL,Private,Lump Sum,IPD,High,High,Fast,2023-11-19,2024-11-15,2024,36500100,710,0.51,0.5001,1.0521,0.9709,-0.0411,7,1.0104,12,16,0.502,0.9768,17,4.658,4.391,0.5181,0.2028,0.0781,0.1162,0.0567,0.1878,0.0355,0.0135,18.892,0.3677,6.67,0.1311,0.145,0.3837,2,-0.001,28,0,0,0,1.001,0.9621,Complete,2025-11-26,36464700,Validation
PRJ3-01232,Redwood Town Center 1232,Mixed-Use,Southeast,TN,Private,Cost Plus,IPD,Very High,Moderate,Fast,2024-04-17,2025-08-28,2025,92080600,1096,0.455,0.4035,0.9644,0.9439,0.0103,56,1.0965,0,23,0.514,0.9508,51,5.539,3.32,0.549,0.1939,0.0529,0.2496,0.0828,0.2081,0.0374,0.0175,19.525,0.2341,0,0.2333,0.2622,0.4423,2,0.1498,13,1,0,1,0.8697,0.9883,Complete,2027-05-01,105874900,Test
PRJ3-01233,Riverside Neighborhood 1233,Residential,Northeast,NJ,Public,Lump Sum,IPD,High,Moderate,Standard,2022-12-06,2024-02-08,2024,51029600,844,0.509,0.5076,0.9246,1.0023,0.0375,1,1.0265,15,19,0.505,0.9672,16,3.135,10.912,0.199,0.3257,0.0708,0.075,0.0385,0.0844,0.0292,0.0381,10.208,0.1664,6.46,0.3069,0.1369,0.4853,4,0.1277,9,1,0,1,0.8868,0.9894,Complete,2025-04-07,57546000,Validation
PRJ3-01234,Mesa Corporate Center 1234,Commercial,Midwest,OH,Private,Lump Sum,IPD,Moderate,Moderate,Standard,2018-12-12,2019-11-16,2019,61371100,656,0.518,0.4808,0.9183,0.9701,0.029,24,1.0091,0,19,0.927,0.9802,38,6.192,5.623,0.3985,0.2571,0.0713,0.1842,0.0554,0.1734,0.0008,0.0147,17.409,0.2781,1.98,0.247,0.3092,0.4136,2,0.0373,24,0,0,0,0.9641,0.9647,Complete,2020-10-22,63657600,Train
PRJ3-01235,Granite Research Facility 1235,Institutional,Midwest,OH,Private,Lump Sum,Design-Build,Very High,High,Fast,2023-03-01,2024-02-04,2024,49713600,961,0.354,0.3296,0.9943,1.0182,0.0136,23,1.0775,17,12,0.844,0.9718,26,5.23,12.104,0.2066,0.3714,0.1246,0.2281,0.0625,0.2584,0.0561,0.0122,22.953,0.3962,0,0.2799,0.3189,0.4097,3,0.0634,4,0,0,0,0.9404,0.9959,Complete,2025-10-21,52867000,Validation
PRJ3-01236,Granite Manufacturing Facility 1236,Industrial,Southeast,GA,Public,Cost Plus,Design-Bid-Build,Very High,Moderate,Slow,2019-03-25,2020-11-07,2020,179853000,1046,0.567,0.5289,0.7361,0.9567,0.1987,40,0.8802,12,18,0.675,0.9505,120,6.672,13.144,0.08,0.4866,0.1476,0.1216,0.0446,0.2278,0.0498,0.0292,42.13,0.5139,4.694,0.5307,0.31,0.4652,6,0.2779,51,1,1,1,0.7825,0.9535,Complete,2022-03-26,229838000,Train
PRJ3-01237,Summit Town Center 1237,Mixed-Use,Southeast,NC,Private,Unit Price,Design-Bid-Build,High,Moderate,Standard,2018-09-25,2020-04-27,2020,93452800,1340,0.433,0.3751,0.9248,0.9067,0.0313,78,1.0023,9,18,0.738,0.969,50,5.35,9.401,0.275,0.3848,0.0865,0.1745,0.0529,0.1647,0.0596,0.0389,24.064,0.3235,4.612,0.1947,0.1594,0.3382,4,0.0433,32,0,1,1,0.9585,0.9767,Complete,2022-06-28,97502500,Train
PRJ3-01238,Horizon Apartments 1238,Residential,Mountain,WY,Public,Guaranteed Maximum Price,CMAR,Low,Moderate,Standard,2020-07-11,2021-08-10,2021,66496100,679,0.582,0.6074,1.108,1.0189,-0.0407,-17,1.0748,4,11,0.433,0.9878,16,2.406,8.426,0.3439,0.2539,0.0442,0.0974,0.0348,0.0639,0.022,0.0088,8.241,0.1159,2.823,0.1063,0.1494,0.3227,2,0.0025,-24,0,0,0,0.9975,1.0366,Complete,2022-04-27,66660600,Train
PRJ3-01239,Summit Public Works Program 1239,Infrastructure,Mountain,ID,Private,Guaranteed Maximum Price,Design-Bid-Build,High,High,Slow,2023-01-09,2024-07-02,2024,195303900,1034,0.523,0.4862,0.9967,0.9563,-0.004,38,0.924,7,16,1.113,0.9488,106,5.427,4.22,0.4915,0.2611,0.1052,0.0438,0.0095,0.2464,0.0335,0.0424,16.61,0.2866,3.736,0.2482,0.1403,0.3382,3,0.0479,21,0,0,0,0.9543,0.9801,Complete,2025-11-29,204651900,Validation
PRJ3-01240,Pioneer Town Center 1240,Mixed-Use,Southeast,VA,Private,Lump Sum,IPD,Very High,Moderate,Standard,2024-01-21,2025-04-09,2025,157423000,1105,0.402,0.336,1.0029,0.9039,0.0128,73,0.895,26,26,0.633,0.9582,80,5.082,7.259,0.1977,0.2525,0.0949,0.1817,0.0351,0.2257,0.0413,0.0394,16.192,0.3065,3.595,0.2998,0.2914,0.3362,3,0.1057,44,1,1,1,0.9044,0.9617,Complete,2027-03-15,174056900,Test
PRJ3-01241,Harbor Public Works Program 1241,Infrastructure,West,NV,Private,Lump Sum,Design-Build,High,Low,Standard,2022-05-09,2023-10-17,2023,208187000,1317,0.4,0.3797,1.0042,0.9093,-0.0136,27,0.9933,10,6,0.93,0.9598,133,6.388,13.868,0.08,0.5259,0.0947,0.1737,0.0275,0.0473,0.0494,0.0095,26.673,0.3263,5.547,0.2152,0.2551,0.3785,4,0.0445,35,0,1,1,0.9574,0.9741,Complete,2026-01-20,217444600,Train
PRJ3-01242,Harbor Highway Improvements 1242,Heavy Civil,Southwest,NM,Private,Cost Plus,IPD,Moderate,Moderate,Fast,2023-10-26,2024-12-18,2024,90055100,1108,0.379,0.4074,0.9222,0.9955,0.0404,-31,1.0246,7,8,0.339,0.9842,34,3.775,7.434,0.3675,0.2682,0.0616,0.0524,0.0291,0.105,0.001,0.0101,28.934,0.24,0.42,0.1541,0.226,0.3972,2,0.0218,-15,0,0,0,0.9787,1.0137,Complete,2026-10-23,92019200,Validation
PRJ3-01243,Evergreen Corporate Center 1243,Commercial,Mountain,ID,Private,Lump Sum,CMAR,Low,Low,Standard,2021-04-13,2021-11-19,2021,47767400,554,0.398,0.4389,0.9604,1.0773,0.0291,-23,0.9977,16,5,0.316,0.9856,13,2.722,10.622,0.1954,0.4464,0.1201,0.0668,0.0378,0.1573,0,0.0059,10.533,0.1982,2.712,0.3629,0.0836,0.305,2,0.0475,11,0,0,0,0.9547,0.9805,Complete,2022-10-30,50034800,Train
PRJ3-01244,Lakeview Neighborhood 1244,Residential,Southeast,TN,Private,Guaranteed Maximum Price,CMAR,Very High,Low,Standard,2018-12-25,2020-02-08,2020,50163200,777,0.528,0.4695,0.9271,0.9098,0.0361,45,0.8572,45,18,0.774,0.9483,42,8.373,7.284,0.2643,0.2358,0.0963,0.2217,0.0576,0.2605,0.0242,0.051,20.833,0.2194,4.25,0.2582,0.2651,0.2547,4,0.0999,5,0,0,0,0.9092,0.9936,Complete,2021-02-14,55172700,Train
PRJ3-01245,Gateway Distribution Hub 1245,Industrial,Mountain,ID,Public-Private Partnership,Unit Price,Design-Bid-Build,Very High,High,Standard,2020-05-23,2021-06-16,2021,161526000,910,0.428,0.3694,0.9748,0.8201,0.008,53,0.8974,10,5,0.536,0.9659,105,6.501,5.882,0.3151,0.1726,0.0415,0.1696,0.0625,0.1845,0.0215,0.0418,17.47,0.2037,6.932,0.2468,0.2418,0.5007,3,0.0974,55,0,1,1,0.9113,0.943,Complete,2023-01-13,177253300,Train
PRJ3-01246,Horizon Residences 1246,Residential,Southeast,NC,Private,Guaranteed Maximum Price,Design-Build,Moderate,Moderate,Standard,2021-06-16,2022-04-17,2022,142591100,815,0.375,0.3465,0.9535,0.9666,0.0133,23,1.0529,20,11,0.224,0.9777,55,3.857,11.256,0.1789,0.4605,0.1263,0.1235,0.0506,0.09,0.0177,0.0076,12.375,0.162,10.925,0.2656,0.2232,0.2207,4,0.0475,36,0,1,1,0.9546,0.9577,Complete,2023-10-15,149371000,Train
PRJ3-01247,Copper Education Center 1247,Institutional,Mountain,ID,Public,Cost Plus,Design-Build,High,High,Slow,2023-11-03,2024-12-20,2024,169914400,924,0.448,0.4098,0.8411,0.9884,0.0776,35,0.9792,22,12,0.677,0.9547,103,6.062,9.276,0.278,0.4381,0.1006,0.0925,0.0036,0.1672,0.0368,0.0117,19.138,0.3803,1.573,0.4425,0.2361,0.381,2,0.0323,4,0,0,0,0.9687,0.9957,Complete,2026-05-19,175407000,Validation
PRJ3-01248,Evergreen Residences 1248,Residential,Mountain,UT,Private,Unit Price,Design-Bid-Build,High,Moderate,Slow,2025-01-24,2025-10-13,2025,29916700,554,0.473,0.3828,0.889,0.8132,0.0664,50,0.8949,0,15,0.726,0.9383,15,5.014,7.49,0.3631,0.3548,0.102,0.1295,0.0222,0.2455,0.0799,0.039,26.213,0.3559,5.086,0.3894,0.3537,0.4306,4,0.1835,18,1,0,1,0.8449,0.9685,Complete,2026-08-19,35407600,Test
PRJ3-01249,Granite Office Campus 1249,Commercial,Mountain,WY,Public,Unit Price,Design-Bid-Build,Low,Moderate,Fast,2018-03-04,2019-06-11,2019,82684100,813,0.571,0.5471,1.0164,0.9672,-0.0025,19,1.0134,4,6,0.289,0.9582,23,2.782,6.052,0.3177,0.152,0.0524,0.1046,0.0492,0.02,0.032,0.0179,20.107,0.2551,5.224,0.3198,0.2469,0.1134,2,0.0624,-11,0,0,0,0.9413,1.0137,Complete,2020-05-14,87842300,Train
PRJ3-01250,Granite Town Center 1250,Mixed-Use,Mountain,UT,Private,Lump Sum,Design-Bid-Build,Very High,Low,Fast,2022-10-05,2023-10-19,2023,66804200,1077,0.352,0.2408,0.8812,0.7565,0.0099,120,0.8936,26,9,0.87,0.962,39,5.838,11.605,0.1243,0.364,0.1213,0.2258,0.0353,0.3394,0.0912,0.0265,10.789,0.1227,2.733,0.4843,0.2711,0.4425,3,0.1775,39,1,1,1,0.8492,0.9651,Complete,2025-10-25,78663300,Train
PRJ3-01251,Gateway Airport Improvements 1251,Infrastructure,West,CA,Private,Guaranteed Maximum Price,Design-Bid-Build,Moderate,Moderate,Fast,2023-01-04,2024-10-28,2024,99942300,1209,0.549,0.5495,0.912,0.969,0.0519,-1,0.9476,22,0,0.09,0.9612,40,4.002,8.357,0.4397,0.2839,0.066,0.1074,0.0504,0.1202,0.0557,0.0211,28.368,0.362,6.157,0.4412,0.362,0.5166,4,0.1374,24,1,0,1,0.8792,0.9805,Complete,2026-05-21,113670100,Validation
PRJ3-01252,Copper Neighborhood 1252,Residential,Northeast,NJ,Private,Lump Sum,Design-Bid-Build,High,Moderate,Slow,2021-04-22,2022-07-28,2022,143021400,857,0.54,0.5141,0.9335,0.9247,0.0466,22,0.9561,38,15,0.601,0.9418,97,6.782,11.965,0.08,0.3784,0.1129,0.1413,0.0765,0.1566,0.0305,0.0507,26.911,0.389,6.31,0.4495,0.2352,0.482,6,0.136,21,1,0,1,0.8803,0.9761,Complete,2023-09-17,162474300,Train
PRJ3-01253,Canyon Office Campus 1253,Commercial,West,CA,Public-Private Partnership,Unit Price,Design-Build,High,High,Standard,2023-02-06,2023-10-30,2023,65780700,746,0.357,0.4012,0.9445,1.0559,0.0352,-33,1.0251,3,0,0.916,0.9522,19,2.888,8.038,0.1617,0.2357,0.0555,0.0817,0.034,0.0878,0.0482,0.0293,22.092,0.282,9.209,0.3171,0.1364,0.3365,3,0.0612,-24,0,0,0,0.9423,1.0332,Complete,2025-01-28,69809600,Train
PRJ3-01254,Cedar Manufacturing Facility 1254,Industrial,West,CA,Private,Guaranteed Maximum Price,Design-Build,Moderate,Moderate,Slow,2018-02-08,2019-01-12,2019,50232200,898,0.377,0.3429,0.9317,0.8815,0.0372,31,0.9728,17,4,0.61,0.9581,18,3.583,8.08,0.456,0.3719,0.0795,0.0732,0.0382,0.099,0.0286,0.0245,13.962,0.2423,5.519,0.3101,0.1248,0.3613,3,0.0737,-3,0,0,0,0.9314,1.0034,Complete,2020-07-22,53934000,Train
PRJ3-01255,Cedar Apartments 1255,Residential,West,OR,Public-Private Partnership,Unit Price,Design-Bid-Build,Very High,Moderate,Fast,2022-11-22,2023-10-05,2023,33148900,561,0.566,0.5241,0.9505,0.9668,0.0452,23,0.9395,18,12,0.624,0.9549,39,11.765,7.73,0.3251,0.3027,0.0988,0.1469,0.0537,0.3552,0.0443,0.0335,19.673,0.1972,4.825,0.4434,0.2272,0.2748,3,0.0313,20,0,0,0,0.9697,0.9656,Complete,2024-06-25,34185300,Train
PRJ3-01256,Riverside Urban Village 1256,Mixed-Use,Northeast,CT,Private,Unit Price,Design-Bid-Build,Moderate,High,Fast,2021-05-15,2022-12-13,2022,110376000,985,0.586,0.6047,0.9425,1.0301,0.0391,-18,1.0341,21,19,0.603,0.9583,60,5.436,6.735,0.3105,0.1913,0.0674,0.059,0.0315,0.076,0.0098,0.0199,24.381,0.2067,0,0.1186,0.1936,0.3389,2,0.0067,19,0,0,0,0.9934,0.9811,Complete,2024-02-13,111111300,Train
PRJ3-01257,Riverside Transit Program 1257,Infrastructure,Mountain,UT,Private,Guaranteed Maximum Price,Design-Bid-Build,Low,Moderate,Slow,2018-03-15,2019-04-23,2019,151898500,1152,0.351,0.3129,0.8597,0.9161,0.0328,44,0.9058,30,8,0.425,0.9462,81,5.333,12.144,0.1347,0.4242,0.0949,0.0974,0.0547,0.1201,0.021,0,30.07,0.391,2.046,0.236,0.1978,0.3292,3,0.111,44,1,1,1,0.9001,0.9632,Complete,2021-06-23,168757000,Train
PRJ3-01258,Granite Housing 1258,Residential,Northeast,NY,Public,Guaranteed Maximum Price,Design-Build,Moderate,High,Standard,2023-04-18,2023-11-23,2023,78600900,541,0.405,0.3802,1.0964,0.9807,-0.0187,13,1.0585,9,12,0.447,0.961,13,1.654,9.496,0.3,0.2669,0.0296,0.1401,0.0228,0.0935,0.003,0.0342,18.065,0.2456,4.488,0.03,0.225,0.3569,3,-0.01,14,0,0,0,1.0101,0.9748,Complete,2024-10-24,77813000,Train
PRJ3-01259,Crescent Housing 1259,Residential,Mountain,WY,Public,Guaranteed Maximum Price,IPD,Moderate,Moderate,Standard,2023-05-16,2024-04-09,2024,17810700,575,0.573,0.5947,0.9981,1.0411,-0.0215,-12,1.0083,20,12,0.849,0.9874,7,3.93,11.598,0.1337,0.4103,0.1026,0.0473,0.0174,0.0662,0,0.0183,22.01,0.3468,8.109,0.3171,0.1978,0.2958,4,-0.0283,-25,0,0,0,1.0292,1.0455,Complete,2024-11-16,17305900,Validation
PRJ3-01260,Granite Housing 1260,Residential,Mountain,ID,Private,Cost Plus,Design-Bid-Build,Low,Moderate,Fast,2018-12-06,2019-12-25,2019,37539000,993,0.387,0.4097,1.014,0.9885,-0.0194,-23,1.0646,15,10,0.817,0.9689,4,1.066,3.757,0.5204,0.13,0.0473,0.0444,0.0668,0.0757,0.0185,0.0113,8.312,0.104,1.226,0.1921,0.0693,0.3224,1,-0.0098,-25,0,0,0,1.0099,1.0258,Complete,2021-07-31,37170000,Train
PRJ3-01261,Granite Civic Complex 1261,Institutional,Southeast,NC,Private,Unit Price,IPD,High,High,Standard,2022-06-21,2023-09-02,2023,123690800,794,0.552,0.6285,0.9315,1.12,0.0479,-61,1.0597,8,16,0.445,0.9802,59,4.77,10.009,0.3253,0.4145,0.1313,0.1581,0.0931,0.1116,0.0695,0.0205,28.692,0.3103,0,0.383,0.224,0.3607,3,0.0301,1,0,0,0,0.9708,0.9987,Complete,2024-08-24,127409900,Train
PRJ3-01262,Summit Logistics Center 1262,Industrial,West,WA,Private,Guaranteed Maximum Price,CMAR,Very High,Moderate,Standard,2023-12-25,2025-11-05,2025,110023000,1181,0.577,0.5403,0.8918,0.9089,0.0772,43,1.005,32,6,0.734,0.9427,68,6.181,7.461,0.3639,0.3263,0.1147,0.1212,0.0519,0.2936,0.0518,0.0305,20.613,0.366,1.612,0.5553,0.0813,0.4756,3,0.1051,17,1,0,1,0.9049,0.9858,Complete,2027-04-06,121587600,Test
PRJ3-01263,Canyon Civic Complex 1263,Institutional,Northeast,CT,Public,Lump Sum,Design-Bid-Build,Very High,Low,Fast,2023-10-16,2024-11-01,2024,120738900,785,0.487,0.3769,0.9474,0.7615,0.0269,86,0.8841,30,14,0.95,0.9658,55,4.555,10.45,0.1671,0.3466,0.0566,0.2062,0.0659,0.3541,0.0435,0,12.554,0.1618,3.33,0.2828,0.1036,0.3983,2,0.0929,41,0,1,1,0.915,0.9504,Complete,2026-01-19,131950800,Validation
PRJ3-01264,Evergreen Urban Village 1264,Mixed-Use,Southeast,FL,Private,Unit Price,IPD,Moderate,Low,Standard,2021-02-02,2022-05-11,2022,259700600,1054,0.44,0.4731,1.0327,1.0207,-0.015,-35,1.0647,12,18,0.536,0.9535,137,5.275,7.697,0.3763,0.3025,0.0935,0.1039,0.0158,0.1484,0.0183,0.0143,8.171,0.1891,0.175,0.3043,0.1346,0.2618,2,0.0062,-25,0,0,0,0.9938,1.0243,Complete,2023-11-28,261309600,Train
PRJ3-01265,Mesa Process Plant 1265,Industrial,Southeast,NC,Private,Cost Plus,Design-Build,Moderate,Moderate,Fast,2022-08-03,2023-12-22,2023,153366700,1007,0.503,0.5216,0.9403,0.9873,0.0237,-19,0.9799,0,16,0.65,0.9725,72,4.695,3.414,0.5891,0.1153,0.0586,0.0469,0,0.068,0.0472,0.0007,23.07,0.2052,2.11,0.0796,0.1907,0.3284,1,0.0553,-9,0,0,0,0.9476,1.009,Complete,2025-04-27,161851600,Train
PRJ3-01266,Aspen Logistics Center 1266,Industrial,West,WA,Private,Unit Price,Design-Build,Low,Moderate,Slow,2023-09-24,2024-09-21,2024,293054100,1028,0.354,0.3315,0.995,0.9788,-0.0049,23,0.861,30,6,0.455,0.976,130,4.436,11.73,0.1172,0.393,0.0852,0.0681,0.0382,0.02,0.0136,0.0204,34.405,0.5092,4.538,0.238,0.2386,0.2011,5,0.0072,59,0,1,1,0.9928,0.9457,Complete,2026-09-15,295164800,Validation
PRJ3-01267,Evergreen Housing 1267,Residential,Midwest,MN,Private,Guaranteed Maximum Price,Design-Bid-Build,Very High,High,Standard,2024-09-07,2025-07-11,2025,111191300,804,0.383,0.3716,0.8639,0.9412,0.0705,9,0.9704,10,16,0.733,0.9493,55,4.946,11.847,0.08,0.5117,0.1146,0.2635,0.0831,0.1226,0.0422,0.0356,27.089,0.3552,0.854,0.1966,0.3342,0.4685,5,0.1397,26,1,0,1,0.8775,0.9687,Complete,2026-12-16,126720800,Test
PRJ3-01268,Pioneer Research Facility 1268,Institutional,Southwest,NM,Private,Guaranteed Maximum Price,CMAR,High,Moderate,Slow,2024-05-09,2025-06-28,2025,84119700,863,0.481,0.4131,0.8447,0.9214,0.0956,59,0.9768,23,10,0.744,0.9785,47,5.587,5.738,0.4047,0.2814,0.0741,0.1105,0.0384,0.1877,0.07,0.0281,18.203,0.2556,6.365,0.2848,0.2186,0.3704,3,0.1989,-7,1,0,1,0.8341,1.0082,Complete,2026-09-12,100851400,Test
PRJ3-01269,Mesa Process Plant 1269,Industrial,Northeast,MA,Private,Guaranteed Maximum Price,CMAR,High,High,Slow,2021-12-10,2023-08-28,2023,282458800,1099,0.57,0.524,0.9865,0.9684,0.0247,51,0.9978,44,19,0.58,0.9583,152,5.381,11.863,0.08,0.4226,0.1443,0.0963,0.0307,0.1479,0.0284,0.0316,28.159,0.2895,9.865,0.2314,0.1492,0.3664,5,0.0387,7,0,0,0,0.9627,0.9937,Complete,2024-12-20,293395500,Train
PRJ3-01270,Cedar Residences 1270,Residential,West,OR,Private,Lump Sum,CMAR,Very High,Moderate,Standard,2021-10-06,2022-09-10,2022,54487700,704,0.482,0.48,0.9598,0.9923,0.0217,1,1.0264,24,10,0.687,0.9717,34,6.24,8.914,0.2112,0.3682,0.0859,0.1221,0.0334,0.2093,0.072,0.0238,21.278,0.2891,8.99,0.4146,0.2004,0.3592,4,0.1258,-1,1,0,1,0.8883,1.0014,Complete,2023-09-09,61342200,Train
PRJ3-01271,Northstar Apartments 1271,Residential,Southeast,FL,Private,Lump Sum,Design-Build,Moderate,Moderate,Standard,2022-06-14,2023-02-11,2023,39317800,461,0.526,0.5696,1.0905,1.0697,-0.0397,-20,1.085,6,11,0.282,0.9605,8,2.035,7.387,0.1811,0.2051,0.0655,0.04,0.0008,0.1586,0.0326,0,9.272,0.1832,1.505,0.1504,0.0806,0.2662,1,0.0068,-17,0,0,0,0.9932,1.0383,Complete,2023-09-01,39586900,Train
PRJ3-01272,Evergreen Residences 1272,Residential,West,NV,Private,Cost Plus,IPD,High,Moderate,Fast,2020-01-24,2020-10-02,2020,136354800,514,0.492,0.5058,0.9822,1.0098,-0.0052,-7,1.0372,0,11,0.773,0.9552,74,5.427,5.794,0.5231,0.3125,0.0632,0.1123,0.0273,0.2278,0.0559,0.0221,23.06,0.2319,2.66,0.3303,0.2134,0.1782,3,0.0439,-16,0,0,0,0.958,1.0321,Complete,2021-06-05,142338700,Train
PRJ3-01273,Lakeview Public Works Program 1273,Infrastructure,Southwest,AZ,Private,Lump Sum,CMAR,Moderate,Moderate,Slow,2021-09-01,2023-01-12,2023,597737000,981,0.508,0.4289,0.8354,0.9017,0.0619,78,0.9603,22,6,0.312,0.9831,240,4.015,6.403,0.3572,0.253,0.0703,0.1222,0.052,0.1721,0.0239,0.0186,20.196,0.2916,7.123,0.2985,0.2354,0.3024,3,0.1233,-1,1,0,1,0.8902,1.001,Complete,2024-05-08,671439500,Train
PRJ3-01274,Gateway Residences 1274,Residential,Mountain,ID,Public,Cost Plus,Design-Build,Moderate,Low,Standard,2024-07-10,2025-01-17,2025,16470500,443,0.433,0.3891,1.001,0.9228,0.0091,19,1.0232,17,22,0.784,0.947,5,3.036,7.49,0.5264,0.271,0.0734,0.1516,0.0468,0.1259,0.0249,0.0246,14.564,0.2767,1.325,0.1768,0.2087,0.4026,2,0.0567,-15,0,0,0,0.9464,1.035,Complete,2025-09-11,17403700,Test
PRJ3-01275,Riverside Utility Corridor 1275,Infrastructure,West,WA,Private,Guaranteed Maximum Price,Design-Bid-Build,High,High,Standard,2023-04-23,2025-02-08,2025,541351600,1345,0.489,0.4752,1.0131,0.9754,-0.0015,19,0.9983,29,1,0.697,0.9591,240,4.433,6.246,0.4639,0.2669,0.0747,0.2445,0.0754,0.1889,0.0411,0.0209,19.693,0.1917,0.262,0.4328,0.2795,0.3104,2,0.0813,11,0,0,0,0.9248,0.9919,Complete,2027-01-08,585379300,Test
PRJ3-01276,Harbor Highway Improvements 1276,Heavy Civil,Southwest,TX,Private,Guaranteed Maximum Price,Design-Build,Low,High,Fast,2020-05-10,2021-08-11,2021,308923000,1097,0.418,0.4309,1.15,1.0679,-0.0615,-14,1.06,4,10,0.581,0.9831,122,3.949,2.615,0.7866,0.1025,0.047,0.1207,0.0546,0.02,0.0403,0,6.745,0.1224,3.011,0.1938,0.214,0.3731,1,0.0717,-25,0,0,0,0.9331,1.0233,Complete,2023-04-17,331073000,Train
PRJ3-01277,Cedar Logistics Center 1277,Industrial,Northeast,NJ,Private,Guaranteed Maximum Price,Design-Bid-Build,Very High,Low,Fast,2019-03-07,2020-03-12,2020,63376500,1034,0.359,0.2881,0.9206,0.878,0.0562,73,0.8534,26,18,0.721,0.9479,43,6.785,10.646,0.2201,0.4134,0.1437,0.2026,0.045,0.3654,0.0222,0.0325,15.391,0.1912,3.86,0.4288,0.3181,0.4574,4,0.096,27,0,0,0,0.9124,0.9746,Complete,2022-01-31,69462900,Train
PRJ3-01278,Summit Civic Complex 1278,Institutional,Northeast,CT,Private,Guaranteed Maximum Price,Design-Bid-Build,Moderate,Low,Standard,2018-02-09,2019-01-23,2019,88701600,904,0.386,0.3304,0.9394,0.9143,0.0032,50,0.9914,0,19,0.767,0.9653,47,5.299,5.97,0.3369,0.3142,0.0999,0.1577,0.0609,0.1311,0.052,0.004,13.893,0.1808,4.718,0.2622,0.214,0.3946,2,0.0693,-2,0,0,0,0.9352,1.0022,Complete,2020-07-30,94844700,Train
PRJ3-01279,Summit District 1279,Mixed-Use,Mountain,UT,Private,Cost Plus,Design-Build,Moderate,Moderate,Standard,2022-06-07,2023-07-25,2023,102385900,705,0.587,0.6222,0.8803,0.9789,0.0744,-25,0.9033,21,6,0.239,0.9624,50,4.883,8.886,0.1613,0.3084,0.0795,0.1874,0.0923,0.1118,0.025,0.0293,24.374,0.2126,5.137,0.2199,0.2678,0.2962,4,0.0377,16,0,0,0,0.9637,0.9778,Complete,2024-05-28,106246300,Train
PRJ3-01280,Aspen Housing 1280,Residential,Mountain,ID,Private,Unit Price,Design-Build,Low,High,Standard,2024-11-03,2025-05-28,2025,44084400,407,0.507,0.4794,1.1316,0.9626,-0.0351,11,0.9748,0,11,0.249,0.9992,4,0.907,8.357,0.308,0.2532,0.033,0.0471,0.0442,0.0239,0.0352,0.0118,20.117,0.2167,9.018,0.228,0.1265,0.3034,3,0.0525,-25,0,0,0,0.9501,1.0654,Complete,2025-11-20,46397800,Test
PRJ3-01281,Evergreen District 1281,Mixed-Use,West,WA,Private,Cost Plus,Design-Bid-Build,High,Moderate,Standard,2024-02-15,2025-05-22,2025,231193500,808,0.573,0.519,0.8482,0.8756,0.0938,44,0.95,26,8,0.843,0.9625,129,5.58,11.518,0.3854,0.4505,0.1289,0.1276,0.0526,0.1371,0.0605,0.0572,21.659,0.3678,6.516,0.505,0.2289,0.3677,6,0.1478,15,1,0,1,0.8713,0.9818,Complete,2026-05-18,265357000,Test
PRJ3-01282,Riverside Research Facility 1282,Institutional,Northeast,NY,Public,Unit Price,IPD,Moderate,Low,Standard,2024-05-02,2025-06-22,2025,45591500,767,0.543,0.5462,0.9359,1.0302,0.021,-2,0.9962,0,18,0.343,0.9483,33,7.238,9.053,0.2127,0.3339,0.0757,0.0953,0.0425,0.1702,0,0.0191,28.234,0.3917,3.94,0.3069,0.2416,0.2586,3,0.0686,52,0,1,1,0.9358,0.9365,Complete,2026-07-30,48719300,Test
PRJ3-01283,Mesa Corporate Center 1283,Commercial,Southeast,VA,Private,Lump Sum,Design-Build,High,Moderate,Standard,2023-11-18,2024-08-12,2024,167526500,561,0.478,0.4318,1.047,0.9578,-0.0421,26,1.0361,8,18,0.804,0.9689,92,5.492,4.683,0.3622,0.1927,0.0623,0.1662,0.0336,0.2387,0.0202,0.032,24.227,0.3851,4.117,0.2223,0.2095,0.2851,3,-0.0203,19,0,0,0,1.0207,0.9672,Complete,2025-06-20,164121700,Validation
PRJ3-01284,Riverside Bridge Program 1284,Heavy Civil,Midwest,MO,Private,Lump Sum,IPD,High,High,Fast,2019-06-02,2020-08-12,2020,147471800,1000,0.437,0.4036,1.0553,0.9395,-0.0229,33,1.0643,0,26,0.32,0.9767,79,5.357,3.739,0.6907,0.1123,0.0363,0.1043,0.0118,0.2458,0.028,0.0094,27.618,0.2799,1.825,0.3425,0.2984,0.3495,2,0.0469,35,0,1,1,0.9552,0.9662,Complete,2022-04-02,154387100,Train
PRJ3-01285,Evergreen Education Center 1285,Institutional,Mountain,WY,Public,Unit Price,Design-Build,High,Moderate,Slow,2021-10-24,2023-01-09,2023,68587000,860,0.515,0.5041,0.8684,0.8884,0.0811,9,0.9419,22,18,1.094,0.9574,44,6.415,8.095,0.333,0.291,0.0669,0.0434,0.053,0.2253,0.0391,0.0322,28.287,0.3707,4.028,0.3483,0.2311,0.5177,4,0.1783,14,1,0,1,0.8487,0.984,Complete,2024-03-16,80815500,Train
PRJ3-01286,Canyon Office Campus 1286,Commercial,Southeast,TN,Private,Guaranteed Maximum Price,Design-Build,Low,Low,Standard,2022-09-09,2023-05-21,2023,107850100,467,0.544,0.5338,0.9624,0.9976,0.0337,5,0.9403,0,21,0.147,0.9797,58,5.378,9.154,0.2582,0.3734,0.1115,0.0537,0.0183,0.0506,0.0163,0.0008,31.097,0.295,4.02,0.2896,0.2409,0.2478,3,0.0812,17,0,0,0,0.9249,0.9649,Complete,2024-01-06,116604800,Train
PRJ3-01287,Aspen Residences 1287,Residential,Mountain,ID,Public,Guaranteed Maximum Price,Design-Bid-Build,Moderate,High,Slow,2025-05-18,2025-11-28,2025,44521100,475,0.41,0.3944,1.0326,1.0049,-0.0075,7,1.0523,19,8,0.789,0.9684,31,6.963,8.201,0.3102,0.2982,0.0519,0.1081,0.0018,0.1268,0,0.029,32.471,0.3451,1.947,0.1021,0.2361,0.3623,3,-0.0088,-3,0,0,0,1.0089,1.0064,Complete,2026-09-02,44127600,Test
PRJ3-01288,Gateway Bridge Program 1288,Heavy Civil,Midwest,MO,Private,Lump Sum,IPD,Moderate,Moderate,Fast,2023-03-03,2024-10-10,2024,106032300,1023,0.574,0.4603,1.0316,0.8466,-0.021,116,0.9585,0,8,0.628,0.9816,55,5.187,9.816,0.2499,0.3783,0.0653,0.0978,0.0273,0.0365,0.0255,0.0009,5,0.1121,5.772,0.3712,0.0723,0.3463,2,-0.0584,3,0,0,0,1.062,0.9971,Complete,2025-12-23,99840500,Validation
PRJ3-01289,Horizon Apartments 1289,Residential,West,OR,Private,Guaranteed Maximum Price,CMAR,Low,Moderate,Standard,2018-03-31,2019-03-14,2019,40819700,596,0.585,0.581,1.0016,1.0014,-0.0172,2,0.9905,9,6,0.441,0.9593,4,0.98,8.986,0.2822,0.3992,0.0618,0.0234,0.0336,0.0989,0.0287,0,15.483,0.1421,2.725,0.236,0.1932,0.3102,2,-0.006,-12,0,0,0,1.006,1.0205,Complete,2019-11-05,40575800,Train
PRJ3-01290,Summit Transit Program 1290,Infrastructure,Midwest,MO,Private,Guaranteed Maximum Price,Design-Build,Moderate,Low,Slow,2018-09-24,2021-01-24,2021,823989600,1428,0.598,0.5682,0.9597,0.953,0.0362,43,0.8738,18,20,0.837,0.956,240,2.913,12.271,0.1612,0.411,0.1064,0.0977,0.0627,0.0551,0.0456,0.0092,37.906,0.439,6.671,0.2559,0.2513,0.3649,5,0.067,56,0,1,1,0.9372,0.9623,Complete,2022-10-17,879216600,Train
PRJ3-01291,Riverside Highway Improvements 1291,Heavy Civil,Mountain,CO,Public,Guaranteed Maximum Price,Design-Bid-Build,High,Low,Slow,2020-11-22,2022-03-22,2022,381910200,1267,0.383,0.404,0.8521,1.0056,0.0494,-27,0.9178,20,18,0.977,0.9387,237,6.206,12.995,0.08,0.4764,0.1514,0.2314,0.0511,0.2236,0.0571,0.0357,22.426,0.3313,4.553,0.4389,0.2596,0.5442,5,0.1504,-9,1,0,1,0.8693,1.0072,Complete,2024-05-03,439353900,Train
PRJ3-01292,Liberty Marketplace 1292,Commercial,Southeast,FL,Public,Lump Sum,Design-Bid-Build,High,High,Standard,2018-11-05,2019-10-28,2019,187309600,663,0.539,0.5602,0.9971,1.023,-0.0067,-14,0.9568,26,27,0.657,0.956,100,5.339,6.504,0.4152,0.324,0.1459,0.1762,0.0535,0.2926,0.0622,0.0277,26.423,0.2386,1.476,0.2902,0.306,0.2055,3,0.081,16,0,0,0,0.925,0.9764,Complete,2020-09-14,202490200,Train
PRJ3-01293,Redwood Medical Center 1293,Institutional,Midwest,MO,Public,Unit Price,Design-Build,High,High,Standard,2020-11-18,2021-07-07,2021,301500800,622,0.372,0.3684,1.0031,1.0215,0.0054,2,0.9943,15,10,0.789,0.9572,150,4.975,10.465,0.3182,0.4092,0.107,0.1606,0,0.1472,0.0428,0.0228,14.099,0.2811,8.196,0.2906,0.1787,0.5118,4,0.0961,0,0,0,0,0.9123,1.0,Complete,2022-08-02,330475200,Train
PRJ3-01295,Redwood Apartments 1295,Residential,Southeast,FL,Public,Lump Sum,IPD,Low,Moderate,Fast,2023-01-10,2023-06-05,2023,64516200,287,0.511,0.5914,1.1186,1.0837,-0.0597,-23,1.1022,6,7,0.136,0.9675,17,2.635,4.642,0.4487,0.2042,0.0371,0.0873,0.0099,0.1385,0.0327,0,14.781,0.1736,0.383,0.2167,0.176,0.3019,1,0.0982,11,0,0,0,0.9106,0.9631,Complete,2023-11-04,70851800,Train
PRJ3-01296,Northstar Process Plant 1296,Industrial,Southwest,TX,Private,Cost Plus,CMAR,Very High,Moderate,Standard,2022-07-18,2023-12-13,2023,183444100,1054,0.487,0.4506,0.882,0.8757,0.0644,38,0.9702,29,12,1.132,0.9734,101,5.506,12.253,0.08,0.3486,0.092,0.1383,0.0511,0.2225,0.0336,0.0258,25.29,0.3685,7.337,0.4858,0.2551,0.3971,5,0.1854,29,1,0,1,0.8436,0.9732,Complete,2025-07-05,217461600,Train
PRJ3-01297,Canyon Public Works Program 1297,Infrastructure,Mountain,UT,Private,Cost Plus,CMAR,Moderate,Low,Standard,2020-04-08,2021-09-10,2021,342177400,1048,0.497,0.5253,0.9933,1.0147,0.0051,-30,1.0087,39,16,0.419,0.9648,170,4.968,5.626,0.3638,0.1785,0.0458,0.0871,0.0649,0.1509,0.0336,0.0173,17.419,0.1827,3.188,0.1753,0.1195,0.2768,2,0.0673,-15,0,0,0,0.9369,1.0145,Complete,2023-02-05,365205100,Train
PRJ3-01298,Redwood Transit Program 1298,Infrastructure,Southeast,GA,Public,Unit Price,Design-Build,Moderate,Moderate,Fast,2019-03-18,2021-05-22,2021,132577100,1432,0.556,0.5875,1.0158,1.0473,-0.0127,-45,1.0359,12,17,0.598,0.9732,54,4.073,13.334,0.1046,0.3965,0.0901,0.0353,0.0454,0.1588,0.0266,0.0228,5,0.1055,4.452,0.474,0.153,0.2809,4,0.0335,-4,0,0,0,0.9676,1.0028,Complete,2023-02-13,137015700,Train
PRJ3-01299,Granite Corporate Center 1299,Commercial,Midwest,IL,Private,Unit Price,Design-Build,High,Low,Fast,2021-08-25,2022-08-10,2022,103116000,600,0.584,0.5559,0.9339,0.9804,0.0268,17,1.0401,19,20,0.75,0.968,48,4.655,10.608,0.1884,0.4158,0.0995,0.1209,0.0396,0.1565,0.0232,0.029,8.383,0.1896,5.355,0.2974,0.1004,0.4779,4,0.0914,36,0,1,1,0.9163,0.9434,Complete,2023-05-23,112541200,Train
PRJ3-01300,Evergreen Apartments 1300,Residential,Midwest,MI,Private,Guaranteed Maximum Price,CMAR,Very High,Low,Standard,2023-02-14,2023-12-12,2023,15049800,633,0.476,0.4181,0.8622,0.8739,0.0545,37,0.936,28,13,0.865,0.9451,13,8.638,11.603,0.08,0.3666,0.091,0.2394,0.0554,0.2688,0.0788,0.0251,13.68,0.1882,0.428,0.504,0.2334,0.3854,3,0.1507,40,1,1,1,0.8691,0.9406,Complete,2024-12-18,17317500,Train
PRJ3-01301,Redwood Education Center 1301,Institutional,Southwest,AZ,Public,Cost Plus,CMAR,Very High,Moderate,Fast,2018-04-09,2019-06-10,2019,224397900,953,0.449,0.4337,0.9899,0.999,0.0046,15,1.0131,4,12,0.537,0.9686,131,5.838,10.019,0.2622,0.4107,0.0877,0.1313,0.0295,0.2726,0.054,0.0316,11.336,0.2856,3.525,0.3499,0.1503,0.4536,3,0.0691,1,0,0,0,0.9353,0.999,Complete,2020-11-18,239912400,Train
PRJ3-01302,Riverside Urban Village 1302,Mixed-Use,West,WA,Public,Unit Price,IPD,Very High,High,Standard,2024-07-09,2025-09-26,2025,223937800,1122,0.396,0.4237,0.9649,1.0333,0.0103,-31,1.1234,10,12,0.678,0.9778,134,5.984,4.009,0.425,0.2598,0.1171,0.1837,0.0727,0.2102,0.0476,0.0334,13.489,0.1519,9.488,0.3138,0.2068,0.3454,4,0.0906,18,0,0,0,0.9169,0.9842,Complete,2027-08-23,244236000,Test
PRJ3-01303,Pioneer Process Plant 1303,Industrial,Northeast,NJ,Private,Guaranteed Maximum Price,Design-Build,Low,Moderate,Fast,2024-06-03,2025-07-06,2025,94651500,892,0.447,0.3884,1.0086,0.9172,-0.0177,52,1.0518,18,14,0,0.9546,33,3.486,10.136,0.2314,0.3249,0.0839,0,0.0279,0.0712,0.0438,0.0076,9.974,0.2063,1.58,0.2976,0.1579,0.159,2,0.0636,18,0,0,0,0.9402,0.9802,Complete,2026-11-30,100670200,Test
PRJ3-01304,Pioneer Utility Corridor 1304,Infrastructure,Southwest,NM,Private,Lump Sum,Design-Build,Very High,Moderate,Standard,2021-03-24,2022-11-03,2022,264836100,1430,0.412,0.4185,0.9241,0.9954,0.031,-9,0.9075,11,14,0.778,0.9728,162,6.117,5.969,0.5653,0.3623,0.1131,0.198,0.0566,0.2708,0.058,0.038,28.906,0.303,5.899,0.3997,0.3096,0.3364,4,0.1023,2,1,0,1,0.9072,0.9986,Complete,2025-02-23,291935400,Train
PRJ3-01305,Horizon Housing 1305,Residential,West,WA,Private,Cost Plus,Design-Bid-Build,High,Moderate,Slow,2025-02-13,2025-08-16,2025,37782500,455,0.406,0.3959,0.8791,0.9288,0.0569,5,0.8946,0,0,0.475,0.9471,15,3.97,12.007,0.1155,0.3308,0.0703,0.0511,0.0281,0.0695,0.0507,0.0293,24.819,0.3974,3.859,0.277,0.2203,0.4922,4,0.1213,6,1,0,1,0.8918,0.987,Complete,2026-05-20,42365100,Test
PRJ3-01306,Liberty Corporate Center 1306,Commercial,Mountain,MT,Private,Guaranteed Maximum Price,CMAR,Moderate,High,Standard,2024-04-10,2025-01-02,2025,241166500,477,0.561,0.5284,1.0161,0.9653,-0.0037,16,1.0087,7,0,0.232,0.9638,88,3.649,7.734,0.2435,0.2506,0.0492,0.1314,0.0366,0.0735,0.0194,0.013,31.356,0.3099,4.743,0.3982,0.2461,0.3183,3,0.0285,6,0,0,0,0.9723,0.9876,Complete,2025-08-06,248048800,Test
PRJ3-01307,Aspen Urban Village 1307,Mixed-Use,Southeast,TN,Private,Lump Sum,CMAR,Very High,High,Fast,2022-04-14,2023-06-02,2023,114020900,1121,0.37,0.2948,0.8875,0.8194,0.0339,84,0.9954,43,25,0.633,0.9611,79,6.929,7.562,0.239,0.2223,0.0871,0.1139,0.0559,0.2072,0.019,0,21.054,0.2524,7.064,0.378,0.2067,0.4427,2,0.0819,42,0,1,1,0.9243,0.9639,Complete,2025-06-20,123363800,Train
PRJ3-01308,Lakeview Marketplace 1308,Commercial,Mountain,MT,Private,Cost Plus,Design-Build,High,Moderate,Standard,2022-02-02,2023-01-04,2023,49103600,725,0.464,0.4903,1.0577,1.0753,-0.0349,-19,0.8563,14,13,0.785,0.9432,27,5.499,7.751,0.3783,0.1959,0.0517,0.1236,0.0668,0.0978,0.0643,0.0285,18.793,0.2093,1.027,0.2716,0.2127,0.3324,2,0.1029,0,1,0,1,0.9067,1.0,Complete,2024-01-28,54156700,Train
PRJ3-01309,Gateway Education Center 1309,Institutional,Northeast,MA,Private,Guaranteed Maximum Price,CMAR,High,High,Standard,2021-07-19,2022-09-01,2022,122350800,916,0.447,0.4262,1.1086,0.9494,-0.0419,19,0.9173,6,17,0.683,0.9376,60,4.904,8.528,0.2014,0.3499,0.1151,0.1153,0.0672,0.1437,0.0718,0.0007,29.076,0.2987,5.286,0.4062,0.2255,0.3708,3,0.0311,15,0,0,0,0.9698,0.9839,Complete,2024-02-05,126161200,Train
PRJ3-01310,Mesa Apartments 1310,Residential,Southeast,GA,Private,Lump Sum,CMAR,High,High,Slow,2022-07-22,2022-12-04,2022,103258700,326,0.417,0.3693,0.9817,0.9038,0.003,16,0.9303,18,20,1.023,0.9432,47,4.552,12.629,0.08,0.4859,0.0954,0.1357,0.0514,0.1442,0.0199,0.0514,36.89,0.4476,4.154,0.206,0.3198,0.5466,6,0.1044,43,1,1,1,0.9054,0.8835,Complete,2023-07-26,114042900,Train
PRJ3-01311,Aspen Education Center 1311,Institutional,Midwest,IL,Private,Guaranteed Maximum Price,Design-Bid-Build,High,High,Fast,2019-11-02,2021-05-06,2021,151031800,1063,0.519,0.5018,1.0242,0.9839,-0.0034,18,0.9155,5,13,0.572,0.9849,79,5.231,10.219,0.3008,0.3506,0.0754,0.101,0.0402,0.2265,0.0618,0.0252,5.822,0.2257,3.117,0.361,0.1432,0.3371,3,0.0436,27,0,0,0,0.9583,0.9752,Complete,2022-10-27,157611300,Train
PRJ3-01312,Cedar Medical Center 1312,Institutional,West,NV,Private,Lump Sum,CMAR,Low,Moderate,Slow,2023-01-09,2023-11-26,2023,144701100,729,0.441,0.446,0.9265,1.0072,0.0304,-4,0.9805,24,0,0.694,0.9731,71,4.907,13.14,0.08,0.4389,0.0592,0.0741,0.0633,0.0797,0.0368,0.0074,29.88,0.2773,4.307,0.0559,0.2777,0.3837,4,0.082,-25,0,0,0,0.9242,1.0355,Complete,2024-12-13,156564500,Train
PRJ3-01313,Aspen Process Plant 1313,Industrial,Southwest,NM,Private,Cost Plus,CMAR,High,Moderate,Slow,2024-05-08,2025-05-21,2025,177646100,762,0.497,0.4361,0.8503,0.8695,0.0761,46,0.9306,10,7,0.597,0.9711,108,6.08,8.194,0.327,0.2619,0.0734,0.1428,0.0778,0.206,0.0386,0.0174,28.407,0.539,5.833,0.4663,0.2722,0.4113,3,0.1369,45,1,1,1,0.8796,0.9442,Complete,2026-07-24,201965900,Test
PRJ3-01314,Summit Neighborhood 1314,Residential,Midwest,MO,Public,Guaranteed Maximum Price,Design-Build,Moderate,High,Slow,2019-09-21,2020-05-02,2020,40121600,550,0.408,0.4146,1.0186,1.1178,0.0115,-4,0.9921,3,14,0.357,0.9661,18,4.486,10.748,0.2036,0.3997,0.0701,0.0966,0.0341,0.1254,0.0044,0.009,38.11,0.3356,4.762,0.1063,0.2307,0.3973,4,0.0242,-9,0,0,0,0.9763,1.0166,Complete,2021-03-15,41093600,Train
PRJ3-01315,Crescent Marketplace 1315,Commercial,Southeast,VA,Private,Lump Sum,Design-Bid-Build,Moderate,High,Standard,2025-01-19,2025-10-15,2025,32623900,735,0.366,0.4324,1.0605,1.1128,-0.052,-49,1.1289,43,5,0.628,0.9863,13,3.985,9.103,0.1075,0.3221,0.0495,0.0287,0,0.1204,0.0058,0.0018,21.661,0.363,1.221,0.2398,0.2442,0.2738,2,-0.0017,-20,0,0,0,1.0018,1.028,Complete,2027-01-04,32566800,Test
PRJ3-01316,Cedar Utility Corridor 1316,Infrastructure,Southwest,NM,Public,Lump Sum,Design-Build,Low,Low,Standard,2018-07-11,2019-09-18,2019,219791600,1116,0.389,0.3934,1.0648,0.9843,-0.0287,-5,0.9265,14,6,0.454,0.975,96,4.368,7.586,0.3281,0.1955,0.0622,0.1656,0.0498,0.0885,0.0272,0.0258,21.602,0.1817,0,0.337,0.2552,0.3514,2,0.0187,12,0,0,0,0.9816,0.9894,Complete,2021-08-12,223906900,Train
PRJ3-01317,Horizon Retail Center 1317,Commercial,Midwest,OH,Public,Unit Price,Design-Build,Moderate,Low,Standard,2023-03-01,2023-09-29,2023,38298500,423,0.503,0.5078,1.0659,0.9918,-0.0185,-2,0.9659,3,16,0.752,0.9793,21,5.483,8.403,0.3066,0.2527,0.0631,0.1301,0.0146,0.213,0.0313,0.0209,30.879,0.4215,2.424,0.1796,0.177,0.2412,3,0.0573,19,0,0,0,0.9458,0.957,Complete,2024-05-16,40494200,Train
PRJ3-01318,Horizon Marketplace 1318,Commercial,Mountain,MT,Public,Cost Plus,Design-Build,Low,Moderate,Slow,2022-04-18,2022-12-14,2022,78287700,419,0.573,0.5889,1.1244,1.0182,-0.059,-7,1.0453,4,14,0.323,0.9758,27,3.449,16.5,0.08,0.6194,0.1322,0.1498,0.0311,0.0343,0.039,0.0265,18.567,0.2116,7.096,0.1403,0.2052,0.3468,5,0.0219,9,0,0,0,0.9785,0.979,Complete,2023-06-20,80004000,Train
PRJ3-01319,Pioneer Housing 1319,Residential,Southeast,FL,Private,Lump Sum,IPD,Moderate,Moderate,Standard,2022-05-24,2023-03-28,2023,31013400,568,0.544,0.554,1.1312,1.0328,-0.06,-6,1.0521,3,15,0.457,0.9857,10,3.224,7.37,0.3905,0.3557,0.1141,0.0253,0.041,0.0985,0.0056,0.0184,14.89,0.2064,6.384,0.2937,0.0968,0.3627,3,0.0519,42,0,1,1,0.9507,0.9311,Complete,2024-01-24,32623300,Train
PRJ3-01320,Redwood Retail Center 1320,Commercial,West,WA,Private,Unit Price,IPD,Moderate,High,Slow,2018-12-17,2019-10-04,2019,40976300,728,0.401,0.4025,0.9282,0.9631,0.0307,-1,1.1264,17,0,0.494,0.9681,9,2.196,13.949,0.08,0.439,0.1217,0.0793,0.0296,0.1182,0.0112,0.004,23.309,0.2071,5.643,0.3234,0.1997,0.3283,4,0.1255,0,1,0,1,0.8885,1.0,Complete,2020-12-14,46119400,Train
PRJ3-01321,Northstar Public Works Program 1321,Infrastructure,West,WA,Public,Unit Price,Design-Bid-Build,Moderate,Moderate,Standard,2023-11-17,2024-12-11,2024,202789300,1105,0.353,0.3313,0.9271,0.9785,0.0417,24,0.8908,13,5,0.588,0.9761,107,5.276,11.045,0.1307,0.3504,0.0816,0.1218,0.0499,0.0899,0.0598,0,15.068,0.1206,2.045,0.0853,0.2151,0.296,2,0.0187,-1,0,0,0,0.9816,1.0009,Complete,2026-11-25,206587300,Validation
PRJ3-01322,Gateway Neighborhood 1322,Residential,Midwest,OH,Private,Guaranteed Maximum Price,Design-Build,High,Moderate,Slow,2022-02-04,2023-01-06,2023,45315700,697,0.483,0.4156,1.0355,0.8054,-0.0306,47,0.9211,10,25,0.977,0.9685,18,3.972,15.736,0.08,0.509,0.0908,0.1201,0.0436,0.2105,0.0274,0.0401,29.671,0.348,12.573,0.2593,0.2388,0.4689,7,0.0987,21,0,0,0,0.9102,0.9708,Complete,2024-01-23,49786400,Train
PRJ3-01323,Cedar Medical Center 1323,Institutional,Southeast,GA,Private,Guaranteed Maximum Price,Design-Build,High,Moderate,Fast,2023-10-20,2024-11-24,2024,98457700,902,0.445,0.4726,0.9577,0.9606,0.038,-25,0.9564,11,22,0.468,0.9673,54,5.485,8.547,0.3694,0.2461,0.0491,0.1922,0.0569,0.2327,0.0126,0.0235,5,0.1021,3.545,0.3663,0.1922,0.3834,2,0.0762,-17,0,0,0,0.9292,1.0192,Complete,2026-03-23,105963000,Validation
PRJ3-01324,Horizon Office Campus 1324,Commercial,Southwest,NM,Private,Lump Sum,Design-Bid-Build,High,Low,Standard,2019-07-04,2020-08-08,2020,81595800,719,0.558,0.5264,1.0028,0.9272,0.0105,23,0.843,40,9,1.154,0.9514,48,5.883,6.378,0.1582,0.2511,0.0842,0.2791,0.066,0.2349,0.0504,0.0325,14.922,0.2481,4.76,0.3387,0.3425,0.4257,3,0.1164,11,1,0,1,0.8957,0.9849,Complete,2021-07-03,91095700,Train
PRJ3-01325,Redwood Office Campus 1325,Commercial,West,WA,Public-Private Partnership,Cost Plus,CMAR,Moderate,High,Standard,2020-12-21,2022-02-17,2022,46180600,709,0.598,0.6159,1.0282,1.0136,0.0035,-13,0.9227,11,5,0.689,0.9648,20,4.331,2.417,0.6197,0.1462,0.0591,0.1665,0.0387,0.1937,0.0213,0.0196,11.543,0.1637,4.167,0.2531,0.1817,0.2044,2,0.072,-20,0,0,0,0.9328,1.029,Complete,2022-11-10,49507700,Train
PRJ3-01326,Mesa Neighborhood 1326,Residential,Southwest,NM,Private,Lump Sum,Design-Bid-Build,Moderate,Moderate,Standard,2025-01-01,2025-10-30,2025,70692600,676,0.448,0.4509,0.8604,0.9758,0.0879,-2,0.9624,0,5,0.951,0.966,37,5.234,9.64,0.1767,0.3323,0.1052,0.0483,0.0293,0.2141,0.0235,0.0056,20.248,0.2138,0,0.2986,0.23,0.3197,2,0.0359,-16,0,0,0,0.9653,1.0242,Complete,2026-10-23,73233400,Test
PRJ3-01327,Aspen Urban Village 1327,Mixed-Use,West,WA,Private,Lump Sum,Design-Bid-Build,High,Moderate,Standard,2024-03-20,2025-10-18,2025,296884400,1070,0.54,0.5495,0.788,1.033,0.1464,-10,0.8906,15,7,0.293,0.9565,167,5.625,9.927,0.1832,0.2864,0.1016,0.0436,0.0237,0.1963,0.0476,0.0348,7.866,0.1255,7.152,0.3277,0.1497,0.2995,4,0.1509,38,1,1,1,0.8689,0.9657,Complete,2027-04-02,341680300,Test
PRJ3-01328,Cedar Logistics Center 1328,Industrial,West,WA,Private,Cost Plus,Design-Build,High,Low,Slow,2023-05-04,2023-12-04,2023,97228100,519,0.413,0.4206,0.8459,1.0192,0.0782,-4,0.8499,45,3,0.425,0.9723,71,7.302,9.172,0.1967,0.3159,0.0797,0.1506,0.0439,0.2085,0.0772,0.0231,22.15,0.3016,8.608,0.3693,0.3217,0.3738,4,0.177,28,1,0,1,0.8496,0.9488,Complete,2024-11-01,114437400,Train
PRJ3-01329,Lakeview Public Works Program 1329,Infrastructure,Southwest,TX,Private,Unit Price,Design-Build,Moderate,Low,Fast,2023-08-18,2025-02-21,2025,212173000,1257,0.44,0.3935,0.9829,0.9385,-0.0106,58,1.0271,7,13,0.15,0.9726,100,4.713,6.816,0.2404,0.1657,0.0602,0.0751,0.0095,0.2277,0,0.0163,11.951,0.1654,0.977,0.1793,0.1453,0.4455,1,0.0209,-12,0,0,0,0.9796,1.0096,Complete,2027-01-14,216597200,Test
PRJ3-01330,Aspen Research Facility 1330,Institutional,Midwest,MN,Public,Unit Price,Design-Build,High,High,Standard,2022-03-23,2023-06-23,2023,249486900,1139,0.402,0.3862,1.023,1.0086,-0.0328,18,0.9032,12,25,0.738,0.9802,117,4.69,8.922,0.3147,0.3474,0.0883,0.0918,0.0539,0.1473,0.0557,0.0264,22.212,0.2312,6.958,0.3259,0.2623,0.4607,4,0.0468,29,0,0,0,0.9553,0.9752,Complete,2025-06-03,261161400,Train
PRJ3-01331,Mesa Bridge Program 1331,Heavy Civil,Midwest,MN,Private,Lump Sum,CMAR,Moderate,Low,Standard,2020-09-17,2021-11-27,2021,153325800,1020,0.428,0.3864,0.93,0.9169,0.0435,42,0.9092,29,15,0.517,0.9734,92,6.0,9.466,0.2194,0.3569,0.1202,0.0093,0.0069,0.2178,0.0693,0.0286,25.95,0.3934,4.563,0.3924,0.1438,0.2455,4,0.0979,13,0,0,0,0.9109,0.9874,Complete,2023-07-17,168330800,Train
PRJ3-01332,Copper Education Center 1332,Institutional,Southeast,VA,Private,Guaranteed Maximum Price,IPD,High,Moderate,Standard,2018-05-17,2019-08-02,2019,88130100,792,0.559,0.5536,1.009,1.0179,-0.0098,4,0.9543,19,10,0.293,0.959,39,4.425,8.862,0.3226,0.1824,0.0823,0.1402,0.0566,0.1756,0.0506,0.0094,26.462,0.2852,6.898,0.3332,0.214,0.2359,3,0.089,0,0,0,0,0.9183,1.0,Complete,2020-07-17,95970100,Train
PRJ3-01333,Crescent Urban Village 1333,Mixed-Use,Mountain,MT,Public,Guaranteed Maximum Price,Design-Build,High,High,Slow,2023-06-25,2024-08-11,2024,242148500,1165,0.355,0.3337,0.9069,0.9145,0.031,25,1.0033,28,12,0.786,0.9639,147,6.071,10.454,0.1739,0.2592,0.0823,0.0367,0.0451,0.1848,0.0268,0.0256,28.383,0.3476,11.763,0.2016,0.2648,0.3141,5,0.1328,40,1,1,1,0.8828,0.9668,Complete,2026-10-12,274298900,Validation
PRJ3-01335,Aspen Civic Complex 1335,Institutional,Northeast,NY,Public,Unit Price,Design-Bid-Build,Low,Low,Fast,2019-12-08,2021-01-27,2021,84297100,718,0.58,0.5731,1.0192,0.9893,0.0146,5,1.0132,26,14,0.709,0.9514,36,4.271,13.141,0.1096,0.4979,0.0983,0.1044,0.0593,0.1059,0.0131,0.0068,17.358,0.171,1.07,0.3097,0.1856,0.2052,3,0.0626,3,0,0,0,0.9411,0.9958,Complete,2021-11-28,89576300,Train
PRJ3-01336,Gateway Research Facility 1336,Institutional,Mountain,WY,Public,Unit Price,IPD,Very High,High,Slow,2023-04-26,2024-07-24,2024,33343400,891,0.511,0.4796,0.912,0.9344,0.0325,28,1.0097,16,17,1.013,0.9673,6,1.799,16.356,0.08,0.5014,0.1349,0.1341,0.0501,0.2355,0.0278,0.047,33.71,0.3819,6.582,0.4233,0.3591,0.4281,7,0.0068,6,0,0,0,0.9933,0.9933,Complete,2025-10-09,33569700,Validation
PRJ3-01337,Cedar Retail Center 1337,Commercial,Northeast,MA,Private,Cost Plus,Design-Bid-Build,Very High,Moderate,Slow,2023-04-22,2024-02-03,2024,84827700,509,0.564,0.3826,0.8645,0.72,0.0681,92,0.8133,40,20,0.859,0.963,50,5.894,13.464,0.0985,0.4849,0.1132,0.2865,0.0973,0.2705,0.0711,0.0277,35.884,0.4205,1.686,0.2765,0.3689,0.3697,5,0.1062,87,1,1,1,0.904,0.854,Complete,2024-12-08,93837000,Validation
PRJ3-01338,Pioneer Neighborhood 1338,Residential,West,NV,Private,Guaranteed Maximum Price,Design-Bid-Build,Low,High,Slow,2024-01-02,2024-06-03,2024,49175300,390,0.394,0.3734,1.0323,0.969,-0.0143,8,1.0119,19,5,0.385,0.9847,23,4.677,9.745,0.1305,0.4915,0.1034,0.1136,0.0361,0.0521,0.0259,0.0177,30.957,0.3837,3.436,0.3842,0.2663,0.3454,4,0.0153,0,0,0,0,0.9849,1.0,Complete,2025-01-26,49928200,Validation
PRJ3-01339,Mesa Water Program 1339,Heavy Civil,Southeast,FL,Private,Lump Sum,CMAR,Low,Low,Standard,2022-01-31,2023-09-28,2023,138483600,1224,0.495,0.4549,0.9858,0.9298,0.0125,49,0.962,12,10,0.035,0.9725,67,4.838,6.305,0.3294,0.2539,0.0532,0.1223,0.0391,0.1538,0.0108,0.0061,6.122,0.1424,2.906,0.03,0.1797,0.3112,1,0.0486,-25,0,0,0,0.9536,1.0209,Complete,2025-05-14,145215100,Train
PRJ3-01340,Lakeview Retail Center 1340,Commercial,Midwest,MI,Private,Cost Plus,Design-Build,High,Moderate,Slow,2024-02-12,2025-02-07,2025,81441200,644,0.561,0.5373,0.9854,0.9842,0.019,15,0.807,13,23,0.871,0.9545,33,4.052,9.876,0.2446,0.4556,0.1398,0.0951,0.06,0.1395,0.0491,0.0476,34.315,0.4988,6.198,0.3461,0.3289,0.3874,6,0.0014,37,0,1,1,0.9986,0.9457,Complete,2025-12-24,81555200,Test
PRJ3-01341,Riverside District 1341,Mixed-Use,Southeast,FL,Private,Guaranteed Maximum Price,CMAR,Moderate,High,Standard,2021-01-12,2022-01-24,2022,179673500,976,0.387,0.39,0.915,1.0449,0.0568,-3,1.0084,8,21,0.514,0.9634,82,4.564,6.571,0.3927,0.2674,0.054,0.0079,0.0011,0.0676,0.0367,0.0241,13.774,0.257,2.298,0.3494,0.1325,0.2242,2,0.0994,-21,0,0,0,0.9096,1.022,Complete,2023-08-25,197531800,Train
PRJ3-01342,Granite Airport Improvements 1342,Infrastructure,Northeast,MA,Private,Lump Sum,Design-Build,Low,Low,Standard,2019-09-05,2020-12-05,2020,548074500,999,0.458,0.3914,1.0308,0.9508,-0.0081,67,1.083,8,15,0.289,0.973,240,4.379,8.336,0.3028,0.3707,0.0697,0.0836,0.0265,0.2081,0.015,0,13.999,0.1469,2.65,0.2491,0.1617,0.144,2,-0.0233,-19,0,0,0,1.0238,1.0194,Complete,2022-05-12,535316500,Train
PRJ3-01343,Granite Highway Improvements 1343,Heavy Civil,West,NV,Private,Lump Sum,CMAR,Very High,Moderate,Standard,2022-06-01,2023-07-08,2023,288960800,1138,0.354,0.3414,0.9292,0.9295,0.0147,14,0.999,7,7,0.551,0.9529,192,6.644,9.083,0.3309,0.3214,0.0636,0.188,0.0986,0.3374,0.0643,0.0306,25.199,0.2976,2.779,0.3477,0.2672,0.3753,3,0.0818,21,0,0,0,0.9244,0.9819,Complete,2025-08-03,312596100,Train
PRJ3-01344,Mesa Highway Improvements 1344,Heavy Civil,Midwest,IL,Private,Unit Price,Design-Bid-Build,Very High,Moderate,Slow,2017-10-02,2019-04-21,2019,99080600,1239,0.457,0.4111,0.7993,0.8891,0.103,57,0.9651,33,11,0.524,0.9546,60,6.056,13.448,0.08,0.4679,0.1142,0.2029,0.0392,0.2393,0.0779,0.0572,22.39,0.3251,5.868,0.5905,0.2233,0.3555,6,0.2167,56,1,1,1,0.8219,0.9568,Complete,2021-04-19,120551900,Train
PRJ3-01345,Granite Transit-Oriented Development 1345,Mixed-Use,Mountain,WY,Private,Lump Sum,IPD,Low,Moderate,Slow,2019-01-24,2020-03-18,2020,62430200,852,0.492,0.4757,0.9489,0.9983,0.0234,14,1.0092,12,11,0.431,0.9684,29,4.645,13.519,0.08,0.4738,0.1083,0,0.0251,0.02,0.0606,0.0109,34.116,0.483,2.484,0.3032,0.2185,0.3644,4,0.1197,7,1,0,1,0.8931,0.9919,Complete,2021-06-01,69903400,Train
PRJ3-01346,Copper Airport Improvements 1346,Infrastructure,Mountain,MT,Private,Guaranteed Maximum Price,Design-Build,Moderate,Low,Slow,2022-02-05,2023-09-15,2023,338843900,1113,0.528,0.5036,0.8961,0.949,0.0587,27,0.9265,31,10,0.7,0.9578,176,5.194,13.17,0.1083,0.5364,0.1234,0.1541,0.0291,0.1441,0.0253,0.0326,31.601,0.4144,4.536,0.4187,0.2924,0.3109,6,0.1592,57,1,1,1,0.8627,0.9513,Complete,2025-04-20,392779300,Train
PRJ3-01347,Riverside Water Program 1347,Heavy Civil,Southwest,NM,Public-Private Partnership,Lump Sum,CMAR,High,High,Standard,2020-12-13,2022-02-12,2022,379999700,998,0.427,0.3943,0.9654,0.942,0.0131,33,0.8724,24,3,0.705,0.9893,208,5.474,6.59,0.2997,0.3044,0.0805,0.0969,0.0647,0.1541,0.0168,0.0251,35.695,0.3351,6.311,0.2675,0.325,0.3009,4,0.0291,-25,0,0,0,0.9717,1.0257,Complete,2023-08-13,391068100,Train
PRJ3-01348,Cedar Highway Improvements 1348,Heavy Civil,Southwest,AZ,Private,Guaranteed Maximum Price,CMAR,High,High,Standard,2019-02-14,2020-07-26,2020,140732600,1070,0.494,0.4623,1.0391,0.9701,-0.0027,34,0.9558,14,14,0.242,0.9498,65,4.619,8.031,0.362,0.31,0.0779,0.0731,0.0527,0.1332,0.0538,0.027,25.88,0.2808,3.657,0.3168,0.2239,0.3495,3,0.1198,-25,1,0,1,0.893,1.0239,Complete,2021-12-25,157595800,Train
PRJ3-01349,Canyon Transit Program 1349,Infrastructure,Mountain,MT,Public,Guaranteed Maximum Price,Design-Build,Very High,Moderate,Standard,2017-09-17,2019-06-11,2019,241510000,1236,0.512,0.4919,0.9544,0.9666,0.0193,25,0.914,26,14,0.904,0.9664,146,6.045,9.832,0.2143,0.3525,0.1029,0.1871,0.1005,0.2688,0.0494,0.0403,20.134,0.1705,3.942,0.3209,0.3017,0.3363,4,0.158,5,1,0,1,0.8635,0.996,Complete,2021-02-09,279679900,Train
PRJ3-01350,Cedar Research Facility 1350,Institutional,Southwest,TX,Private,Lump Sum,IPD,Moderate,Moderate,Slow,2021-01-15,2022-03-06,2022,22805800,941,0.442,0.4401,1.0084,0.9886,0.0047,2,0.9694,15,9,0.783,0.9747,10,4.385,7.723,0.3467,0.2729,0.0596,0.1986,0.0423,0.0289,0.0174,0,39.874,0.5871,5.179,0.1235,0.312,0.3502,3,-0.0273,43,0,1,1,1.0281,0.9563,Complete,2023-09-26,22183100,Train
PRJ3-01351,Copper Earthworks Package 1351,Heavy Civil,Midwest,MI,Public,Lump Sum,Design-Bid-Build,High,High,Standard,2021-11-11,2022-12-20,2022,292233700,1015,0.399,0.4228,0.9292,0.9781,0.0307,-24,0.9751,11,20,0.576,0.9706,174,5.954,11.421,0.1872,0.3469,0.0802,0.1406,0.0449,0.1566,0.046,0.0344,26.405,0.2861,9.91,0.3721,0.223,0.3686,5,0.0483,17,0,0,0,0.9539,0.9835,Complete,2024-09-08,306351300,Train
PRJ3-01352,Granite Water Program 1352,Heavy Civil,West,CA,Public-Private Partnership,Lump Sum,CMAR,High,Moderate,Fast,2021-10-05,2023-05-20,2023,121732400,1136,0.522,0.4984,0.9653,0.9682,0.0213,27,0.8996,21,10,0.535,0.9785,68,5.586,10.829,0.1892,0.3264,0.078,0.1973,0.0551,0.2249,0.0166,0.0009,14.212,0.2074,1.732,0.1613,0.2569,0.4241,2,0.06,7,0,0,0,0.9434,0.9939,Complete,2024-11-21,129036700,Train
PRJ3-01353,Redwood Civic Complex 1353,Institutional,Southeast,VA,Private,Guaranteed Maximum Price,IPD,Low,Moderate,Standard,2022-08-19,2023-11-12,2023,74091800,836,0.539,0.517,1.1023,1.0054,-0.0385,18,1.0029,3,9,0,0.9749,36,4.859,7.699,0.3091,0.3448,0.0715,0.0921,0.046,0.0933,0.0176,0.0151,18.937,0.2879,0.869,0.1914,0.1884,0.3318,2,-0.0056,0,0,0,0,1.0056,1.0,Complete,2024-12-02,73676900,Train
PRJ3-01354,Canyon Housing 1354,Residential,West,CA,Private,Guaranteed Maximum Price,Design-Bid-Build,Very High,Low,Slow,2022-10-05,2023-04-19,2023,25652100,409,0.48,0.4095,0.851,0.881,0.0717,29,0.8545,30,13,0.884,0.9477,16,6.237,10.094,0.2344,0.3841,0.097,0.1858,0.0569,0.3436,0.0427,0.0247,26.498,0.3095,7.054,0.2724,0.2064,0.4301,4,0.1234,29,1,0,1,0.8902,0.9338,Complete,2023-12-17,28816600,Train
PRJ3-01355,Lakeview Urban Village 1355,Mixed-Use,Southwest,NM,Public,Lump Sum,CMAR,High,High,Standard,2020-04-06,2021-11-24,2021,146701400,1084,0.551,0.5315,0.9433,0.9601,0.0381,21,1.082,20,12,0.585,0.9813,57,3.885,3.426,0.629,0.1458,0.0664,0.0626,0.0715,0.2157,0.019,0.0255,32.628,0.3372,1.794,0.509,0.3325,0.4809,3,0.0283,-9,0,0,0,0.9725,1.0084,Complete,2023-03-17,150848300,Train
PRJ3-01357,Cedar Urban Village 1357,Mixed-Use,Mountain,UT,Private,Cost Plus,CMAR,High,Low,Slow,2022-05-09,2023-04-26,2023,38747000,977,0.361,0.2616,0.9077,0.8029,0.0188,97,0.9443,23,18,1.012,0.9578,27,6.968,14.273,0.08,0.4722,0.1242,0.1549,0.028,0.1759,0.0481,0.0609,30.943,0.3231,0.882,0.3754,0.3839,0.3656,6,0.0982,46,0,1,1,0.9106,0.955,Complete,2025-02-25,42550200,Train
PRJ3-01358,Pioneer Corporate Center 1358,Commercial,West,CA,Private,Lump Sum,Design-Build,Moderate,Low,Fast,2021-10-01,2022-11-14,2022,106801600,785,0.522,0.515,0.9164,0.9782,0.044,5,1.028,17,6,0.742,0.9587,54,5.056,11.553,0.131,0.4207,0.1101,0.0334,0.026,0.1707,0.0062,0.0185,14.105,0.2309,0,0.3443,0.0741,0.1303,3,0.089,-5,0,0,0,0.9183,1.0064,Complete,2023-11-20,116309200,Train
PRJ3-01359,Pioneer District 1359,Mixed-Use,Southwest,NM,Private,Unit Price,Design-Build,Moderate,Moderate,Fast,2022-08-12,2023-12-25,2023,59940900,959,0.522,0.4977,0.9284,0.9711,0.0353,23,1.0932,0,7,0.276,0.9891,29,4.838,4.059,0.5311,0.2194,0.0599,0.1966,0.0528,0.172,0.0343,0.0132,5,0.0793,1.02,0.2699,0.2563,0.3697,2,0.0579,-25,0,0,0,0.9453,1.0268,Complete,2025-03-03,63410600,Train
PRJ3-01360,Harbor Manufacturing Facility 1360,Industrial,Mountain,UT,Private,Cost Plus,CMAR,Low,High,Standard,2020-06-13,2021-03-27,2021,119698900,648,0.443,0.4925,1.128,1.12,-0.0439,-32,1.0321,6,5,0.426,0.9514,49,4.094,4.235,0.5872,0.2187,0.0389,0,0.0201,0.0682,0,0,16.597,0.1458,4.555,0.2396,0.1493,0.3395,1,0.0022,-25,0,0,0,0.9978,1.0401,Complete,2022-02-26,119967600,Train
PRJ3-01361,Summit Corporate Center 1361,Commercial,Southwest,NM,Private,Cost Plus,Design-Build,Low,High,Fast,2020-08-08,2021-05-12,2021,57940400,767,0.362,0.3878,1.1424,1.12,-0.0433,-20,1.16,10,0,0.505,0.9667,32,5.523,8.248,0.2962,0.2216,0.0642,0.0607,0.028,0.02,0.0216,0.0273,10.181,0.1686,0.408,0.1599,0.1031,0.2861,2,-0.0155,-21,0,0,0,1.0157,1.0282,Complete,2022-08-24,57042100,Train
PRJ3-01362,Liberty Transit Program 1362,Infrastructure,Midwest,MN,Private,Lump Sum,CMAR,High,High,Standard,2019-12-24,2021-09-13,2021,196996700,1058,0.595,0.5592,0.9795,0.9567,0.0007,38,0.9831,19,20,0.461,0.985,103,5.229,7.594,0.3264,0.3911,0.0804,0.2063,0.0981,0.2455,0.0281,0.0184,19.695,0.199,3.176,0.2466,0.2633,0.3619,3,0.0385,22,0,0,0,0.963,0.9796,Complete,2022-12-08,204573500,Train
PRJ3-01363,Redwood Utility Corridor 1363,Infrastructure,Midwest,MN,Public,Lump Sum,Design-Build,Moderate,Low,Slow,2023-10-22,2025-04-01,2025,194036900,999,0.528,0.4904,0.9305,0.9293,0.0526,38,0.9647,12,23,0.629,0.9698,98,5.051,15.747,0.08,0.4956,0.1055,0.087,0.0138,0.1769,0.0689,0.0469,41.449,0.4923,0,0.4246,0.3144,0.4871,7,0.1485,60,1,1,1,0.8707,0.9433,Complete,2026-09-15,222853300,Test
PRJ3-01364,Gateway Transit Program 1364,Infrastructure,Midwest,MN,Public,Guaranteed Maximum Price,Design-Build,Moderate,Moderate,Slow,2019-06-10,2021-08-07,2021,331686200,1370,0.576,0.5042,0.9866,0.8971,0.0005,98,0.9867,35,20,0.846,0.9568,155,4.673,10.908,0.192,0.4031,0.0867,0.1158,0.0193,0.2064,0.0777,0.0123,21.876,0.2597,7.214,0.458,0.2189,0.4639,4,0.1169,44,1,1,1,0.8954,0.9689,Complete,2023-04-24,370444700,Train
PRJ3-01365,Pioneer Retail Center 1365,Commercial,West,CA,Public,Guaranteed Maximum Price,CMAR,Moderate,Moderate,Slow,2021-08-07,2022-08-06,2022,48236600,649,0.561,0.5364,0.9936,0.9726,0.002,16,0.9814,28,7,0.231,0.9746,41,8.5,7.688,0.3022,0.3174,0.1076,0.0993,0.0432,0.2003,0.0562,0.0258,41.274,0.4882,5.961,0.3416,0.4273,0.3055,5,0.092,54,0,1,1,0.9158,0.9232,Complete,2023-07-11,52672200,Train
PRJ3-01366,Gateway Neighborhood 1366,Residential,West,WA,Private,Cost Plus,CMAR,Low,Moderate,Fast,2025-04-08,2025-11-18,2025,34966800,485,0.463,0.5369,0.9799,1.1119,0.0032,-36,1.0674,4,0,0.746,0.9563,15,4.29,4.958,0.5045,0.1186,0.0263,0.0641,0.0057,0.02,0.0059,0.0122,14.753,0.1838,0,0.1938,0.1207,0.3213,1,-0.0656,-25,0,0,0,1.0702,1.0543,Complete,2026-07-12,32673500,Test
PRJ3-01367,Pioneer Water Program 1367,Heavy Civil,Northeast,MA,Public,Guaranteed Maximum Price,Design-Bid-Build,Moderate,Moderate,Standard,2023-12-26,2025-01-01,2025,90571100,870,0.428,0.4128,0.929,0.9736,0.0291,13,0.9744,18,17,0.283,0.975,46,5.079,5.572,0.4831,0.2777,0.0886,0.0738,0.0304,0.0857,0.0301,0.0132,15.568,0.1878,7.26,0.328,0.1675,0.2173,2,0.0833,4,0,0,0,0.9231,0.9954,Complete,2026-05-18,98114500,Test
PRJ3-01368,Summit Process Plant 1368,Industrial,Southwest,TX,Private,Unit Price,CMAR,High,Moderate,Fast,2018-01-20,2019-03-28,2019,202828200,883,0.49,0.5205,0.9233,1.0208,0.0594,-27,0.9284,24,0,0.754,0.9759,102,5.029,6.76,0.2959,0.2537,0.0676,0.0718,0.0137,0.2328,0.0128,0.0229,25.573,0.3832,3.104,0.3814,0.2502,0.4159,3,0.1125,4,1,0,1,0.8988,0.9955,Complete,2020-06-25,225654800,Train
PRJ3-01369,Cedar Corporate Center 1369,Commercial,Mountain,MT,Public,Lump Sum,IPD,Moderate,Moderate,Standard,2022-05-22,2023-04-06,2023,29209400,756,0.422,0.4237,1.0245,0.9649,0.0084,-1,1.0286,6,13,0.479,0.9591,4,1.369,6.896,0.3264,0.2635,0.0739,0.034,0.0127,0.153,0.0271,0.0091,19.912,0.288,5.477,0.1756,0.1754,0.3558,2,0.0379,-12,0,0,0,0.9635,1.0161,Complete,2024-06-04,30317000,Train
PRJ3-01370,Mesa Apartments 1370,Residential,West,NV,Private,Cost Plus,Design-Bid-Build,Moderate,Moderate,Fast,2022-12-10,2024-02-07,2024,33624800,713,0.596,0.6236,1.0021,1.0094,-0.0039,-20,1.0012,26,2,0.581,0.9764,10,2.974,11.105,0.1112,0.4806,0.1042,0.16,0.0478,0.2214,0,0,19.784,0.3507,4.229,0.2423,0.2572,0.1515,3,0.0077,-13,0,0,0,0.9924,1.0186,Complete,2024-11-09,33883800,Validation
PRJ3-01371,Copper Bridge Program 1371,Heavy Civil,Southeast,NC,Public-Private Partnership,Cost Plus,CMAR,Moderate,Low,Standard,2022-11-24,2024-07-22,2024,173333800,1216,0.499,0.4435,0.8653,0.8769,0.078,67,0.903,6,1,0.984,0.9583,81,4.673,11.254,0.1018,0.3987,0.1499,0.1926,0.0712,0.1608,0.0322,0.0187,18.863,0.2935,2.701,0.3943,0.1585,0.3776,3,0.2043,20,1,0,1,0.8303,0.9838,Complete,2026-04-13,208752700,Validation
PRJ3-01372,Mesa Residences 1372,Residential,Northeast,CT,Public,Lump Sum,IPD,High,Moderate,Standard,2024-11-24,2025-05-05,2025,20247400,447,0.363,0.3683,0.9885,1.0831,-0.0098,-2,1.1123,28,21,0.655,0.936,4,1.976,5.048,0.4103,0.17,0.0507,0.0542,0.0603,0.2193,0.0369,0.0003,30.442,0.2653,5.363,0.345,0.2695,0.3253,2,-0.0356,28,0,0,0,1.0369,0.9411,Complete,2026-03-14,19526500,Test
PRJ3-01373,Mesa Manufacturing Facility 1373,Industrial,Mountain,UT,Public-Private Partnership,Lump Sum,Design-Build,High,Moderate,Standard,2021-04-09,2023-01-01,2023,127001200,1219,0.519,0.5273,0.9234,1.0372,0.053,-10,0.95,18,16,0.323,0.9628,66,5.197,11.229,0.1435,0.4127,0.0953,0.0857,0.028,0.1371,0.0602,0.0298,13.144,0.3154,4.116,0.2499,0.1013,0.4172,4,0.0498,-18,0,0,0,0.9525,1.015,Complete,2024-07-23,133331800,Train
PRJ3-01374,Northstar Bridge Program 1374,Heavy Civil,Northeast,PA,Private,Lump Sum,Design-Build,Very High,High,Standard,2017-11-17,2019-04-07,2019,130539200,1044,0.485,0.5235,0.8982,1.0833,0.0734,-40,0.9938,30,14,0.652,0.9803,71,5.439,11.159,0.08,0.3072,0.0612,0.2023,0.0299,0.2515,0.0268,0.0152,28.526,0.4151,2.953,0.3372,0.3146,0.4902,4,0.0965,35,0,1,1,0.912,0.9676,Complete,2020-10-31,143135000,Train
PRJ3-01375,Granite Highway Improvements 1375,Heavy Civil,Mountain,WY,Public,Guaranteed Maximum Price,Design-Build,Moderate,Moderate,Fast,2019-03-16,2020-05-27,2020,367422900,1083,0.405,0.4222,0.9399,0.9784,0.0267,-19,0.9508,2,23,0.655,0.992,175,4.763,12.322,0.0849,0.3929,0.1181,0,0,0.1954,0.0346,0.0185,18.544,0.3389,3.288,0.3155,0.1218,0.2962,3,0.0654,33,0,1,1,0.9386,0.9704,Complete,2022-04-05,391439000,Train
PRJ3-01376,Riverside Utility Corridor 1376,Infrastructure,Midwest,MO,Private,Lump Sum,Design-Build,High,High,Standard,2017-11-08,2019-11-05,2019,140178800,1401,0.519,0.504,0.9976,0.94,0.0022,21,1.0109,28,13,0.265,0.9714,67,4.78,8.277,0.3186,0.2638,0.0794,0.0391,0,0.1976,0.0373,0.0274,30.533,0.3742,3.668,0.1669,0.2494,0.3296,4,-0.004,48,0,1,1,1.004,0.9669,Complete,2021-10-27,139623700,Train
PRJ3-01377,Harbor Town Center 1377,Mixed-Use,Northeast,CT,Private,Guaranteed Maximum Price,Design-Bid-Build,High,Low,Standard,2019-09-24,2021-02-22,2021,128836700,1082,0.478,0.4136,0.8738,0.865,0.043,70,0.9755,36,19,0.713,0.9301,76,5.899,8.995,0.1347,0.2968,0.1008,0.2048,0.0652,0.2961,0.0609,0.0586,19.665,0.1452,10.398,0.3389,0.2518,0.3252,5,0.1721,48,1,1,1,0.8532,0.9575,Complete,2022-10-28,151011400,Train
PRJ3-01378,Granite Transit-Oriented Development 1378,Mixed-Use,West,OR,Public,Lump Sum,CMAR,Moderate,High,Slow,2024-12-02,2025-10-17,2025,309463400,812,0.394,0.3591,0.9158,0.8914,0.0354,28,0.9677,24,5,0.751,0.9657,149,4.815,9.083,0.3733,0.378,0.0546,0.0949,0.0119,0.1365,0.0172,0.0264,6.461,0.2583,3.057,0.1752,0.0592,0.3128,3,0.0979,35,0,1,1,0.9108,0.9587,Complete,2027-03-29,339770600,Test
PRJ3-01379,Summit Apartments 1379,Residential,Mountain,UT,Public,Unit Price,CMAR,Very High,Low,Standard,2024-07-05,2025-04-13,2025,64472600,576,0.491,0.4482,0.8916,0.8618,0.057,25,0.9649,24,12,0.505,0.9464,40,6.204,9.519,0.1843,0.3784,0.0843,0.1614,0.0599,0.1595,0.082,0.0293,19.78,0.2341,1.713,0.1912,0.2175,0.5278,3,0.1291,-14,1,0,1,0.8856,1.0249,Complete,2026-01-18,72797300,Test
PRJ3-01380,Aspen Education Center 1380,Institutional,Midwest,MI,Private,Cost Plus,Design-Build,High,Moderate,Fast,2020-11-03,2021-09-12,2021,123189100,871,0.36,0.3989,0.9454,1.0984,-0.0019,-34,0.9715,8,24,0.628,0.9547,60,4.871,9.563,0.3365,0.2102,0.0609,0.1219,0.0406,0.2612,0.038,0.0019,16.547,0.2493,0,0.1121,0.2244,0.4401,1,0.137,-21,1,0,1,0.8795,1.0247,Complete,2023-03-03,140071100,Train
PRJ3-01381,Horizon Residences 1381,Residential,Southeast,VA,Private,Lump Sum,CMAR,High,High,Standard,2021-07-24,2022-02-25,2022,63217800,490,0.442,0.4139,1.0082,0.9672,-0.0215,14,0.9288,33,13,0.755,0.9785,26,4.113,7.559,0.2664,0.3043,0.0646,0.1685,0.0533,0.2224,0.0547,0.0044,32.148,0.3269,1.689,0.476,0.2894,0.3045,3,0.0077,60,0,1,1,0.9924,0.8909,Complete,2023-01-25,63703000,Train
PRJ3-01382,Cedar Marketplace 1382,Commercial,Northeast,MA,Public-Private Partnership,Guaranteed Maximum Price,CMAR,Very High,High,Standard,2019-03-16,2020-05-26,2020,136937700,815,0.537,0.5048,0.9206,0.9036,0.038,26,0.9399,11,25,0.673,0.9544,67,4.893,7.921,0.404,0.3063,0.0935,0.1382,0.0684,0.2665,0.0328,0.0503,5,0.0541,4.131,0.2957,0.1321,0.3817,4,0.0936,-22,0,0,0,0.9144,1.0277,Complete,2021-05-17,149761200,Train
PRJ3-01383,Copper Bridge Program 1383,Heavy Civil,Mountain,ID,Public,Guaranteed Maximum Price,IPD,Very High,Low,Slow,2019-10-02,2021-09-05,2021,314033200,1362,0.517,0.4308,0.8821,0.8715,0.0411,117,0.7954,37,20,1.198,0.9635,204,6.496,9.774,0.2555,0.3373,0.0855,0.1871,0.0374,0.2682,0.054,0.0502,25.169,0.2519,7.637,0.3456,0.3023,0.4056,5,0.1842,50,1,1,1,0.8445,0.9646,Complete,2023-08-14,371877300,Train
PRJ3-01384,Redwood Urban Village 1384,Mixed-Use,Northeast,NJ,Private,Cost Plus,Design-Build,Moderate,High,Fast,2023-07-13,2024-07-15,2024,293036300,775,0.475,0.4869,1.0253,0.9958,-0.015,-9,1.0607,0,18,0.548,0.9677,127,4.334,7.619,0.3653,0.2166,0.0871,0.0864,0.0067,0.1313,0.0231,0.0013,18.808,0.2007,0,0.1221,0.1931,0.4798,1,0.0032,2,0,0,0,0.9968,0.9974,Complete,2025-08-28,293986600,Validation
PRJ3-01385,Canyon Transit-Oriented Development 1385,Mixed-Use,Southwest,TX,Public,Guaranteed Maximum Price,Design-Build,High,Moderate,Slow,2020-03-19,2021-04-04,2021,193914100,727,0.525,0.4678,0.9571,0.8629,0.0062,42,0.9326,29,5,0.92,0.9483,112,5.776,12.448,0.08,0.4631,0.1002,0.1722,0.0652,0.1269,0.0545,0.0071,36.605,0.3541,6.636,0.3943,0.3921,0.3162,5,0.0742,22,0,0,0,0.9309,0.9706,Complete,2022-04-07,208302400,Train
PRJ3-01386,Redwood Housing 1386,Residential,Midwest,MI,Private,Cost Plus,Design-Bid-Build,Low,High,Slow,2022-01-25,2022-08-17,2022,44883700,410,0.499,0.5099,0.988,1.0092,0.0014,-4,1.0185,0,2,0.547,0.9603,13,2.896,9.796,0.2824,0.3198,0.0651,0,0.0432,0.1211,0.0345,0.0098,30.875,0.3989,2.704,0.0482,0.3087,0.3637,3,0.0607,22,0,0,0,0.9428,0.9491,Complete,2023-04-02,47609100,Train
PRJ3-01387,Copper Marketplace 1387,Commercial,Northeast,MA,Private,Guaranteed Maximum Price,CMAR,Moderate,Moderate,Standard,2024-07-05,2025-11-06,2025,176034300,851,0.575,0.5258,1.0763,0.9416,-0.0275,42,0.9545,5,17,0.379,0.9709,80,4.545,5.956,0.4156,0.2466,0.091,0.1516,0.0616,0.0339,0.0164,0.0266,17.308,0.2387,4.397,0.3028,0.2659,0.1973,3,-0.0124,-8,0,0,0,1.0126,1.0095,Complete,2026-10-26,173851100,Test
PRJ3-01388,Redwood Marketplace 1388,Commercial,Northeast,CT,Public-Private Partnership,Guaranteed Maximum Price,Design-Bid-Build,High,Low,Slow,2022-02-16,2023-02-18,2023,175363000,706,0.52,0.5043,0.8887,0.9107,0.0425,11,0.8532,32,16,1.001,0.9452,115,6.558,10.714,0.1936,0.2745,0.0977,0.1213,0.034,0.2489,0.0764,0.0329,20.792,0.3214,7.52,0.6274,0.1923,0.4175,4,0.1626,11,1,0,1,0.8602,0.9847,Complete,2024-02-03,203870100,Train
PRJ3-01389,Redwood Retail Center 1389,Commercial,Midwest,IL,Public,Lump Sum,Design-Build,Low,Moderate,Standard,2022-08-10,2023-03-07,2023,194740200,561,0.373,0.3786,1.0584,1.12,-0.0378,-3,1.0016,18,10,0.137,0.9682,78,4.005,8.859,0.2341,0.4255,0.0851,0.0841,0.0421,0.0885,0.0079,0.0184,7.566,0.1867,3.617,0.1442,0.1276,0.2446,3,-0.051,17,0,0,0,1.0538,0.9706,Complete,2024-03-10,184800300,Train
PRJ3-01390,Cedar Housing 1390,Residential,West,NV,Public,Guaranteed Maximum Price,IPD,Low,Moderate,Fast,2025-02-24,2025-09-06,2025,60832200,510,0.382,0.3853,1.0835,0.9959,-0.0131,-2,1.0654,12,1,0.429,0.9971,34,5.589,8.65,0.3667,0.2156,0.0845,0.0004,0.0233,0.02,0.0142,0.002,5,0.0056,2.609,0.324,0.0424,0.2402,1,0.0236,-25,0,0,0,0.977,1.0515,Complete,2026-06-24,62266000,Test
PRJ3-01391,Canyon Apartments 1391,Residential,West,NV,Public-Private Partnership,Guaranteed Maximum Price,Design-Build,Moderate,High,Slow,2018-06-24,2019-04-20,2019,23914800,574,0.524,0.5017,1.0234,0.944,-0.011,13,0.9875,33,0,0.423,0.9969,15,6.272,11.102,0.1643,0.3823,0.0958,0.1789,0.063,0.0584,0.0032,0.0181,30.107,0.3464,5.551,0.03,0.2591,0.2868,4,0.0117,49,0,1,1,0.9884,0.9213,Complete,2020-03-08,24195100,Train
PRJ3-01392,Canyon Retail Center 1392,Commercial,Midwest,MO,Public,Lump Sum,CMAR,Moderate,High,Standard,2024-04-23,2024-10-16,2024,34006300,387,0.456,0.4061,1.0517,0.8959,-0.0359,19,0.9768,0,8,0.171,0.9835,12,3.529,13.2,0.08,0.4184,0.1057,0,0.0363,0.0828,0.0129,0,22.745,0.2924,6.126,0.2298,0.1846,0.2218,3,-0.032,-20,0,0,0,1.033,1.0545,Complete,2025-04-25,32918900,Validation
PRJ3-01393,Aspen Housing 1393,Residential,Southeast,VA,Private,Guaranteed Maximum Price,Design-Build,High,High,Fast,2019-01-14,2019-12-28,2019,51862300,597,0.583,0.621,1.1459,1.0282,-0.0764,-23,1.0241,28,13,0.626,0.9876,12,2.314,10.729,0.1192,0.4095,0.0949,0.0286,0.0122,0.1076,0.0233,0.0132,11.022,0.107,0,0.275,0.2083,0.5229,2,0.0534,14,0,0,0,0.9493,0.9771,Complete,2020-09-16,54632700,Train
PRJ3-01394,Liberty Manufacturing Facility 1394,Industrial,Southeast,VA,Private,Lump Sum,Design-Bid-Build,High,Moderate,Standard,2020-06-21,2021-07-28,2021,175448500,1076,0.374,0.3387,0.8795,0.9374,0.0463,38,0.8582,12,19,0.816,0.943,107,6.099,7.745,0.4452,0.1931,0.0626,0.1509,0.0513,0.2086,0.0451,0.0137,28.57,0.2786,0,0.2012,0.31,0.3507,2,0.1279,-2,1,0,1,0.8866,1.0019,Complete,2023-05-31,197888900,Train
PRJ3-01395,Redwood Earthworks Package 1395,Heavy Civil,West,WA,Public-Private Partnership,Lump Sum,Design-Build,Low,High,Standard,2019-01-07,2020-06-26,2020,130825400,1057,0.508,0.4868,1.1146,0.9695,-0.0545,22,1.1059,10,13,0.303,0.9756,45,3.44,7.071,0.4059,0.161,0.0266,0.0402,0.0343,0.0556,0,0.0126,10.007,0.1194,0.708,0.0424,0.1045,0.144,1,0.0351,-11,0,0,0,0.9661,1.0105,Complete,2021-11-18,135422600,Train
PRJ3-01397,Liberty Urban Village 1397,Mixed-Use,Mountain,CO,Private,Unit Price,Design-Bid-Build,High,High,Standard,2023-02-20,2024-09-04,2024,46634000,1088,0.517,0.5203,0.9965,1.0342,0.0141,-4,0.9689,1,21,0.218,0.9599,35,7.505,8.231,0.1302,0.3373,0.1305,0.1358,0.0721,0.0836,0.0281,0.0333,27.947,0.4045,2.033,0.2492,0.302,0.4479,4,-0.0015,13,0,0,0,1.0015,0.9882,Complete,2026-02-25,46564300,Validation
PRJ3-01398,Aspen Marketplace 1398,Commercial,West,NV,Private,Unit Price,CMAR,High,Moderate,Slow,2021-04-21,2022-04-17,2022,132332900,815,0.443,0.4123,0.9288,0.9757,0.0123,25,0.8974,20,0,0.831,0.9591,74,5.592,9.673,0.1564,0.4739,0.1203,0,0.0094,0.2374,0.0449,0.0423,32.677,0.1968,4.132,0.3536,0.2337,0.2465,5,0.0614,17,0,0,0,0.9421,0.9796,Complete,2023-08-01,140464300,Train
PRJ3-01399,Summit Medical Center 1399,Institutional,Southeast,NC,Public-Private Partnership,Cost Plus,Design-Bid-Build,High,High,Standard,2021-12-04,2022-10-13,2022,52629800,654,0.479,0.4366,0.8706,0.9018,0.0449,28,0.8761,30,24,0.775,0.9541,26,4.94,10.685,0.2921,0.3358,0.0949,0.1331,0.0322,0.2428,0.0198,0.0159,27.82,0.2965,8.199,0.5112,0.3484,0.4058,4,0.1004,10,1,0,1,0.9088,0.9849,Complete,2023-09-29,57914300,Train
PRJ3-01400,Riverside Marketplace 1400,Commercial,Northeast,CT,Private,Lump Sum,IPD,High,High,Slow,2022-07-11,2023-02-15,2023,136482100,481,0.457,0.3909,0.8708,0.8545,0.0439,32,0.9555,4,13,0.653,0.9741,71,5.202,8.286,0.2346,0.3793,0.1233,0.2159,0.0629,0.238,0.0401,0.0367,16.688,0.2765,6.905,0.4941,0.2217,0.503,4,0.1615,12,1,0,1,0.8609,0.9757,Complete,2023-11-16,158526600,Train
PRJ3-01401,Aspen Town Center 1401,Mixed-Use,Southwest,AZ,Public,Lump Sum,CMAR,Very High,Low,Standard,2022-07-23,2024-02-12,2024,105682600,1181,0.482,0.4047,0.8439,0.8517,0.102,91,0.9171,43,4,1.189,0.955,56,5.299,9.448,0.1885,0.4267,0.0873,0.3026,0.0843,0.3802,0.0745,0.0438,17.09,0.3303,7.476,0.3742,0.293,0.422,4,0.1621,62,1,1,1,0.8605,0.9501,Complete,2025-12-17,122813200,Validation
PRJ3-01402,Summit Distribution Hub 1402,Industrial,West,OR,Private,Unit Price,IPD,High,Moderate,Slow,2021-03-13,2022-06-11,2022,189344400,847,0.538,0.5333,0.9875,0.911,0.0173,4,0.9343,6,7,0.677,0.9555,93,4.912,11.244,0.1394,0.4919,0.1261,0.1369,0.0764,0.1528,0.076,0.0395,29.522,0.422,10.822,0.3555,0.272,0.3491,6,-0.0279,62,0,1,1,1.0287,0.9318,Complete,2023-09-08,184060600,Train
PRJ3-01403,Crescent Utility Corridor 1403,Infrastructure,Southwest,AZ,Public,Guaranteed Maximum Price,Design-Bid-Build,High,Moderate,Fast,2022-05-19,2024-01-23,2024,324424700,1415,0.434,0.4065,0.9573,0.9223,0.0247,39,0.9678,16,11,0.518,0.9576,189,5.826,5.598,0.4118,0.2153,0.0538,0.0781,0.0223,0.2531,0.0364,0.0291,5,0.1416,1.657,0.3839,0.1012,0.3591,2,0.1038,-25,1,0,1,0.9059,1.018,Complete,2026-03-09,358107900,Validation
PRJ3-01404,Liberty Apartments 1404,Residential,West,NV,Private,Lump Sum,CMAR,Moderate,Moderate,Slow,2018-09-04,2019-04-08,2019,39396800,441,0.491,0.4699,0.8596,0.9055,0.0929,9,0.8857,17,8,0.654,0.9679,15,3.807,11.662,0.1709,0.4064,0.0984,0.0846,0.0172,0.0683,0.0387,0.0353,14.576,0.2721,10.658,0.3042,0.1269,0.3938,5,0.0714,16,0,0,0,0.9333,0.965,Complete,2019-12-05,42211100,Train
PRJ3-01405,Crescent Distribution Hub 1405,Industrial,Southwest,AZ,Private,Unit Price,CMAR,Very High,Moderate,Standard,2024-05-18,2024-12-26,2024,149388500,600,0.371,0.3616,0.8902,0.947,0.0338,6,1.0264,5,10,0.97,0.9471,80,5.355,6.208,0.477,0.2959,0.0799,0.169,0.0795,0.2727,0.0452,0.0146,19.93,0.2188,6.101,0.3684,0.2673,0.4333,3,0.1084,12,1,0,1,0.9022,0.9804,Complete,2026-01-20,165578700,Validation
PRJ3-01406,Liberty Logistics Center 1406,Industrial,Mountain,WY,Public,Guaranteed Maximum Price,CMAR,Moderate,Moderate,Standard,2022-06-14,2023-12-28,2023,73524500,960,0.586,0.5277,0.9415,0.9095,0.0358,56,0.9914,12,16,0.767,0.9738,23,3.128,7.649,0.3081,0.2709,0.0701,0.0645,0.0553,0.0233,0.0427,0.002,15.77,0.2318,4.213,0.32,0.1891,0.3459,2,0.022,14,0,0,0,0.9785,0.9856,Complete,2025-02-12,75140300,Train
PRJ3-01407,Summit Education Center 1407,Institutional,Midwest,MN,Public,Unit Price,Design-Build,High,Moderate,Slow,2018-10-15,2019-07-13,2019,113412800,729,0.372,0.3986,0.9869,1.0277,0.0119,-19,1.0788,11,19,0.827,0.951,59,5.202,11.347,0.0826,0.4119,0.1258,0.0879,0.056,0.2184,0.0419,0.0134,23.371,0.3615,8.883,0.2883,0.1431,0.3519,4,0.1195,44,1,1,1,0.8933,0.9431,Complete,2020-11-26,126962600,Train
PRJ3-01408,Copper Water Program 1408,Heavy Civil,Southwest,TX,Private,Guaranteed Maximum Price,Design-Bid-Build,High,High,Fast,2020-01-03,2021-09-03,2021,105181200,1295,0.471,0.4403,1.0418,0.9573,0.0001,40,0.9916,20,14,0.333,0.9689,65,6.18,8.099,0.186,0.2133,0.0666,0.1968,0.0652,0.2844,0.0214,0.0043,22.271,0.3266,4.667,0.3094,0.2154,0.224,2,-0.0199,14,0,0,0,1.0203,0.9893,Complete,2023-08-04,103084500,Train
PRJ3-01409,Crescent Residences 1409,Residential,West,CA,Private,Guaranteed Maximum Price,CMAR,Moderate,Moderate,Standard,2024-02-05,2024-12-12,2024,69375600,621,0.502,0.4993,0.9673,0.9956,0.0074,2,1.0439,0,5,0.554,0.9493,29,4.18,7.32,0.3487,0.2799,0.0449,0.099,0.0429,0.1338,0.0282,0.0071,20.982,0.316,1.385,0.3101,0.2303,0.3487,2,0.0482,-25,0,0,0,0.954,1.0419,Complete,2025-09-23,72718600,Validation
PRJ3-01410,Riverside Corporate Center 1410,Commercial,West,NV,Private,Lump Sum,IPD,High,Low,Standard,2019-08-12,2020-04-07,2020,26428700,469,0.511,0.4648,0.8527,0.8939,0.0956,22,1.0486,12,3,0.678,0.9751,7,2.649,10.727,0.2245,0.3148,0.0966,0.2308,0.0663,0.2749,0.035,0.0278,28.488,0.2998,8.444,0.2962,0.3512,0.2756,5,0.1457,18,1,0,1,0.8728,0.963,Complete,2020-12-11,30278900,Train
PRJ3-01411,Redwood Earthworks Package 1411,Heavy Civil,Mountain,ID,Private,Lump Sum,Design-Build,Moderate,High,Slow,2022-11-21,2024-04-19,2024,173223000,1121,0.46,0.4994,0.8864,0.9943,0.0681,-44,0.9491,18,13,0.701,0.9612,92,5.311,6.309,0.3083,0.1769,0.044,0.1213,0.0343,0.1184,0.0404,0.0349,23.754,0.23,6.004,0.2007,0.2275,0.41,3,0.1156,15,1,0,1,0.8963,0.9868,Complete,2025-12-31,193254600,Validation
PRJ3-01412,Pioneer Medical Center 1412,Institutional,Mountain,MT,Private,Lump Sum,Design-Bid-Build,Moderate,Low,Slow,2018-12-16,2020-04-01,2020,159251000,843,0.561,0.5198,0.9413,0.872,0.0229,35,0.9008,23,27,0.478,0.9378,68,4.27,10.123,0.1986,0.4283,0.113,0.1413,0.0508,0.1885,0.056,0.0468,25.94,0.2848,7.462,0.227,0.3022,0.3355,5,0.0794,17,0,0,0,0.9265,0.9802,Complete,2021-04-24,171890300,Train
PRJ3-01413,Riverside Neighborhood 1413,Residential,Midwest,IL,Public-Private Partnership,Unit Price,CMAR,Moderate,Low,Fast,2025-04-05,2025-11-08,2025,86714800,379,0.574,0.573,0.9629,0.9739,0.0271,0,0.9659,15,26,0.652,0.9696,52,5.997,7.485,0.08,0.2698,0.0534,0.1246,0.0496,0.1042,0.0464,0.0128,24.128,0.262,3.012,0.5006,0.2141,0.2839,2,-0.0002,-16,0,0,0,1.0002,1.0441,Complete,2026-04-03,86701500,Test
PRJ3-01414,Horizon Utility Corridor 1414,Infrastructure,Northeast,PA,Private,Guaranteed Maximum Price,Design-Build,Moderate,Low,Fast,2021-10-01,2023-10-24,2023,324390300,1291,0.584,0.5676,1.0313,0.9913,-0.0013,21,0.977,21,6,0.282,0.9799,157,4.84,5.035,0.4493,0.1529,0.0367,0.177,0.0246,0.0646,0.0065,0.018,5,0.1001,0,0.1452,0.1809,0.3173,1,0.0276,8,0,0,0,0.9732,0.9938,Complete,2025-04-22,333337600,Train
PRJ3-01415,Aspen Office Campus 1415,Commercial,Northeast,NY,Private,Cost Plus,Design-Build,Moderate,High,Fast,2020-10-22,2021-11-13,2021,61715600,663,0.585,0.6602,1.0351,1.12,-0.0354,-50,1.0998,9,14,0.838,0.9818,18,2.917,4.504,0.4932,0.2056,0.0494,0.0813,0.0394,0.0933,0.0245,0.0103,20.931,0.1125,8.34,0.2305,0.1783,0.1642,2,-0.0453,-10,0,0,0,1.0475,1.0153,Complete,2022-08-06,58918800,Train
PRJ3-01416,Cedar Water Program 1416,Heavy Civil,Mountain,UT,Public,Cost Plus,Design-Build,Moderate,Low,Standard,2024-04-20,2025-06-05,2025,175959800,1025,0.401,0.3939,0.9527,0.9144,0.0117,7,0.9595,13,20,0.234,0.982,95,5.399,8.94,0.3969,0.3678,0.108,0.2133,0.0855,0.1335,0.0135,0.0136,21.952,0.2807,1.426,0.2053,0.24,0.3372,2,0.0665,5,0,0,0,0.9377,0.9951,Complete,2027-02-14,187656800,Test
PRJ3-01417,Harbor Housing 1417,Residential,Northeast,NJ,Public,Unit Price,IPD,High,Low,Slow,2021-05-03,2022-02-09,2022,45838300,554,0.51,0.5072,0.871,0.974,0.0581,2,0.824,19,17,0.375,0.9677,35,7.636,12.533,0.08,0.4271,0.1131,0.1829,0.0565,0.171,0.0311,0.0249,33.166,0.3321,8.903,0.3412,0.296,0.4967,6,0.1096,-10,1,0,1,0.9012,1.0184,Complete,2022-10-29,50864000,Train
PRJ3-01418,Gateway Bridge Program 1418,Heavy Civil,West,OR,Private,Guaranteed Maximum Price,Design-Bid-Build,Very High,Moderate,Slow,2023-08-09,2025-05-28,2025,121669100,1159,0.568,0.4778,0.8806,0.8453,0.0695,105,0.907,33,11,0.762,0.9203,86,7.068,12.729,0.08,0.4612,0.1079,0.1878,0.0596,0.2543,0.0483,0.0452,45.566,0.4862,3.842,0.3798,0.4465,0.5016,7,0.1585,70,1,1,1,0.8632,0.943,Complete,2026-12-20,140950300,Test
PRJ3-01419,Redwood Earthworks Package 1419,Heavy Civil,Midwest,MI,Private,Guaranteed Maximum Price,CMAR,Very High,Moderate,Fast,2019-12-12,2020-12-16,2020,244100100,1034,0.358,0.3785,0.9656,0.9866,-0.0032,-21,0.9508,15,15,0.702,0.9597,154,6.309,9.199,0.1899,0.3628,0.1023,0.1285,0.0333,0.2497,0.0361,0.0268,8.912,0.141,3.166,0.3585,0.199,0.3555,3,0.0046,-16,0,0,0,0.9954,1.0157,Complete,2022-09-25,245221500,Train
PRJ3-01420,Harbor Logistics Center 1420,Industrial,West,CA,Public,Lump Sum,Design-Build,Moderate,High,Fast,2019-01-13,2019-11-14,2019,70086700,849,0.36,0.3828,1.0642,1.0251,-0.0215,-19,1.0378,0,4,0.204,0.975,25,3.567,7.071,0.4514,0.2955,0.0912,0.0461,0,0.1806,0,0,24.743,0.2921,4.896,0.03,0.2347,0.358,2,-0.0045,-17,0,0,0,1.0046,1.0204,Complete,2021-04-24,69768400,Train
PRJ3-01421,Redwood Logistics Center 1421,Industrial,Southeast,GA,Private,Guaranteed Maximum Price,Design-Bid-Build,High,Moderate,Standard,2023-05-08,2025-01-21,2025,170749600,1071,0.583,0.6003,1.0384,1.0205,-0.0109,-19,0.906,0,13,0.937,0.953,89,5.212,10.83,0.3179,0.3623,0.0942,0.093,0.0166,0.1537,0.0622,0.0286,31.581,0.3266,2.771,0.3461,0.3031,0.2738,4,0.0879,-3,0,0,0,0.9192,1.0028,Complete,2026-04-10,185751100,Test
PRJ3-01422,Cedar Apartments 1422,Residential,Southwest,AZ,Public-Private Partnership,Cost Plus,CMAR,High,Moderate,Standard,2024-08-17,2025-04-01,2025,37737900,533,0.427,0.4408,0.9617,1.0249,0.0238,-7,1.0264,11,5,0.908,0.9741,6,1.59,5.916,0.5569,0.2182,0.0536,0.1699,0.0754,0.1906,0.0613,0.0381,16.901,0.1152,2.886,0.2767,0.1741,0.4244,3,0.1089,0,1,0,1,0.9018,1.0,Complete,2026-02-01,41845700,Test
PRJ3-01423,Canyon Highway Improvements 1423,Heavy Civil,Mountain,MT,Private,Lump Sum,Design-Build,Moderate,Low,Fast,2020-04-09,2021-11-24,2021,221364500,1142,0.521,0.4845,1.0057,0.9245,-0.0092,42,0.9941,8,15,0.512,0.9828,107,4.834,11.243,0.2614,0.2157,0.0354,0.1684,0,0.2888,0.0239,0.0033,10.363,0.1822,1.286,0.2612,0.1544,0.3307,2,0.0709,-17,0,0,0,0.9338,1.0151,Complete,2023-05-09,237058100,Train
PRJ3-01424,Liberty Public Works Program 1424,Infrastructure,Mountain,UT,Public-Private Partnership,Guaranteed Maximum Price,CMAR,High,Moderate,Standard,2019-11-22,2021-12-02,2021,167485900,1288,0.576,0.5507,0.8698,0.9173,0.0777,33,1.0159,28,21,0.839,0.9571,97,5.792,5.908,0.4323,0.2213,0.0625,0.1403,0.0444,0.2738,0.0366,0.0082,26.577,0.3579,3.865,0.2733,0.2711,0.4006,2,0.0867,8,0,0,0,0.9203,0.9938,Complete,2023-06-10,181999100,Train
PRJ3-01425,Lakeview Residences 1425,Residential,Northeast,MA,Private,Guaranteed Maximum Price,Design-Bid-Build,High,High,Fast,2023-01-22,2023-11-06,2023,95690800,580,0.498,0.4952,0.9261,1.0103,0.0153,2,1.0726,0,10,0.549,0.9657,56,5.852,9.508,0.176,0.2191,0.0501,0.1417,0.0265,0.1508,0.0649,0,23.419,0.3453,2.385,0.2544,0.3024,0.3889,2,0.0789,-25,0,0,0,0.9269,1.045,Complete,2024-07-30,103241000,Train
PRJ3-01426,Cedar Urban Village 1426,Mixed-Use,Mountain,ID,Private,Guaranteed Maximum Price,IPD,Moderate,High,Fast,2020-06-17,2021-08-16,2021,92183100,1010,0.421,0.4313,1.0823,0.9895,-0.0241,-10,1.0383,0,3,0.895,0.9737,27,2.929,7.814,0.3159,0.2536,0.0679,0.097,0.0319,0.0691,0,0,23.979,0.2373,5.013,0.1712,0.1579,0.3636,2,0.0069,-3,0,0,0,0.9931,1.003,Complete,2023-03-21,92822500,Train
PRJ3-01427,Granite Manufacturing Facility 1427,Industrial,Southwest,TX,Private,Lump Sum,Design-Build,Moderate,Moderate,Fast,2020-02-23,2021-12-06,2021,95435600,1195,0.546,0.4593,1.0554,0.8977,-0.0273,104,0.9997,16,0,0.409,0.981,56,5.868,6.182,0.3828,0.3296,0.093,0.1382,0.0509,0.1537,0.0548,0,29.286,0.3769,3.473,0.4653,0.2268,0.3948,2,0.0325,21,0,0,0,0.9686,0.9827,Complete,2023-06-23,98532900,Train
PRJ3-01428,Aspen Bridge Program 1428,Heavy Civil,Midwest,IL,Private,Guaranteed Maximum Price,Design-Bid-Build,Moderate,High,Standard,2021-02-16,2022-07-10,2022,167777900,950,0.536,0.5173,1.1297,0.9711,-0.0519,18,1.1002,3,20,0.526,0.9736,66,3.934,10.313,0.3419,0.3757,0.0779,0.0901,0.0519,0.051,0.0615,0.0349,20.672,0.1995,5.511,0.3524,0.1699,0.2616,4,0.063,27,0,0,0,0.9407,0.9724,Complete,2023-10-21,178353300,Train
PRJ3-01429,Canyon Earthworks Package 1429,Heavy Civil,Midwest,MO,Private,Lump Sum,CMAR,Low,Moderate,Slow,2023-03-12,2024-07-24,2024,300136500,892,0.561,0.5549,1.0519,0.9934,-0.0192,5,0.9383,20,13,0.602,0.9657,136,4.531,9.995,0.2293,0.404,0.0499,0,0,0.1123,0.0453,0.0189,25.173,0.2697,5.895,0.1836,0.2645,0.4806,4,-0.0046,-7,0,0,0,1.0047,1.0079,Complete,2025-08-13,298744000,Validation
PRJ3-01430,Pioneer Transit-Oriented Development 1430,Mixed-Use,Southwest,NM,Public,Lump Sum,CMAR,Moderate,High,Standard,2020-10-11,2021-11-05,2021,81581200,768,0.508,0.5222,1.0094,1.027,-0.0092,-11,0.992,20,7,1.085,0.9594,36,4.413,4.351,0.5209,0.1504,0.0639,0.0213,0.0415,0.1645,0,0.0018,21.68,0.2473,3.11,0.2887,0.2011,0.1884,1,0.0012,-13,0,0,0,0.9988,1.0172,Complete,2022-11-05,81676100,Train
PRJ3-01431,Redwood Marketplace 1431,Commercial,Midwest,IL,Public,Cost Plus,Design-Bid-Build,Very High,High,Standard,2021-10-25,2022-11-07,2022,23751400,730,0.519,0.4827,0.962,0.9552,0.0192,26,0.984,0,14,0.506,0.9761,19,8.0,6.655,0.3104,0.2243,0.0855,0.1384,0.0538,0.2362,0.0383,0.0339,29.082,0.2557,1.934,0.3596,0.2919,0.5378,3,0.0679,33,0,1,1,0.9364,0.9567,Complete,2023-11-27,25365000,Train
PRJ3-01432,Harbor Medical Center 1432,Institutional,Southwest,AZ,Private,Guaranteed Maximum Price,IPD,Low,Low,Standard,2019-06-23,2020-06-29,2020,162471300,649,0.574,0.5588,0.9543,1.0003,0.0206,10,1.0074,15,9,0.275,0.9696,79,4.862,5.359,0.4121,0.2095,0.0331,0.0969,0.0082,0.1501,0.0336,0.007,5,0.2242,8.03,0.3932,0.1105,0.1868,2,0.1597,27,1,0,1,0.8623,0.9601,Complete,2021-04-29,188413500,Train
PRJ3-01433,Copper Water Program 1433,Heavy Civil,Midwest,MO,Private,Lump Sum,Design-Build,Moderate,Moderate,Slow,2024-03-19,2025-11-16,2025,187533600,1152,0.527,0.4685,0.8638,0.8586,0.0741,67,0.989,15,16,0.352,0.9595,99,5.279,14.033,0.08,0.4391,0.0967,0,0,0.078,0,0.0283,23.176,0.2948,9.147,0.2928,0.1256,0.4126,5,0.1357,2,1,0,1,0.8805,0.9983,Complete,2027-05-17,212983900,Test
PRJ3-01434,Northstar District 1434,Mixed-Use,West,OR,Private,Guaranteed Maximum Price,Design-Bid-Build,High,Moderate,Standard,2020-05-07,2021-12-06,2021,208642100,988,0.586,0.5867,1.043,0.988,-0.0045,-1,0.9162,20,10,0.818,0.9513,133,6.375,8.39,0.3619,0.2957,0.0886,0.0379,0.0403,0.0951,0.0355,0.0222,21.896,0.205,2.132,0.3319,0.1588,0.4353,3,0.1157,-25,1,0,1,0.8963,1.026,Complete,2022-12-26,232784100,Train
PRJ3-01435,Summit Highway Improvements 1435,Heavy Civil,Southeast,GA,Public-Private Partnership,Guaranteed Maximum Price,CMAR,High,Moderate,Slow,2020-10-12,2022-12-20,2022,209757100,1355,0.59,0.5333,0.8753,0.885,0.0602,77,0.992,33,22,0.868,0.9494,119,5.673,13.198,0.08,0.5596,0.1411,0.0652,0.046,0.143,0.0443,0.0344,20.072,0.2655,9.129,0.4437,0.0837,0.5845,5,0.0813,16,0,0,0,0.9248,0.9883,Complete,2024-07-14,226805400,Train
PRJ3-01436,Canyon Highway Improvements 1436,Heavy Civil,Southeast,TN,Public,Guaranteed Maximum Price,CMAR,Low,Moderate,Fast,2022-06-30,2023-09-09,2023,200105800,938,0.465,0.5092,1.0084,1.12,0.0136,-41,0.9629,13,18,0.756,1.0,78,3.898,8.684,0.3236,0.2936,0.0725,0.0751,0.0082,0.0477,0.005,0,21.072,0.2155,1.714,0.1011,0.2035,0.1417,2,-0.0627,-7,0,0,0,1.0669,1.0075,Complete,2025-01-16,187562800,Train
PRJ3-01437,Summit Marketplace 1437,Commercial,Midwest,IL,Private,Cost Plus,Design-Build,Moderate,Low,Fast,2020-08-25,2021-06-20,2021,123719800,691,0.434,0.3947,1.0526,0.9602,-0.0346,27,0.9919,14,8,0.447,0.9677,59,4.769,8.12,0.3898,0.3406,0.0908,0.0938,0.0444,0.1961,0.0194,0.0194,17.651,0.2144,2.071,0.1756,0.205,0.4073,2,0.0589,-3,0,0,0,0.9443,1.0044,Complete,2022-07-14,131012200,Train
PRJ3-01438,Evergreen Water Program 1438,Heavy Civil,Northeast,MA,Private,Unit Price,CMAR,Moderate,Low,Standard,2018-08-15,2019-12-07,2019,183222500,988,0.485,0.4123,0.9018,0.9242,0.0523,72,0.954,16,8,0.564,0.948,100,5.458,9.471,0.3204,0.2978,0.0737,0.0666,0.0256,0.1818,0.0658,0.0362,16.603,0.2339,5.117,0.4759,0.0591,0.3275,3,0.1734,10,1,0,1,0.8522,0.99,Complete,2021-05-09,214993300,Train
PRJ3-01439,Copper Town Center 1439,Mixed-Use,Midwest,MN,Public,Cost Plus,Design-Build,High,High,Standard,2020-12-18,2022-05-25,2022,122373800,1020,0.513,0.486,0.9976,0.9695,-0.0065,28,0.9737,0,11,0.496,0.9624,62,5.066,8.77,0.3328,0.3658,0.1026,0.2178,0.066,0.1637,0.0067,0.0031,12.546,0.0997,4.357,0.452,0.2083,0.3548,2,0.0178,3,0,0,0,0.9825,0.9971,Complete,2023-10-07,124550400,Train
PRJ3-01440,Aspen Residences 1440,Residential,Midwest,IL,Public,Lump Sum,CMAR,High,Low,Slow,2021-06-02,2022-07-12,2022,80153400,703,0.577,0.5829,0.8642,0.9746,0.0956,-4,0.9149,43,21,0.744,0.965,44,5.489,15.463,0.08,0.6187,0.1675,0.1549,0.0656,0.1684,0.0826,0.0357,36.751,0.4368,9.406,0.3981,0.3512,0.4003,7,0.1355,8,1,0,1,0.8806,0.9887,Complete,2023-05-14,91016800,Train
PRJ3-01441,Crescent Earthworks Package 1441,Heavy Civil,Southeast,TN,Public,Cost Plus,Design-Build,High,Low,Standard,2021-02-25,2022-12-08,2022,245690700,1143,0.57,0.5328,0.9279,0.9259,0.0238,42,0.9208,12,11,0.491,0.9657,128,5.21,12.982,0.0807,0.4342,0.1338,0.1224,0.0435,0.3012,0.0368,0.0109,15.035,0.2456,1.653,0.436,0.1948,0.3202,3,0.0402,37,0,1,1,0.9613,0.9686,Complete,2024-05-20,255578700,Train
PRJ3-01442,Riverside Process Plant 1442,Industrial,Southeast,NC,Public-Private Partnership,Guaranteed Maximum Price,CMAR,Low,High,Slow,2023-04-04,2024-07-13,2024,186994300,991,0.471,0.4699,0.9424,0.9733,0.0183,1,0.9685,13,21,0.691,0.9816,75,4.011,9.758,0.3372,0.3969,0.1044,0.087,0.004,0.02,0.045,0,20.931,0.3257,0,0.2619,0.1564,0.3544,2,0.0164,-25,0,0,0,0.9839,1.0259,Complete,2025-11-25,190058700,Validation
PRJ3-01443,Cedar Logistics Center 1443,Industrial,Northeast,NJ,Private,Lump Sum,Design-Bid-Build,Moderate,Moderate,Fast,2019-12-25,2020-10-23,2020,151254400,812,0.374,0.3656,0.9668,0.9489,0.0165,7,1.0716,8,19,0.797,0.966,82,5.421,6.343,0.4253,0.2116,0.0711,0.1001,0.0443,0.1795,0.0251,0,21.275,0.1744,3.654,0.3104,0.1868,0.3092,2,0.0319,-25,0,0,0,0.9691,1.0318,Complete,2022-02-19,156081000,Train
PRJ3-01444,Pioneer Town Center 1444,Mixed-Use,Midwest,OH,Private,Cost Plus,Design-Build,Moderate,Moderate,Slow,2017-07-03,2019-02-12,2019,64084100,1074,0.549,0.4908,0.8518,0.8905,0.0781,63,0.8659,33,16,0.445,0.9461,29,4.525,6.453,0.3885,0.243,0.0973,0,0.0109,0.2251,0.0,0.0051,31.499,0.3683,3.665,0.4737,0.2505,0.362,3,0.0778,26,0,0,0,0.9279,0.9764,Complete,2020-07-07,69066700,Train
PRJ3-01445,Lakeview Public Works Program 1445,Infrastructure,West,WA,Public-Private Partnership,Guaranteed Maximum Price,CMAR,High,Low,Fast,2020-09-21,2023-02-18,2023,225159500,1551,0.568,0.5587,0.9619,0.9895,0.0179,14,0.8933,31,11,0.289,0.9545,109,4.841,8.366,0.2128,0.3068,0.0827,0.1634,0.0295,0.273,0.0531,0.0195,19.636,0.3056,2.114,0.3524,0.2891,0.3179,2,0.0392,37,0,1,1,0.9623,0.9767,Complete,2025-01-26,233980700,Train
PRJ3-01446,Pioneer Residences 1446,Residential,West,WA,Private,Lump Sum,CMAR,Low,Moderate,Fast,2019-02-05,2019-09-19,2019,51569200,397,0.57,0.5962,1.0798,1.0451,-0.0326,-10,0.9944,4,0,0.562,0.9788,26,5.042,5.583,0.5433,0.206,0.0636,0.0704,0.0146,0.02,0.0213,0,12.312,0.1728,0,0.209,0.2026,0.2514,1,0.0821,-2,0,0,0,0.9242,1.0051,Complete,2020-03-06,55800900,Train
PRJ3-01447,Copper Research Facility 1447,Institutional,Southwest,AZ,Private,Guaranteed Maximum Price,Design-Build,Moderate,High,Fast,2023-04-26,2024-06-23,2024,90044300,874,0.486,0.5202,0.9992,1.0473,-0.0037,-30,1.0446,4,3,0.775,0.964,51,5.664,11.029,0.2503,0.3005,0.0709,0.0998,0.0059,0.0453,0.0197,0.0225,23.312,0.2166,7.415,0.3172,0.2257,0.3455,4,0.0025,-3,0,0,0,0.9975,1.0034,Complete,2025-09-13,90272500,Validation
PRJ3-01448,Liberty Education Center 1448,Institutional,West,WA,Public,Cost Plus,Design-Build,Moderate,Low,Fast,2021-05-19,2022-02-02,2022,36426100,623,0.416,0.375,0.8865,0.9056,0.0234,26,0.9457,3,0,0.52,0.9687,21,5.765,7.864,0.2041,0.2103,0.048,0.0818,0.0465,0.2042,0.0211,0,17.095,0.203,4.129,0.2312,0.1766,0.2599,1,0.1443,-1,1,0,1,0.8739,1.0016,Complete,2023-01-31,41681700,Train
PRJ3-01450,Gateway Office Campus 1450,Commercial,Southwest,AZ,Public-Private Partnership,Lump Sum,Design-Bid-Build,Low,Moderate,Standard,2019-03-04,2019-11-09,2019,93929800,576,0.435,0.4401,0.9549,0.9913,0.0246,-3,0.973,19,0,0.659,0.9789,42,4.471,6.324,0.4432,0.2467,0.0716,0,0.0329,0.093,0.0426,0.017,13.181,0.237,0.502,0.2704,0.0876,0.2199,2,0.0231,35,0,1,1,0.9774,0.9427,Complete,2020-11-04,96102300,Train
PRJ3-01451,Northstar Logistics Center 1451,Industrial,Mountain,WY,Private,Guaranteed Maximum Price,Design-Build,Moderate,Low,Slow,2018-12-03,2019-06-28,2019,295804200,494,0.42,0.3506,1.0598,0.9233,-0.0308,34,0.9079,15,23,0.376,0.9728,166,5.612,8.759,0.3487,0.3732,0.1041,0.1709,0.0494,0.1572,0.0429,0.0093,13.197,0.2954,5.748,0.2178,0.0962,0.3812,2,0.0639,4,0,0,0,0.94,0.992,Complete,2020-04-14,314692700,Train
PRJ3-01452,Horizon Manufacturing Facility 1452,Industrial,Mountain,ID,Public,Guaranteed Maximum Price,CMAR,High,Moderate,Fast,2018-02-20,2019-06-24,2019,76551500,1269,0.386,0.3139,0.954,0.8442,-0.0015,91,0.9368,38,13,0.401,0.9597,50,6.532,8.67,0.2961,0.3182,0.0884,0.0162,0.0231,0.1849,0.0475,0.0308,23.424,0.2916,6.762,0.5445,0.1576,0.3704,4,0.1331,45,1,1,1,0.8825,0.9658,Complete,2021-09-26,86741500,Train
PRJ3-01453,Gateway Corporate Center 1453,Commercial,West,WA,Public,Unit Price,CMAR,Moderate,High,Fast,2020-08-06,2021-08-10,2021,79525500,795,0.465,0.5046,1.0343,1.0486,-0.0382,-31,1.0087,3,2,0.553,0.9708,33,4.15,5.173,0.4735,0.2424,0.0802,0.1065,0.0243,0.1496,0,0.0173,13.266,0.2438,0,0.2545,0.1246,0.3846,2,-0.0028,-24,0,0,0,1.0029,1.0311,Complete,2022-09-16,79299200,Train
PRJ3-01454,Harbor Office Campus 1454,Commercial,West,OR,Private,Cost Plus,IPD,High,Moderate,Standard,2024-04-17,2024-11-17,2024,88733600,464,0.462,0.4573,0.8957,0.9714,0.0561,2,1.0528,0,6,0.964,0.9795,34,3.832,10.758,0.1401,0.4414,0.1016,0.2446,0.0583,0.1411,0.051,0.0004,39.166,0.4122,0,0.2252,0.3303,0.2851,4,0.0619,-25,0,0,0,0.9417,1.0569,Complete,2025-06-30,94226400,Validation
PRJ3-01455,Northstar Retail Center 1455,Commercial,West,WA,Public,Guaranteed Maximum Price,Design-Bid-Build,Moderate,Moderate,Standard,2024-07-11,2025-07-14,2025,208126900,622,0.592,0.6035,1.0476,0.9834,-0.0228,-7,0.896,14,0,0.52,0.9694,99,4.757,11.237,0.1945,0.4676,0.1211,0.0334,0.0446,0.0896,0.0421,0.0122,20.759,0.2105,0.495,0.1884,0.253,0.3296,3,0.0098,30,0,1,1,0.9903,0.954,Complete,2026-04-24,210175900,Test
PRJ3-01456,Pioneer Earthworks Package 1456,Heavy Civil,Southwest,AZ,Public-Private Partnership,Lump Sum,Design-Bid-Build,Low,Low,Fast,2022-08-31,2023-10-19,2023,149002600,950,0.436,0.4436,1.0673,0.9683,-0.0314,-7,0.9888,15,12,0.396,0.9551,81,5.436,7.66,0.2368,0.2796,0.073,0.1147,0.0376,0.1238,0.0147,0.0231,8.274,0.168,3.781,0.1351,0.1628,0.1473,2,-0.0181,-25,0,0,0,1.0184,1.027,Complete,2025-03-13,146307400,Train
PRJ3-01457,Horizon Airport Improvements 1457,Infrastructure,Mountain,MT,Private,Guaranteed Maximum Price,Design-Bid-Build,Very High,Low,Fast,2020-06-16,2022-03-01,2022,252874000,1211,0.515,0.4114,0.7663,0.8458,0.1237,125,0.8659,21,18,0.572,0.951,164,6.485,7.868,0.3002,0.2661,0.101,0.1451,0.0229,0.1821,0.0202,0.0381,29.458,0.235,4.352,0.4517,0.2515,0.3879,4,0.1485,39,1,1,1,0.8707,0.9688,Complete,2023-11-18,290421900,Train
PRJ3-01458,Cedar Urban Village 1458,Mixed-Use,Southeast,FL,Public,Guaranteed Maximum Price,Design-Build,High,High,Standard,2021-06-05,2022-06-29,2022,209644200,983,0.396,0.3655,0.9138,0.94,0.0395,30,0.942,4,22,0.335,0.9906,113,5.39,9.21,0.264,0.3401,0.0912,0.0451,0.0521,0.2039,0.034,0.0123,20.46,0.2572,1.918,0.4502,0.2323,0.3693,2,0.0873,-16,0,0,0,0.9197,1.0165,Complete,2024-01-28,227946100,Train
PRJ3-01459,Lakeview Logistics Center 1459,Industrial,Mountain,MT,Public,Guaranteed Maximum Price,Design-Bid-Build,High,Moderate,Standard,2019-01-17,2020-03-10,2020,319511700,1019,0.411,0.4217,0.8563,0.953,0.0692,-11,0.9183,20,15,0.843,0.9629,175,5.477,11.488,0.1027,0.3443,0.0965,0.1188,0.0207,0.1924,0.0485,0.0238,23.093,0.272,0.395,0.4456,0.2003,0.438,3,0.0899,37,0,1,1,0.9175,0.965,Complete,2021-12-08,348242500,Train
PRJ3-01460,Northstar Research Facility 1460,Institutional,Mountain,UT,Public,Lump Sum,Design-Bid-Build,High,Moderate,Standard,2022-07-17,2023-08-27,2023,48433000,900,0.452,0.4496,0.9393,0.9711,0.0247,2,0.9538,30,18,0.488,0.9409,37,7.639,7.271,0.3443,0.3469,0.069,0.2312,0.06,0.1651,0.0342,0.0338,15.63,0.1395,0,0.3352,0.2347,0.4321,3,0.1964,12,1,0,1,0.8358,0.9868,Complete,2025-01-14,57945400,Train
PRJ3-01461,Redwood Neighborhood 1461,Residential,Northeast,NJ,Private,Guaranteed Maximum Price,Design-Build,High,High,Slow,2023-04-07,2024-03-15,2024,45525600,650,0.529,0.5214,1.0236,1.0106,-0.004,5,0.9056,8,29,0.58,0.965,15,3.295,8.087,0.2872,0.2961,0.0713,0.1555,0.0223,0.2586,0.0414,0.0303,21.772,0.4403,5.162,0.527,0.2845,0.3749,3,0.066,37,0,1,1,0.9381,0.9461,Complete,2025-02-22,48529700,Validation
PRJ3-01462,Liberty Residences 1462,Residential,Mountain,CO,Private,Guaranteed Maximum Price,Design-Bid-Build,High,Moderate,Slow,2018-02-10,2019-02-06,2019,51397300,769,0.47,0.4012,0.7789,0.8539,0.1386,53,0.891,42,17,0.421,0.9511,34,6.615,12.625,0.1467,0.4878,0.1178,0.1434,0.0464,0.1478,0.0705,0.0415,16.165,0.3106,8.01,0.3978,0.2005,0.551,5,0.2296,65,1,1,1,0.8133,0.9221,Complete,2020-05-24,63199200,Train
PRJ3-01463,Summit Education Center 1463,Institutional,Midwest,IL,Private,Unit Price,CMAR,Low,Moderate,Slow,2023-10-04,2024-08-14,2024,66878700,697,0.452,0.427,1.0245,0.9097,-0.0157,17,0.9861,4,10,0.429,0.9634,34,5.084,7.233,0.3085,0.2546,0.0738,0.0112,0.0427,0.1558,0,0.0333,23.943,0.2736,2.984,0.2022,0.2331,0.3999,3,0.0069,-19,0,0,0,0.9931,1.028,Complete,2025-08-12,67341200,Validation
PRJ3-01464,Mesa Town Center 1464,Mixed-Use,Southwest,TX,Public,Unit Price,Design-Build,Low,Moderate,Slow,2020-04-18,2021-12-23,2021,192121400,1040,0.591,0.578,0.8232,0.9953,0.125,13,0.9492,13,0,0.542,0.971,86,4.476,5.331,0.4503,0.2738,0.0638,0.0367,0.0197,0.1683,0.0506,0.0249,31.747,0.4501,2.19,0.4117,0.309,0.3551,3,0.1591,14,1,0,1,0.8628,0.9867,Complete,2023-03-08,222680700,Train
PRJ3-01465,Redwood District 1465,Mixed-Use,Southeast,TN,Public,Guaranteed Maximum Price,Design-Build,High,Moderate,Standard,2021-02-20,2022-03-14,2022,164438300,1079,0.359,0.3891,0.893,0.9138,0.044,-32,0.9632,11,20,0.559,0.9778,90,5.473,7.095,0.3676,0.3152,0.0929,0.0538,0.025,0.0624,0.0534,0.0303,17.859,0.215,2.999,0.3048,0.1437,0.3036,3,0.0499,-3,0,0,0,0.9525,1.0028,Complete,2024-02-01,172644900,Train
PRJ3-01466,Evergreen Education Center 1466,Institutional,Southwest,AZ,Private,Lump Sum,Design-Build,High,Moderate,Standard,2019-12-08,2020-11-24,2020,61538600,931,0.379,0.3364,0.9727,0.9364,0.0282,40,0.8923,13,12,0.468,0.9768,39,6.337,9.971,0.2274,0.3081,0.0952,0.1233,0.0418,0.1723,0.0534,0.0118,26.119,0.2572,1.22,0.2124,0.2327,0.3011,3,-0.0309,26,0,0,0,1.0319,0.9728,Complete,2022-07-22,59637400,Train
PRJ3-01467,Redwood Residences 1467,Residential,West,OR,Private,Cost Plus,CMAR,Moderate,High,Standard,2020-07-23,2020-11-19,2020,47478300,299,0.401,0.4306,0.9967,1.0748,0.0105,-9,1.0724,0,3,0.218,0.9717,17,3.581,4.351,0.5316,0.2769,0.0873,0,0.0123,0.1372,0.0135,0.0153,12.114,0.1345,3.342,0.245,0.0743,0.4155,2,0.02,-25,0,0,0,0.9804,1.08,Complete,2021-04-23,48429900,Train
PRJ3-01468,Pioneer Neighborhood 1468,Residential,Mountain,ID,Public-Private Partnership,Cost Plus,Design-Build,High,Low,Standard,2018-04-10,2019-07-26,2019,46946800,805,0.587,0.4696,0.8996,0.8822,0.0557,95,0.9559,10,12,1.093,0.9643,18,3.834,10.057,0.3656,0.3182,0.105,0.2076,0.0729,0.1907,0.031,0.0263,18.441,0.2069,3.258,0.3326,0.2709,0.4053,3,0.1754,54,1,1,1,0.8508,0.9371,Complete,2020-08-16,55180700,Train
PRJ3-01469,Canyon Research Facility 1469,Institutional,Northeast,NJ,Private,Lump Sum,Design-Bid-Build,High,High,Fast,2024-01-07,2024-09-29,2024,222040100,703,0.379,0.3966,1.0217,0.9987,-0.0062,-12,1.042,2,14,0.741,0.952,89,4.008,8.281,0.261,0.2421,0.0715,0.2207,0.0778,0.2531,0.0216,0,17.221,0.1449,5.443,0.3666,0.2358,0.2544,2,-0.0015,-10,0,0,0,1.0015,1.0144,Complete,2025-11-30,221712500,Validation
PRJ3-01470,Liberty Process Plant 1470,Industrial,Midwest,IL,Private,Unit Price,CMAR,Moderate,High,Fast,2018-12-14,2020-05-18,2020,174827100,1096,0.476,0.4791,0.9993,0.982,-0.0207,-3,0.9536,0,19,0.791,0.9662,86,4.919,4.121,0.5668,0.1504,0.0273,0.0485,0,0.1774,0.023,0.0113,18.799,0.208,4.754,0.2471,0.1026,0.3323,2,0.0212,-7,0,0,0,0.9792,1.0064,Complete,2021-12-07,178537400,Train
PRJ3-01471,Northstar Apartments 1471,Residential,West,CA,Private,Lump Sum,Design-Build,Moderate,Low,Slow,2025-02-22,2025-11-11,2025,99790900,624,0.421,0.3826,0.8603,0.9032,0.0554,24,0.89,18,4,0.759,0.9814,44,4.409,10.902,0.231,0.424,0.0767,0.1526,0.0242,0.1147,0.0307,0.0362,20.236,0.3001,7.262,0.2723,0.2603,0.3484,4,0.1464,4,1,0,1,0.8723,0.9936,Complete,2026-11-12,114398200,Test
PRJ3-01472,Pioneer Earthworks Package 1472,Heavy Civil,Midwest,MN,Public,Guaranteed Maximum Price,CMAR,High,Moderate,Standard,2024-06-03,2025-12-13,2025,109501100,1007,0.555,0.5229,0.9445,0.9252,0.0434,32,0.9879,10,25,0.992,0.9844,56,5.114,9.463,0.1809,0.4239,0.101,0.0673,0.0233,0.2203,0.0322,0.0394,20.397,0.2116,3.803,0.3222,0.2332,0.3063,4,0.0974,26,0,0,0,0.9112,0.9748,Complete,2027-04-02,120169000,Test
PRJ3-01473,Summit Education Center 1473,Institutional,Southwest,NM,Private,Lump Sum,Design-Build,High,High,Fast,2024-07-11,2025-12-28,2025,132949400,1034,0.518,0.5333,1.0119,0.9851,-0.0061,-16,1.0193,0,4,0.623,0.9717,79,5.942,5.754,0.3717,0.2192,0.0642,0.1836,0.0492,0.1169,0.0275,0.0182,9.191,0.0864,6.327,0.2222,0.1891,0.3369,2,0.0046,2,0,0,0,0.9954,0.9981,Complete,2027-05-13,133561900,Test
PRJ3-01474,Lakeview Process Plant 1474,Industrial,Southwest,NM,Public,Cost Plus,CMAR,High,High,Standard,2023-03-26,2024-03-16,2024,118287200,731,0.488,0.4772,0.9274,0.9687,0.0301,8,1.0535,21,7,1.2,0.9881,65,5.495,11.273,0.08,0.3818,0.1061,0.1331,0.0117,0.2098,0.0774,0.0075,24.978,0.2672,0.342,0.2172,0.3226,0.4116,3,0.0855,39,0,1,1,0.9213,0.9494,Complete,2025-05-04,128398100,Validation
PRJ3-01475,Crescent Distribution Hub 1475,Industrial,Southeast,GA,Private,Lump Sum,Design-Bid-Build,High,High,Slow,2022-12-15,2024-03-13,2024,110688000,766,0.593,0.5124,0.9407,0.8259,0.0159,62,0.9561,13,15,0.789,0.988,67,6.053,9.445,0.2283,0.5013,0.1582,0.1303,0.0559,0.1388,0.0284,0.0312,27.938,0.3984,9.503,0.3718,0.336,0.4901,5,0.132,94,1,1,1,0.8834,0.8907,Complete,2025-04-23,125294500,Validation
PRJ3-01476,Mesa Town Center 1476,Mixed-Use,Southeast,FL,Private,Lump Sum,CMAR,High,Moderate,Standard,2020-11-04,2022-05-07,2022,80112700,1054,0.521,0.506,0.8504,0.9246,0.1059,16,0.8275,32,15,0.189,0.9564,26,3.245,7.957,0.2596,0.2371,0.055,0.1281,0.047,0.1626,0.0367,0.019,10.743,0.1871,4.927,0.3281,0.1354,0.1471,2,0.0656,27,0,0,0,0.9384,0.975,Complete,2023-10-21,85371600,Train
PRJ3-01477,Aspen Logistics Center 1477,Industrial,Northeast,MA,Private,Lump Sum,IPD,Very High,Low,Fast,2018-03-13,2019-06-22,2019,290176100,835,0.559,0.5468,0.9751,0.92,-0.004,10,0.9367,11,15,0.632,0.9551,183,6.307,8.21,0.262,0.3261,0.1385,0.175,0.0644,0.4029,0.0673,0.0191,23.116,0.3337,2.744,0.4463,0.2558,0.3593,3,0.0867,39,0,1,1,0.9202,0.9554,Complete,2020-08-03,315345300,Train
PRJ3-01478,Redwood Civic Complex 1478,Institutional,Midwest,MO,Private,Cost Plus,Design-Build,Moderate,Low,Slow,2018-08-07,2019-06-02,2019,98640300,736,0.407,0.3773,0.9339,0.8841,0.0206,22,0.9557,29,9,0.686,0.9643,52,5.272,15.816,0.08,0.5385,0.0996,0.1863,0.0384,0.2176,0.0332,0.0351,38.473,0.4272,6.131,0.1459,0.3919,0.4191,7,0.1759,69,1,1,1,0.8504,0.9143,Complete,2020-10-20,115988600,Train
PRJ3-01479,Crescent Retail Center 1479,Commercial,Mountain,UT,Private,Unit Price,CMAR,Moderate,Moderate,Standard,2017-12-03,2019-04-09,2019,107232800,871,0.566,0.5896,0.9452,1.0252,0.0312,-21,0.9591,12,12,0.583,0.9645,59,5.502,4.575,0.646,0.1856,0.0541,0.1008,0.0375,0.1169,0.0307,0.0173,19.093,0.2148,6.878,0.2194,0.2059,0.263,2,0.09,-15,0,0,0,0.9174,1.0175,Complete,2020-04-07,116885700,Train
PRJ3-01480,Cedar Education Center 1480,Institutional,West,CA,Public,Unit Price,Design-Bid-Build,Moderate,High,Fast,2020-01-11,2021-02-07,2021,112875900,935,0.421,0.4078,0.9508,0.9215,0.0243,12,1.0937,18,12,0.574,0.9794,54,4.784,3.985,0.3981,0.1503,0.0458,0.0951,0.0531,0.1545,0.0296,0.0025,27.721,0.2456,1.521,0.1826,0.2225,0.3633,2,0.0231,32,0,1,1,0.9774,0.9669,Complete,2022-09-04,115480600,Train
PRJ3-01482,Gateway Office Campus 1482,Commercial,Midwest,OH,Private,Guaranteed Maximum Price,Design-Bid-Build,Moderate,High,Standard,2023-04-25,2024-02-16,2024,115371500,745,0.399,0.3865,1.0721,0.9572,-0.0165,9,0.9953,0,24,1.019,0.9771,59,5.114,3.208,0.5577,0.2002,0.0609,0.2162,0.0658,0.0764,0,0.0012,8.243,0.2017,4.968,0.042,0.2368,0.36,2,0.0601,15,0,0,0,0.9433,0.9803,Complete,2025-05-24,122309100,Validation
PRJ3-01483,Evergreen Public Works Program 1483,Infrastructure,Midwest,OH,Private,Cost Plus,Design-Build,Very High,Moderate,Fast,2023-12-08,2025-10-02,2025,241532500,1329,0.5,0.5053,0.9325,1.0354,0.0576,-7,0.9987,3,19,0.467,0.968,126,5.217,11.055,0.1033,0.3838,0.1165,0.1544,0.0665,0.2763,0.04,0.0255,17.008,0.2002,4.868,0.2853,0.2557,0.408,4,0.0816,8,0,0,0,0.9246,0.994,Complete,2027-08-06,261242900,Test
PRJ3-01484,Lakeview Transit-Oriented Development 1484,Mixed-Use,West,WA,Public,Unit Price,Design-Bid-Build,Moderate,Moderate,Standard,2024-05-15,2025-10-04,2025,84102000,938,0.541,0.5237,0.9839,0.9846,0.0085,16,0.9041,19,5,0.227,0.9597,33,3.924,11.482,0.08,0.3156,0.0754,0.0887,0.0541,0.1087,0.0134,0.0232,14.89,0.2328,6.456,0.1742,0.2126,0.3307,3,0.0337,-23,0,0,0,0.9674,1.0251,Complete,2026-11-16,86935000,Test
PRJ3-01485,Mesa Medical Center 1485,Institutional,Northeast,NY,Private,Guaranteed Maximum Price,CMAR,Low,Moderate,Standard,2019-01-13,2020-05-19,2020,65993100,857,0.575,0.6094,1.1389,1.0194,-0.0673,-30,0.9671,2,29,0.57,0.9607,22,3.334,11.734,0.1468,0.3681,0.0882,0.0168,0.0299,0.0828,0.0132,0,7.882,0.0437,0,0.2221,0.1582,0.2697,2,-0.0085,-25,0,0,0,1.0086,1.03,Complete,2021-04-24,65428900,Train
PRJ3-01486,Pioneer Retail Center 1486,Commercial,Southeast,TN,Public,Guaranteed Maximum Price,Design-Bid-Build,Moderate,High,Standard,2018-05-02,2019-05-26,2019,115668000,680,0.573,0.5232,0.908,0.9556,0.0377,34,0.9469,0,13,0.756,0.9688,34,2.939,4.138,0.5637,0.1261,0.0653,0.1851,0.0467,0.1527,0.026,0.0216,32.086,0.3371,6.668,0.3343,0.35,0.2763,4,0.0834,25,0,0,0,0.923,0.9645,Complete,2020-04-06,125312100,Train
PRJ3-01487,Horizon Housing 1487,Residential,Southwest,AZ,Private,Cost Plus,CMAR,Very High,Moderate,Standard,2024-10-19,2025-05-05,2025,60909100,397,0.5,0.5204,0.9011,1.0119,0.0655,-8,1.0074,11,11,1.224,0.9566,34,5.582,13.201,0.08,0.4569,0.1261,0.2306,0.091,0.2627,0.0306,0.0268,17.086,0.1879,10.437,0.3216,0.2379,0.3273,5,0.1494,7,1,0,1,0.87,0.9827,Complete,2025-11-27,70010300,Test
PRJ3-01488,Copper Marketplace 1488,Commercial,Midwest,OH,Private,Unit Price,Design-Bid-Build,Low,Moderate,Slow,2023-07-24,2024-05-22,2024,92032500,532,0.57,0.5208,0.893,0.8917,0.0732,26,1.0202,34,8,0.619,0.9789,35,3.803,10.673,0.1775,0.4151,0.0898,0.0467,0.0061,0.0576,0.0129,0.0036,24.011,0.354,4.142,0.2515,0.3477,0.3583,3,0.1166,76,1,1,1,0.8956,0.875,Complete,2025-03-23,102764700,Validation
PRJ3-01489,Crescent Residences 1489,Residential,Midwest,MO,Public,Guaranteed Maximum Price,Design-Bid-Build,Very High,High,Fast,2025-03-16,2025-12-10,2025,34738300,708,0.38,0.3374,0.8857,0.9012,0.0486,30,0.9768,43,7,0.383,0.9716,4,1.151,7.329,0.3618,0.2566,0.1003,0.1598,0.1009,0.2473,0.0615,0.0075,32.649,0.476,0,0.3411,0.3468,0.3,3,0.1281,28,1,0,1,0.8865,0.962,Complete,2027-03-22,39187600,Test
PRJ3-01490,Aspen Process Plant 1490,Industrial,Midwest,MI,Public,Lump Sum,CMAR,High,High,Slow,2021-09-04,2022-09-25,2022,128366500,716,0.54,0.4795,0.9334,0.8872,0.0212,43,1.0288,23,14,0.941,0.9532,70,5.453,10.351,0.08,0.374,0.0656,0.2453,0.0491,0.0796,0.017,0.0358,20.436,0.3703,3.24,0.467,0.2489,0.2793,4,0.1353,59,1,1,1,0.8808,0.9239,Complete,2023-10-19,145739700,Train
PRJ3-01491,Lakeview Residences 1491,Residential,Mountain,ID,Private,Cost Plus,CMAR,Very High,Moderate,Fast,2022-02-09,2023-01-18,2023,25665300,633,0.542,0.4974,0.9734,0.8803,0.0187,28,1.0429,23,19,1.112,0.9465,12,4.676,13.585,0.08,0.3959,0.1254,0.198,0.0408,0.2728,0.0695,0.0358,26.279,0.2933,5.752,0.3174,0.3287,0.3831,5,0.0833,12,0,0,0,0.9231,0.9814,Complete,2023-11-16,27803300,Train
PRJ3-01492,Horizon Education Center 1492,Institutional,Southwest,TX,Private,Lump Sum,Design-Bid-Build,High,Low,Slow,2024-05-10,2025-03-07,2025,321097900,803,0.376,0.3247,0.8229,0.8592,0.0712,41,0.9006,36,7,0.841,0.9442,188,5.855,9.579,0.1857,0.4238,0.1196,0.2184,0.0943,0.231,0.0754,0.0456,23.002,0.202,2.129,0.5382,0.2278,0.49,4,0.2459,53,1,1,1,0.8026,0.9381,Complete,2026-09-13,400058400,Test
PRJ3-01493,Northstar Civic Complex 1493,Institutional,West,WA,Private,Cost Plus,CMAR,Moderate,High,Standard,2019-08-08,2020-06-17,2020,132583700,795,0.395,0.3768,1.0716,1.0378,-0.0306,14,1.0657,0,2,0.164,0.9688,52,3.922,4.836,0.3766,0.0962,0.0491,0.0066,0.0026,0.1614,0,0.0099,14.558,0.2224,6.531,0.1802,0.1787,0.3239,2,-0.0533,-15,0,0,0,1.0563,1.0192,Complete,2021-09-26,125522100,Train
PRJ3-01494,Lakeview Neighborhood 1494,Residential,Mountain,UT,Private,Unit Price,Design-Bid-Build,Moderate,Moderate,Standard,2024-04-06,2024-09-19,2024,56474600,443,0.376,0.383,0.964,0.9296,0.0289,-3,1.0037,17,14,0.895,0.9694,29,5.135,7.762,0.3583,0.2569,0.0778,0.0782,0.0375,0.2183,0.0489,0.0157,20.003,0.1687,3.598,0.1712,0.2612,0.3833,2,-0.0009,9,0,0,0,1.0009,0.9801,Complete,2025-07-02,56423500,Validation
PRJ3-01495,Riverside Urban Village 1495,Mixed-Use,West,WA,Public,Lump Sum,IPD,High,Moderate,Slow,2023-07-03,2025-05-05,2025,84217600,1152,0.584,0.5494,0.9591,1.0003,0.0289,40,0.9647,25,14,0.962,0.9721,28,3.325,8.684,0.5397,0.3673,0.1181,0.1216,0.0459,0.2492,0.0743,0.0366,17.829,0.2853,3.871,0.2694,0.2144,0.3217,3,0.1235,-13,1,0,1,0.89,1.0114,Complete,2026-08-15,94621500,Test
PRJ3-01496,Gateway Marketplace 1496,Commercial,Southwest,NM,Private,Lump Sum,Design-Bid-Build,Very High,High,Fast,2024-12-09,2025-09-17,2025,68960400,698,0.405,0.3548,0.9674,0.8703,0.0073,35,0.9474,10,8,0.91,0.9535,47,6.816,8.408,0.3593,0.2569,0.1003,0.0955,0.062,0.2962,0.0694,0.0283,22.986,0.3233,0,0.331,0.2329,0.4349,3,0.1036,34,1,1,1,0.9062,0.9536,Complete,2026-12-11,76101700,Test
PRJ3-01497,Granite Office Campus 1497,Commercial,Northeast,MA,Public,Cost Plus,CMAR,Moderate,Moderate,Standard,2020-07-04,2021-03-28,2021,99520500,627,0.426,0.4201,0.9361,0.9796,0.0433,4,0.9498,25,12,0.674,0.971,45,4.522,10.171,0.1713,0.3575,0.0968,0.0916,0.0385,0.1363,0.0124,0.0156,34.33,0.3802,0,0.246,0.1951,0.1658,3,0.0057,8,0,0,0,0.9943,0.9874,Complete,2022-03-31,100088200,Train
PRJ3-01498,Horizon Urban Village 1498,Mixed-Use,Southwest,NM,Private,Lump Sum,Design-Bid-Build,Moderate,Low,Standard,2024-06-06,2025-09-28,2025,151705300,877,0.547,0.4895,0.9491,0.9288,0.0331,50,0.9816,19,7,0.767,0.9442,72,4.746,8.993,0.1579,0.452,0.1153,0.0953,0.0091,0.2078,0.0264,0.0179,33.303,0.3087,2.791,0.1549,0.3033,0.2898,4,0.0617,-7,0,0,0,0.9419,1.008,Complete,2026-10-24,161070600,Test
PRJ3-01499,Redwood Logistics Center 1499,Industrial,Mountain,WY,Public,Cost Plus,IPD,High,High,Slow,2024-01-06,2024-10-11,2024,90424200,792,0.353,0.2935,0.823,0.8749,0.0785,47,0.9204,39,17,0.154,0.9878,60,6.635,11.574,0.0808,0.407,0.059,0.0412,0.0303,0.147,0.0557,0.0332,19.121,0.2992,4.991,0.346,0.1458,0.5486,4,0.1419,-6,1,0,1,0.8758,1.0076,Complete,2026-03-02,103252000,Validation
PRJ3-01500,Summit Civic Complex 1500,Institutional,West,WA,Private,Unit Price,CMAR,High,High,Fast,2021-04-13,2022-02-08,2022,61721700,837,0.36,0.3657,1.0724,0.9858,-0.0341,-5,1.16,14,11,0.863,0.9759,21,3.402,6.443,0.4893,0.1675,0.0735,0.0802,0.0119,0.1516,0.0364,0.0142,7.532,0.0104,2.267,0.4055,0.1362,0.3448,2,0.0494,-16,0,0,0,0.9529,1.0195,Complete,2023-07-13,64773400,Train
PRJ3-01501,Lakeview Earthworks Package 1501,Heavy Civil,Southeast,FL,Public,Lump Sum,Design-Bid-Build,High,Moderate,Standard,2022-01-05,2023-09-16,2023,119427000,1214,0.51,0.4985,0.9439,0.9983,0.0404,14,0.9428,20,21,0.62,0.9622,57,4.773,10.515,0.221,0.4283,0.1083,0.0866,0.0257,0.1851,0.0181,0.0303,27.13,0.4052,6.629,0.3953,0.2886,0.3773,5,-0.0258,28,0,0,0,1.0264,0.9775,Complete,2025-05-31,116351700,Train
PRJ3-01502,Aspen Research Facility 1502,Institutional,Mountain,CO,Private,Guaranteed Maximum Price,Design-Build,Moderate,Moderate,Standard,2021-02-12,2022-02-09,2022,279409900,736,0.493,0.4973,1.0348,1.0254,-0.0324,-3,0.9308,0,19,0.411,0.9931,120,4.295,9.475,0.1829,0.3066,0.0558,0.1675,0.0508,0.0952,0,0.0135,19.202,0.2944,4.499,0.2131,0.1701,0.3286,2,-0.08,10,0,0,0,1.087,0.9866,Complete,2023-02-28,257057100,Train
PRJ3-01503,Evergreen Public Works Program 1503,Infrastructure,West,CA,Public,Guaranteed Maximum Price,CMAR,High,Low,Standard,2022-05-02,2024-04-07,2024,727153300,1318,0.536,0.5459,0.9065,0.9803,0.0586,-13,0.9294,26,7,0.979,0.9661,240,3.301,9.431,0.1851,0.2561,0.0943,0.2077,0.0589,0.2018,0.0553,0.0485,27.081,0.3523,1.425,0.3116,0.2878,0.2589,4,0.0328,-11,0,0,0,0.9682,1.0084,Complete,2025-11-29,751037100,Validation
PRJ3-01504,Cedar Marketplace 1504,Commercial,Southeast,GA,Private,Guaranteed Maximum Price,Design-Build,Very High,Low,Standard,2020-06-05,2021-06-28,2021,71873900,688,0.565,0.5126,0.9655,0.9025,0.0101,36,0.9479,22,13,0.713,0.9506,39,5.426,11.339,0.1459,0.4587,0.1152,0.2691,0.0728,0.2683,0.0666,0.0236,24.959,0.3452,1.335,0.3854,0.3683,0.1949,4,0.1276,19,1,0,1,0.8868,0.9731,Complete,2022-05-13,81047500,Train
PRJ3-01505,Horizon Transit-Oriented Development 1505,Mixed-Use,Southwest,NM,Private,Guaranteed Maximum Price,CMAR,Low,High,Fast,2023-09-16,2024-12-18,2024,145560800,1053,0.436,0.4442,0.9832,1.0477,0.0081,-9,1.0148,17,1,0.378,0.9824,63,4.328,2,0.5743,0,0.0073,0.0475,0.0397,0.02,0.0337,0.0016,11.405,0.1387,0,0.2439,0.1071,0.2324,0,0.0133,-25,0,0,0,0.9869,1.0243,Complete,2026-07-10,147490700,Validation
PRJ3-01506,Cedar Research Facility 1506,Institutional,Midwest,OH,Public,Cost Plus,IPD,Low,Moderate,Standard,2018-10-03,2019-09-12,2019,97947300,770,0.447,0.4579,1.0972,1.0144,-0.0481,-8,0.9597,5,9,0.499,0.9952,53,5.411,6.962,0.3588,0.2654,0.0464,0,0,0.1469,0,0.0048,19.089,0.2407,3.23,0.1338,0.1061,0.3366,1,-0.0174,-21,0,0,0,1.0177,1.028,Complete,2020-10-21,96239400,Train
PRJ3-01507,Canyon Civic Complex 1507,Institutional,West,OR,Private,Lump Sum,CMAR,High,High,Standard,2018-11-23,2020-02-08,2020,225087700,796,0.556,0.5113,0.9711,0.9307,0.0355,36,0.9201,14,7,0.372,0.9641,112,4.976,8.551,0.3518,0.2658,0.0977,0.1325,0.05,0.2259,0.0096,0.0254,19.22,0.265,3.291,0.3138,0.2904,0.3052,3,0.0603,-9,0,0,0,0.9431,1.0114,Complete,2021-01-18,238660500,Train
PRJ3-01508,Pioneer Retail Center 1508,Commercial,Southeast,VA,Private,Guaranteed Maximum Price,IPD,Moderate,Moderate,Slow,2022-11-17,2023-09-28,2023,61350400,666,0.473,0.5563,0.9406,1.0735,0.0086,-55,1.0001,17,5,0.074,0.9539,20,3.26,8.645,0.3735,0.3181,0.0765,0.1628,0.0186,0.1095,0.0032,0.0221,29.459,0.2665,2.113,0.3466,0.337,0.2011,3,0.1424,-21,1,0,1,0.8754,1.0326,Complete,2024-08-23,70085700,Train
PRJ3-01509,Aspen Public Works Program 1509,Infrastructure,Southeast,GA,Public,Guaranteed Maximum Price,CMAR,Low,Low,Slow,2020-11-05,2022-07-26,2022,196063000,1161,0.541,0.543,0.9452,0.942,0.0438,-2,0.9338,20,3,1.236,0.9641,90,4.59,10.411,0.2775,0.3784,0.1034,0.0709,0.0312,0.0772,0,0.0157,26.175,0.3926,6.756,0.334,0.2275,0.3936,4,0.1443,29,1,0,1,0.8739,0.9756,Complete,2024-02-08,224354300,Train
PRJ3-01510,Pioneer Manufacturing Facility 1510,Industrial,Midwest,MN,Private,Guaranteed Maximum Price,CMAR,Low,High,Fast,2019-12-16,2020-10-08,2020,146436400,711,0.418,0.4214,1.135,1.059,-0.0652,-2,1.0298,10,23,0.744,0.9843,48,3.278,3.189,0.6366,0.085,0.0134,0.0159,0.033,0.02,0.0042,0,11.898,0.2264,4.026,0.2014,0.0783,0.2291,1,-0.0724,0,0,0,0,1.0781,1.0,Complete,2021-11-26,135832900,Train
PRJ3-01511,Crescent Corporate Center 1511,Commercial,Southwest,AZ,Private,Guaranteed Maximum Price,Design-Bid-Build,Moderate,Moderate,Fast,2024-09-11,2025-08-01,2025,79587700,568,0.572,0.5667,0.9933,0.985,-0.0095,3,0.9981,7,8,0.898,0.957,46,5.78,8.542,0.3305,0.3161,0.095,0.1159,0.0451,0.2057,0.0342,0.0335,21.995,0.3034,3.942,0.2462,0.301,0.2304,3,0.0232,-1,0,0,0,0.9773,1.0018,Complete,2026-04-01,81432800,Test
PRJ3-01512,Copper Earthworks Package 1512,Heavy Civil,Midwest,MI,Public,Guaranteed Maximum Price,Design-Bid-Build,Moderate,High,Standard,2020-04-20,2022-02-27,2022,264613300,1214,0.559,0.555,0.9951,0.9905,0.0113,5,0.9543,42,13,0.113,0.9653,116,4.384,5.551,0.5704,0.2198,0.0486,0.1196,0.061,0.0975,0.0211,0.0135,27.48,0.269,2.821,0.2637,0.3142,0.2833,3,0.0769,8,0,0,0,0.9286,0.9935,Complete,2023-08-25,284958600,Train
PRJ3-01513,Crescent Education Center 1513,Institutional,Southwest,AZ,Public,Guaranteed Maximum Price,Design-Bid-Build,Low,High,Standard,2019-03-04,2020-08-22,2020,180096700,908,0.592,0.5841,0.9361,0.9949,0.044,7,1.0942,2,3,0.591,0.9913,67,3.72,7.179,0.3963,0.2549,0.0611,0.0567,0.0225,0.0777,0.0263,0.0128,10.678,0.1087,2.782,0.4322,0.1738,0.3757,2,0.0382,3,0,0,0,0.9632,0.9967,Complete,2021-08-31,186977300,Train
PRJ3-01514,Lakeview Civic Complex 1514,Institutional,Southeast,GA,Private,Guaranteed Maximum Price,Design-Bid-Build,Moderate,High,Standard,2018-06-23,2019-12-23,2019,133620700,937,0.585,0.6771,0.9114,1.0746,0.0708,-86,1.0418,8,17,0.471,0.9556,72,5.388,8.682,0.1158,0.1918,0.0402,0.1668,0.0544,0.1003,0.0056,0.019,11.809,0.1408,3.758,0.2394,0.1756,0.4213,2,0.049,-19,0,0,0,0.9533,1.0207,Complete,2020-12-27,140173200,Train
PRJ3-01515,Summit Water Program 1515,Heavy Civil,Midwest,IL,Private,Lump Sum,Design-Bid-Build,Moderate,Moderate,Fast,2018-11-18,2020-04-24,2020,118246500,927,0.565,0.5672,1.1152,1.0031,-0.0484,-2,1.0504,0,14,0.598,0.9721,52,4.398,6.577,0.4749,0.1234,0.0408,0,0,0.1614,0.0138,0.0115,17.182,0.2667,5.978,0.1794,0.1299,0.2802,2,0.0271,-25,0,0,0,0.9736,1.0277,Complete,2021-05-08,121448700,Train
PRJ3-01516,Gateway Medical Center 1516,Institutional,Southeast,GA,Private,Guaranteed Maximum Price,IPD,Low,Moderate,Standard,2020-04-03,2021-02-16,2021,208595600,628,0.508,0.526,1.1133,1.0131,-0.0362,-11,0.9879,9,18,0.4,0.9566,74,3.548,7.072,0.3887,0.3032,0.0391,0,0.0206,0.0701,0.0237,0,18.777,0.1719,3.035,0.2722,0.1373,0.1765,1,0.0339,46,0,1,1,0.9673,0.9318,Complete,2022-02-06,215656900,Train
PRJ3-01517,Northstar Water Program 1517,Heavy Civil,Mountain,UT,Public-Private Partnership,Guaranteed Maximum Price,IPD,Moderate,Moderate,Standard,2021-02-05,2022-07-29,2022,183442000,1158,0.466,0.4922,1.0037,1.0111,0.0181,-30,1.0506,19,13,0.362,0.9614,95,5.179,5.102,0.4173,0.101,0.0142,0.0432,0.0507,0.02,0.0386,0,29.355,0.2725,5.332,0.1383,0.1851,0.2929,2,0.0185,-25,0,0,0,0.9818,1.0221,Complete,2024-03-14,186841500,Train
PRJ3-01518,Crescent Bridge Program 1518,Heavy Civil,Northeast,MA,Public,Lump Sum,Design-Build,Moderate,Moderate,Standard,2024-08-25,2025-07-25,2025,362959400,897,0.373,0.404,0.8689,1.07,0.0499,-28,0.9564,26,9,0.6,0.9791,167,4.601,5.832,0.359,0.2232,0.0259,0.1184,0.0722,0.0439,0.0236,0.0186,22.157,0.2501,3.059,0.2322,0.2117,0.4082,2,0.1336,-5,1,0,1,0.8821,1.0056,Complete,2027-02-03,411461500,Test
PRJ3-01519,Granite Utility Corridor 1519,Infrastructure,Southeast,GA,Private,Guaranteed Maximum Price,Design-Build,Very High,Moderate,Standard,2023-11-18,2025-07-12,2025,178719500,1307,0.461,0.3796,0.9574,0.8654,0.0203,106,0.8924,14,14,1.168,0.9503,94,5.26,13.479,0.08,0.458,0.132,0.0609,0.017,0.1876,0.0214,0.0231,38.889,0.4028,6.407,0.428,0.2766,0.3239,6,0.0485,63,0,1,1,0.9537,0.954,Complete,2027-08-19,187390000,Test
PRJ3-01520,Mesa District 1520,Mixed-Use,Mountain,CO,Private,Lump Sum,Design-Bid-Build,Moderate,Low,Standard,2023-03-18,2024-05-15,2024,37925700,1190,0.357,0.3014,0.9994,0.8758,-0.0145,66,0.9705,21,14,0.843,0.9496,17,4.482,9.521,0.1619,0.3923,0.0794,0.1035,0.0628,0.1328,0.0686,0.0302,29.122,0.3569,0.141,0.1829,0.2985,0.2924,4,0.068,32,0,1,1,0.9364,0.9738,Complete,2026-07-22,40503500,Validation
PRJ3-01521,Liberty Highway Improvements 1521,Heavy Civil,Mountain,UT,Public,Cost Plus,Design-Bid-Build,Moderate,Moderate,Slow,2018-07-18,2020-02-21,2020,247266600,1061,0.55,0.4473,0.9513,0.8368,0.0299,109,0.9354,11,16,0.399,0.9722,124,5.015,10.368,0.2145,0.3243,0.1101,0.1604,0.099,0.2502,0.0738,0.0373,39.013,0.4323,3.51,0.3847,0.3206,0.2425,5,0.0446,33,0,1,1,0.9573,0.9698,Complete,2021-07-16,258293900,Train
PRJ3-01522,Pioneer Bridge Program 1522,Heavy Civil,Midwest,IL,Public,Guaranteed Maximum Price,IPD,Moderate,Moderate,Slow,2019-04-07,2020-07-20,2020,256992000,920,0.511,0.5108,0.9255,0.9982,0.0497,0,1.0612,12,19,0.786,0.9584,109,4.241,11.758,0.08,0.4577,0.0839,0.0642,0.0059,0.1501,0.0229,0.0176,18.463,0.3044,3.691,0.1493,0.1577,0.3309,3,0.1181,-11,1,0,1,0.8944,1.0121,Complete,2021-10-02,287333100,Train
PRJ3-01523,Harbor Logistics Center 1523,Industrial,West,CA,Private,Unit Price,Design-Build,Moderate,Moderate,Standard,2021-05-12,2022-07-23,2022,183974700,777,0.563,0.5704,1.013,0.9996,-0.0154,-6,0.912,0,11,0.476,0.9767,85,4.62,5.032,0.4965,0.26,0.0483,0.1069,0.0394,0.1121,0.0144,0.013,16.363,0.2098,5.421,0.35,0.2111,0.351,2,0.0105,5,0,0,0,0.9896,0.9936,Complete,2023-07-03,185914700,Train
PRJ3-01524,Granite Retail Center 1524,Commercial,Mountain,CO,Private,Guaranteed Maximum Price,Design-Bid-Build,Low,Low,Standard,2024-06-09,2025-03-19,2025,70621200,550,0.516,0.5139,0.9956,0.9605,0.0083,1,0.9877,4,16,0.33,0.9649,17,2.407,11.728,0.1741,0.3562,0.0513,0.0463,0.035,0.1039,0.004,0.03,16.281,0.0996,6.202,0.2042,0.1105,0.2086,4,0.0165,-25,0,0,0,0.9838,1.0476,Complete,2025-11-16,71785000,Test
PRJ3-01525,Liberty Transit Program 1525,Infrastructure,Mountain,CO,Private,Lump Sum,IPD,Very High,Low,Slow,2022-04-24,2023-12-29,2023,58562900,1057,0.581,0.4823,0.84,0.8453,0.0995,104,0.8703,20,0,0.562,0.9483,38,6.489,7.833,0.2666,0.3246,0.1219,0.2136,0.0756,0.2218,0.0606,0.0608,25.007,0.3998,4.433,0.3695,0.3233,0.5551,5,0.1865,55,1,1,1,0.8428,0.9505,Complete,2025-05-10,69487200,Train
PRJ3-01526,Aspen Urban Village 1526,Mixed-Use,West,CA,Public,Lump Sum,Design-Bid-Build,Moderate,Low,Slow,2023-05-21,2024-09-08,2024,159382800,811,0.587,0.5133,0.8734,0.8917,0.0889,60,0.8315,17,8,0.855,0.9676,97,6.086,7.905,0.277,0.2813,0.0702,0.1174,0.0338,0.0883,0.0369,0.0322,25.546,0.35,5.162,0.5043,0.2371,0.4959,3,0.1284,12,1,0,1,0.8862,0.9854,Complete,2025-08-21,179850300,Validation
PRJ3-01527,Riverside Earthworks Package 1527,Heavy Civil,Midwest,MO,Public-Private Partnership,Lump Sum,CMAR,Very High,Moderate,Fast,2022-05-06,2023-09-15,2023,270339400,1081,0.46,0.4349,0.93,0.982,0.0295,27,1.0186,28,11,0.625,0.9709,167,6.177,6.71,0.3026,0.3202,0.1243,0.2563,0.077,0.2417,0.046,0.0314,21.079,0.3655,10.68,0.1801,0.2912,0.3544,4,0.0784,4,0,0,0,0.9273,0.9963,Complete,2025-04-25,291547000,Train
PRJ3-01528,Liberty Transit-Oriented Development 1528,Mixed-Use,Midwest,OH,Private,Guaranteed Maximum Price,Design-Build,High,High,Standard,2018-11-18,2020-02-26,2020,122920600,893,0.521,0.4952,1.0482,0.9461,-0.0026,23,0.9711,19,7,0.968,0.9541,89,7.24,10.81,0.1476,0.3429,0.0926,0.0754,0.0536,0.2812,0.0343,0.0084,23.961,0.3694,4.384,0.3359,0.1333,0.2793,3,0.0512,38,0,1,1,0.9513,0.9592,Complete,2021-06-06,129214200,Train
PRJ3-01529,Granite Apartments 1529,Residential,Midwest,OH,Private,Unit Price,Design-Build,Moderate,Moderate,Slow,2021-12-06,2022-07-08,2022,36268900,384,0.559,0.5324,0.8857,0.9339,0.0771,10,1.0152,11,14,0.629,0.9813,26,7.169,10.293,0.3801,0.4192,0.1257,0.0764,0.0285,0.2027,0.0242,0.0227,32.913,0.4537,7.641,0.4666,0.3124,0.3956,5,0.0778,46,0,1,1,0.9278,0.893,Complete,2023-02-09,39092400,Train
PRJ3-01530,Redwood District 1530,Mixed-Use,West,CA,Public-Private Partnership,Lump Sum,IPD,Moderate,High,Fast,2022-12-17,2024-02-07,2024,170727200,973,0.429,0.4262,1.0936,1.0212,-0.0614,3,1.068,0,0,0.516,0.9645,59,3.456,2,0.6612,0.2177,0.0309,0.0855,0,0.0754,0.0437,0.0122,25.605,0.2304,1.956,0.2609,0.2916,0.2318,2,0.0509,-14,0,0,0,0.9516,1.0146,Complete,2025-08-02,179413300,Validation
PRJ3-01531,Mesa Bridge Program 1531,Heavy Civil,West,WA,Public,Lump Sum,Design-Build,Low,Low,Fast,2022-05-09,2024-01-04,2024,119336300,1252,0.484,0.4895,1.0481,1.0052,-0.0361,-7,1.0323,0,0,0.597,0.9729,40,3.352,4.457,0.4785,0.2077,0.0827,0.1342,0.0432,0.1082,0.0351,0.0106,15.349,0.3713,2.791,0.0822,0.2207,0.4279,2,0.0485,-17,0,0,0,0.9537,1.0138,Complete,2025-09-25,125123600,Validation
PRJ3-01532,Riverside Neighborhood 1532,Residential,Southwest,TX,Private,Lump Sum,Design-Build,High,Moderate,Fast,2022-02-15,2023-02-11,2023,43484700,689,0.525,0.6091,1.0651,1.0813,-0.0291,-58,1.0366,9,6,0.469,0.9829,27,6.209,7.776,0.3443,0.2258,0.042,0.1705,0.0516,0.223,0.0404,0.0049,15.773,0.1822,0,0.1492,0.2426,0.4636,1,0.0268,11,0,0,0,0.9739,0.9843,Complete,2024-01-16,44650100,Train
PRJ3-01533,Liberty Corporate Center 1533,Commercial,Mountain,ID,Public,Lump Sum,Design-Build,Low,Moderate,Slow,2020-10-09,2021-07-19,2021,51431900,719,0.394,0.4119,0.8987,1.0065,0.0526,-13,0.9559,20,5,0.447,0.9537,28,5.444,7.223,0.5045,0.1822,0.0258,0.0787,0.0302,0.144,0.046,0.0434,21.107,0.4057,5.102,0.4196,0.1586,0.341,3,0.0906,-25,0,0,0,0.9169,1.036,Complete,2022-09-03,56092800,Train
PRJ3-01534,Horizon Transit Program 1534,Infrastructure,Southwest,NM,Public,Lump Sum,Design-Build,Moderate,Low,Fast,2022-12-20,2024-04-13,2024,91488600,1353,0.355,0.3475,0.9873,0.9826,0.001,10,1.0472,7,7,0.904,0.943,49,5.356,5.535,0.5499,0.2939,0.0637,0.0422,0.0317,0.1261,0.0604,0,21.304,0.3327,0.896,0.3035,0.1157,0.3531,1,0.0409,-17,0,0,0,0.9607,1.0127,Complete,2026-08-17,95233200,Validation
PRJ3-01535,Liberty Process Plant 1535,Industrial,Midwest,MN,Public,Lump Sum,Design-Build,Moderate,Low,Standard,2018-04-16,2020-01-20,2020,409617400,1085,0.594,0.6013,1.0236,0.9796,-0.0164,-8,1.0501,17,11,0.688,0.962,204,4.98,6.893,0.2024,0.2547,0.043,0.1512,0.02,0.129,0.055,0.019,31.172,0.4282,0,0.2648,0.3141,0.2023,3,0.0998,-11,0,0,0,0.9093,1.0102,Complete,2021-03-25,450495300,Train
PRJ3-01536,Liberty Airport Improvements 1536,Infrastructure,Northeast,CT,Public,Cost Plus,CMAR,Very High,Moderate,Fast,2019-07-17,2021-09-20,2021,251790100,1330,0.599,0.5431,0.9417,0.9078,0.0352,74,1.0348,36,8,0.816,0.9651,149,5.918,12.31,0.08,0.463,0.1508,0.0924,0.0289,0.1592,0.0574,0.0434,17.306,0.1886,6.324,0.3488,0.1746,0.423,5,0.0696,33,0,1,1,0.9349,0.9758,Complete,2023-04-10,269321000,Train
PRJ3-01537,Northstar Airport Improvements 1537,Infrastructure,Southeast,VA,Public,Cost Plus,Design-Build,High,Moderate,Standard,2022-06-15,2024-02-13,2024,359765400,1189,0.512,0.4799,0.9155,0.9414,0.0257,38,0.9892,3,18,0.346,0.9704,192,5.337,9.741,0.1395,0.36,0.087,0.1247,0.0405,0.1888,0.0178,0.0332,5,0.0753,1.785,0.4035,0.0463,0.3511,3,0.132,-1,1,0,1,0.8834,1.0008,Complete,2025-09-15,407252300,Validation
PRJ3-01538,Gateway Residences 1538,Residential,Midwest,MI,Public-Private Partnership,Lump Sum,IPD,Very High,High,Slow,2022-07-03,2023-05-26,2023,27988100,860,0.381,0.3746,0.8692,1.0377,0.0491,5,1.057,15,23,1.041,0.9539,9,3.216,11.26,0.0827,0.3138,0.0936,0.2035,0.0404,0.168,0.0272,0.0308,19.464,0.2874,1.344,0.3358,0.1354,0.5644,3,0.1451,-5,1,0,1,0.8733,1.0058,Complete,2024-11-04,32050500,Train
PRJ3-01539,Northstar Residences 1539,Residential,Midwest,MO,Public,Lump Sum,CMAR,Moderate,Low,Fast,2023-01-12,2023-08-22,2023,29709900,584,0.381,0.3911,0.999,1.0508,0.0037,-6,0.8685,4,16,0.816,0.982,10,3.366,8.508,0.3211,0.2887,0.0781,0.063,0.0034,0.0738,0.0537,0.0088,24.709,0.2792,1.994,0.2042,0.1463,0.2374,2,0.0276,3,0,0,0,0.9731,0.9949,Complete,2024-08-21,30530200,Train
PRJ3-01540,Copper Utility Corridor 1540,Infrastructure,Midwest,MO,Public,Lump Sum,IPD,Low,Moderate,Slow,2020-01-24,2021-06-26,2021,115302300,1019,0.51,0.5543,1.0245,1.051,-0.0223,-45,0.9813,19,10,0.522,0.9604,63,5.464,8.849,0.2446,0.4125,0.0584,0,0.0112,0.0655,0.0212,0.0186,17.743,0.136,2.797,0.3926,0.1219,0.3623,2,-0.0198,14,0,0,0,1.0202,0.9864,Complete,2022-11-22,113022400,Train
PRJ3-01541,Liberty Transit-Oriented Development 1541,Mixed-Use,Southwest,TX,Private,Guaranteed Maximum Price,IPD,Moderate,Moderate,Standard,2023-12-04,2024-12-23,2024,198092400,1010,0.382,0.3639,1.0634,1.0283,-0.0088,18,0.9508,6,0,0.662,0.9711,99,4.998,3.639,0.5993,0.1048,0.0542,0.1709,0.0503,0.0594,0.0214,0.0139,5,0.1804,2.705,0.1833,0.1189,0.2595,1,0.0452,-25,0,0,0,0.9567,1.0254,Complete,2026-08-15,207050800,Validation
PRJ3-01542,Aspen Housing 1542,Residential,Southeast,GA,Private,Cost Plus,CMAR,High,Moderate,Fast,2018-07-02,2019-02-28,2019,46702400,607,0.398,0.3921,1.0028,1.0069,0.0038,4,1.0744,18,14,0.552,0.9695,17,3.64,5.442,0.4171,0.1948,0.0833,0.0822,0.0283,0.1925,0.0248,0.0087,20.99,0.2678,5.366,0.2294,0.1326,0.3856,2,0.0708,-3,0,0,0,0.9339,1.005,Complete,2020-02-26,50007800,Train
PRJ3-01543,Canyon District 1543,Mixed-Use,Mountain,UT,Public,Guaranteed Maximum Price,CMAR,Low,Moderate,Fast,2018-11-10,2020-04-02,2020,208823600,855,0.596,0.6432,1.071,1.0891,-0.0327,-40,0.9646,11,13,0.273,0.9891,87,4.166,4.091,0.629,0.1936,0.0291,0.0855,0.0261,0.1155,0,0.0137,14.825,0.1264,4.774,0.1093,0.1198,0.4037,2,0.0219,28,0,0,0,0.9786,0.9683,Complete,2021-04-11,213398700,Train
PRJ3-01544,Horizon District 1544,Mixed-Use,Mountain,MT,Public,Unit Price,Design-Bid-Build,Moderate,High,Fast,2021-11-05,2023-05-01,2023,260883300,966,0.562,0.5967,0.905,1.0534,0.0578,-34,1.0702,24,0,0.678,0.999,122,4.676,4.32,0.5965,0.1612,0.0547,0.0325,0.0239,0.1443,0.024,0.0095,16.624,0.2901,0,0.1073,0.181,0.2641,1,0.0926,14,0,0,0,0.9153,0.9857,Complete,2024-07-12,285040300,Train
PRJ3-01545,Evergreen District 1545,Mixed-Use,Southeast,TN,Private,Unit Price,Design-Build,Low,Moderate,Fast,2021-09-02,2022-11-13,2022,272472200,867,0.505,0.5256,1.1173,1.0397,-0.0493,-18,1.0773,9,19,0.271,0.9681,112,4.111,6.393,0.5062,0.1489,0.0379,0.006,0.0042,0.0683,0.0273,0,10.387,0.0802,0.316,0.3667,0.154,0.1971,1,-0.0703,-25,0,0,0,1.0757,1.0297,Complete,2023-12-23,253304200,Train
PRJ3-01546,Aspen Apartments 1546,Residential,Mountain,ID,Public,Cost Plus,CMAR,Moderate,High,Slow,2020-03-21,2021-01-11,2021,28900800,563,0.527,0.5237,0.97,0.9165,0.0085,2,1.0253,9,12,0.608,0.9642,15,5.19,14.464,0.08,0.5978,0.1443,0.0693,0.0171,0.1332,0.025,0.0305,27.591,0.3018,6.3,0.23,0.3021,0.4048,6,0.0392,12,0,0,0,0.9622,0.9791,Complete,2021-10-17,30035100,Train
PRJ3-01547,Northstar Transit-Oriented Development 1547,Mixed-Use,Midwest,MO,Public-Private Partnership,Cost Plus,Design-Build,High,High,Standard,2024-04-19,2025-06-24,2025,109645200,1164,0.371,0.3616,0.9415,0.933,0.0147,11,1.0418,17,16,0.922,0.9623,48,4.378,8.79,0.438,0.333,0.0821,0.158,0.0451,0.2412,0.0324,0.007,13.329,0.2062,1.455,0.2851,0.2196,0.363,2,0.0837,14,0,0,0,0.9227,0.9881,Complete,2027-07-11,118827000,Test
PRJ3-01548,Horizon Civic Complex 1548,Institutional,Midwest,OH,Private,Guaranteed Maximum Price,CMAR,Moderate,High,Slow,2021-12-02,2022-10-22,2022,192217500,583,0.556,0.5219,1.0117,0.9525,-0.0215,20,0.9935,7,23,0.588,0.9542,94,4.89,6.248,0.3138,0.2598,0.0541,0.0832,0.0152,0.133,0.0244,0.0337,35.06,0.406,5.128,0.1527,0.2515,0.3424,4,0.0136,12,0,0,0,0.9866,0.9798,Complete,2023-07-20,194832900,Train
PRJ3-01549,Riverside Process Plant 1549,Industrial,West,WA,Private,Unit Price,IPD,High,Moderate,Standard,2018-07-07,2020-03-03,2020,239612000,1214,0.499,0.4696,0.9746,0.9759,0.0328,36,0.9792,16,0,0.517,0.977,137,5.718,8.934,0.3275,0.2769,0.0926,0.2811,0.0828,0.1704,0.0126,0.0037,24.44,0.2605,1.912,0.2693,0.3355,0.3809,2,0.101,5,1,0,1,0.9083,0.9959,Complete,2021-11-07,263808100,Train
PRJ3-01550,Horizon Town Center 1550,Mixed-Use,Northeast,CT,Private,Lump Sum,Design-Bid-Build,Very High,Moderate,Standard,2023-01-10,2024-03-24,2024,183215900,893,0.492,0.4174,0.8688,0.8317,0.0413,67,0.9165,22,16,0.506,0.9516,118,6.44,8.336,0.2638,0.1446,0.0241,0.1431,0.0547,0.3439,0.0668,0.0362,34.024,0.355,12.22,0.398,0.3006,0.35,5,0.1849,42,1,1,1,0.844,0.9551,Complete,2025-08-02,217087300,Validation
PRJ3-01551,Gateway Manufacturing Facility 1551,Industrial,West,OR,Public-Private Partnership,Guaranteed Maximum Price,Design-Build,Very High,Moderate,Slow,2020-04-24,2021-04-27,2021,184983900,838,0.44,0.4079,0.8276,0.9485,0.0831,27,0.8288,6,24,0.554,0.9634,116,6.271,6.124,0.4164,0.2831,0.0873,0.1024,0.03,0.2242,0.0717,0.0213,39.036,0.5083,5.661,0.4443,0.3496,0.4465,4,0.1789,49,1,1,1,0.8482,0.9448,Complete,2022-09-28,218081700,Train
PRJ3-01552,Pioneer Transit-Oriented Development 1552,Mixed-Use,Midwest,MI,Public,Guaranteed Maximum Price,CMAR,Very High,Moderate,Standard,2018-10-16,2020-05-02,2020,159698700,992,0.569,0.4681,0.9085,0.847,0.063,100,0.8233,31,19,0.973,0.9492,94,5.886,10.752,0.1461,0.3657,0.1051,0.1043,0.0601,0.2605,0.0595,0.0133,26.006,0.2772,3.681,0.5311,0.2639,0.5473,3,0.1335,46,1,1,1,0.8823,0.9557,Complete,2021-08-19,181011700,Train
PRJ3-01553,Gateway Residences 1553,Residential,Southwest,AZ,Private,Cost Plus,IPD,High,Low,Fast,2022-04-17,2023-03-25,2023,28219100,618,0.554,0.5208,1.0171,0.9557,-0.0122,20,0.9872,14,4,0.689,0.9751,13,4.607,9.299,0.3305,0.2844,0.0436,0.2277,0.0464,0.3176,0.0296,0.0284,9.835,0.2814,2.918,0.2188,0.1659,0.3858,3,-0.0013,13,0,0,0,1.0013,0.9794,Complete,2024-01-08,28183200,Train
PRJ3-01554,Northstar Transit-Oriented Development 1554,Mixed-Use,Northeast,CT,Public,Lump Sum,Design-Build,High,High,Fast,2023-05-22,2024-07-28,2024,418170800,958,0.453,0.449,0.9592,0.9595,0.0306,4,1.062,6,26,0.781,0.9672,197,4.711,7.25,0.2811,0.3534,0.0814,0.146,0.037,0.1953,0.0035,0.0216,15.383,0.1868,1.663,0.389,0.1816,0.3274,2,0.0023,21,0,0,0,0.9977,0.9785,Complete,2026-01-25,419126900,Validation
PRJ3-01555,Mesa Earthworks Package 1555,Heavy Civil,West,WA,Private,Guaranteed Maximum Price,Design-Bid-Build,Very High,High,Fast,2017-08-03,2019-06-02,2019,383685600,1305,0.512,0.5294,0.9779,1.0381,0.0046,-23,1.0068,22,0,0.784,0.9721,217,5.656,10.054,0.08,0.3185,0.1247,0.1543,0.018,0.2345,0.0682,0.0392,24.552,0.2565,5.065,0.2351,0.2493,0.3254,4,0.0888,15,0,0,0,0.9185,0.9886,Complete,2021-03-15,417739600,Train
PRJ3-01556,Northstar District 1556,Mixed-Use,Mountain,CO,Public-Private Partnership,Cost Plus,IPD,Moderate,Moderate,Fast,2019-12-05,2021-02-22,2021,116695700,778,0.573,0.57,0.9897,0.9721,0.0126,2,0.986,12,10,0.693,0.9507,51,4.37,8.156,0.3991,0.2424,0.0742,0.1216,0.0442,0.157,0.0242,0.0179,11.45,0.2347,6.057,0.4165,0.2022,0.3281,2,-0.0116,-9,0,0,0,1.0117,1.0117,Complete,2022-01-12,115347800,Train
PRJ3-01557,Crescent Highway Improvements 1557,Heavy Civil,Southeast,VA,Public,Cost Plus,CMAR,Very High,Moderate,Fast,2020-12-21,2022-08-10,2022,110434300,1134,0.527,0.536,0.843,0.9502,0.1012,-10,0.8557,25,18,0.644,0.9368,48,4.346,6.624,0.3411,0.2112,0.0644,0.2692,0.1015,0.2787,0.0175,0.0176,31.309,0.3914,4.16,0.2763,0.3313,0.4627,3,0.0773,6,0,0,0,0.9282,0.9947,Complete,2024-02-04,118973600,Train
PRJ3-01558,Summit Civic Complex 1558,Institutional,Northeast,CT,Private,Guaranteed Maximum Price,CMAR,High,Moderate,Standard,2020-05-10,2021-12-12,2021,52479700,1022,0.569,0.551,0.9142,0.9607,0.0501,18,0.9884,12,20,0.343,0.9588,23,4.383,5.577,0.4588,0.2932,0.073,0.1557,0.0506,0.1573,0.0412,0.0507,15.075,0.1466,8.203,0.3247,0.2004,0.3046,4,0.1602,-23,1,0,1,0.8619,1.023,Complete,2023-02-03,60886900,Train
PRJ3-01559,Mesa Urban Village 1559,Mixed-Use,Northeast,MA,Private,Lump Sum,CMAR,Moderate,High,Standard,2019-08-02,2021-05-19,2021,235949100,1121,0.586,0.5621,1.0315,0.9894,-0.0369,27,1.0161,0,26,0.653,0.9729,104,4.408,3.564,0.5039,0.076,0.0393,0.1035,0.0631,0.1936,0,0.0291,29.431,0.2137,3.457,0.2533,0.3285,0.321,3,-0.0618,-10,0,0,0,1.0658,1.009,Complete,2022-08-17,221375400,Train
PRJ3-01560,Aspen Earthworks Package 1560,Heavy Civil,Southwest,NM,Private,Lump Sum,Design-Build,High,Moderate,Fast,2018-06-13,2019-10-24,2019,356571400,1082,0.461,0.3938,1.0294,0.8949,-0.0134,73,0.882,18,18,0.64,0.9792,182,5.104,6.741,0.3372,0.189,0.0594,0.1324,0.0381,0.1683,0.0119,0.0241,15.114,0.0801,7.748,0.3003,0.1303,0.4346,3,0.0297,17,0,0,0,0.9711,0.9845,Complete,2021-06-16,367178600,Train
PRJ3-01561,Granite Utility Corridor 1561,Infrastructure,Northeast,NJ,Private,Unit Price,Design-Bid-Build,Very High,Low,Fast,2022-01-03,2023-06-28,2023,533350000,1426,0.38,0.3412,0.8146,0.9085,0.0914,55,0.957,30,16,1.18,0.9578,240,4.5,8.03,0.341,0.2322,0.0845,0.1122,0.0355,0.2115,0.05,0.0342,31.614,0.3548,3.503,0.4279,0.363,0.3283,4,0.2021,46,1,1,1,0.8319,0.9688,Complete,2026-01-14,641118300,Train
PRJ3-01562,Pioneer Earthworks Package 1562,Heavy Civil,West,CA,Private,Guaranteed Maximum Price,CMAR,High,High,Slow,2020-05-23,2021-07-24,2021,202783100,1002,0.427,0.4321,1.0467,0.9538,-0.016,-5,0.919,16,1,0.695,0.9662,118,5.819,7.59,0.3259,0.3701,0.0825,0.0914,0.0371,0.1292,0.0621,0.0292,31.375,0.3356,9.513,0.2063,0.2833,0.4803,5,0.107,35,1,1,1,0.9034,0.9662,Complete,2023-03-26,224477400,Train
PRJ3-01563,Copper Medical Center 1563,Institutional,Mountain,WY,Public,Guaranteed Maximum Price,IPD,Very High,Moderate,Fast,2023-03-23,2024-06-18,2024,118906400,949,0.478,0.4277,0.9475,0.9104,0.0312,48,1.0146,20,17,0.594,0.9643,66,5.551,10.922,0.1296,0.3059,0.0769,0.1177,0.0411,0.241,0.0595,0.0303,20.288,0.2453,4.625,0.5911,0.1803,0.3741,4,0.0992,19,0,0,0,0.9098,0.9804,Complete,2025-11-15,130699900,Validation
PRJ3-01564,Mesa Logistics Center 1564,Industrial,Southeast,NC,Public-Private Partnership,Guaranteed Maximum Price,IPD,High,Moderate,Standard,2024-05-13,2025-10-02,2025,70517300,1039,0.488,0.4578,0.9459,0.9685,0.0367,31,0.9812,9,8,0.993,0.9592,28,3.971,4.437,0.481,0.2527,0.0848,0.1288,0.0544,0.1809,0.0524,0.0256,25.311,0.2778,3.564,0.2569,0.2598,0.48,3,0.1501,2,1,0,1,0.8695,0.9981,Complete,2027-03-20,81099400,Test
PRJ3-01565,Canyon Transit-Oriented Development 1565,Mixed-Use,Southeast,GA,Public,Unit Price,CMAR,Moderate,Low,Fast,2023-08-11,2024-12-09,2024,79312600,1025,0.475,0.4365,0.9844,0.9011,-0.0067,39,1.0265,21,10,0.438,0.9659,49,6.178,7.16,0.4111,0.3108,0.064,0.1701,0.0962,0.1932,0.0308,0.0372,21.805,0.2371,5.53,0.3577,0.2677,0.2521,4,0.0391,20,0,0,0,0.9624,0.9809,Complete,2026-06-21,82412400,Validation
PRJ3-01566,Aspen Retail Center 1566,Commercial,Northeast,MA,Public,Cost Plus,IPD,High,Moderate,Standard,2022-05-19,2023-06-09,2023,110096500,940,0.411,0.4336,1.0413,0.9915,-0.0134,-21,1.027,4,17,0.696,0.9838,51,4.632,5.857,0.2632,0.3092,0.0432,0.0671,0.0606,0.2178,0.0336,0.0244,20.039,0.1539,0.332,0.537,0.1055,0.2974,2,0.0348,-25,0,0,0,0.9664,1.0273,Complete,2024-11-19,113923500,Train
PRJ3-01567,Pioneer Marketplace 1567,Commercial,Northeast,MA,Private,Cost Plus,Design-Bid-Build,High,Moderate,Slow,2022-05-15,2023-04-23,2023,159522300,675,0.509,0.447,0.8205,0.8964,0.096,42,0.9171,24,13,1.068,0.9452,99,6.206,10.514,0.1708,0.3937,0.072,0.094,0.0192,0.286,0.0549,0.0178,26.739,0.3779,6.381,0.488,0.1812,0.3218,4,0.1609,18,1,0,1,0.8614,0.974,Complete,2024-04-07,185195900,Train
PRJ3-01568,Crescent Process Plant 1568,Industrial,Mountain,CO,Private,Unit Price,Design-Bid-Build,Low,Moderate,Fast,2024-09-06,2025-10-28,2025,268040100,868,0.481,0.5051,0.9923,1.0594,-0.0056,-21,0.9354,6,17,0.573,0.9717,108,4.029,7.589,0.3712,0.2823,0.0959,0.003,0.0107,0.1572,0.0205,0.0077,11.347,0.1665,0.803,0.1379,0.1136,0.1962,1,0.0075,-25,0,0,0,0.9926,1.0297,Complete,2026-12-28,270039600,Test
PRJ3-01569,Horizon Highway Improvements 1569,Heavy Civil,West,NV,Public,Unit Price,Design-Bid-Build,Moderate,Moderate,Standard,2022-06-13,2023-10-07,2023,77860700,1106,0.435,0.3876,0.9572,0.8615,-0.0116,52,1.1136,31,9,0.493,0.9449,30,3.853,6.377,0.3775,0.1954,0.0464,0.0116,0.0014,0.1896,0.0204,0.0427,26.949,0.2936,3.973,0.3187,0.1914,0.3094,4,0.04,32,0,1,1,0.9615,0.9719,Complete,2025-07-25,80974800,Train
PRJ3-01570,Lakeview Distribution Hub 1570,Industrial,Southeast,GA,Public,Guaranteed Maximum Price,CMAR,Low,Low,Slow,2024-02-13,2025-03-14,2025,152128500,865,0.457,0.4612,0.9189,1.0134,0.0425,-4,0.9104,38,14,0.757,0.9551,61,4.01,8.035,0.3085,0.2205,0.078,0.1594,0.0628,0.1582,0.0298,0,19.943,0.2723,9.544,0.2428,0.2396,0.3484,2,0.0757,4,0,0,0,0.9296,0.9954,Complete,2026-07-01,163646000,Test
PRJ3-01571,Northstar District 1571,Mixed-Use,Mountain,WY,Private,Lump Sum,IPD,High,Moderate,Standard,2018-06-17,2019-11-26,2019,133493300,920,0.573,0.5862,0.9182,0.9989,0.0492,-12,0.901,12,20,0.756,0.9591,81,6.068,7.424,0.3527,0.3234,0.1034,0.0912,0.0252,0.2682,0.0355,0.0213,20.332,0.2231,5.745,0.1418,0.1596,0.2612,3,0.0437,2,0,0,0,0.9581,0.9978,Complete,2020-12-25,139324200,Train
PRJ3-01572,Redwood Research Facility 1572,Institutional,Northeast,MA,Private,Lump Sum,Design-Build,Low,Low,Standard,2024-08-09,2025-04-24,2025,127995200,595,0.435,0.419,0.9607,0.9298,0.0191,9,0.9726,25,23,0.158,0.9508,57,4.453,9.914,0.1248,0.2996,0.0594,0.027,0.0289,0.2018,0.0107,0,27.351,0.3362,5.469,0.0625,0.1613,0.2806,3,0.0022,53,0,1,1,0.9978,0.9182,Complete,2026-05-19,128275500,Test
PRJ3-01573,Summit Utility Corridor 1573,Infrastructure,Southwest,NM,Private,Lump Sum,Design-Bid-Build,High,High,Standard,2021-08-01,2023-09-03,2023,192415600,1279,0.597,0.4945,0.9889,0.8661,0.0032,131,0.9736,2,11,0.591,0.941,109,5.665,7.704,0.2426,0.2186,0.0496,0.1219,0.042,0.146,0.0461,0.0392,22.916,0.2377,7.98,0.3829,0.271,0.3116,4,0.0812,18,0,0,0,0.9249,0.9861,Complete,2025-02-18,208044200,Train
PRJ3-01574,Cedar Logistics Center 1574,Industrial,West,CA,Private,Guaranteed Maximum Price,IPD,High,High,Standard,2019-06-25,2020-06-06,2020,237996000,848,0.41,0.3936,0.9865,1.0072,0.013,14,0.9503,9,15,0.251,0.9615,126,5.294,5.774,0.45,0.1717,0.0236,0.1372,0.0361,0.1914,0.0328,0.0073,26.764,0.2905,1.545,0.4255,0.3039,0.4196,2,0.1064,20,1,0,1,0.9038,0.977,Complete,2021-11-09,263319600,Train
PRJ3-01575,Gateway Education Center 1575,Institutional,Midwest,IL,Public-Private Partnership,Guaranteed Maximum Price,IPD,Very High,High,Fast,2021-10-10,2023-04-19,2023,40616600,1101,0.505,0.5134,0.9782,0.9785,0.0187,-9,1.0228,11,20,0.354,0.9793,15,3.693,6.945,0.3186,0.3012,0.0987,0.1354,0.0359,0.2207,0.0467,0,24.287,0.2534,3.046,0.3466,0.2273,0.333,2,0.0356,-6,0,0,0,0.9656,1.0055,Complete,2024-10-09,42062400,Train
PRJ3-01576,Pioneer Transit Program 1576,Infrastructure,West,NV,Public-Private Partnership,Lump Sum,CMAR,Moderate,Low,Standard,2017-10-11,2019-05-20,2019,368249200,1135,0.517,0.4964,0.9291,0.9595,0.0329,23,0.9981,29,0,0.742,0.9551,181,4.915,7.305,0.4048,0.3045,0.0668,0.1963,0.0445,0.1472,0.0421,0.0083,13.208,0.11,4.204,0.3095,0.2201,0.2377,2,-0.016,41,0,1,1,1.0163,0.9651,Complete,2020-12-30,362352400,Train
PRJ3-01577,Copper Residences 1577,Residential,Mountain,CO,Private,Cost Plus,Design-Bid-Build,Low,Moderate,Standard,2019-01-24,2019-09-07,2019,21215000,465,0.488,0.5234,1.086,1.1123,-0.0604,-16,1.0019,3,2,0.296,0.9861,18,8.485,4.536,0.561,0.1843,0.0364,0.0371,0.0227,0.072,0.0098,0,9.064,0.1284,0.303,0.244,0.1992,0.38,1,-0.0048,-24,0,0,0,1.0048,1.0544,Complete,2020-04-09,21113800,Train
PRJ3-01578,Granite Residences 1578,Residential,Southeast,FL,Public,Guaranteed Maximum Price,Design-Bid-Build,Moderate,Moderate,Standard,2021-09-01,2022-04-22,2022,58142000,524,0.445,0.4446,1.0043,0.9854,0.0101,0,0.9313,18,12,0.284,0.9656,23,3.956,2.367,0.6236,0.1609,0.0578,0.104,0.0255,0.1354,0.0218,0.0098,17.578,0.241,7.762,0.1652,0.2456,0.2014,2,-0.0483,-8,0,0,0,1.0507,1.0155,Complete,2023-01-30,55335000,Train
PRJ3-01579,Lakeview Bridge Program 1579,Heavy Civil,Mountain,WY,Public,Lump Sum,IPD,High,High,Slow,2023-02-25,2024-11-04,2024,149843900,1322,0.468,0.4386,0.9459,0.9533,0.0304,39,0.9209,26,20,0.144,0.9725,72,4.805,5.553,0.2516,0.3467,0.1034,0.132,0.0535,0.1441,0.0766,0.023,20.239,0.3667,3.024,0.4637,0.2312,0.403,3,0.1217,2,1,0,1,0.8915,0.9985,Complete,2026-10-11,168079200,Validation
PRJ3-01580,Aspen Earthworks Package 1580,Heavy Civil,Mountain,UT,Public,Guaranteed Maximum Price,Design-Bid-Build,High,High,Fast,2022-12-20,2024-02-03,2024,491992600,841,0.488,0.491,0.8902,1.0257,0.0578,-2,0.9672,11,5,0.703,0.9819,240,4.878,5.321,0.4367,0.0896,0.0598,0.149,0.0826,0.109,0.0511,0.0131,23.68,0.286,0,0.3221,0.2362,0.3321,2,0.075,10,0,0,0,0.9302,0.9882,Complete,2025-04-19,528883900,Validation
PRJ3-01581,Granite Medical Center 1581,Institutional,Northeast,NY,Public,Unit Price,Design-Bid-Build,Very High,Moderate,Slow,2021-08-20,2022-07-12,2022,166001600,843,0.387,0.3303,0.8812,0.8648,0.0584,48,0.9108,10,22,0.649,0.988,117,7.048,8.615,0.2297,0.2912,0.0856,0.1671,0.0578,0.2498,0.0426,0.0383,14.586,0.1558,10.393,0.4504,0.1592,0.4484,4,0.1244,40,1,1,1,0.8893,0.9547,Complete,2024-01-20,186655700,Train
PRJ3-01582,Mesa Retail Center 1582,Commercial,Midwest,OH,Private,Lump Sum,Design-Build,Moderate,Low,Standard,2023-11-18,2024-08-09,2024,37865700,721,0.368,0.3181,0.94,0.933,0.0396,36,0.9674,16,3,0.594,0.9641,16,4.225,8.714,0.2004,0.3895,0.1148,0.1556,0.0378,0.1532,0.0113,0.0055,14.51,0.2138,4.301,0.2496,0.2355,0.3735,2,0.0212,-25,0,0,0,0.9792,1.0359,Complete,2025-10-14,38668400,Validation
PRJ3-01583,Summit Utility Corridor 1583,Infrastructure,Midwest,MO,Private,Lump Sum,IPD,Moderate,Low,Standard,2019-02-22,2021-02-23,2021,144744700,1271,0.576,0.575,0.9798,0.9609,0.0083,1,1.1021,4,19,0.965,0.951,75,5.182,5.566,0.418,0.1983,0.0371,0.1225,0.0462,0.1722,0.0444,0.0219,21.919,0.2895,2.545,0.2258,0.2549,0.303,2,0.0887,4,0,0,0,0.9186,0.9969,Complete,2022-08-20,157578200,Train
PRJ3-01584,Evergreen Residences 1584,Residential,Mountain,ID,Private,Lump Sum,Design-Bid-Build,Moderate,Low,Fast,2024-02-02,2024-10-21,2024,38627400,677,0.388,0.3858,0.9978,1.0387,-0.0134,2,0.9707,8,18,0.852,0.9397,22,5.695,7.588,0.3569,0.2029,0.0478,0.1312,0.041,0.1815,0.0155,0.0131,22.219,0.2965,0.68,0.4042,0.2558,0.3823,2,-0.0001,46,0,1,1,1.0001,0.9364,Complete,2026-01-25,38624600,Validation
PRJ3-01585,Evergreen Highway Improvements 1585,Heavy Civil,Mountain,UT,Public-Private Partnership,Guaranteed Maximum Price,CMAR,Low,Moderate,Standard,2018-10-15,2020-04-07,2020,169737600,1199,0.451,0.478,0.9451,1.0972,0.0281,-32,0.9671,9,16,0.965,0.9808,62,3.653,7.595,0.3763,0.229,0.0351,0.0747,0.0287,0.0584,0.0319,0.0193,29.032,0.2522,5.896,0.3766,0.2643,0.3504,3,0.0644,0,0,0,0,0.9395,1.0,Complete,2022-01-26,180663500,Train
PRJ3-01586,Lakeview Housing 1586,Residential,Mountain,ID,Private,Lump Sum,IPD,Moderate,Moderate,Fast,2024-05-18,2025-03-03,2025,86561500,808,0.358,0.3797,1.15,1.0454,-0.0558,-18,1.0396,8,15,0.178,0.9873,31,3.581,2.879,0.6462,0.0893,0.0248,0.1311,0.0563,0.1108,0.0244,0,26.526,0.2279,1.29,0.286,0.2956,0.3265,1,-0.0517,11,0,0,0,1.0545,0.9866,Complete,2026-08-15,82088100,Test
PRJ3-01587,Granite Neighborhood 1587,Residential,Midwest,MI,Public,Guaranteed Maximum Price,Design-Build,Very High,Moderate,Standard,2019-06-22,2020-02-26,2020,67394800,571,0.437,0.4258,0.9266,0.9826,0.0282,6,0.9799,21,12,0.574,0.9508,31,4.6,8.457,0.2344,0.2691,0.0984,0.1934,0.0758,0.2969,0.0384,0.0605,27.109,0.1931,3.809,0.1969,0.3357,0.3611,5,0.0001,35,0,1,1,0.9999,0.9422,Complete,2021-02-17,67403300,Train
PRJ3-01588,Riverside Neighborhood 1588,Residential,Mountain,MT,Private,Unit Price,Design-Build,High,Moderate,Fast,2023-04-17,2023-09-22,2023,46345000,324,0.489,0.5541,0.94,1.1007,0.0565,-21,1.013,17,11,0.478,0.9539,16,3.452,4.892,0.4022,0.2068,0.0706,0.0811,0.0784,0.1707,0.0616,0.0301,25.282,0.3109,7.777,0.3226,0.1887,0.4694,3,0.0926,-10,0,0,0,0.9153,1.0318,Complete,2024-02-25,50634700,Train
PRJ3-01589,Evergreen Research Facility 1589,Institutional,Midwest,MI,Private,Lump Sum,CMAR,High,Moderate,Fast,2023-11-11,2025-04-28,2025,120028000,928,0.576,0.5997,0.9923,1.0183,0.0013,-22,1.0056,14,15,0.716,0.9561,64,5.332,7.196,0.5321,0.2785,0.0917,0.1997,0.0749,0.2393,0.0906,0.0197,14.536,0.1036,2.246,0.3763,0.2199,0.4122,2,0.0574,34,0,1,1,0.9457,0.9647,Complete,2026-06-30,126917100,Test
PRJ3-01590,Cedar Apartments 1590,Residential,Southeast,TN,Public-Private Partnership,Unit Price,CMAR,Very High,High,Fast,2020-03-08,2021-01-05,2021,30088500,666,0.456,0.4418,0.9823,1.024,0.0134,9,0.9175,4,27,0.546,0.9756,24,7.976,11.305,0.1948,0.3388,0.089,0.1524,0.0077,0.2479,0.0423,0,28.887,0.3984,1.531,0.4263,0.2959,0.4783,3,0.0463,25,0,0,0,0.9557,0.9638,Complete,2022-01-28,31482100,Train
PRJ3-01591,Redwood Public Works Program 1591,Infrastructure,West,NV,Private,Lump Sum,CMAR,High,Moderate,Standard,2021-02-08,2022-10-28,2022,243534800,1141,0.55,0.4856,1.0364,0.932,-0.021,74,0.9929,23,0,0.56,0.9754,139,5.708,8.546,0.2591,0.3224,0.1076,0.0998,0.0172,0.0792,0.0396,0.0172,36.527,0.4357,2.659,0.3678,0.3629,0.4404,4,0.0359,73,0,1,1,0.9653,0.9399,Complete,2024-06-06,252278100,Train
PRJ3-01592,Harbor Urban Village 1592,Mixed-Use,Southeast,GA,Private,Guaranteed Maximum Price,IPD,High,Low,Standard,2022-09-24,2024-03-03,2024,434588400,1175,0.448,0.4297,0.8907,0.9702,0.0517,21,0.9738,7,19,0.792,0.9806,234,5.384,13.547,0.08,0.4388,0.134,0.1148,0.0409,0.2511,0.0208,0.0411,20.941,0.2512,7.165,0.2749,0.2686,0.2447,5,0.0606,-13,0,0,0,0.9428,1.0112,Complete,2025-11-29,460939300,Validation
PRJ3-01593,Evergreen Public Works Program 1593,Infrastructure,West,CA,Public,Lump Sum,Design-Build,High,Moderate,Standard,2021-12-02,2023-12-27,2023,318957100,1368,0.552,0.4952,0.9466,0.9096,0.0302,78,0.9285,17,11,0.711,0.9617,153,4.797,9.304,0.3325,0.273,0.085,0.1197,0.0504,0.1563,0.0455,0.0182,22.277,0.259,0.038,0.1283,0.2668,0.3544,2,0.0178,3,0,0,0,0.9826,0.9978,Complete,2025-09-03,324620500,Train
PRJ3-01594,Cedar Water Program 1594,Heavy Civil,Midwest,OH,Public,Lump Sum,CMAR,Very High,Moderate,Fast,2021-08-08,2023-02-19,2023,152698500,1123,0.499,0.4308,1.0327,0.9203,-0.0061,77,0.8933,7,21,0.901,0.9621,78,5.108,8.671,0.2249,0.3142,0.0522,0.1824,0.0453,0.2217,0.0532,0.0421,21.944,0.2361,11.2,0.3169,0.2435,0.3422,5,0.1239,7,1,0,1,0.8897,0.9938,Complete,2024-09-11,171625300,Train
PRJ3-01595,Lakeview Residences 1595,Residential,Mountain,CO,Private,Lump Sum,CMAR,Very High,Moderate,Standard,2020-11-19,2021-10-05,2021,86087700,619,0.517,0.5172,0.9357,0.9625,0.0266,0,0.8581,9,12,0.723,0.969,42,4.879,10.529,0.08,0.3904,0.0929,0.1033,0.034,0.2749,0.0377,0.0197,29.85,0.2528,3.938,0.4943,0.3191,0.3353,4,0.0838,36,0,1,1,0.9227,0.945,Complete,2022-09-05,93304600,Train
PRJ3-01596,Northstar Process Plant 1596,Industrial,Southwest,AZ,Private,Lump Sum,IPD,Low,Moderate,Slow,2022-05-10,2023-11-02,2023,243286200,915,0.592,0.5593,1.0093,0.9731,-0.0033,30,0.972,16,8,0.639,0.9612,111,4.563,10.828,0.1963,0.3209,0.0735,0.067,0.0373,0.0884,0.026,0.0284,18.678,0.3664,6.295,0.3679,0.2075,0.3854,4,0.0682,3,0,0,0,0.9361,0.9967,Complete,2024-11-13,259890300,Train
PRJ3-01598,Mesa Distribution Hub 1598,Industrial,West,OR,Private,Unit Price,Design-Bid-Build,High,Moderate,Standard,2023-04-07,2024-12-11,2024,87698100,1028,0.598,0.5486,0.9448,0.9554,0.0434,51,0.9966,27,5,0.397,0.9517,60,6.842,8.992,0.289,0.399,0.0893,0.0847,0.0011,0.2185,0.0334,0.0178,20.176,0.2376,4.161,0.4098,0.2021,0.3769,3,0.1095,-14,1,0,1,0.9013,1.0138,Complete,2026-01-15,97297200,Validation
PRJ3-01599,Crescent Airport Improvements 1599,Infrastructure,Southwest,TX,Private,Lump Sum,Design-Bid-Build,Moderate,Low,Slow,2020-12-05,2022-02-27,2022,156766000,1062,0.423,0.3972,0.9257,0.9232,0.0322,27,0.9023,31,10,0.864,0.9442,95,6.06,13.869,0.08,0.5535,0.1232,0.0797,0.0232,0.1712,0.0488,0.0047,22.696,0.3336,4.018,0.2188,0.2497,0.3786,4,0.0569,32,0,1,1,0.9461,0.9707,Complete,2023-12-04,165693500,Train
PRJ3-01600,Copper Transit Program 1600,Infrastructure,West,NV,Private,Unit Price,Design-Build,High,Moderate,Standard,2020-10-18,2022-02-14,2022,262910100,1001,0.484,0.4442,0.9121,0.9015,0.0582,40,0.9418,35,19,0.167,0.9568,142,5.401,8.493,0.3607,0.4316,0.1085,0.125,0.0564,0.1838,0.0809,0.0342,13.083,0.28,8.004,0.3784,0.1658,0.4093,4,0.0971,30,0,1,1,0.9115,0.9709,Complete,2023-08-15,288450000,Train
PRJ3-01601,Mesa Process Plant 1601,Industrial,Northeast,PA,Public,Guaranteed Maximum Price,Design-Bid-Build,High,Moderate,Standard,2019-09-14,2020-09-15,2020,166021300,784,0.469,0.4567,0.8915,0.9427,0.0377,10,0.947,18,23,0.629,0.9696,80,4.819,4.619,0.4401,0.2025,0.0881,0.1809,0.1065,0.0549,0.0838,0.0273,14.166,0.3088,3.252,0.2915,0.153,0.2254,2,0.1359,36,1,1,1,0.8803,0.9561,Complete,2021-12-12,188587400,Train
PRJ3-01602,Aspen Retail Center 1602,Commercial,West,WA,Private,Guaranteed Maximum Price,Design-Build,High,Moderate,Standard,2018-02-17,2019-01-17,2019,39256900,855,0.391,0.3883,0.9766,0.932,0.0013,2,0.9413,18,1,0.973,0.964,4,1.019,9.831,0.1738,0.4484,0.1409,0.1044,0.0526,0.131,0.0244,0,20.91,0.2831,5.035,0.4326,0.2126,0.4103,3,0.0051,36,0,1,1,0.9949,0.9596,Complete,2020-07-27,39458300,Train
PRJ3-01603,Pioneer Medical Center 1603,Institutional,Mountain,WY,Public-Private Partnership,Unit Price,Design-Build,Moderate,High,Standard,2020-12-17,2021-12-24,2021,120259000,697,0.534,0.4779,1.0257,0.937,0.0005,39,1.0261,7,22,0.485,0.9417,39,3.243,11.748,0.13,0.3676,0.0764,0.1298,0.0493,0.1436,0.0353,0.0181,25.588,0.3067,7.399,0.325,0.2553,0.4134,4,0.0105,41,0,1,1,0.9896,0.9444,Complete,2022-12-25,121522200,Train
PRJ3-01604,Aspen Distribution Hub 1604,Industrial,Southeast,FL,Private,Cost Plus,Design-Bid-Build,High,Low,Standard,2021-09-02,2022-09-09,2022,63524000,879,0.424,0.3587,0.9127,0.8892,0.0384,57,0.8891,34,20,0.507,0.9534,39,6.139,7.39,0.3542,0.2707,0.0891,0.1341,0.055,0.2114,0.0632,0.0381,20.156,0.2923,0,0.2356,0.1329,0.2572,3,0.1376,19,1,0,1,0.8791,0.9788,Complete,2024-02-17,72263600,Train
PRJ3-01605,Harbor Medical Center 1605,Institutional,Mountain,CO,Public-Private Partnership,Cost Plus,Design-Bid-Build,High,Low,Standard,2023-01-10,2023-11-08,2023,50207000,701,0.431,0.4164,0.8991,0.9791,0.0524,10,0.9193,8,11,0.753,0.9645,31,6.174,12.764,0.0835,0.4095,0.0831,0.1621,0.0461,0.2142,0.0465,0.0345,34.009,0.2504,0.686,0.2847,0.3557,0.4126,5,0.1187,-2,1,0,1,0.8939,1.0029,Complete,2024-12-09,56164200,Train
PRJ3-01606,Harbor Public Works Program 1606,Infrastructure,West,NV,Private,Lump Sum,CMAR,Moderate,Moderate,Slow,2021-09-20,2022-10-22,2022,171413200,1020,0.39,0.3769,0.9454,0.9299,0.0283,13,0.9337,25,10,0.63,0.9447,96,5.601,8.99,0.1462,0.2969,0.0647,0.0726,0.0454,0.1156,0.0576,0.0198,21.668,0.2759,5.537,0.2731,0.2111,0.3764,3,0.0963,-13,0,0,0,0.9122,1.0129,Complete,2024-06-23,187920600,Train
PRJ3-01607,Cedar Research Facility 1607,Institutional,Northeast,CT,Public,Lump Sum,CMAR,Moderate,High,Standard,2021-10-13,2022-06-18,2022,128343400,693,0.358,0.3691,1.0591,1.0817,-0.0522,-8,1.0884,17,19,0.357,0.946,53,4.13,6.175,0.4693,0.1765,0.0723,0.0651,0.0198,0.1033,0.0503,0.0081,21.713,0.1693,1.649,0.2714,0.1776,0.3363,2,0.0721,-15,0,0,0,0.9328,1.0221,Complete,2023-08-22,137595900,Train
PRJ3-01608,Canyon Housing 1608,Residential,West,WA,Private,Guaranteed Maximum Price,IPD,Low,Low,Fast,2020-08-15,2021-07-17,2021,26451500,612,0.55,0.5657,1.0531,1.0521,-0.0229,-10,1.072,0,4,0.461,0.9859,5,1.89,9.108,0.3984,0.2867,0.0557,0.1036,0.0344,0.1442,0.0088,0.0074,5,0.1291,5.104,0.2966,0.1768,0.3373,2,-0.0399,-22,0,0,0,1.0416,1.0373,Complete,2022-03-28,25395000,Train
PRJ3-01609,Copper Marketplace 1609,Commercial,Southeast,NC,Public,Cost Plus,CMAR,Moderate,Moderate,Slow,2022-05-04,2023-03-07,2023,56941300,621,0.495,0.4771,0.9524,0.9195,0.0318,11,0.9033,12,14,0.327,0.9643,40,7.025,11.329,0.2159,0.4205,0.1221,0,0.0189,0.103,0.0464,0.0462,18.4,0.3134,7.563,0.2985,0.1969,0.3392,5,0.0687,16,0,0,0,0.9357,0.9749,Complete,2024-01-31,60854600,Train
PRJ3-01610,Liberty Manufacturing Facility 1610,Industrial,Mountain,CO,Private,Cost Plus,Design-Build,Moderate,Low,Standard,2021-01-11,2022-07-28,2022,87340800,1016,0.555,0.5073,0.8804,0.947,0.0542,48,0.998,5,9,1.065,0.9719,33,3.778,2.171,0.6687,0.0511,0.044,0.1503,0.0855,0.1069,0.0113,0.0285,21.574,0.3417,3.764,0.2944,0.2362,0.2867,2,0.0941,17,0,0,0,0.914,0.9835,Complete,2023-11-10,95560000,Train
PRJ3-01611,Liberty Water Program 1611,Heavy Civil,Mountain,WY,Private,Cost Plus,Design-Bid-Build,Very High,Moderate,Fast,2022-01-05,2023-09-06,2023,316756700,1049,0.581,0.5603,0.8725,0.9499,0.0689,22,0.9424,26,22,0.815,0.9655,196,6.188,10.995,0.1642,0.3208,0.1042,0.2545,0.0804,0.2828,0.0167,0.0317,29.639,0.3629,4.465,0.1774,0.3596,0.4701,5,0.1647,30,1,1,1,0.8586,0.9722,Complete,2024-12-19,368923100,Train
PRJ3-01612,Aspen Urban Village 1612,Mixed-Use,Mountain,MT,Public-Private Partnership,Guaranteed Maximum Price,Design-Build,Moderate,Moderate,Standard,2017-12-17,2019-07-22,2019,413368500,1000,0.582,0.6088,1.117,0.9997,-0.0637,-27,0.993,10,18,0.765,0.9673,189,4.572,7.165,0.293,0.2781,0.0867,0.1487,0.0512,0.1756,0.0331,0.0171,15.855,0.1263,2.09,0.256,0.1756,0.3426,2,0.0296,-7,0,0,0,0.9713,1.007,Complete,2020-09-05,425591300,Train
PRJ3-01613,Redwood Residences 1613,Residential,Southwest,AZ,Public-Private Partnership,Lump Sum,Design-Bid-Build,Very High,Moderate,Standard,2021-11-10,2022-11-26,2022,40799600,778,0.491,0.4487,0.8546,0.9438,0.0661,33,0.9323,19,9,1.218,0.9584,16,3.922,6.812,0.3787,0.2991,0.1097,0.1708,0.0709,0.1727,0.0578,0.0123,33.302,0.3827,4.854,0.2776,0.295,0.4136,3,0.1094,21,1,0,1,0.9014,0.9737,Complete,2024-01-18,45261800,Train
PRJ3-01614,Northstar Office Campus 1614,Commercial,Southwest,AZ,Private,Lump Sum,CMAR,Very High,Moderate,Standard,2018-10-11,2019-06-11,2019,39696900,652,0.374,0.342,0.8467,0.8984,0.0713,21,0.9107,7,5,0.378,0.933,32,8.061,8.794,0.3178,0.2162,0.0768,0.166,0.0579,0.3001,0.0525,0.0292,27.489,0.2541,8.974,0.5099,0.3111,0.4317,4,0.1273,3,1,0,1,0.887,0.9954,Complete,2020-07-27,44751900,Train
PRJ3-01615,Lakeview Transit-Oriented Development 1615,Mixed-Use,West,NV,Public,Unit Price,Design-Bid-Build,Moderate,Moderate,Slow,2021-11-04,2023-03-21,2023,294116000,1130,0.445,0.4263,0.8745,0.9112,0.0558,21,0.9509,9,8,0.661,0.9477,158,5.372,5.855,0.3845,0.3494,0.0836,0.0103,0.0145,0.0984,0.0162,0.0487,20.806,0.2343,5.58,0.2223,0.1843,0.3186,4,0.141,-7,1,0,1,0.8764,1.0062,Complete,2024-12-01,335590600,Train
PRJ3-01616,Pioneer Airport Improvements 1616,Infrastructure,West,NV,Public-Private Partnership,Guaranteed Maximum Price,IPD,Moderate,Moderate,Standard,2020-05-25,2021-07-21,2021,245132300,1009,0.419,0.4392,1.0753,1.0122,-0.0327,-20,0.9825,4,0,0.479,0.956,107,4.365,9.362,0.2943,0.2596,0.0672,0.1555,0.039,0.1168,0.0428,0.0058,24.956,0.355,6.596,0.2422,0.2334,0.3049,3,0.0596,-13,0,0,0,0.9437,1.0131,Complete,2023-02-15,259752500,Train
PRJ3-01617,Pioneer Medical Center 1617,Institutional,Southeast,NC,Public,Unit Price,CMAR,Low,High,Fast,2024-01-13,2024-09-28,2024,91725800,456,0.57,0.5965,1.0797,1.0864,-0.0406,-12,1.0432,11,9,0.374,0.9655,33,3.598,3.855,0.608,0.1096,0.0209,0.0795,0.0513,0.0664,0.0252,0.0021,9.022,0.1408,6.866,0.2235,0.1048,0.3181,1,-0.0047,-8,0,0,0,1.0047,1.0179,Complete,2025-04-05,91298300,Validation
PRJ3-01618,Canyon Urban Village 1618,Mixed-Use,Northeast,PA,Private,Lump Sum,Design-Bid-Build,High,High,Standard,2019-09-14,2021-08-04,2021,176110000,1269,0.544,0.4809,0.9514,0.8732,0.0259,80,0.955,27,9,0.436,0.9613,110,6.246,7.882,0.3257,0.2399,0.0375,0.0463,0.0373,0.2372,0.0494,0.039,24.267,0.3423,4.351,0.2968,0.13,0.2771,3,0.1241,36,1,1,1,0.8896,0.9724,Complete,2023-04-11,197969100,Train
PRJ3-01619,Liberty Research Facility 1619,Institutional,Mountain,CO,Private,Lump Sum,Design-Build,High,Moderate,Fast,2019-10-22,2021-02-01,2021,82162300,870,0.538,0.5782,1.0594,1.0313,-0.0239,-35,0.9333,19,19,0.324,0.9723,32,3.895,6.164,0.454,0.2683,0.0714,0.0975,0.0217,0.1937,0.0346,0.0238,23.128,0.1933,2.751,0.4348,0.1864,0.3762,3,-0.0501,5,0,0,0,1.0528,0.9943,Complete,2022-03-15,78045200,Train
PRJ3-01620,Aspen Neighborhood 1620,Residential,Southwest,AZ,Public,Guaranteed Maximum Price,Design-Build,Moderate,Moderate,Slow,2018-05-25,2019-02-07,2019,34242200,576,0.449,0.4529,0.8539,0.9445,0.0779,-2,1.0207,27,12,0.509,0.9685,11,3.212,10.865,0.1703,0.3729,0.0992,0.0912,0.0331,0.1452,0.0333,0.0293,33.467,0.3793,8.601,0.3225,0.2417,0.3886,5,0.1189,45,1,1,1,0.8937,0.9275,Complete,2020-02-05,38313100,Train
PRJ3-01621,Gateway Marketplace 1621,Commercial,West,NV,Private,Guaranteed Maximum Price,Design-Bid-Build,High,Moderate,Standard,2020-02-07,2021-02-14,2021,40255900,723,0.517,0.4982,0.9464,0.929,0.0251,14,0.9559,5,9,0.677,0.9495,14,3.478,8.907,0.345,0.343,0.1207,0.1304,0.0304,0.1952,0.0322,0.0426,21.147,0.2125,2.172,0.4354,0.237,0.342,4,0.1079,-2,1,0,1,0.9026,1.0028,Complete,2022-01-28,44601300,Train
PRJ3-01622,Cedar Civic Complex 1622,Institutional,Mountain,CO,Public,Unit Price,Design-Bid-Build,Moderate,Moderate,Standard,2022-03-02,2022-11-02,2022,144846200,515,0.476,0.4812,0.911,1.01,0.0645,-3,0.9391,35,7,0.314,0.9503,64,4.418,9.82,0.3436,0.199,0.0661,0.0965,0.0538,0.1238,0.0283,0.0078,26.383,0.2048,0,0.1499,0.167,0.2956,2,0.1522,-25,1,0,1,0.8679,1.051,Complete,2023-07-05,166893900,Train
PRJ3-01623,Horizon Apartments 1623,Residential,Mountain,WY,Private,Lump Sum,Design-Bid-Build,Moderate,Low,Standard,2022-12-02,2023-08-16,2023,146662700,696,0.37,0.3506,0.8179,0.9442,0.067,13,0.8665,40,17,0.696,0.9704,80,5.455,7.767,0.2893,0.3436,0.0961,0.1376,0.0181,0.1027,0.048,0.0172,14.391,0.254,2.32,0.4631,0.2107,0.3196,2,0.1695,10,1,0,1,0.8551,0.9858,Complete,2024-11-07,171521000,Train
PRJ3-01624,Cedar Neighborhood 1624,Residential,Southwest,TX,Public,Unit Price,CMAR,High,Low,Standard,2024-11-24,2025-09-21,2025,23238900,699,0.431,0.4097,0.8711,0.9229,0.0512,15,0.9438,6,8,0.306,0.9488,17,7.315,8.835,0.2716,0.3204,0.0488,0.1154,0.0071,0.2152,0.0185,0.0253,23.49,0.1108,4.842,0.3681,0.207,0.3027,3,0.0914,11,0,0,0,0.9162,0.9845,Complete,2026-11-04,25363800,Test
PRJ3-01625,Crescent Manufacturing Facility 1625,Industrial,Midwest,OH,Public,Guaranteed Maximum Price,Design-Bid-Build,High,Moderate,Standard,2021-06-18,2022-06-13,2022,302969100,975,0.37,0.3266,0.9249,0.8943,0.0369,42,1.0252,16,17,0.353,0.9485,185,6.106,8.786,0.2425,0.3182,0.1001,0.19,0.0344,0.0993,0.0505,0.0017,28.621,0.379,8.29,0.1381,0.3108,0.3937,3,0.0632,49,0,1,1,0.9406,0.9521,Complete,2024-04-07,322114900,Train
PRJ3-01626,Aspen Highway Improvements 1626,Heavy Civil,Southeast,VA,Private,Lump Sum,Design-Bid-Build,Moderate,Low,Fast,2017-10-09,2019-03-10,2019,94921400,1062,0.487,0.4427,0.9523,0.8968,0.0129,47,0.9606,0,0,0.367,0.9725,62,6.532,13.908,0.08,0.4744,0.1029,0.1187,0.0566,0.251,0.0469,0.0095,5,0.0508,0,0.3409,0.1211,0.3241,3,0.0701,-3,0,0,0,0.9345,1.0028,Complete,2020-09-02,101570800,Train
PRJ3-01627,Summit Civic Complex 1627,Institutional,West,WA,Private,Lump Sum,CMAR,High,High,Fast,2023-04-13,2024-03-29,2024,124633700,844,0.416,0.4388,1.0715,1.1114,-0.019,-19,1.0187,17,3,0.722,0.9719,66,5.296,8.483,0.2443,0.311,0.0975,0.1804,0.0127,0.1764,0,0.0058,20.42,0.272,1.551,0.35,0.2403,0.2979,2,-0.0121,10,0,0,0,1.0122,0.9883,Complete,2025-08-14,123126600,Validation
PRJ3-01628,Evergreen Manufacturing Facility 1628,Industrial,Southeast,FL,Private,Guaranteed Maximum Price,Design-Bid-Build,Moderate,Moderate,Standard,2020-09-13,2022-01-13,2022,47812700,888,0.549,0.5282,0.868,1.0253,0.0695,19,0.9756,16,23,0.27,0.9508,4,0.837,8.286,0.2897,0.3507,0.0671,0.1055,0.0401,0.1542,0.0134,0.0127,23.552,0.2637,1.706,0.4319,0.1387,0.3315,2,0.1002,3,1,0,1,0.9089,0.9966,Complete,2023-02-21,52603500,Train
PRJ3-01629,Horizon Residences 1629,Residential,Midwest,IL,Private,Lump Sum,CMAR,Moderate,Moderate,Fast,2023-03-02,2023-08-22,2023,41969300,419,0.414,0.4063,0.9262,1.0205,0.0274,3,0.9676,6,22,0.427,1.0,29,6.91,6.762,0.4411,0.3427,0.0866,0.0018,0.0071,0.0958,0.0372,0,22.057,0.3377,2.354,0.3498,0.2447,0.1962,2,0.0419,20,0,0,0,0.9598,0.9544,Complete,2024-05-14,43729400,Train
PRJ3-01630,Harbor Manufacturing Facility 1630,Industrial,Northeast,MA,Public,Guaranteed Maximum Price,Design-Bid-Build,Low,Moderate,Fast,2024-04-02,2025-05-05,2025,180930200,1003,0.397,0.3947,1.0624,0.9864,-0.0351,2,1.0602,5,15,0.192,0.9845,62,3.427,8.552,0.3474,0.3209,0.0728,0.0823,0.0112,0.02,0.0155,0,24.028,0.2975,0.656,0.2799,0.2084,0.2921,2,-0.006,-12,0,0,0,1.006,1.0121,Complete,2026-12-19,179853300,Test
PRJ3-01631,Northstar Bridge Program 1631,Heavy Civil,Southeast,NC,Private,Guaranteed Maximum Price,CMAR,High,Moderate,Fast,2018-01-16,2019-04-08,2019,214975800,1090,0.411,0.3504,0.9387,0.8758,0.0132,66,0.9693,10,12,0.136,0.9661,107,4.977,9.097,0.2815,0.2495,0.0966,0.149,0.0309,0.1622,0.0267,0.0285,18.448,0.211,5.27,0.3938,0.2806,0.3694,3,0.1166,44,1,1,1,0.8956,0.9612,Complete,2021-02-23,240048600,Train
PRJ3-01632,Crescent Public Works Program 1632,Infrastructure,Southwest,AZ,Private,Unit Price,IPD,Very High,Moderate,Fast,2021-10-15,2023-04-01,2023,100019600,1315,0.406,0.4454,0.9793,0.9768,-0.0016,-52,0.9469,19,4,1.005,0.9779,54,5.399,4.763,0.3106,0.1746,0.0607,0.1533,0.0456,0.2288,0.0098,0.0287,14.032,0.1624,8.215,0.2444,0.1329,0.3522,3,0.0248,21,0,0,0,0.9758,0.9843,Complete,2025-06-12,102504000,Train
PRJ3-01633,Northstar Marketplace 1633,Commercial,Mountain,MT,Private,Cost Plus,Design-Build,Moderate,High,Standard,2018-11-10,2019-10-13,2019,134689300,680,0.497,0.4456,1.0272,0.8887,-0.0194,35,1.1201,0,11,0.52,0.9691,63,4.677,3.287,0.4881,0.1362,0.0377,0.1053,0.0454,0.1544,0.0431,0.0115,23.045,0.2551,2.647,0.3167,0.1955,0.2897,2,0.0235,-5,0,0,0,0.977,1.0074,Complete,2020-09-15,137860700,Train
PRJ3-01634,Granite Retail Center 1634,Commercial,Midwest,OH,Private,Guaranteed Maximum Price,IPD,Moderate,High,Standard,2024-10-25,2025-05-23,2025,84630400,478,0.44,0.4206,1.1006,0.9524,-0.0438,9,1.1126,0,19,0.872,0.9697,31,3.663,7.84,0.412,0.311,0.0644,0.0173,0.0175,0.116,0.0373,0.014,21.908,0.3222,4.827,0.1875,0.254,0.427,3,-0.0275,14,0,0,0,1.0283,0.9715,Complete,2026-03-01,82305100,Test
PRJ3-01635,Redwood Civic Complex 1635,Institutional,West,NV,Private,Cost Plus,IPD,Moderate,Moderate,Slow,2020-04-02,2021-03-10,2021,36155600,725,0.473,0.4465,0.9735,0.9937,0.0156,19,0.9419,17,9,0.611,0.9675,8,2.213,7.854,0.2594,0.2971,0.0722,0.1103,0.0321,0.121,0.0211,0.0245,27.833,0.3953,3.519,0.4698,0.2231,0.3731,3,0.0465,-15,0,0,0,0.9556,1.0211,Complete,2022-03-13,37835300,Train
PRJ3-01636,Crescent Logistics Center 1636,Industrial,Midwest,MO,Public-Private Partnership,Lump Sum,Design-Bid-Build,Low,High,Standard,2024-07-16,2025-06-21,2025,183524800,634,0.537,0.5421,1.0131,1.0341,-0.0222,-3,1.0538,26,10,0.693,0.9864,86,4.686,10.113,0.2319,0.2617,0.0334,0.038,0.0096,0.0883,0.0231,0.0073,20.323,0.3035,10.09,0.2379,0.1875,0.3642,3,0.0326,12,0,0,0,0.9684,0.9814,Complete,2026-04-23,189507100,Test
PRJ3-01637,Liberty Medical Center 1637,Institutional,Northeast,NJ,Private,Cost Plus,CMAR,Very High,Moderate,Fast,2023-06-12,2024-09-18,2024,189084700,945,0.492,0.5013,1.0156,0.9929,0.0011,-9,0.9628,42,20,0.644,0.971,102,5.394,10.055,0.1795,0.251,0.0805,0.1664,0.0625,0.2902,0.0199,0.019,20.435,0.235,4.071,0.3309,0.2634,0.426,3,0.0075,15,0,0,0,0.9926,0.9844,Complete,2026-01-27,190496800,Validation
PRJ3-01638,Horizon Bridge Program 1638,Heavy Civil,Mountain,MT,Private,Guaranteed Maximum Price,IPD,High,High,Standard,2023-10-09,2025-05-28,2025,150945200,1096,0.545,0.5541,0.9109,0.9164,0.0422,-10,0.9916,2,17,0.502,0.9597,85,5.631,9.479,0.2354,0.3403,0.0907,0.0995,0.0336,0.2128,0.0415,0.0267,15.372,0.1608,8.019,0.3452,0.1658,0.4346,3,0.1317,-3,1,0,1,0.8836,1.0027,Complete,2026-10-06,170821900,Test
PRJ3-01639,Northstar Residences 1639,Residential,Midwest,OH,Public,Guaranteed Maximum Price,Design-Bid-Build,Low,High,Standard,2019-03-23,2020-05-28,2020,65767100,762,0.567,0.6056,1.1287,1.0649,-0.0676,-29,1.0052,13,12,0.525,0.99,34,5.17,4.853,0.4919,0.1881,0.0647,0,0.0304,0.0722,0.0212,0.0015,14.283,0.1271,1.039,0.2232,0.1381,0.2735,1,0.0495,-6,0,0,0,0.9528,1.0079,Complete,2021-04-17,69025100,Train
PRJ3-01640,Canyon Neighborhood 1640,Residential,Southeast,FL,Private,Guaranteed Maximum Price,Design-Build,High,Low,Slow,2019-04-18,2020-03-21,2020,38462900,582,0.581,0.543,0.7354,0.8764,0.1919,22,0.859,28,30,1.087,0.9594,25,6.5,9.22,0.1265,0.3236,0.1033,0.1797,0.0579,0.1562,0.0678,0.0349,30.186,0.3237,5.133,0.4332,0.2456,0.4828,4,0.2693,12,1,0,1,0.7878,0.9798,Complete,2020-12-02,48822500,Train
PRJ3-01641,Redwood Office Campus 1641,Commercial,Mountain,UT,Private,Unit Price,Design-Bid-Build,High,High,Slow,2022-05-21,2023-01-07,2023,78110000,572,0.404,0.3782,0.9652,0.9345,0.0168,15,1.0089,20,12,0.489,0.9489,39,4.993,3.992,0.4428,0.1919,0.0755,0.152,0.0419,0.3193,0.0369,0.039,14.001,0.2804,7.987,0.2957,0.1763,0.3564,3,-0.007,-5,0,0,0,1.007,1.0088,Complete,2023-12-09,77566900,Train
PRJ3-01642,Granite Research Facility 1642,Institutional,West,CA,Private,Guaranteed Maximum Price,IPD,Moderate,Moderate,Standard,2022-12-15,2023-09-22,2023,76468700,655,0.43,0.4558,0.9778,1.0638,0.0222,-17,0.9743,4,5,0.329,0.97,26,3.4,5.828,0.3168,0.1985,0.0549,0,0,0.1572,0.0035,0.0249,18.725,0.3494,2.623,0.1687,0.1914,0.3644,2,0.0142,-25,0,0,0,0.986,1.0397,Complete,2024-09-05,77555800,Train
PRJ3-01643,Lakeview Residences 1643,Residential,Midwest,OH,Private,Unit Price,Design-Build,Moderate,Moderate,Standard,2020-10-14,2021-09-04,2021,106086500,566,0.575,0.572,1.0033,1.0256,0.008,2,1.0266,3,17,0.298,0.966,42,3.959,5.427,0.5645,0.1547,0.039,0.1054,0.0366,0.173,0,0.0121,26.717,0.2489,0,0.2774,0.1139,0.3863,2,0.0163,-18,0,0,0,0.984,1.0328,Complete,2022-04-15,107812400,Train
PRJ3-01644,Northstar Bridge Program 1644,Heavy Civil,Southwest,AZ,Private,Guaranteed Maximum Price,IPD,High,High,Standard,2024-02-15,2025-12-25,2025,284548400,1261,0.539,0.5589,0.9707,0.9602,0.025,-25,1.0341,18,10,0.837,0.9895,141,4.955,6.362,0.3889,0.1755,0.0846,0.1347,0.0485,0.1475,0.025,0.0284,31.423,0.3061,5.68,0.3167,0.3009,0.4418,4,0.0726,8,0,0,0,0.9324,0.9937,Complete,2027-08-07,305194300,Test
PRJ3-01645,Liberty Marketplace 1645,Commercial,Mountain,WY,Private,Unit Price,Design-Bid-Build,Very High,High,Fast,2019-01-24,2020-04-27,2020,43750200,958,0.48,0.3962,1.0206,0.8859,0.0108,80,0.9665,10,20,0.973,0.9748,24,5.486,2.053,0.6065,0.2129,0.0799,0.1239,0.0539,0.2867,0.0199,0.0165,18.918,0.1379,4.67,0.3404,0.2451,0.3325,2,0.0064,21,0,0,0,0.9936,0.9785,Complete,2021-09-29,44030300,Train
PRJ3-01646,Canyon Neighborhood 1646,Residential,West,OR,Public,Guaranteed Maximum Price,Design-Bid-Build,Low,Moderate,Slow,2021-06-14,2021-10-11,2021,33188600,332,0.36,0.2963,0.9527,0.9022,0.0143,21,0.9597,0,8,0.113,0.969,27,8.135,14.562,0.08,0.5457,0.1072,0.0254,0.0186,0.0489,0.0166,0.0096,15.753,0.3204,7.237,0.3536,0.1943,0.1719,4,0.0096,0,0,0,0,0.9905,1.0,Complete,2022-05-12,33505600,Train
PRJ3-01647,Evergreen District 1647,Mixed-Use,Midwest,MN,Public,Cost Plus,Design-Bid-Build,Low,Low,Standard,2024-09-06,2025-10-28,2025,299945400,759,0.55,0.5131,0.9409,0.957,0.0462,28,1.0076,10,13,0.977,0.9574,148,4.934,11.209,0.1772,0.3991,0.0672,0.09,0.0246,0.0944,0.0215,0.0305,12.826,0.1552,5.58,0.3697,0.1549,0.2095,4,0.0526,-17,0,0,0,0.95,1.0229,Complete,2026-09-18,315736800,Test
PRJ3-01648,Granite Transit Program 1648,Infrastructure,Southwest,AZ,Public,Lump Sum,Design-Build,Moderate,Moderate,Fast,2024-01-06,2025-08-02,2025,262402500,1251,0.459,0.4751,1.0111,1.0212,0.0028,-20,1.0647,0,5,0.534,0.959,109,4.154,6.979,0.574,0.338,0.0758,0.0987,0.0735,0.1279,0.0454,0,10.048,0.2044,6.96,0.2839,0.14,0.3274,2,-0.028,-25,0,0,0,1.0288,1.0204,Complete,2027-05-16,255066300,Test
PRJ3-01649,Crescent Corporate Center 1649,Commercial,Mountain,CO,Public-Private Partnership,Guaranteed Maximum Price,CMAR,Moderate,Moderate,Slow,2023-06-03,2024-04-16,2024,89449300,596,0.535,0.4827,1.0328,0.8895,-0.0202,31,0.9722,33,20,0.89,0.9463,60,6.708,6.532,0.6004,0.2469,0.0511,0.0752,0.0278,0.1188,0.0248,0.0072,32.194,0.3612,2.601,0.2249,0.1527,0.2348,2,-0.0153,43,0,1,1,1.0156,0.9327,Complete,2025-03-03,88077300,Validation
PRJ3-01650,Gateway Marketplace 1650,Commercial,Southwest,NM,Private,Unit Price,IPD,Low,Low,Standard,2021-09-28,2022-08-28,2022,60124700,583,0.574,0.5569,0.9728,0.9975,-0.0112,10,1.0181,15,2,0.528,0.9468,21,3.493,5.211,0.5238,0.1548,0.0409,0.1351,0.0052,0.1002,0.0341,0.0152,20.665,0.3114,0.05,0.1157,0.2873,0.2787,2,0.0672,-6,0,0,0,0.937,1.0104,Complete,2023-04-28,64166500,Train
PRJ3-01651,Aspen Apartments 1651,Residential,Mountain,WY,Private,Lump Sum,Design-Bid-Build,Moderate,Low,Standard,2020-03-16,2020-11-14,2020,33673700,625,0.389,0.4321,0.9536,1.0229,0.0085,-27,0.9444,14,11,0.666,0.9692,7,2.079,6.41,0.4079,0.1761,0.0719,0.1035,0.058,0.1702,0.0065,0.0244,13.305,0.1997,5.977,0.1436,0.2242,0.3485,3,0.0134,-13,0,0,0,0.9868,1.0212,Complete,2021-11-18,34124800,Train
PRJ3-01652,Riverside Research Facility 1652,Institutional,West,CA,Public,Cost Plus,CMAR,High,High,Standard,2022-08-21,2023-11-14,2023,74362700,1099,0.41,0.4264,0.7745,1.0138,0.1315,-18,1.0458,15,9,0.718,0.9729,45,6.051,7.931,0.4085,0.2644,0.0724,0.0685,0.0183,0.1814,0.0435,0.0463,17.977,0.2321,11.503,0.4429,0.2432,0.3803,4,0.1737,-12,1,0,1,0.852,1.011,Complete,2025-08-12,87282500,Train
PRJ3-01653,Summit Research Facility 1653,Institutional,Southeast,VA,Public,Guaranteed Maximum Price,IPD,Moderate,High,Standard,2022-06-18,2023-10-14,2023,101619300,908,0.532,0.5319,1.1088,0.996,-0.0373,0,1.0009,14,23,0.702,0.984,44,4.33,5.766,0.3675,0.2939,0.071,0.0919,0.0389,0.1556,0.0201,0.0197,16.123,0.1939,5.158,0.2739,0.1163,0.3017,2,-0.0006,1,0,0,0,1.0006,0.9989,Complete,2024-12-13,101556700,Train
PRJ3-01654,Summit Earthworks Package 1654,Heavy Civil,Mountain,CO,Private,Unit Price,IPD,High,High,Standard,2020-07-18,2021-08-28,2021,256709100,995,0.409,0.3989,0.8838,0.9421,0.0635,10,1.0523,9,4,0.765,0.9692,138,5.376,7.653,0.363,0.2241,0.0657,0.1283,0.0126,0.0994,0.0659,0.0055,22.653,0.2129,2.824,0.3174,0.2272,0.4381,2,0.1538,-15,1,0,1,0.8667,1.0153,Complete,2023-03-25,296178300,Train
PRJ3-01655,Redwood Residences 1655,Residential,West,CA,Public-Private Partnership,Guaranteed Maximum Price,Design-Build,High,High,Slow,2021-12-08,2023-02-19,2023,68399800,807,0.543,0.5595,1.0347,1.0235,-0.0034,-13,1.1181,13,12,0.728,0.9806,42,6.14,4.88,0.3849,0.2216,0.0746,0.1624,0.0578,0.2155,0.053,0.0186,17.141,0.2269,6.754,0.3016,0.1978,0.3387,2,0.0492,-5,0,0,0,0.9531,1.0062,Complete,2024-02-18,71766700,Train
PRJ3-01656,Riverside Residences 1656,Residential,West,NV,Private,Lump Sum,CMAR,Moderate,Moderate,Standard,2022-10-31,2023-10-23,2023,58159300,758,0.471,0.4583,0.956,1.003,0.0273,10,1.0191,22,7,0.418,0.9742,32,5.502,4.959,0.5203,0.1957,0.0511,0.042,0,0.1858,0.0415,0.0302,20.051,0.2274,2.977,0.4327,0.2652,0.3496,3,0.1899,-5,1,0,1,0.8404,1.0066,Complete,2024-11-22,69204500,Train
PRJ3-01657,Lakeview Neighborhood 1657,Residential,Northeast,PA,Private,Lump Sum,Design-Build,Moderate,Low,Standard,2018-09-13,2019-07-18,2019,43869400,523,0.589,0.6197,1.0233,1.0294,-0.0107,-16,1.0664,14,12,0.438,0.9747,15,3.419,6.128,0.478,0.2778,0.0756,0.1186,0.0416,0.171,0.027,0.0263,26.825,0.2465,5.407,0.2083,0.3042,0.4088,3,-0.0164,8,0,0,0,1.0167,0.9849,Complete,2020-02-26,43149700,Train
PRJ3-01658,Mesa Transit Program 1658,Infrastructure,Southeast,NC,Public,Lump Sum,Design-Bid-Build,High,Low,Standard,2022-12-01,2024-06-06,2024,318315200,1120,0.494,0.4131,0.9439,0.857,0.0275,91,0.8015,22,5,0.289,0.9301,174,5.466,9.271,0.2517,0.3584,0.1186,0.0899,0.0379,0.1703,0.0603,0.0317,24.131,0.1796,6.023,0.4612,0.1444,0.4463,4,-0.0163,47,0,1,1,1.0166,0.9597,Complete,2026-02-10,313114900,Validation
PRJ3-01659,Summit Residences 1659,Residential,Midwest,MN,Public,Lump Sum,Design-Bid-Build,Moderate,Moderate,Standard,2018-08-22,2019-05-28,2019,59615000,615,0.454,0.4505,1.0121,0.9973,0.0083,2,0.9938,29,0,0.643,0.9708,39,6.542,2.385,0.7864,0.1295,0.0465,0.0795,0.021,0.2213,0,0.0197,8.48,0.1056,2.943,0.2407,0.157,0.379,2,0.0379,-16,0,0,0,0.9634,1.0267,Complete,2020-04-12,61876800,Train
PRJ3-01660,Granite Medical Center 1660,Institutional,Midwest,IL,Private,Guaranteed Maximum Price,CMAR,Low,High,Standard,2018-01-16,2019-05-24,2019,175239300,882,0.56,0.5468,1.0916,1.0222,-0.0607,12,1.16,0,12,0.591,0.9947,70,3.995,3.699,0.5387,0.0944,0.0276,0.1057,0.0266,0.0608,0.0252,0,14.925,0.172,5.348,0.1747,0.1966,0.3673,1,0.0602,-25,0,0,0,0.9432,1.0292,Complete,2020-05-22,185789100,Train
PRJ3-01661,Granite Airport Improvements 1661,Infrastructure,Southeast,GA,Private,Cost Plus,IPD,High,Moderate,Fast,2022-10-02,2024-07-03,2024,686460300,1522,0.421,0.3524,0.8962,0.8948,0.0428,104,0.9376,2,17,0.571,0.9609,240,3.496,3.703,0.5712,0.103,0.0533,0.094,0.068,0.1651,0.05,0.0161,13.338,0.1191,1.762,0.2191,0.2593,0.3532,2,0.0917,6,0,0,0,0.916,0.9961,Complete,2026-12-08,749374800,Validation
PRJ3-01662,Canyon Earthworks Package 1662,Heavy Civil,West,WA,Private,Lump Sum,Design-Bid-Build,Moderate,Moderate,Standard,2020-05-25,2021-08-19,2021,177220600,1149,0.393,0.3031,1.0196,0.8467,-0.0112,103,0.9738,6,0,0.837,0.9542,86,4.853,5.927,0.5158,0.2371,0.0782,0.0971,0.0076,0.1993,0.0442,0.0289,37.386,0.3615,0,0.2834,0.3136,0.3359,4,0.0534,24,0,0,0,0.9493,0.9795,Complete,2023-08-11,186683400,Train
PRJ3-01663,Liberty Apartments 1663,Residential,Southwest,AZ,Private,Lump Sum,CMAR,Moderate,Low,Fast,2022-04-01,2023-10-10,2023,189966700,978,0.57,0.5687,0.938,0.981,0.0367,1,0.9641,15,16,0.792,0.964,85,4.474,10.707,0.08,0.3444,0.1366,0.1362,0.0188,0.063,0.0247,0.0031,8.413,0.0463,0.397,0.2086,0.1929,0.3461,2,0.0998,-3,0,0,0,0.9093,1.0031,Complete,2024-12-01,208918600,Train
PRJ3-01664,Redwood Utility Corridor 1664,Infrastructure,Southeast,GA,Public,Lump Sum,Design-Bid-Build,High,Moderate,Slow,2021-06-09,2022-10-16,2022,321204900,1280,0.386,0.3869,0.8829,0.9521,0.0724,-1,0.8074,23,15,0.786,0.9576,181,5.635,9.776,0.2004,0.2729,0.0914,0.1269,0.0528,0.2127,0.03,0.0375,33.903,0.3658,12.281,0.2981,0.2885,0.4661,6,0.0539,31,0,1,1,0.9489,0.9764,Complete,2025-01-10,338512700,Train
PRJ3-01665,Granite Manufacturing Facility 1665,Industrial,Northeast,PA,Public,Cost Plus,Design-Bid-Build,High,Moderate,Standard,2022-07-17,2023-10-12,2023,76469700,998,0.453,0.4377,0.9218,0.9662,0.0346,15,0.9329,23,18,0.549,0.954,35,4.577,9.345,0.2445,0.3786,0.0973,0.104,0.0615,0.2405,0.0469,0.0176,26.333,0.2084,6.431,0.2911,0.2781,0.2607,4,0.1266,17,1,0,1,0.8877,0.9833,Complete,2025-04-27,86147300,Train
PRJ3-01666,Northstar Neighborhood 1666,Residential,Southeast,VA,Private,Lump Sum,Design-Bid-Build,Very High,Low,Slow,2023-06-02,2024-06-20,2024,77778400,728,0.528,0.4284,0.8929,0.8138,0.0635,73,0.7851,33,17,0.828,0.925,48,6.171,16.444,0.08,0.6014,0.1419,0.1425,0.055,0.271,0.056,0.0621,30.657,0.3277,3.053,0.3606,0.3126,0.3705,7,0.176,73,1,1,1,0.8503,0.9089,Complete,2025-08-11,91468000,Validation
PRJ3-01667,Cedar Neighborhood 1667,Residential,Southwest,AZ,Public-Private Partnership,Lump Sum,Design-Build,Very High,Moderate,Standard,2020-03-18,2020-10-19,2020,40361200,606,0.356,0.3243,0.9593,0.9786,0.0167,19,0.9498,20,0,0.565,0.983,20,4.955,8.875,0.2676,0.414,0.1282,0.2207,0.0427,0.2474,0.0664,0.02,32.05,0.3626,4.198,0.3249,0.2864,0.3538,4,0.0194,29,0,0,0,0.9809,0.9543,Complete,2021-12-13,41145300,Train
PRJ3-01668,Horizon Water Program 1668,Heavy Civil,Southeast,TN,Public,Guaranteed Maximum Price,Design-Build,Very High,Low,Standard,2022-06-04,2023-06-23,2023,347077700,991,0.388,0.3266,1.0237,0.8593,-0.0091,61,0.8945,12,22,1.009,0.9558,205,5.906,10.983,0.2197,0.4438,0.1145,0.2698,0.0675,0.2475,0.0651,0.0366,21.332,0.2378,1.833,0.4481,0.2971,0.3868,4,0.0918,11,0,0,0,0.9159,0.989,Complete,2025-03-02,378944300,Train
PRJ3-01669,Crescent Highway Improvements 1669,Heavy Civil,Midwest,MN,Public-Private Partnership,Guaranteed Maximum Price,Design-Bid-Build,High,Moderate,Standard,2021-09-02,2023-03-13,2023,279153500,1164,0.479,0.5142,0.9937,1.0668,-0.0036,-41,0.9845,24,21,0.693,0.9413,152,5.445,7.382,0.1645,0.2905,0.0806,0.1256,0.0531,0.1874,0.0201,0.0152,28.042,0.3395,1.367,0.1688,0.2237,0.4111,3,0.0081,10,0,0,0,0.992,0.9915,Complete,2024-11-19,281405300,Train
PRJ3-01670,Gateway Utility Corridor 1670,Infrastructure,West,CA,Private,Cost Plus,Design-Build,High,Low,Fast,2021-06-23,2023-02-02,2023,170727100,1309,0.45,0.3452,0.9975,0.7905,0.0069,137,0.9511,15,13,0.795,0.9804,106,6.209,8.523,0.3338,0.3023,0.0745,0.1861,0.0575,0.2922,0.053,0.0419,21.233,0.1089,6.111,0.2339,0.2401,0.3084,4,0.0659,40,0,1,1,0.9382,0.9703,Complete,2025-03-03,181970700,Train
PRJ3-01671,Copper Corporate Center 1671,Commercial,Southwest,AZ,Public,Lump Sum,CMAR,Low,High,Slow,2024-07-13,2025-02-03,2025,154298800,421,0.488,0.5105,1.0089,1.0174,0.0137,-9,0.9607,7,13,0.592,0.9656,73,4.731,8.981,0.1748,0.3437,0.0624,0.0477,0.0237,0.02,0,0.0001,18.374,0.288,10.008,0.1597,0.2508,0.4015,3,0.0422,-5,0,0,0,0.9595,1.012,Complete,2025-09-02,160814300,Test
PRJ3-01672,Liberty Neighborhood 1672,Residential,West,WA,Private,Lump Sum,Design-Bid-Build,High,Low,Fast,2023-05-17,2024-04-19,2024,53014400,772,0.439,0.3946,0.901,0.994,0.0468,34,0.9233,22,7,0.901,0.945,35,6.602,10.366,0.08,0.4195,0.0854,0.1734,0.07,0.269,0.0429,0.0133,19.716,0.229,0.614,0.1745,0.2749,0.3351,3,0.096,-5,0,0,0,0.9124,1.0065,Complete,2025-06-22,58101600,Validation
PRJ3-01673,Canyon District 1673,Mixed-Use,West,OR,Public,Cost Plus,Design-Build,High,High,Standard,2021-08-19,2022-07-30,2022,391804100,945,0.366,0.4071,1.068,1.0061,-0.0192,-39,0.9254,8,6,0.087,0.9789,198,5.054,4.928,0.4558,0.2531,0.0471,0.1723,0.0639,0.1423,0.0263,0.0176,29.523,0.2309,3.145,0.3023,0.3151,0.4818,3,0.0198,4,0,0,0,0.9806,0.9958,Complete,2024-03-25,399548800,Train
PRJ3-01674,Cedar Retail Center 1674,Commercial,West,WA,Public,Guaranteed Maximum Price,CMAR,Moderate,Moderate,Standard,2024-05-21,2025-09-20,2025,44694300,919,0.531,0.4827,0.9264,0.9038,0.0301,44,1.0285,18,0,0.477,0.9459,14,3.132,7.797,0.3035,0.2745,0.0553,0.0665,0.0218,0.1189,0.0275,0.0092,17.192,0.2197,5.751,0.354,0.2152,0.199,2,0.0773,-23,0,0,0,0.9282,1.0257,Complete,2026-11-03,48150800,Test
PRJ3-01675,Lakeview Highway Improvements 1675,Heavy Civil,Midwest,MN,Private,Guaranteed Maximum Price,CMAR,Low,Low,Slow,2023-11-20,2025-06-04,2025,417409500,1081,0.52,0.4765,0.9794,0.8981,0.0224,47,0.9556,25,21,0.662,0.9533,203,4.863,11.318,0.1417,0.3545,0.0752,0.0009,0.0396,0.0321,0.0325,0.0234,26.4,0.4057,6.689,0.1204,0.2897,0.3414,4,0.0356,32,0,1,1,0.9657,0.9712,Complete,2026-12-07,432249200,Test
PRJ3-01676,Gateway Housing 1676,Residential,Northeast,NY,Public,Guaranteed Maximum Price,Design-Build,Low,High,Fast,2020-05-03,2021-04-23,2021,46838300,664,0.536,0.5663,1.0143,1.0285,-0.015,-20,1.0081,0,25,0.403,0.9757,23,4.911,7.885,0.3698,0.2441,0.0572,0.036,0.0297,0.02,0.0201,0.0019,21.384,0.3481,7.544,0.1048,0.1771,0.2852,2,0.0336,29,0,0,0,0.9675,0.9582,Complete,2022-03-27,48410500,Train
PRJ3-01677,Mesa Transit Program 1677,Infrastructure,West,WA,Private,Guaranteed Maximum Price,Design-Bid-Build,Moderate,High,Standard,2024-01-15,2025-07-16,2025,121861400,1214,0.452,0.4041,1.0702,0.9383,-0.0436,58,0.9761,4,7,0.173,0.9705,62,5.088,7.598,0.3435,0.2479,0.0444,0.0795,0.0457,0.0908,0.0276,0.0037,31.301,0.3542,4.359,0.2807,0.229,0.2273,3,-0.0378,10,0,0,0,1.0392,0.9918,Complete,2027-05-23,117260300,Test
PRJ3-01678,Cedar Transit-Oriented Development 1678,Mixed-Use,Southwest,TX,Private,Guaranteed Maximum Price,CMAR,Moderate,High,Slow,2023-12-10,2025-06-05,2025,74304100,972,0.559,0.5361,1.0033,0.9767,-0.0002,22,0.934,18,10,0.775,0.9747,32,4.307,9.584,0.2649,0.2832,0.0749,0.0739,0.038,0.02,0.0282,0.0334,22.537,0.2328,6.705,0.1487,0.1326,0.5058,4,0.0523,43,0,1,1,0.9503,0.9576,Complete,2026-09-20,78188700,Test
PRJ3-01679,Granite Manufacturing Facility 1679,Industrial,Southeast,VA,Private,Cost Plus,Design-Bid-Build,Moderate,High,Fast,2022-06-18,2023-07-07,2023,190628700,861,0.447,0.3989,1.0373,0.9393,-0.0042,41,1.0309,11,8,0.502,0.9833,86,4.511,6.137,0.4413,0.2288,0.0422,0.1623,0.0564,0.0807,0.0321,0.0069,24.7,0.3318,0,0.3245,0.2929,0.2283,2,-0.055,12,0,0,0,1.0582,0.9863,Complete,2024-11-07,180137800,Train
PRJ3-01680,Granite Housing 1680,Residential,Southeast,NC,Private,Lump Sum,CMAR,High,Low,Fast,2019-01-23,2019-09-10,2019,37460700,451,0.51,0.468,0.9027,0.9394,0.055,19,1.012,31,4,0.413,0.9684,25,6.674,6.763,0.4028,0.1838,0.07,0.1862,0.0281,0.2344,0.0419,0.0256,10.951,0.0932,0.999,0.4968,0.1836,0.257,2,0.0515,0,0,0,0,0.9511,1.0,Complete,2020-04-18,39388100,Train
PRJ3-01681,Crescent Office Campus 1681,Commercial,Southeast,FL,Private,Cost Plus,Design-Bid-Build,Moderate,High,Standard,2023-01-01,2023-10-20,2023,71568100,832,0.351,0.4001,1.0552,1.1063,-0.0258,-41,0.9526,23,15,0.631,0.9774,23,3.214,8.375,0.4316,0.4069,0.1204,0,0.0267,0.0819,0.0327,0.0194,27.831,0.3666,5.227,0.3391,0.2524,0.223,4,0.0997,0,0,0,0,0.9093,1.0,Complete,2025-04-12,78705500,Train
PRJ3-01682,Evergreen Manufacturing Facility 1682,Industrial,Southeast,NC,Public-Private Partnership,Guaranteed Maximum Price,CMAR,Moderate,Low,Standard,2023-02-15,2024-05-27,2024,410012200,989,0.473,0.5039,0.9019,0.9741,0.0532,-31,0.9779,28,8,0.949,0.9255,202,4.927,2,0.6884,0.0949,0.0537,0.1108,0.022,0.1232,0.0324,0.0073,20.862,0.1304,7.26,0.3298,0.1974,0.3134,2,0.0489,-6,0,0,0,0.9534,1.0061,Complete,2025-10-25,430066800,Validation
PRJ3-01683,Crescent Manufacturing Facility 1683,Industrial,Northeast,NY,Public,Unit Price,CMAR,High,High,Standard,2020-03-07,2022-01-05,2022,129603900,1151,0.582,0.5987,0.9953,1.0154,-0.01,-19,0.9661,20,16,0.502,0.9758,69,5.324,10.917,0.08,0.3722,0.0783,0.1964,0.0465,0.111,0.0213,0.0286,29.845,0.296,5.734,0.4606,0.2746,0.286,5,0.0689,18,0,0,0,0.9356,0.9846,Complete,2023-05-20,138532200,Train
PRJ3-01684,Gateway Residences 1684,Residential,Northeast,NY,Private,Guaranteed Maximum Price,Design-Bid-Build,Moderate,Moderate,Fast,2019-09-20,2020-08-26,2020,67434500,580,0.588,0.5737,0.9167,0.966,0.0563,8,1.0434,6,14,0.463,0.9838,30,4.449,5.321,0.4081,0.2432,0.0584,0.0846,0.0333,0.1563,0.0496,0.0099,23.196,0.3327,0.919,0.3059,0.2827,0.3802,2,0.0898,16,0,0,0,0.9176,0.9732,Complete,2021-05-08,73489300,Train
PRJ3-01685,Aspen Marketplace 1685,Commercial,West,NV,Public,Unit Price,Design-Build,Moderate,Moderate,Standard,2022-05-05,2023-02-14,2023,26762400,735,0.389,0.4059,1.0078,1.0667,-0.0002,-12,1.0514,0,1,0.771,0.9922,15,5.605,9.517,0.3037,0.2866,0.0766,0.0687,0,0.1521,0.0031,0.0263,20.656,0.2732,4.638,0.0904,0.2196,0.3697,3,0.0268,25,0,0,0,0.9739,0.9671,Complete,2024-06-03,27480600,Train
PRJ3-01686,Granite Neighborhood 1686,Residential,Mountain,WY,Private,Guaranteed Maximum Price,Design-Bid-Build,Moderate,Low,Standard,2024-12-14,2025-06-27,2025,55834000,361,0.541,0.4616,1.0529,0.8762,-0.0199,29,1.0484,8,17,0.49,0.9582,9,1.612,10.448,0.2577,0.4817,0.099,0.1265,0.0483,0.112,0.0111,0.0344,26.506,0.2392,5.2,0.3521,0.3212,0.2734,5,0.0536,27,0,0,0,0.9491,0.9304,Complete,2026-01-06,58826700,Test
PRJ3-01687,Canyon Residences 1687,Residential,Midwest,MN,Private,Unit Price,CMAR,High,High,Fast,2022-02-14,2023-05-22,2023,78924600,790,0.586,0.5453,0.9741,0.9685,0.0029,32,0.9049,10,26,0.721,0.9831,36,4.561,8.74,0.3839,0.3139,0.0865,0.1459,0.0299,0.2209,0.009,0,17.881,0.287,0,0.246,0.221,0.3143,1,0.0565,15,0,0,0,0.9465,0.9814,Complete,2024-04-29,83384800,Train
PRJ3-01688,Gateway Logistics Center 1688,Industrial,Midwest,MI,Private,Lump Sum,IPD,Very High,Moderate,Standard,2023-01-07,2024-04-16,2024,444413300,808,0.576,0.5254,0.9422,0.8846,0.0476,41,0.9325,11,17,0.661,0.9578,240,5.4,8.975,0.2777,0.2153,0.0869,0.2318,0.0609,0.2745,0.0395,0.0462,27.492,0.3121,4.081,0.3091,0.3496,0.3701,4,0.0468,-9,0,0,0,0.9553,1.0113,Complete,2025-03-16,465202100,Validation
PRJ3-01689,Riverside Research Facility 1689,Institutional,Mountain,MT,Public,Guaranteed Maximum Price,CMAR,Moderate,High,Standard,2021-06-22,2022-03-02,2022,132512000,695,0.365,0.3594,1.0627,1.0935,-0.0281,4,1.1113,0,7,0.659,0.9645,65,4.905,8.894,0.2122,0.4175,0.0808,0.1368,0.0128,0.1041,0.0291,0.0035,21.744,0.2901,3.221,0.274,0.252,0.3809,2,0.0793,-25,0,0,0,0.9265,1.0373,Complete,2023-04-23,143024600,Train
PRJ3-01690,Crescent Town Center 1690,Mixed-Use,Midwest,IL,Public,Lump Sum,Design-Bid-Build,High,Low,Standard,2019-06-22,2021-01-04,2021,148000000,1049,0.536,0.4504,0.9183,0.8392,0.05,90,0.8277,53,19,0.78,0.9532,79,5.338,9.006,0.2855,0.2281,0.054,0.1524,0.0539,0.2397,0.0398,0.0184,17.603,0.121,7.988,0.3628,0.242,0.2667,3,0.1215,44,1,1,1,0.8917,0.9597,Complete,2022-06-19,165977600,Train
PRJ3-01691,Lakeview Public Works Program 1691,Infrastructure,Northeast,PA,Private,Cost Plus,CMAR,High,Moderate,Fast,2023-06-25,2024-10-03,2024,353839300,1255,0.372,0.408,0.8948,1.0692,0.0425,-45,0.9246,21,17,0.752,0.9563,193,5.454,7.428,0.374,0.2644,0.0907,0.1427,0.0612,0.1708,0.0509,0.0139,24.361,0.3411,2.674,0.3704,0.3118,0.363,2,0.0932,6,0,0,0,0.9148,0.9952,Complete,2026-12-07,386800600,Validation
PRJ3-01692,Horizon Marketplace 1692,Commercial,Midwest,MN,Private,Guaranteed Maximum Price,Design-Bid-Build,High,Moderate,Standard,2021-07-15,2022-06-26,2022,97195800,913,0.38,0.385,0.9475,0.9228,0.0064,-5,0.9214,7,34,0.861,0.9499,53,5.453,6.101,0.4794,0.2209,0.067,0.0909,0.0291,0.1488,0.0655,0.0175,15.936,0.2856,0,0.3491,0.0994,0.3618,1,0.1271,30,1,1,1,0.8873,0.9682,Complete,2024-02-13,109546500,Train
PRJ3-01693,Northstar Distribution Hub 1693,Industrial,Northeast,NY,Private,Guaranteed Maximum Price,CMAR,High,Moderate,Standard,2023-02-14,2024-06-04,2024,365264400,894,0.533,0.5697,1.0314,1.0112,-0.0103,-33,1.0102,15,34,0.685,0.9493,192,5.256,12.478,0.08,0.4629,0.1273,0.0625,0.0287,0.2623,0.0357,0.0303,17.876,0.1787,7.981,0.3798,0.1879,0.41,5,0.0543,-1,0,0,0,0.9485,1.0011,Complete,2025-07-26,385113700,Validation
PRJ3-01694,Harbor Airport Improvements 1694,Infrastructure,Southeast,FL,Private,Cost Plus,CMAR,Moderate,Moderate,Fast,2021-08-01,2023-02-16,2023,102444900,1374,0.411,0.4326,0.9468,1.0404,0.0264,-30,1.011,18,19,0.392,0.9817,52,5.076,5.507,0.5379,0.2817,0.0699,0.0662,0.0427,0.11,0.0244,0.0106,12.826,0.2814,2.068,0.3884,0.108,0.4033,2,0.0971,10,0,0,0,0.9115,0.9928,Complete,2025-05-16,112388100,Train
PRJ3-01695,Pioneer Water Program 1695,Heavy Civil,Southeast,TN,Private,Guaranteed Maximum Price,Design-Build,Moderate,High,Standard,2023-08-08,2024-07-25,2024,137723700,993,0.355,0.3828,1.0859,1.0558,-0.0154,-28,0.9391,0,17,0.775,0.9744,65,4.72,5.582,0.3807,0.2481,0.0643,0.0883,0.0232,0.1308,0.0214,0.0218,20.433,0.281,4.035,0.2812,0.2373,0.3328,2,-0.0154,-23,0,0,0,1.0156,1.0237,Complete,2026-04-04,135608700,Validation
PRJ3-01696,Cedar Earthworks Package 1696,Heavy Civil,West,WA,Private,Lump Sum,Design-Build,High,Moderate,Standard,2017-08-01,2019-01-09,2019,433364500,945,0.557,0.5459,1.0035,0.9648,-0.0076,11,0.9551,12,7,0.742,0.9626,235,5.423,10.358,0.2864,0.3166,0.0817,0.1565,0.044,0.2057,0.0324,0.0167,25.192,0.3096,4.34,0.0814,0.2483,0.3356,3,0.0829,6,0,0,0,0.9234,0.9937,Complete,2020-03-09,469304500,Train
PRJ3-01697,Riverside Utility Corridor 1697,Infrastructure,Mountain,CO,Public,Cost Plus,Design-Build,Moderate,Moderate,Standard,2022-08-20,2024-03-18,2024,339805800,1024,0.563,0.5389,0.9802,0.9499,0.0006,25,0.9789,4,11,0.878,0.9643,164,4.826,7.824,0.3059,0.3211,0.0835,0,0.0488,0.3252,0.0213,0.0122,5,0.193,2.967,0.2146,0.0305,0.2913,2,0.0369,6,0,0,0,0.9644,0.9942,Complete,2025-06-15,352348900,Validation
PRJ3-01698,Aspen Apartments 1698,Residential,Southwest,TX,Private,Guaranteed Maximum Price,Design-Build,Very High,High,Standard,2023-12-10,2024-09-30,2024,44437600,604,0.49,0.4496,0.9662,0.9044,0.0247,24,0.9251,15,4,0.565,0.9636,39,8.776,11.196,0.1392,0.3767,0.0845,0.2012,0.0619,0.2182,0.0505,0.0188,20.206,0.2772,8.66,0.4225,0.2283,0.5078,4,0.1136,-1,1,0,1,0.898,1.0017,Complete,2025-08-04,49484500,Validation
PRJ3-01699,Mesa Neighborhood 1699,Residential,Midwest,MI,Public,Guaranteed Maximum Price,CMAR,Low,Low,Slow,2024-05-09,2024-12-27,2024,53330100,535,0.434,0.4181,0.9309,0.9748,0.0454,9,1.0356,26,20,0.467,0.9713,24,4.5,11.425,0.1256,0.4256,0.0994,0.014,0.0039,0.0909,0.0161,0.0194,24.733,0.4541,6.502,0.1994,0.1823,0.3372,4,0.0964,13,0,0,0,0.9121,0.9763,Complete,2025-11-08,58471100,Validation
PRJ3-01700,Mesa Residences 1700,Residential,West,NV,Public,Cost Plus,Design-Bid-Build,High,Moderate,Standard,2024-02-23,2025-03-02,2025,92490900,675,0.553,0.5818,0.9745,1.0072,0.0176,-19,0.8861,27,0,0.371,0.9706,42,4.541,7.778,0.2843,0.1982,0.0614,0.1814,0.0549,0.1358,0.0495,0.0214,21.661,0.1787,4.288,0.3499,0.2693,0.3901,3,0.1219,30,1,1,1,0.8914,0.9574,Complete,2026-01-28,103764300,Test
PRJ3-01701,Pioneer Apartments 1701,Residential,Midwest,MO,Private,Guaranteed Maximum Price,IPD,Low,Moderate,Standard,2021-11-19,2022-11-07,2022,90983100,693,0.51,0.4987,1.0594,1.0513,-0.0166,8,0.958,16,13,0.527,0.9636,36,3.957,8.89,0.3567,0.3451,0.0803,0.0232,0.0207,0.02,0.0202,0,14.28,0.1891,1.401,0.1472,0.152,0.3447,1,0.0069,9,0,0,0,0.9932,0.9872,Complete,2023-10-22,91607900,Train
PRJ3-01702,Riverside Logistics Center 1702,Industrial,Mountain,CO,Public,Unit Price,IPD,High,Moderate,Slow,2024-08-11,2025-09-07,2025,110921400,1045,0.376,0.3194,0.85,0.9005,0.0533,59,0.9424,14,8,1.086,0.9622,53,4.778,8.353,0.3099,0.2349,0.0696,0.1051,0.0315,0.1738,0.044,0.0151,25.999,0.4217,6.23,0.3628,0.2305,0.3699,3,0.1198,39,1,1,1,0.893,0.964,Complete,2027-07-31,124208100,Test
PRJ3-01704,Liberty Earthworks Package 1704,Heavy Civil,Midwest,MN,Public,Lump Sum,Design-Build,Moderate,Low,Slow,2021-12-08,2023-01-05,2023,146215200,986,0.399,0.324,0.911,0.8413,0.0296,74,0.9779,14,22,0.759,0.956,74,5.061,4.861,0.448,0.2339,0.0548,0.0698,0.028,0.1561,0,0.043,22.958,0.1796,4.991,0.2944,0.1219,0.4043,3,0.0863,53,0,1,1,0.9206,0.949,Complete,2024-10-12,158834000,Train
PRJ3-01705,Granite Urban Village 1705,Mixed-Use,Midwest,MN,Private,Lump Sum,CMAR,Very High,Low,Slow,2024-05-24,2025-05-06,2025,175531500,963,0.361,0.3353,0.9095,0.8242,0.0401,25,0.8645,23,20,0.639,0.9534,120,6.836,13.166,0.0929,0.5219,0.1319,0.2054,0.0531,0.3056,0.0781,0.0482,37.618,0.4971,6.102,0.5812,0.3821,0.5579,7,0.1563,56,1,1,1,0.8648,0.945,Complete,2027-03-09,202965800,Test
PRJ3-01706,Cedar Office Campus 1706,Commercial,Southeast,GA,Private,Lump Sum,CMAR,High,Moderate,Standard,2020-05-01,2021-03-25,2021,35279300,731,0.449,0.4473,0.983,0.9988,0.0361,1,0.915,17,9,0.624,0.9553,21,5.952,12.966,0.08,0.4506,0.1185,0.1685,0.0516,0.0991,0.0378,0.0329,28.777,0.4064,3.507,0.3069,0.3327,0.2123,5,0.0424,40,0,1,1,0.9593,0.9481,Complete,2022-06-11,36776000,Train
PRJ3-01707,Liberty Corporate Center 1707,Commercial,West,NV,Public,Lump Sum,Design-Bid-Build,Moderate,High,Standard,2021-07-22,2022-05-20,2022,66760800,614,0.493,0.4525,1.0035,0.9269,-0.0317,25,0.9435,9,0,0.329,0.9761,37,5.542,10.333,0.1519,0.3979,0.0846,0.0015,0.0263,0.1188,0.0249,0.0205,27.489,0.2694,5.446,0.135,0.1777,0.2773,4,0.0438,-2,0,0,0,0.958,1.0033,Complete,2023-03-26,69685200,Train
PRJ3-01708,Horizon Utility Corridor 1708,Infrastructure,Southwest,TX,Private,Lump Sum,Design-Bid-Build,Moderate,Low,Fast,2017-11-05,2019-08-23,2019,165757500,1502,0.437,0.426,0.9545,0.9809,0.0309,17,0.9859,8,8,0.973,0.9487,78,4.706,11.865,0.0855,0.4366,0.0998,0.1902,0.0586,0.1399,0.0204,0,15.974,0.2141,4.461,0.2708,0.2317,0.3259,3,-0.0521,-1,0,0,0,1.055,1.0007,Complete,2021-12-15,157114300,Train
PRJ3-01709,Pioneer Apartments 1709,Residential,Southwest,TX,Private,Cost Plus,Design-Bid-Build,Very High,Low,Slow,2018-10-05,2019-04-22,2019,88160600,459,0.435,0.3497,0.7104,0.8361,0.1533,39,0.8558,29,9,1.027,0.9241,61,6.919,13.303,0.08,0.4798,0.1715,0.2091,0.0244,0.2274,0.0612,0.0331,31.1,0.3828,3.101,0.4709,0.3499,0.4175,6,0.195,44,1,1,1,0.8368,0.9125,Complete,2020-02-20,105350000,Train
PRJ3-01710,Granite Highway Improvements 1710,Heavy Civil,Mountain,CO,Private,Lump Sum,CMAR,Moderate,Moderate,Standard,2021-11-22,2023-02-01,2023,47444200,1069,0.408,0.3928,1.0228,0.9828,0.0083,16,0.9464,32,12,0.793,0.9621,27,5.691,7.456,0.4109,0.3041,0.1016,0.0676,0.0204,0.145,0.0416,0.0425,14.898,0.2231,3.231,0.5165,0.1918,0.2815,3,-0.0074,43,0,1,1,1.0074,0.9613,Complete,2024-12-08,47094900,Train
PRJ3-01711,Granite Corporate Center 1711,Commercial,West,NV,Public,Guaranteed Maximum Price,Design-Build,Moderate,Moderate,Fast,2018-09-14,2019-07-13,2019,185556500,690,0.438,0.4085,0.9811,0.9604,0.0048,20,1.0746,0,8,0.28,0.9615,74,3.988,8.996,0.4046,0.3377,0.0772,0.0257,0.0161,0.1065,0.0052,0.0073,11.001,0.1914,1.205,0.1616,0.0838,0.3505,2,-0.0269,3,0,0,0,1.0276,0.9957,Complete,2020-08-07,180568800,Train
PRJ3-01712,Granite Neighborhood 1712,Residential,Northeast,CT,Public-Private Partnership,Lump Sum,Design-Build,Moderate,Low,Fast,2025-04-02,2025-12-27,2025,23081700,529,0.509,0.4545,1.116,0.8764,-0.0284,29,1.0654,1,17,0.442,0.973,13,5.632,11.679,0.1616,0.4064,0.1026,0.0634,0.0288,0.0741,0.0107,0.0045,19.143,0.2366,2.901,0.2908,0.1561,0.2148,3,-0.0244,22,0,0,0,1.025,0.9601,Complete,2026-10-05,22518300,Test
PRJ3-01713,Cedar Retail Center 1713,Commercial,Mountain,MT,Private,Guaranteed Maximum Price,CMAR,Very High,Moderate,Standard,2024-02-06,2024-10-12,2024,41999200,705,0.354,0.3505,0.9115,0.9569,0.0054,2,0.955,15,11,0.531,0.9463,43,10.238,8.992,0.0826,0.2761,0.1127,0.2042,0.0749,0.2214,0.0641,0.0352,21.234,0.2665,4.046,0.3882,0.3078,0.219,4,0.1229,4,1,0,1,0.8905,0.9944,Complete,2026-01-15,47161100,Validation
PRJ3-01714,Harbor Housing 1714,Residential,Mountain,MT,Private,Lump Sum,Design-Bid-Build,High,Moderate,Slow,2025-01-09,2025-11-12,2025,43114800,874,0.352,0.3178,0.894,0.9405,0.0144,30,0.9767,15,16,0.3,0.9632,26,6.03,10.719,0.2369,0.3767,0.1115,0.1655,0.0405,0.3012,0.037,0.0287,20.938,0.2946,2.504,0.366,0.2489,0.417,4,0.1408,-15,1,0,1,0.8766,1.0175,Complete,2027-05-18,49186600,Test
PRJ3-01715,Mesa Bridge Program 1715,Heavy Civil,Southwest,NM,Private,Cost Plus,IPD,Moderate,Moderate,Standard,2024-04-03,2025-06-02,2025,201268200,971,0.438,0.4245,0.8999,1.0135,0.0596,13,0.9311,4,15,0.343,0.9536,103,5.118,9.811,0.235,0.2963,0.065,0.048,0.0516,0.223,0.0116,0.0163,18.915,0.3615,5.755,0.3478,0.1993,0.4084,3,0.0522,-8,0,0,0,0.9504,1.0083,Complete,2026-11-22,211778500,Test
PRJ3-01716,Redwood Logistics Center 1716,Industrial,West,WA,Private,Cost Plus,Design-Build,Very High,Moderate,Slow,2024-09-23,2025-12-14,2025,128217800,842,0.532,0.5025,0.8638,0.891,0.0809,25,0.9103,32,5,0.767,0.9489,70,5.459,14.57,0.1262,0.5172,0.1238,0.2028,0.0724,0.1461,0.0482,0.0504,30.88,0.3785,0.314,0.4537,0.3528,0.4272,6,0.1989,58,1,1,1,0.8341,0.9356,Complete,2027-03-12,153725400,Test
PRJ3-01717,Liberty Residences 1717,Residential,Midwest,IL,Private,Cost Plus,IPD,Very High,Moderate,Standard,2019-11-17,2020-07-03,2020,39917200,555,0.414,0.3994,0.9686,0.9653,0.0066,8,1.0261,23,20,0.372,0.9545,13,3.257,11.633,0.1351,0.5004,0.1451,0.1546,0.0275,0.2207,0.035,0.0335,23.283,0.2367,7.504,0.4887,0.2816,0.2506,5,0.1281,32,1,1,1,0.8865,0.9455,Complete,2021-06-26,45029900,Train
PRJ3-01718,Mesa Medical Center 1718,Institutional,Mountain,UT,Private,Guaranteed Maximum Price,CMAR,High,Low,Standard,2023-07-13,2025-02-21,2025,84163800,1158,0.509,0.4575,0.8846,0.8944,0.0783,60,0.929,6,23,1.237,0.9428,43,5.109,5.742,0.3761,0.1439,0.0759,0.2312,0.0424,0.2186,0.0622,0.0314,10.014,0.1401,0,0.2489,0.1961,0.3849,2,0.0993,58,0,1,1,0.9097,0.9523,Complete,2026-11-10,92520900,Test
PRJ3-01719,Riverside Distribution Hub 1719,Industrial,Midwest,MI,Private,Guaranteed Maximum Price,Design-Build,Moderate,Moderate,Standard,2019-06-10,2020-07-18,2020,93775600,795,0.509,0.536,1.0378,1.0336,-0.0252,-21,0.8809,12,20,0.534,0.977,41,4.372,11.938,0.1795,0.4218,0.0789,0.0493,0,0.1305,0.043,0.0278,8.095,0.0807,5.503,0.2774,0.1406,0.223,4,0.0382,1,0,0,0,0.9632,0.9987,Complete,2021-08-14,97355000,Train
PRJ3-01720,Horizon Civic Complex 1720,Institutional,Northeast,PA,Private,Cost Plus,CMAR,High,High,Fast,2023-02-23,2024-10-21,2024,105406200,1157,0.524,0.5477,0.9258,1.0526,0.0331,-27,0.9644,5,28,0.561,0.9518,56,5.313,4.187,0.5246,0.0618,0.0503,0.1753,0.0333,0.2437,0.0387,0.0146,20.461,0.3378,3.958,0.2469,0.2944,0.3543,2,0.1116,4,1,0,1,0.8996,0.9966,Complete,2026-04-29,117167200,Validation
PRJ3-01721,Liberty Corporate Center 1721,Commercial,Mountain,UT,Private,Cost Plus,IPD,High,High,Standard,2024-12-19,2025-09-08,2025,112197000,546,0.482,0.5282,0.9063,1.0373,0.0386,-25,1.0589,14,23,0.586,0.954,60,5.348,8.728,0.3426,0.4339,0.0899,0.1181,0.0227,0.0871,0.0297,0.0194,29.629,0.4763,8.958,0.4418,0.3056,0.3262,4,0.0553,29,0,0,0,0.9476,0.9496,Complete,2026-07-17,118406500,Test
PRJ3-01722,Cedar Retail Center 1722,Commercial,Southwest,AZ,Private,Lump Sum,IPD,Very High,Moderate,Slow,2021-09-14,2022-07-05,2022,44031100,754,0.391,0.315,0.9622,0.8872,0.0047,57,0.9278,56,15,0.812,0.9582,22,4.996,11.016,0.1928,0.4219,0.0993,0.1349,0.0253,0.2768,0.0117,0.0136,23.764,0.3688,7.628,0.2864,0.0901,0.4716,4,0.0268,67,0,1,1,0.9739,0.9184,Complete,2023-12-14,45212000,Train
PRJ3-01723,Lakeview Research Facility 1723,Institutional,Southwest,AZ,Private,Guaranteed Maximum Price,CMAR,Very High,Low,Fast,2023-01-19,2023-11-01,2023,96089000,720,0.398,0.3493,0.9428,0.9006,0.0152,35,1.024,11,6,1.132,0.9618,57,5.932,7.158,0.272,0.2255,0.1094,0.1993,0.0629,0.2014,0.0297,0.0224,18.343,0.2049,0.918,0.3831,0.1971,0.4586,2,0.0406,-25,0,0,0,0.9609,1.036,Complete,2024-12-14,99994100,Train
PRJ3-01724,Riverside Education Center 1724,Institutional,Mountain,MT,Private,Lump Sum,Design-Bid-Build,High,Moderate,Standard,2019-12-11,2021-02-08,2021,121800500,722,0.59,0.5035,0.976,0.8467,-0.0172,62,0.8769,4,16,0.632,0.9703,53,4.351,6.904,0.4271,0.3124,0.0788,0.1434,0.0276,0.2524,0.0465,0.0174,20.087,0.2821,7.83,0.5304,0.2298,0.425,3,0.1326,9,1,0,1,0.8829,0.9877,Complete,2021-12-11,137950000,Train
PRJ3-01725,Redwood Earthworks Package 1725,Heavy Civil,West,OR,Public,Cost Plus,CMAR,Very High,Moderate,Fast,2020-07-01,2022-03-15,2022,176161100,1311,0.475,0.4549,0.9761,0.9796,0.0081,26,0.988,0,2,0.7,0.9799,95,5.393,4.782,0.3869,0.1998,0.0531,0.1198,0.0879,0.2288,0.0402,0.034,20.575,0.2802,7.224,0.3974,0.2881,0.3278,3,0.0201,-14,0,0,0,0.9803,1.0108,Complete,2024-01-19,179698200,Train
PRJ3-01726,Copper Retail Center 1726,Commercial,Southeast,NC,Private,Guaranteed Maximum Price,IPD,High,Moderate,Fast,2021-12-16,2023-02-04,2023,112081100,714,0.582,0.5555,0.9991,1.0104,0.0117,19,1.0444,20,11,0.72,0.9729,54,4.818,8.072,0.1912,0.3127,0.0478,0.1521,0.055,0.2204,0.0178,0.0085,11.449,0.159,0.718,0.3498,0.0718,0.3992,1,0.0123,-19,0,0,0,0.9879,1.0273,Complete,2023-11-11,113456200,Train
PRJ3-01727,Evergreen Manufacturing Facility 1727,Industrial,Mountain,ID,Public-Private Partnership,Unit Price,CMAR,Moderate,High,Fast,2024-03-18,2025-03-12,2025,179767700,856,0.42,0.3835,1.0436,0.9602,-0.0151,31,1.0378,6,6,0.887,0.9657,66,3.671,6.883,0.3328,0.1996,0.0618,0.0714,0.0382,0.167,0,0.0192,7.279,0.1291,1.24,0.1783,0.0697,0.1937,2,-0.0091,-14,0,0,0,1.0092,1.0166,Complete,2026-07-08,178127500,Test
PRJ3-01728,Crescent Apartments 1728,Residential,Southeast,FL,Private,Cost Plus,Design-Bid-Build,Low,Low,Standard,2020-12-04,2021-05-14,2021,30127600,460,0.351,0.3587,0.9464,0.9519,0.0053,-4,0.9869,28,8,0.488,0.966,10,3.319,4.365,0.5018,0.1744,0.039,0.0617,0.0273,0.1083,0.0343,0.021,28.874,0.2417,4.578,0.3466,0.2097,0.2417,3,0.03,13,0,0,0,0.9708,0.9725,Complete,2022-03-22,31032300,Train
PRJ3-01729,Crescent Retail Center 1729,Commercial,Mountain,CO,Private,Lump Sum,CMAR,Low,Moderate,Slow,2021-02-04,2022-01-16,2022,84688100,639,0.543,0.5166,1.0273,0.9607,0.0004,17,1.0894,28,15,0.495,0.9617,40,4.723,12.797,0.08,0.4943,0.1131,0.0046,0.0038,0.0962,0.022,0.0,24.167,0.3556,6.377,0.2656,0.2192,0.3512,4,0.0721,-2,0,0,0,0.9327,1.0031,Complete,2022-11-03,90796800,Train
PRJ3-01730,Pioneer Urban Village 1730,Mixed-Use,Northeast,NJ,Private,Lump Sum,Design-Bid-Build,Very High,High,Fast,2024-03-08,2025-09-15,2025,216351400,1098,0.507,0.4633,0.9265,0.9422,0.0467,48,0.8727,18,23,0.904,0.96,129,5.963,11.026,0.08,0.3746,0.0988,0.1441,0.0373,0.2656,0.053,0.0309,9.488,0.1727,4.865,0.5024,0.1549,0.4132,4,0.0857,0,0,0,0,0.9211,1.0,Complete,2027-03-11,234891300,Test
PRJ3-01731,Evergreen Earthworks Package 1731,Heavy Civil,Midwest,MO,Private,Unit Price,CMAR,Moderate,Moderate,Slow,2024-06-16,2025-09-07,2025,304778900,811,0.553,0.4925,1.0144,0.8871,0.0107,49,1.0292,22,6,0.57,0.9552,152,4.987,11.709,0.1675,0.3954,0.1034,0.2019,0.0355,0.1654,0.0397,0.0307,27.878,0.3929,1.228,0.2879,0.254,0.3411,4,0.0525,16,0,0,0,0.9502,0.9807,Complete,2026-09-21,320765100,Test
PRJ3-01732,Riverside Research Facility 1732,Institutional,West,OR,Public-Private Partnership,Cost Plus,Design-Build,Moderate,Moderate,Standard,2018-09-01,2019-12-21,2019,110207000,960,0.496,0.4688,1.0291,1.0138,-0.0402,26,0.9643,19,3,0.276,0.9697,58,5.263,7.134,0.4251,0.2539,0.0721,0.1056,0.0726,0.1107,0,0.0352,12.59,0.0988,0,0.1189,0.1574,0.2907,2,-0.0501,-12,0,0,0,1.0528,1.0127,Complete,2021-04-06,104680400,Train
PRJ3-01733,Riverside Bridge Program 1733,Heavy Civil,West,CA,Private,Unit Price,CMAR,Very High,Low,Standard,2020-06-12,2021-10-18,2021,266343000,1296,0.381,0.3462,0.8035,0.8445,0.0668,45,0.949,34,14,0.824,0.952,165,6.195,11.103,0.2736,0.3884,0.0897,0.264,0.0509,0.2321,0.0606,0.0257,12.158,0.1767,8.688,0.5337,0.2301,0.4338,4,0.1824,57,1,1,1,0.8457,0.9579,Complete,2024-02-25,314923600,Train
PRJ3-01734,Gateway Water Program 1734,Heavy Civil,Southeast,FL,Private,Lump Sum,CMAR,Low,High,Slow,2022-01-12,2023-07-30,2023,64502900,1067,0.529,0.4965,0.8934,0.9533,0.0649,35,0.9838,0,17,0.283,0.9761,19,2.946,4.689,0.5462,0.1046,0.0446,0.1212,0.027,0.0658,0.0023,0.0214,38.583,0.402,4.654,0.2672,0.3387,0.385,4,0.0353,-6,0,0,0,0.9659,1.0057,Complete,2024-12-08,66781500,Train
PRJ3-01735,Lakeview Education Center 1735,Institutional,Midwest,MO,Private,Lump Sum,Design-Build,Moderate,High,Fast,2023-11-11,2024-07-25,2024,206378800,683,0.377,0.3997,0.9795,1.022,0.0089,-15,1.16,0,19,0.836,0.9832,85,4.119,2.747,0.6564,0.0901,0.0093,0.0435,0.0338,0.0503,0.0389,0.0174,20.943,0.1724,0,0.0914,0.1794,0.2752,1,-0.0075,-4,0,0,0,1.0076,1.0059,Complete,2025-09-20,204821400,Validation
PRJ3-01736,Lakeview Residences 1736,Residential,Northeast,CT,Public-Private Partnership,Guaranteed Maximum Price,IPD,Very High,Moderate,Standard,2018-04-24,2019-01-13,2019,44978500,688,0.385,0.3534,1.0215,0.9463,-0.0277,22,1.0231,12,16,0.887,0.9684,48,10.672,6.891,0.4235,0.2696,0.0979,0.192,0.0478,0.2058,0.0497,0.0227,31.022,0.3081,7.406,0.3845,0.2591,0.4016,4,0.0157,12,0,0,0,0.9845,0.9829,Complete,2020-03-24,45685300,Train
PRJ3-01737,Evergreen Office Campus 1737,Commercial,Mountain,MT,Private,Unit Price,Design-Build,Low,High,Standard,2024-08-14,2025-09-12,2025,25143400,821,0.481,0.5505,1.0344,1.1089,-0.0323,-57,1.1291,0,6,0.401,0.9661,13,5.17,5.412,0.4329,0.1646,0.0484,0.1504,0.041,0.0556,0.0158,0.0086,22.209,0.1615,9.138,0.1931,0.2544,0.4296,3,0.0332,2,0,0,0,0.9678,0.9976,Complete,2026-11-15,25979300,Test
PRJ3-01738,Northstar Retail Center 1738,Commercial,Northeast,NJ,Public-Private Partnership,Unit Price,CMAR,Moderate,Low,Standard,2022-08-09,2023-04-08,2023,78601700,546,0.445,0.4304,0.9358,0.9932,0.0352,8,0.968,10,8,0.622,0.9489,31,3.944,7.178,0.2981,0.3242,0.0416,0.1146,0.0231,0.236,0.0151,0.0211,21.986,0.2356,3.559,0.3286,0.2119,0.3115,3,0.0955,-1,0,0,0,0.9128,1.0018,Complete,2024-02-05,86110400,Train
PRJ3-01739,Gateway Office Campus 1739,Commercial,Mountain,WY,Private,Cost Plus,Design-Build,Very High,High,Fast,2024-07-17,2025-05-05,2025,89058300,763,0.384,0.4423,0.947,1.0684,0.0076,-44,0.9879,13,27,0.558,0.9607,61,6.849,2.285,0.6695,0.1167,0.1017,0.2404,0.054,0.2954,0.0373,0.0264,16.168,0.2503,2.424,0.3314,0.3166,0.5681,2,0.0355,-5,0,0,0,0.9657,1.0066,Complete,2026-08-14,92217300,Test
PRJ3-01740,Canyon Research Facility 1740,Institutional,West,WA,Public,Guaranteed Maximum Price,CMAR,Very High,Moderate,Standard,2020-11-09,2022-05-25,2022,224135000,974,0.578,0.5349,0.8691,0.9442,0.0737,42,1.0243,5,9,0.76,0.9658,121,5.399,10.025,0.2511,0.3838,0.1009,0.2197,0.0672,0.1632,0.0539,0.0201,18.561,0.1498,3.625,0.4977,0.276,0.3165,3,0.1556,11,1,0,1,0.8653,0.9888,Complete,2023-07-22,259013900,Train
PRJ3-01741,Riverside Distribution Hub 1741,Industrial,West,CA,Public,Guaranteed Maximum Price,Design-Bid-Build,High,High,Standard,2020-02-11,2020-11-19,2020,65122300,722,0.391,0.3302,0.9847,0.9489,0.0256,44,1.0889,11,7,0.39,0.9882,26,3.992,6.887,0.3861,0.2161,0.066,0.1265,0.0897,0.2044,0.0501,0.0225,16.44,0.2383,8.405,0.3455,0.1813,0.2573,3,-0.0279,12,0,0,0,1.0287,0.9837,Complete,2022-02-14,63306600,Train
PRJ3-01742,Evergreen Research Facility 1742,Institutional,Midwest,IL,Private,Guaranteed Maximum Price,CMAR,Low,High,Fast,2020-05-08,2021-03-10,2021,76461300,726,0.422,0.4417,1.0875,1.0602,-0.052,-14,1.0492,0,20,0.436,0.9908,38,4.97,3.142,0.6226,0.0535,0.0192,0.0831,0.037,0.0321,0.013,0.0156,29.965,0.2439,3.806,0.2765,0.3316,0.1683,3,0.0716,0,0,0,0,0.9332,1.0,Complete,2022-05-04,81936300,Train
PRJ3-01743,Aspen Apartments 1743,Residential,Northeast,PA,Public,Guaranteed Maximum Price,Design-Build,High,Moderate,Standard,2022-12-16,2023-07-18,2023,136251000,440,0.488,0.4884,1.0034,0.9776,-0.0068,0,0.9785,11,21,0.844,0.972,74,5.431,7.307,0.3481,0.3155,0.077,0.1149,0.0439,0.1539,0.0205,0.0135,8.906,0.2298,5.568,0.3136,0.1609,0.3654,2,0.0296,3,0,0,0,0.9712,0.9932,Complete,2024-03-03,140288300,Train
PRJ3-01744,Aspen Manufacturing Facility 1744,Industrial,West,OR,Private,Unit Price,Design-Build,High,Moderate,Standard,2024-01-14,2025-05-20,2025,120185000,944,0.522,0.5629,0.9498,1.0381,0.0434,-39,1.0476,21,4,0.755,0.962,56,4.659,5.881,0.5096,0.1842,0.0452,0.1175,0.0429,0.1783,0.0444,0.0103,14.315,0.142,3.833,0.3724,0.0792,0.4085,1,0.0559,-12,0,0,0,0.947,1.0129,Complete,2026-08-03,126905800,Test
PRJ3-01745,Liberty Education Center 1745,Institutional,Mountain,MT,Public,Lump Sum,CMAR,High,Low,Standard,2022-06-20,2023-08-13,2023,75269400,956,0.439,0.3751,0.971,0.9015,-0.0086,61,0.951,24,8,0.46,0.9352,49,6.51,4.018,0.6841,0.2363,0.0406,0.1257,0.0588,0.2257,0.0385,0.0201,25.503,0.1556,3.962,0.2518,0.1937,0.3107,3,-0.0023,34,0,1,1,1.0023,0.9657,Complete,2025-03-06,75093300,Train
PRJ3-01746,Copper Housing 1746,Residential,West,CA,Private,Cost Plus,IPD,Low,Moderate,Fast,2021-02-05,2021-08-05,2021,43410300,506,0.359,0.3414,1.0509,0.983,-0.0439,9,1.0922,0,15,0.304,0.9975,20,4.607,9.018,0.4021,0.3016,0.0944,0.0515,0.0374,0.02,0.0234,0.0102,11.012,0.2017,3.669,0.0423,0.043,0.3558,2,0.0029,-11,0,0,0,0.9971,1.0222,Complete,2022-06-15,43534900,Train
PRJ3-01747,Harbor Water Program 1747,Heavy Civil,Mountain,WY,Public,Cost Plus,Design-Bid-Build,High,High,Slow,2020-01-02,2021-02-22,2021,164820500,1044,0.4,0.3539,0.8782,0.917,0.0753,48,0.8968,36,10,0.561,0.9586,100,6.067,10.774,0.1162,0.4211,0.0824,0.0905,0.0085,0.1912,0.0815,0.044,43.619,0.5601,7.575,0.3902,0.3257,0.4629,6,0.1903,47,1,1,1,0.8401,0.9569,Complete,2022-12-28,196180700,Train
PRJ3-01748,Liberty Civic Complex 1748,Institutional,West,NV,Private,Unit Price,Design-Bid-Build,High,High,Fast,2022-11-17,2023-10-28,2023,116738800,964,0.358,0.2703,0.9717,0.8962,0.0027,85,0.9695,13,1,0.63,0.9581,65,5.568,7.264,0.3933,0.2553,0.0617,0.2001,0.0445,0.2457,0,0.0183,10.097,0.2106,6.701,0.3293,0.2355,0.2316,3,0.0179,-3,0,0,0,0.9824,1.0031,Complete,2025-07-05,118833000,Train
PRJ3-01749,Granite Housing 1749,Residential,West,CA,Private,Cost Plus,Design-Bid-Build,Moderate,High,Slow,2022-12-17,2023-11-18,2023,31510500,572,0.589,0.5548,0.9668,0.9205,0.0273,20,1.0391,0,0,0.298,0.9743,14,4.443,10.377,0.1472,0.4207,0.0942,0.0733,0,0.0928,0.0347,0.0346,36.401,0.5103,4.363,0.3867,0.3317,0.3603,5,0.108,-13,1,0,1,0.9025,1.0233,Complete,2024-06-28,34913900,Train
PRJ3-01750,Horizon Marketplace 1750,Commercial,Southeast,FL,Public-Private Partnership,Guaranteed Maximum Price,Design-Build,Moderate,High,Fast,2019-02-12,2019-07-29,2019,95896800,461,0.364,0.3791,1.0034,1.0756,0.0035,-7,1.0463,6,9,0.637,0.951,38,3.963,5.41,0.4681,0.2114,0.0411,0.0326,0.0336,0.0482,0.0402,0,5,0.0342,0,0.3263,0.0357,0.2925,1,0.0359,-11,0,0,0,0.9653,1.0244,Complete,2020-05-07,99342000,Train
PRJ3-01751,Copper Housing 1751,Residential,Southeast,VA,Private,Guaranteed Maximum Price,CMAR,Low,Moderate,Standard,2020-12-01,2021-07-31,2021,17034200,455,0.534,0.5286,1.016,1.0099,0.0133,2,0.943,25,14,0.522,0.9752,12,7.045,5.673,0.4028,0.178,0.0601,0.0535,0.0349,0.1163,0.0473,0,11.763,0.1742,0.915,0.2449,0.145,0.2735,1,0.033,-2,0,0,0,0.968,1.0044,Complete,2022-02-27,17596900,Train
PRJ3-01752,Lakeview Highway Improvements 1752,Heavy Civil,West,OR,Private,Guaranteed Maximum Price,Design-Bid-Build,Moderate,Low,Slow,2023-12-14,2025-06-04,2025,479393700,1095,0.492,0.4033,0.8005,0.8597,0.0916,97,0.8662,32,9,0.609,0.9504,240,5.006,10.801,0.1938,0.4634,0.1191,0.2174,0.0279,0.1527,0.0477,0.0345,25.807,0.3405,8.625,0.4835,0.1872,0.3838,5,0.2756,6,1,0,1,0.7839,0.9946,Complete,2026-12-19,611512700,Test
PRJ3-01753,Northstar Transit Program 1753,Infrastructure,West,NV,Public-Private Partnership,Lump Sum,CMAR,High,High,Standard,2020-06-06,2021-11-17,2021,461275100,1156,0.458,0.4567,0.9539,0.9635,0.0028,1,0.9098,11,12,0.79,0.9796,240,5.203,9.174,0.2235,0.2597,0.0839,0.1478,0.0607,0.1024,0.0538,0.0204,15.061,0.1512,3.551,0.3085,0.261,0.376,3,0.1037,34,1,1,1,0.9061,0.9714,Complete,2023-09-09,509095100,Train
PRJ3-01754,Evergreen Housing 1754,Residential,Southwest,TX,Private,Cost Plus,CMAR,Moderate,High,Fast,2018-11-18,2019-08-13,2019,33228200,607,0.442,0.4466,1.0848,1.0281,-0.043,-3,1.0549,25,12,0.833,0.9611,16,4.815,6.082,0.4482,0.2035,0.0452,0.0769,0.0434,0.02,0.0062,0,15.402,0.1678,0,0.2393,0.148,0.2528,1,-0.0378,-3,0,0,0,1.0392,1.005,Complete,2020-07-14,31973700,Train
PRJ3-01755,Crescent Manufacturing Facility 1755,Industrial,Mountain,UT,Public-Private Partnership,Lump Sum,Design-Build,Moderate,High,Slow,2020-01-22,2021-02-12,2021,128961900,915,0.423,0.4026,0.8527,0.9681,0.0637,19,0.9911,12,17,0.202,0.98,53,4.11,11.466,0.0968,0.5064,0.0789,0.0679,0.0287,0.1654,0,0.0359,37.145,0.3808,4.624,0.3296,0.3628,0.4124,6,0.101,24,1,0,1,0.9082,0.9744,Complete,2022-08-18,141992200,Train
PRJ3-01756,Canyon Retail Center 1756,Commercial,Southwest,TX,Public,Lump Sum,CMAR,Moderate,High,Fast,2024-02-15,2025-04-13,2025,75939800,799,0.53,0.5474,0.962,0.9988,0.0077,-14,1.16,3,10,0.385,0.967,23,3.029,5.81,0.4496,0.1414,0.0626,0.0374,0.0045,0.1015,0.0176,0.0094,21.018,0.2265,0,0.413,0.2184,0.1932,1,0.0534,-1,0,0,0,0.9493,1.0013,Complete,2026-04-23,79996200,Test
PRJ3-01757,Northstar Manufacturing Facility 1757,Industrial,Southwest,TX,Private,Lump Sum,Design-Bid-Build,High,High,Standard,2022-03-05,2023-10-15,2023,112740700,1053,0.56,0.5414,0.9598,0.9789,0.0294,20,1.0325,4,9,0.695,0.9539,57,5.056,9.601,0.3036,0.341,0.0883,0.1194,0.0527,0.1743,0.0232,0.0044,14.728,0.0365,3.431,0.4141,0.17,0.2747,2,0.0426,-25,0,0,0,0.9591,1.0243,Complete,2024-12-27,117544100,Train
PRJ3-01758,Liberty District 1758,Mixed-Use,Mountain,UT,Public,Lump Sum,IPD,Moderate,High,Standard,2022-02-15,2023-09-03,2023,316980000,986,0.574,0.5922,0.9837,1.0121,0.0011,-18,0.9176,13,17,0.459,0.9633,133,4.196,4.056,0.5247,0.1391,0.0424,0.0587,0.0315,0.0382,0.0391,0.0162,20.263,0.1931,3.57,0.0944,0.2412,0.4031,2,-0.0196,-12,0,0,0,1.02,1.0123,Complete,2024-10-16,310762900,Train
PRJ3-01759,Redwood Neighborhood 1759,Residential,Midwest,MI,Public,Lump Sum,Design-Build,High,High,Fast,2023-08-10,2024-09-09,2024,29183300,694,0.572,0.5809,1.1448,0.966,-0.0493,-6,1.16,20,10,0.745,0.9632,19,6.511,11.197,0.1007,0.3583,0.09,0.0846,0.0323,0.1583,0.0434,0.0238,24.18,0.2076,4.051,0.2653,0.3077,0.3315,4,0.0353,20,0,0,0,0.9659,0.972,Complete,2025-07-24,30214000,Validation
PRJ3-01760,Redwood Education Center 1760,Institutional,Southeast,GA,Private,Guaranteed Maximum Price,Design-Bid-Build,Low,Moderate,Slow,2018-12-24,2020-05-05,2020,85832400,837,0.595,0.5198,0.9308,0.9162,0.039,63,0.8701,33,17,0.857,0.9516,52,6.058,7.643,0.2877,0.3587,0.1066,0.025,0.0148,0.0599,0.0228,0.0249,21.762,0.2199,6.175,0.3887,0.1599,0.3341,3,0.0928,31,0,1,1,0.9151,0.9643,Complete,2021-05-10,93797800,Train
PRJ3-01761,Aspen Office Campus 1761,Commercial,West,OR,Public-Private Partnership,Cost Plus,Design-Bid-Build,Moderate,Moderate,Slow,2020-04-15,2021-10-11,2021,43879600,911,0.598,0.6586,0.9756,1.054,0.0216,-55,1.0744,20,7,0.634,0.9753,23,5.242,15.126,0.08,0.5898,0.1222,0.007,0.0202,0.2586,0.0215,0.013,23.428,0.3808,5.071,0.2152,0.2363,0.268,5,0.0066,-22,0,0,0,0.9935,1.0247,Complete,2022-09-21,44168900,Train
PRJ3-01762,Evergreen Corporate Center 1762,Commercial,Southwest,TX,Private,Unit Price,CMAR,High,Moderate,Slow,2019-09-21,2020-08-20,2020,250374000,680,0.492,0.4331,0.9832,0.9186,0.0064,40,0.9091,23,10,0.687,0.9642,142,5.672,10.618,0.1616,0.3824,0.0795,0.0817,0.045,0.2269,0.0319,0.0208,40.59,0.5207,2.929,0.3364,0.294,0.4489,5,0.0625,42,0,1,1,0.9412,0.9418,Complete,2021-09-12,266021900,Train
PRJ3-01763,Crescent Corporate Center 1763,Commercial,Northeast,CT,Private,Lump Sum,Design-Build,High,Low,Standard,2021-04-19,2022-03-20,2022,42208300,799,0.42,0.4212,0.9082,0.9423,0.0327,-1,0.9627,12,13,0.704,0.9796,25,5.923,9.783,0.2701,0.2559,0.0841,0.1985,0.0699,0.2406,0.0463,0,17.868,0.3413,4.543,0.1864,0.2313,0.3716,2,0.1087,-11,1,0,1,0.9019,1.014,Complete,2023-06-16,46796700,Train
PRJ3-01764,Pioneer Logistics Center 1764,Industrial,Midwest,MN,Private,Unit Price,CMAR,Very High,Moderate,Fast,2018-04-21,2019-06-14,2019,289387000,952,0.441,0.4205,0.8995,0.9723,0.0483,19,1.0123,28,16,0.672,0.9555,165,5.702,7.79,0.4229,0.3431,0.0948,0.0846,0.0423,0.2567,0.0509,0.0275,12.609,0.1312,2.806,0.1824,0.2195,0.411,3,0.1037,-11,1,0,1,0.906,1.0117,Complete,2020-11-17,319402100,Train
PRJ3-01765,Lakeview Marketplace 1765,Commercial,Northeast,NY,Private,Unit Price,CMAR,Very High,High,Standard,2023-05-17,2024-01-29,2024,37433700,639,0.403,0.4171,0.9727,0.942,0.0183,-9,0.9701,30,17,0.823,0.9627,18,4.809,7.491,0.2603,0.2949,0.0898,0.16,0.0532,0.235,0.0175,0.0196,22.477,0.208,2.57,0.3482,0.1565,0.3232,2,0.078,16,0,0,0,0.9277,0.9756,Complete,2025-03-02,40352200,Validation
PRJ3-01766,Aspen Public Works Program 1766,Infrastructure,West,WA,Public,Guaranteed Maximum Price,IPD,High,Moderate,Standard,2018-12-13,2020-01-21,2020,392396800,1024,0.395,0.4169,1.077,0.9769,-0.0417,-22,0.9818,20,10,0.17,0.9648,195,4.969,10.182,0.153,0.3361,0.093,0.0325,0.0207,0.1575,0.0348,0.0234,29.67,0.2243,2.567,0.3828,0.2735,0.4983,4,0.0187,-19,0,0,0,0.9816,1.0189,Complete,2021-09-13,399748700,Train
PRJ3-01767,Lakeview Housing 1767,Residential,Northeast,NJ,Public-Private Partnership,Cost Plus,CMAR,Moderate,Low,Standard,2019-06-06,2020-08-14,2020,47469600,732,0.595,0.6028,1.0321,1.0119,-0.0279,-6,1.0256,1,16,0.79,0.9535,24,5.056,5.599,0.5055,0.0818,0.041,0.1719,0.0436,0.1204,0.0298,0.0074,30.671,0.2511,3.007,0.2914,0.2099,0.3725,2,-0.0305,16,0,0,0,1.0315,0.9786,Complete,2021-06-23,46019500,Train
PRJ3-01768,Mesa Education Center 1768,Institutional,Northeast,MA,Private,Unit Price,CMAR,High,High,Standard,2020-06-19,2021-07-23,2021,149632000,991,0.403,0.3717,0.9431,0.9175,0.0127,31,1.0258,0,10,0.584,0.9628,82,5.48,14.288,0.08,0.4813,0.0993,0.1345,0.0419,0.1583,0.0437,0.0155,33.391,0.3502,8.347,0.4825,0.3238,0.2613,6,0.0987,-21,0,0,0,0.9101,1.0216,Complete,2023-02-14,164404300,Train
PRJ3-01769,Summit Town Center 1769,Mixed-Use,Mountain,MT,Public-Private Partnership,Lump Sum,CMAR,Very High,Low,Standard,2024-02-08,2025-04-07,2025,140362700,1174,0.362,0.3208,0.8679,0.8877,0.0313,48,0.9209,47,17,0.62,0.9754,104,7.409,6.891,0.3213,0.2259,0.0859,0.1176,0.0447,0.2872,0.0716,0.0301,21.312,0.2229,7.934,0.3402,0.2473,0.5065,3,0.1044,4,1,0,1,0.9055,0.9966,Complete,2027-05-01,155019000,Test
PRJ3-01770,Mesa Manufacturing Facility 1770,Industrial,Northeast,CT,Public-Private Partnership,Cost Plus,IPD,Moderate,High,Standard,2022-04-02,2023-05-14,2023,127199900,1083,0.376,0.3232,0.9726,0.9611,0.0042,57,1.0078,0,11,0.148,0.9432,42,3.302,2,0.7603,0.16,0.0214,0.0444,0.0357,0.2022,0.0021,0.0009,19.108,0.1286,0.635,0.293,0.1584,0.3267,1,0.0668,-25,0,0,0,0.9374,1.0236,Complete,2025-02-23,135694500,Train
PRJ3-01771,Northstar Bridge Program 1771,Heavy Civil,West,WA,Public,Cost Plus,IPD,Moderate,Moderate,Standard,2021-01-14,2022-05-18,2022,129121600,866,0.565,0.5811,1.0027,1.0004,0.0073,-14,0.9477,1,9,0.38,0.9576,53,4.105,8.001,0.3568,0.2833,0.0654,0.1102,0.0379,0.0421,0.0344,0.03,27.325,0.2648,2.867,0.1948,0.2074,0.1582,3,0.1044,-2,1,0,1,0.9054,1.0023,Complete,2023-05-28,142607100,Train
PRJ3-01772,Horizon Retail Center 1772,Commercial,Mountain,WY,Private,Cost Plus,Design-Build,Low,Moderate,Fast,2021-08-03,2022-03-12,2022,66213000,476,0.466,0.4876,0.9846,1.0489,-0.007,-10,1.0615,6,6,0.493,0.9917,21,3.172,8.716,0.3939,0.3169,0.0546,0.0279,0.0084,0.0695,0,0.0171,13.868,0.1777,0,0.2554,0.1113,0.289,2,-0.0129,-24,0,0,0,1.0131,1.0531,Complete,2022-10-29,65356100,Train
PRJ3-01773,Gateway Water Program 1773,Heavy Civil,West,NV,Private,Guaranteed Maximum Price,Design-Build,Moderate,Moderate,Slow,2018-06-22,2020-02-17,2020,286788200,1099,0.551,0.5432,0.9687,0.9176,0.0136,9,1.0415,9,0,0.711,0.9682,147,5.126,10.273,0.1305,0.333,0.0837,0,0.0091,0.2099,0.0436,0.0203,17.753,0.2977,4.261,0.2619,0.185,0.4392,3,0.096,10,0,0,0,0.9124,0.991,Complete,2021-07-05,314324100,Train
PRJ3-01774,Gateway Civic Complex 1774,Institutional,West,OR,Public,Unit Price,Design-Build,Moderate,Moderate,Slow,2020-05-03,2021-03-05,2021,129065800,783,0.391,0.3664,0.9939,0.9928,-0.0095,19,0.9719,1,7,0.325,0.9646,73,5.656,11.856,0.0878,0.3865,0.121,0.068,0.0002,0.2196,0.0022,0.0142,15.756,0.3468,5.967,0.1945,0.117,0.4327,3,0.0115,-25,0,0,0,0.9887,1.033,Complete,2022-05-31,130544800,Train
PRJ3-01775,Copper Office Campus 1775,Commercial,West,CA,Private,Unit Price,CMAR,High,High,Slow,2023-11-19,2025-02-13,2025,30311800,790,0.573,0.5318,0.9823,0.9479,0.027,33,0.9853,15,0,0.816,0.9572,17,5.608,8.461,0.1202,0.3474,0.0804,0.1316,0.0495,0.1803,0.002,0.0485,32.892,0.392,1.876,0.3143,0.3083,0.3995,5,0.0102,5,0,0,0,0.9899,0.9937,Complete,2026-01-22,30622500,Test
PRJ3-01776,Gateway Town Center 1776,Mixed-Use,Midwest,MI,Private,Lump Sum,CMAR,High,Low,Standard,2021-11-07,2023-03-18,2023,128221200,1089,0.456,0.4663,0.9537,0.9388,0.0109,-11,0.9066,12,17,0.441,0.9699,76,5.927,11.227,0.1094,0.5311,0.127,0.1619,0.0547,0.3024,0.0214,0.0395,25.074,0.4457,6.288,0.2773,0.2775,0.2121,5,0.1105,43,1,1,1,0.9005,0.962,Complete,2024-12-13,142387300,Train
PRJ3-01777,Crescent Manufacturing Facility 1777,Industrial,Southeast,FL,Private,Guaranteed Maximum Price,Design-Bid-Build,Very High,High,Standard,2018-08-18,2020-01-28,2020,371193700,1098,0.481,0.4941,0.9318,0.9695,0.0472,-14,0.9109,8,22,1.25,0.9676,215,5.792,8.682,0.3283,0.2341,0.0829,0.1073,0.0436,0.18,0.0246,0.0475,28.723,0.3692,5.893,0.2314,0.2499,0.3128,4,0.046,51,0,1,1,0.956,0.9556,Complete,2021-10-10,388258500,Train
PRJ3-01778,Evergreen Urban Village 1778,Mixed-Use,Mountain,WY,Public,Unit Price,CMAR,High,Low,Standard,2020-05-17,2021-07-02,2021,167282100,851,0.484,0.4404,0.937,0.9203,0.0223,37,0.8764,5,4,1.193,0.9368,102,6.097,8.771,0.2013,0.3647,0.0993,0.2451,0.1019,0.2516,0.0526,0.0216,24.755,0.2306,3.979,0.3306,0.3108,0.4145,3,0.0017,19,0,0,0,0.9983,0.9782,Complete,2022-10-04,167569500,Train
PRJ3-01779,Mesa Corporate Center 1779,Commercial,Mountain,WY,Public-Private Partnership,Lump Sum,Design-Build,Moderate,High,Fast,2024-04-11,2025-05-11,2025,30803300,685,0.578,0.619,0.9926,1.0613,-0.0014,-28,1.0387,23,25,0.558,0.9852,11,3.571,5.284,0.3403,0.2077,0.0399,0.1461,0.0427,0.1677,0.0302,0.0168,13.565,0.1391,4.768,0.1896,0.2821,0.3296,2,0.0248,-25,0,0,0,0.9758,1.0379,Complete,2026-01-31,31568400,Test
PRJ3-01780,Canyon Manufacturing Facility 1780,Industrial,Mountain,ID,Private,Cost Plus,Design-Build,High,Low,Standard,2020-02-23,2021-06-21,2021,185478900,1147,0.422,0.4736,0.9035,1.0838,0.0508,-59,0.9809,33,8,0.775,0.9467,116,6.254,10.407,0.2038,0.3487,0.0904,0.1641,0.0383,0.1904,0.0649,0.0236,16.724,0.1764,2.172,0.3195,0.2378,0.2974,3,0.1152,19,1,0,1,0.8967,0.9837,Complete,2023-05-04,206851600,Train
PRJ3-01781,Redwood Research Facility 1781,Institutional,Southeast,VA,Public,Cost Plus,Design-Bid-Build,Moderate,Moderate,Fast,2018-09-10,2019-10-26,2019,106488900,832,0.495,0.5172,1.0754,1.0033,-0.0613,-18,0.9404,2,26,0.311,0.9668,46,4.32,11.497,0.1468,0.3773,0.0735,0.1076,0,0.1327,0.022,0.0099,23.566,0.1999,2.374,0.1514,0.204,0.4463,3,0.0516,-25,0,0,0,0.9509,1.031,Complete,2020-11-25,111987000,Train
PRJ3-01782,Liberty Earthworks Package 1782,Heavy Civil,Midwest,MN,Private,Cost Plus,Design-Bid-Build,Moderate,Low,Fast,2019-09-03,2021-05-05,2021,257638300,1076,0.567,0.5653,0.9456,0.9882,0.0101,2,0.8532,13,18,0.449,0.949,134,5.201,9.637,0.1536,0.3116,0.0637,0.2445,0.057,0.0621,0.0283,0.0217,15.216,0.2838,3.615,0.2599,0.2807,0.2969,3,0.1208,9,1,0,1,0.8922,0.9917,Complete,2022-08-23,288771500,Train
PRJ3-01783,Horizon Town Center 1783,Mixed-Use,West,OR,Private,Lump Sum,Design-Bid-Build,Moderate,Low,Standard,2020-03-15,2021-07-02,2021,60195900,880,0.539,0.5346,0.9643,0.9382,0.0113,4,0.8495,26,0,0.496,0.9641,39,6.479,7.25,0.3944,0.2676,0.0755,0.0729,0.0125,0.1107,0.0371,0.0406,18.348,0.3487,0,0.1984,0.203,0.1876,3,0.1059,-3,1,0,1,0.9042,1.0034,Complete,2022-08-09,66571300,Train
PRJ3-01784,Mesa Housing 1784,Residential,Mountain,WY,Public,Guaranteed Maximum Price,Design-Build,Low,Moderate,Standard,2019-05-14,2020-02-04,2020,22849600,487,0.547,0.5375,1.0134,0.9861,0.0134,5,1.1016,0,12,0.672,0.9779,9,3.939,4.813,0.487,0.1575,0.0423,0.0295,0.0389,0.02,0.004,0.0134,11.568,0.1445,4.824,0.2396,0.0721,0.3117,2,0.05,13,0,0,0,0.9524,0.974,Complete,2020-09-25,23992800,Train
PRJ3-01785,Gateway Manufacturing Facility 1785,Industrial,Northeast,PA,Private,Guaranteed Maximum Price,Design-Bid-Build,Very High,Low,Fast,2022-02-07,2023-03-18,2023,127592600,831,0.487,0.4556,1.0005,0.8938,0.0125,26,0.9249,27,17,0.781,0.9592,93,7.289,6.181,0.3157,0.2309,0.0642,0.1493,0.0276,0.3008,0.0857,0.0305,27.087,0.2726,7.202,0.3892,0.3177,0.3505,4,0.089,32,0,1,1,0.9183,0.9629,Complete,2024-06-19,138950000,Train
PRJ3-01786,Crescent Logistics Center 1786,Industrial,Mountain,CO,Public,Guaranteed Maximum Price,Design-Bid-Build,Moderate,Low,Standard,2022-07-02,2023-04-22,2023,267083400,762,0.386,0.3864,0.9232,0.9715,0.0346,0,0.8881,17,14,0.722,0.9457,150,5.616,6.27,0.4762,0.2851,0.0489,0.2022,0.032,0.1521,0.0145,0.0315,24.082,0.3028,3.016,0.3659,0.252,0.4366,3,0.1068,-11,1,0,1,0.9035,1.0146,Complete,2024-07-22,295613700,Train
PRJ3-01787,Copper District 1787,Mixed-Use,West,NV,Public,Unit Price,Design-Bid-Build,Low,Moderate,Slow,2018-12-22,2019-11-28,2019,267294600,810,0.421,0.3609,0.9711,0.9325,-0.0017,49,0.9018,17,13,0.396,0.9478,129,4.826,2.641,0.6001,0.2336,0.0617,0.0363,0.0394,0.1499,0.062,0.0175,6.963,0.0828,4.709,0.3093,0.1012,0.3327,2,-0.0267,-6,0,0,0,1.0274,1.0075,Complete,2021-03-05,260160400,Train
PRJ3-01788,Crescent Distribution Hub 1788,Industrial,Northeast,MA,Private,Unit Price,CMAR,Very High,Moderate,Slow,2023-09-21,2024-12-05,2024,139621600,766,0.576,0.4723,0.8489,0.8311,0.0889,79,0.9502,13,23,0.362,0.9535,80,5.73,5.767,0.421,0.2871,0.086,0.169,0.0928,0.2784,0.0659,0.0509,40.115,0.5156,4.502,0.42,0.3641,0.4485,5,0.184,68,1,1,1,0.8446,0.9185,Complete,2026-01-02,165308600,Validation
PRJ3-01789,Redwood Neighborhood 1789,Residential,Midwest,MO,Private,Guaranteed Maximum Price,IPD,Low,Moderate,Slow,2023-01-10,2023-06-24,2023,39166500,426,0.389,0.3946,0.9903,1.0564,0.004,-2,0.9539,14,8,0.634,0.9732,7,1.787,11.633,0.08,0.4236,0.0977,0,0,0.02,0,0.0191,22.296,0.3042,4.027,0.1617,0.1447,0.3265,4,0.0176,-25,0,0,0,0.9827,1.0623,Complete,2024-02-15,39856300,Train
PRJ3-01790,Liberty Civic Complex 1790,Institutional,Southeast,NC,Private,Unit Price,Design-Build,Moderate,Moderate,Standard,2023-06-05,2024-04-14,2024,51123200,634,0.496,0.4665,0.9521,0.9403,0.0127,19,1.0273,10,15,0.31,1.0,25,4.89,9.943,0.2445,0.3587,0.0922,0.0945,0.0537,0.1254,0.0368,0.0222,28.253,0.3809,7.698,0.1764,0.3012,0.2427,4,0.0521,-6,0,0,0,0.9505,1.0096,Complete,2025-02-22,53788100,Validation
PRJ3-01791,Gateway Corporate Center 1791,Commercial,West,WA,Public,Unit Price,Design-Build,Low,Low,Slow,2023-05-01,2023-12-12,2023,35816400,610,0.37,0.3782,1.0196,1.062,0.0067,-5,1.0093,27,0,0.566,0.9498,4,1.117,9.611,0.3471,0.3281,0.0726,0.1245,0.0257,0.0822,0.0168,0.0286,18.674,0.317,8.033,0.1895,0.2238,0.4591,4,-0.0388,18,0,0,0,1.0404,0.9713,Complete,2025-01-18,34426700,Train
PRJ3-01792,Redwood Civic Complex 1792,Institutional,West,WA,Private,Cost Plus,CMAR,High,High,Fast,2021-09-12,2022-09-12,2022,217197600,1040,0.351,0.3767,0.9921,1.0102,0.0372,-27,1.0449,0,3,0.581,0.9507,105,4.834,7.292,0.25,0.275,0.0461,0.0644,0.0309,0.1966,0.0491,0.02,11.411,0.1524,5.758,0.2864,0.109,0.3889,2,-0.0081,-23,0,0,0,1.0082,1.0226,Complete,2024-06-25,215428900,Train
PRJ3-01793,Granite Civic Complex 1793,Institutional,West,WA,Private,Unit Price,Design-Build,Low,Low,Standard,2021-06-24,2022-08-12,2022,53143400,771,0.537,0.5446,0.9401,0.9876,0.0141,-6,0.9687,0,0,0.321,0.9666,20,3.763,11.229,0.2095,0.399,0.0794,0.1158,0.0255,0.1304,0.037,0.019,17.726,0.1341,0,0.2623,0.1294,0.3378,3,0.0069,-25,0,0,0,0.9932,1.0335,Complete,2023-07-10,53509600,Train
PRJ3-01794,Crescent Apartments 1794,Residential,Southwest,NM,Private,Guaranteed Maximum Price,CMAR,Moderate,High,Fast,2024-10-18,2025-06-23,2025,55781700,514,0.484,0.4502,1.097,0.9441,-0.0334,17,1.0269,27,15,0.411,0.9726,32,5.737,4.151,0.474,0.2885,0.0509,0.1184,0,0.1432,0.0017,0.007,36.134,0.3245,0,0.1984,0.2612,0.2731,3,0.052,-4,0,0,0,0.9506,1.0078,Complete,2026-03-12,58679600,Test
PRJ3-01795,Granite Airport Improvements 1795,Infrastructure,West,NV,Public,Lump Sum,IPD,Moderate,Moderate,Slow,2021-11-17,2023-05-25,2023,292224300,1042,0.532,0.5252,0.9405,1.0148,0.0419,7,0.9721,9,0,0.791,0.9464,145,4.962,14.619,0.0931,0.4684,0.1075,0.0205,0.0081,0.1813,0.0532,0.0366,23.787,0.2484,9.218,0.2048,0.2477,0.4169,6,0.0635,-10,0,0,0,0.9403,1.0097,Complete,2024-09-14,310786600,Train
PRJ3-01796,Summit Urban Village 1796,Mixed-Use,West,WA,Public-Private Partnership,Guaranteed Maximum Price,Design-Bid-Build,High,Moderate,Fast,2023-07-23,2025-02-15,2025,270908700,1007,0.57,0.5453,0.9772,0.9296,0.0222,25,0.9933,19,3,0.851,0.9717,136,5.02,9.929,0.2756,0.2694,0.0253,0.1687,0.0344,0.156,0.0318,0.0128,15.351,0.2001,3.025,0.3078,0.2446,0.3866,2,0.0592,-1,0,0,0,0.9441,1.001,Complete,2026-04-24,286947700,Test
PRJ3-01797,Copper Housing 1797,Residential,Southeast,TN,Public,Lump Sum,IPD,Moderate,Moderate,Fast,2020-09-12,2021-01-15,2021,54363200,299,0.421,0.4632,1.0467,1.0751,-0.0386,-13,1.0697,5,21,0.513,0.985,24,4.415,10.614,0.2006,0.3574,0.1095,0.1589,0.0638,0.1296,0.0259,0.0121,23.664,0.2208,1.527,0.2314,0.1732,0.4395,3,0.0045,-5,0,0,0,0.9956,1.017,Complete,2021-07-03,54606000,Train
PRJ3-01798,Horizon Marketplace 1798,Commercial,West,NV,Public-Private Partnership,Cost Plus,Design-Build,Moderate,Moderate,Standard,2024-12-11,2025-06-25,2025,98799000,448,0.438,0.4052,0.9411,0.9843,0.0297,15,1.0276,0,14,0.356,0.9738,44,4.453,7.563,0.367,0.3551,0.1054,0.2098,0.0609,0.0576,0.0258,0.0271,29.11,0.2403,1.142,0.169,0.2568,0.2813,3,0.1059,13,1,0,1,0.9042,0.9718,Complete,2026-03-17,109262100,Test
PRJ3-01799,Mesa Transit Program 1799,Infrastructure,Southeast,FL,Private,Unit Price,CMAR,High,High,Standard,2017-07-06,2019-01-28,2019,206594600,1179,0.485,0.48,0.9608,0.9804,0.0528,6,1.0,13,10,0.797,0.98,124,6.002,10.908,0.1826,0.3568,0.0814,0.1719,0.0748,0.1829,0.017,0.0072,9.746,0.1464,5.657,0.2694,0.1178,0.3975,3,0.0893,-25,0,0,0,0.918,1.0217,Complete,2020-09-02,225053100,Train
PRJ3-01800,Evergreen Medical Center 1800,Institutional,Southwest,NM,Public,Unit Price,Design-Build,Moderate,Moderate,Standard,2020-11-30,2022-05-08,2022,40425300,888,0.591,0.5898,1.0214,1.0028,0.0148,1,1.0288,11,12,0.432,0.9549,20,4.947,8.898,0.2509,0.2813,0.0594,0.0285,0.0226,0.2284,0.0504,0,32.048,0.4054,2.331,0.1433,0.2188,0.3155,2,0.0284,30,0,1,1,0.9724,0.9673,Complete,2023-06-06,41572700,Train
PRJ3-01801,Summit Residences 1801,Residential,Mountain,CO,Public,Guaranteed Maximum Price,Design-Bid-Build,Moderate,Moderate,Standard,2023-11-05,2025-02-02,2025,39969900,828,0.55,0.4816,1.0932,0.9007,-0.0596,57,1.0245,0,14,0.363,0.978,16,4.003,8.451,0.3152,0.2674,0.0585,0.1111,0.0203,0.1906,0.024,0.0181,20.497,0.2525,2.728,0.2894,0.1727,0.3309,2,-0.0294,-4,0,0,0,1.0303,1.0049,Complete,2026-02-06,38794500,Test
PRJ3-01802,Copper Housing 1802,Residential,West,OR,Public-Private Partnership,Guaranteed Maximum Price,Design-Build,High,Moderate,Standard,2018-08-01,2019-02-28,2019,37818500,394,0.537,0.5672,0.9837,1.0009,0.005,-12,1.0581,0,1,0.635,0.9704,17,4.495,6.7,0.373,0.3021,0.0885,0.1548,0.0289,0.1941,0.0145,0.0272,26.542,0.2967,4.069,0.2098,0.2877,0.273,3,-0.0096,-1,0,0,0,1.0097,1.0025,Complete,2019-08-29,37457000,Train
PRJ3-01804,Harbor Apartments 1804,Residential,Southwest,NM,Private,Unit Price,CMAR,Moderate,Moderate,Fast,2019-04-16,2020-04-07,2020,25902600,680,0.526,0.5373,1.0288,1.0389,-0.0085,-8,0.9871,0,24,0.898,0.9738,4,1.544,7.604,0.4154,0.2115,0.0533,0.115,0.0221,0.0534,0.0347,0.0117,24.166,0.4957,5.126,0.275,0.1863,0.3855,2,0.0925,21,0,0,0,0.9153,0.97,Complete,2021-03-17,28298000,Train
PRJ3-01805,Pioneer Medical Center 1805,Institutional,West,WA,Public,Guaranteed Maximum Price,Design-Bid-Build,Low,Moderate,Standard,2018-05-08,2019-05-28,2019,231957000,677,0.57,0.5791,0.9881,0.9832,0.0164,-6,0.9222,3,1,1.206,0.9646,105,4.527,6.92,0.4136,0.3079,0.0791,0.0492,0.014,0.0851,0.0088,0.0125,18.434,0.2501,3.716,0.2149,0.223,0.2294,2,0.0049,-25,0,0,0,0.9951,1.0383,Complete,2020-02-19,233095500,Train
PRJ3-01806,Horizon Utility Corridor 1806,Infrastructure,Northeast,PA,Private,Lump Sum,CMAR,Moderate,Low,Slow,2021-01-13,2022-06-19,2022,438232800,1164,0.449,0.3947,0.9472,0.9066,0.0037,63,0.8204,2,18,0.79,0.9489,240,5.477,7.408,0.3152,0.396,0.1303,0.2143,0.0395,0.0959,0.0494,0.0303,21.287,0.3471,8.223,0.3584,0.2907,0.4883,4,0.1259,2,1,0,1,0.8882,0.9983,Complete,2024-03-24,493384700,Train
PRJ3-01807,Crescent Residences 1807,Residential,Southeast,GA,Private,Lump Sum,Design-Bid-Build,Moderate,Low,Standard,2023-11-26,2024-06-22,2024,17949000,440,0.475,0.4398,0.9277,0.9514,0.0164,15,0.9776,31,16,0.737,0.9491,24,13.371,13.105,0.1234,0.4506,0.1047,0.0959,0.0376,0.0265,0.0386,0.0166,22.209,0.3459,7.63,0.3359,0.1981,0.211,4,0.0849,11,0,0,0,0.9217,0.9756,Complete,2025-02-19,19472900,Validation
PRJ3-01808,Lakeview Logistics Center 1808,Industrial,Midwest,OH,Private,Unit Price,IPD,Very High,Moderate,Standard,2023-08-16,2024-09-02,2024,193945600,927,0.414,0.3863,0.8777,0.9929,0.0464,26,1.0367,16,21,0.831,0.9609,118,6.084,11.592,0.2087,0.4134,0.1005,0.1385,0.0446,0.3025,0.0745,0.0344,18.462,0.1098,1.216,0.4315,0.2317,0.4111,4,0.246,29,1,0,1,0.8026,0.9697,Complete,2026-03-29,241657900,Validation
PRJ3-01809,Horizon Marketplace 1809,Commercial,Southeast,FL,Public-Private Partnership,Unit Price,Design-Bid-Build,Moderate,Moderate,Fast,2025-02-14,2025-12-17,2025,29412300,513,0.597,0.5693,1.0644,1.0044,-0.0239,14,1.1041,1,20,0.191,0.9598,16,5.44,9.533,0.1305,0.2707,0.075,0.0856,0.0336,0.1451,0.0242,0.0139,8.357,0.2551,0.993,0.2254,0.1236,0.2669,2,0.0892,19,0,0,0,0.9181,0.9643,Complete,2026-07-31,32035100,Test
PRJ3-01810,Harbor Medical Center 1810,Institutional,Midwest,IL,Public,Guaranteed Maximum Price,Design-Build,Very High,Low,Fast,2020-08-13,2021-10-03,2021,48064300,783,0.532,0.5195,0.8974,0.9528,0.0489,10,0.8897,34,13,0.98,0.9704,18,3.745,5.743,0.3132,0.2401,0.1071,0.2596,0.0637,0.2681,0.0389,0.0235,13.567,0.1021,4.172,0.3369,0.2417,0.4237,3,0.068,17,0,0,0,0.9363,0.9788,Complete,2022-10-22,51331600,Train
PRJ3-01811,Northstar Research Facility 1811,Institutional,Southwest,NM,Private,Cost Plus,Design-Bid-Build,High,Moderate,Standard,2020-12-16,2021-10-23,2021,78078100,868,0.359,0.3506,0.991,0.9917,-0.0062,7,0.8945,8,18,0.952,0.9601,38,4.867,5.467,0.4597,0.2502,0.0481,0.1838,0.0123,0.1981,0.046,0.0272,37.856,0.4538,4.331,0.3573,0.3642,0.4368,4,0.0188,1,0,0,0,0.9815,0.9988,Complete,2023-05-04,79547300,Train
PRJ3-01813,Aspen Process Plant 1813,Industrial,West,CA,Public-Private Partnership,Guaranteed Maximum Price,Design-Build,Very High,High,Standard,2019-04-07,2020-03-27,2020,248947200,940,0.378,0.3641,1.0233,0.9878,-0.008,13,1.0195,25,19,0.648,0.9546,129,5.182,8.191,0.2912,0.2741,0.0799,0.1266,0.0646,0.1986,0.0178,0.0138,26.864,0.3411,2.276,0.2962,0.2834,0.4349,3,0.0514,7,0,0,0,0.9511,0.9926,Complete,2021-11-09,261739300,Train
PRJ3-01814,Canyon Water Program 1814,Heavy Civil,Midwest,MO,Private,Cost Plus,CMAR,High,Moderate,Fast,2019-02-12,2021-03-16,2021,227782400,1354,0.564,0.5194,0.8974,0.9487,0.0623,60,0.9564,23,17,0.628,0.9684,131,5.751,8.197,0.2889,0.3139,0.0884,0.0806,0.0296,0.0934,0.0276,0.0066,12.435,0.2531,0,0.4147,0.1643,0.2542,1,0.0359,-3,0,0,0,0.9653,1.0022,Complete,2022-10-25,235961400,Train
PRJ3-01815,Liberty District 1815,Mixed-Use,Southwest,NM,Public,Lump Sum,Design-Bid-Build,Moderate,Moderate,Standard,2022-12-09,2023-12-09,2023,136128900,884,0.414,0.4343,0.9772,1.0443,0.0025,-18,0.9592,0,4,0.655,0.9713,70,5.142,2.956,0.6245,0.1452,0.0599,0.1178,0.0043,0.1657,0.0268,0,16.108,0.3131,7.323,0.1069,0.1944,0.393,2,0.0435,-20,0,0,0,0.9583,1.0231,Complete,2025-04-21,142055400,Train
PRJ3-01816,Northstar Earthworks Package 1816,Heavy Civil,West,OR,Private,Lump Sum,Design-Build,Very High,Moderate,Slow,2021-08-20,2023-01-24,2023,258178600,1346,0.388,0.3301,0.8747,0.8996,0.0536,78,0.9593,31,8,1.293,0.9578,182,7.049,14.349,0.08,0.6394,0.1622,0.1864,0.0391,0.258,0.058,0.0338,21.517,0.2336,5.178,0.4553,0.3141,0.4845,6,0.1496,12,1,0,1,0.8699,0.9912,Complete,2025-05-09,296798300,Train
PRJ3-01817,Cedar Transit-Oriented Development 1817,Mixed-Use,Northeast,MA,Private,Unit Price,Design-Build,High,Low,Standard,2023-01-20,2024-05-10,2024,310936900,1049,0.454,0.5002,0.8968,1.0905,0.0649,-48,0.893,20,20,0.534,0.9712,192,6.175,5.656,0.4225,0.2848,0.097,0.1342,0.051,0.2575,0.0483,0.037,5,0.1111,5.34,0.4156,0.1377,0.5687,3,0.1109,-15,1,0,1,0.9002,1.0145,Complete,2025-11-19,345424800,Validation
PRJ3-01818,Northstar Medical Center 1818,Institutional,West,OR,Public-Private Partnership,Unit Price,IPD,Moderate,Moderate,Standard,2020-12-04,2021-08-16,2021,99166900,703,0.364,0.363,0.9395,1.0371,-0.0052,1,0.9787,0,5,0.56,0.9883,49,4.941,5.832,0.547,0.2176,0.0788,0.1425,0.0479,0.141,0,0,25.219,0.3438,2.179,0.2516,0.3154,0.3025,2,-0.042,9,0,0,0,1.0439,0.9874,Complete,2022-11-16,94997600,Train
PRJ3-01819,Horizon Process Plant 1819,Industrial,Mountain,MT,Private,Lump Sum,Design-Bid-Build,Moderate,Low,Fast,2023-03-19,2024-05-17,2024,99238500,715,0.595,0.5982,0.9542,0.9611,0.0195,-2,0.8783,1,13,0.498,0.9644,43,4.333,8.75,0.3524,0.2777,0.0523,0.1431,0.0379,0.1381,0.0396,0.0117,5.346,0.0713,5.89,0.3432,0.1941,0.306,2,0.0936,-21,0,0,0,0.9144,1.0303,Complete,2025-02-10,108523300,Validation
PRJ3-01820,Redwood Marketplace 1820,Commercial,Northeast,MA,Private,Cost Plus,Design-Bid-Build,High,Moderate,Standard,2020-09-20,2022-02-26,2022,47757200,948,0.553,0.4938,0.9107,0.9175,0.0625,56,0.9262,22,17,0.512,0.9659,32,6.701,4.704,0.5591,0.1653,0.0412,0.158,0.0437,0.2123,0.0502,0.0128,14.8,0.1304,6.224,0.3512,0.1743,0.25,2,0.0772,13,0,0,0,0.9284,0.9865,Complete,2023-05-09,51441700,Train
PRJ3-01821,Canyon Logistics Center 1821,Industrial,West,NV,Public,Cost Plus,Design-Bid-Build,High,High,Fast,2021-07-16,2022-07-02,2022,104626000,755,0.466,0.4262,0.9283,0.9435,0.0405,30,1.0034,0,9,0.445,0.9661,55,5.257,6.194,0.3788,0.1778,0.0942,0.0732,0.0107,0.1539,0.0191,0.0344,12.786,0.1658,4.516,0.3254,0.0901,0.3053,3,0.1442,-25,1,0,1,0.874,1.0342,Complete,2023-07-16,119712500,Train
PRJ3-01822,Copper Earthworks Package 1822,Heavy Civil,Southwest,NM,Public,Guaranteed Maximum Price,IPD,Very High,Moderate,Slow,2021-02-09,2023-02-14,2023,477295600,1255,0.586,0.4935,0.9563,0.8167,0.0187,116,0.8785,17,7,0.575,0.9472,240,5.028,9.319,0.2397,0.4531,0.1166,0.1333,0.0368,0.2498,0.0703,0.0591,14.971,0.2065,8.905,0.4174,0.1419,0.4278,5,0.0828,50,0,1,1,0.9235,0.9617,Complete,2024-09-06,516835900,Train
PRJ3-01823,Gateway Research Facility 1823,Institutional,Midwest,MI,Private,Lump Sum,IPD,Moderate,Moderate,Standard,2022-07-11,2023-08-23,2023,84549600,809,0.505,0.4812,1.0333,0.9513,-0.0134,19,0.9767,6,17,0.537,0.9574,34,4.021,13.584,0.08,0.4286,0.1025,0.0922,0.04,0.1839,0.0263,0.0205,23.908,0.2394,0,0.3586,0.1676,0.3247,4,0.0712,40,0,1,1,0.9336,0.9529,Complete,2024-11-06,90566900,Train
PRJ3-01824,Redwood Process Plant 1824,Industrial,Midwest,OH,Private,Guaranteed Maximum Price,Design-Build,Moderate,High,Fast,2020-03-19,2021-02-05,2021,145654800,818,0.396,0.3943,1.0313,0.9529,-0.0043,1,0.9962,0,28,0.738,0.9881,63,4.325,6.966,0.3746,0.2072,0.0438,0.0809,0.0459,0.1415,0.0178,0.0039,11.028,0.1444,2.178,0.2014,0.122,0.2618,1,0.0773,-18,0,0,0,0.9282,1.0225,Complete,2022-05-28,156917800,Train
PRJ3-01825,Mesa Corporate Center 1825,Commercial,West,OR,Public,Lump Sum,Design-Bid-Build,High,High,Standard,2024-09-10,2025-11-23,2025,41192500,804,0.547,0.581,0.9889,1.0572,0.0163,-27,0.8873,0,3,0.625,0.9353,34,8.254,6.975,0.2581,0.2912,0.0622,0.2036,0.0553,0.1765,0.0195,0.0539,19.115,0.3709,6.342,0.3398,0.2331,0.4132,4,0.0369,15,0,0,0,0.9644,0.9817,Complete,2026-12-08,42712600,Test
PRJ3-01826,Gateway Utility Corridor 1826,Infrastructure,Southwest,AZ,Public,Lump Sum,Design-Bid-Build,Moderate,Low,Fast,2019-10-10,2021-06-12,2021,108597500,1274,0.48,0.487,1.0099,1.0438,-0.0067,-9,0.9613,28,7,0.681,0.972,55,5.065,7.842,0.2287,0.2612,0.0482,0.0201,0.0161,0.164,0.0264,0.0033,10.88,0.1111,1.389,0.3105,0.1071,0.2925,1,-0.0046,-2,0,0,0,1.0046,1.0016,Complete,2023-04-04,108100100,Train
PRJ3-01827,Northstar Civic Complex 1827,Institutional,Southeast,FL,Private,Unit Price,Design-Bid-Build,Moderate,Moderate,Fast,2024-11-22,2025-11-22,2025,82472500,679,0.538,0.5477,0.951,0.9729,0.0044,-7,1.0202,20,19,0.79,0.9897,33,4.001,2.546,0.6143,0.0137,0,0.0547,0.0048,0.1192,0.0092,0,16.821,0.1943,6.91,0.0837,0.1661,0.3067,1,0.0039,-11,0,0,0,0.9961,1.0165,Complete,2026-09-21,82794500,Test
PRJ3-01828,Riverside Residences 1828,Residential,Southwest,TX,Public-Private Partnership,Cost Plus,Design-Build,Very High,Low,Fast,2020-03-16,2020-10-26,2020,35417900,615,0.365,0.3062,0.9034,0.8896,0.0311,36,0.9465,25,8,0.64,0.9524,12,3.388,11.251,0.1965,0.3833,0.0814,0.1135,0.0166,0.2798,0.0475,0.0204,10.239,0.173,7.767,0.3135,0.2503,0.3546,4,0.0966,-6,0,0,0,0.9119,1.0099,Complete,2021-11-15,38837600,Train
PRJ3-01829,Horizon Education Center 1829,Institutional,Northeast,NJ,Public-Private Partnership,Guaranteed Maximum Price,Design-Bid-Build,High,Low,Fast,2020-11-19,2022-03-12,2022,54529300,897,0.534,0.4592,0.9035,0.9045,0.0474,67,0.9516,22,19,0.736,0.9656,45,8.252,9.448,0.2505,0.3905,0.0691,0.1947,0.0598,0.1911,0.0281,0.0338,17.773,0.2588,2.962,0.3403,0.2315,0.3408,3,0.1238,16,1,0,1,0.8898,0.9825,Complete,2023-05-21,61279700,Train
PRJ3-01830,Harbor Logistics Center 1830,Industrial,Northeast,CT,Private,Cost Plus,IPD,Low,Low,Fast,2022-01-19,2023-03-08,2023,105920900,700,0.591,0.6489,0.9683,1.0553,-0.0099,-41,0.9525,10,5,0,0.9618,42,3.965,13.815,0.08,0.505,0.1121,0.0901,0.0137,0.1375,0.0225,0.0106,21.13,0.2554,1.446,0.2525,0.2193,0.2968,4,0.0185,10,0,0,0,0.9819,0.9859,Complete,2023-12-30,107876500,Train
PRJ3-01831,Copper Corporate Center 1831,Commercial,Midwest,IL,Private,Unit Price,IPD,Very High,Moderate,Standard,2018-07-07,2019-03-21,2019,53376200,734,0.351,0.3427,0.8743,0.9262,0.0376,6,1.0659,35,23,0.636,0.9619,41,7.681,8.085,0.1999,0.3075,0.0734,0.1995,0.0958,0.202,0.0528,0.024,28.575,0.3389,6.771,0.4057,0.3407,0.4526,4,0.1105,56,1,1,1,0.9005,0.9291,Complete,2020-09-04,59273900,Train
PRJ3-01832,Copper Apartments 1832,Residential,West,CA,Private,Lump Sum,Design-Bid-Build,Moderate,Moderate,Slow,2019-12-22,2020-11-11,2020,94152400,669,0.487,0.4381,0.9025,0.8999,0.0517,33,0.9671,0,6,0.737,0.9734,46,4.886,8.206,0.1224,0.3621,0.0841,0.0632,0.0187,0.02,0.0126,0.0324,12.621,0.2836,4.979,0.2145,0.114,0.2748,3,0.099,-12,0,0,0,0.9099,1.0183,Complete,2021-10-09,103476800,Train
PRJ3-01833,Canyon Earthworks Package 1833,Heavy Civil,Mountain,MT,Private,Cost Plus,Design-Bid-Build,Moderate,Moderate,Fast,2023-12-23,2025-07-24,2025,437034700,1147,0.505,0.5206,1.0893,1.0061,-0.0426,-18,1.0672,0,8,0.99,0.9574,213,4.874,6.974,0.5075,0.2879,0.0732,0.0786,0.0695,0.1278,0.0214,0.0056,14.794,0.2396,3.181,0.0842,0.175,0.4098,2,0.0114,-24,0,0,0,0.9887,1.0214,Complete,2027-01-19,442037500,Test
PRJ3-01834,Harbor Marketplace 1834,Commercial,Mountain,CO,Private,Lump Sum,CMAR,Moderate,High,Fast,2025-02-24,2025-12-10,2025,106805800,731,0.396,0.3766,1.0084,0.9495,0.0,14,0.9137,1,17,0.653,0.9688,41,3.839,6.129,0.5195,0.2629,0.0243,0.0309,0.026,0.1443,0.0435,0.0032,18.742,0.2513,0,0.2382,0.2115,0.2744,1,0.0733,-25,0,0,0,0.9317,1.0354,Complete,2027-01-31,114637700,Test
PRJ3-01835,Mesa Airport Improvements 1835,Infrastructure,Mountain,ID,Private,Lump Sum,IPD,Moderate,Low,Standard,2024-03-23,2025-12-04,2025,319826200,1230,0.505,0.4825,0.9734,0.959,0.039,28,0.9173,2,7,0.903,0.9806,159,4.971,4.331,0.4898,0.2707,0.0762,0.2231,0.0893,0.138,0.0418,0.0211,23.027,0.1918,3.888,0.2969,0.2583,0.2113,3,0.058,-9,0,0,0,0.9451,1.0074,Complete,2027-07-27,338387700,Test
PRJ3-01836,Aspen Marketplace 1836,Commercial,West,WA,Public,Cost Plus,CMAR,Very High,Moderate,Standard,2024-10-14,2025-10-27,2025,107927200,929,0.407,0.386,0.8758,0.9903,0.0685,20,0.9322,25,9,0.634,0.9582,55,5.096,10.177,0.1712,0.3187,0.0926,0.1511,0.0738,0.1768,0.0815,0.0231,16.822,0.1642,6.055,0.4799,0.1599,0.3632,3,0.1215,-4,1,0,1,0.8917,1.0043,Complete,2027-04-27,121036700,Test
PRJ3-01837,Evergreen Highway Improvements 1837,Heavy Civil,West,CA,Private,Lump Sum,Design-Bid-Build,Very High,High,Slow,2022-07-06,2024-02-22,2024,184058700,1461,0.408,0.3644,0.8661,0.9125,0.0626,64,0.8719,32,4,0.875,0.9362,112,6.085,10.698,0.08,0.4473,0.0908,0.1174,0.0191,0.2022,0.0697,0.0524,16.406,0.2912,5.104,0.4807,0.1817,0.4013,5,0.0841,36,0,1,1,0.9225,0.976,Complete,2026-08-11,199532000,Validation
PRJ3-01838,Horizon Urban Village 1838,Mixed-Use,Southwest,TX,Public,Cost Plus,CMAR,High,High,Standard,2020-07-09,2021-11-12,2021,128350500,1124,0.437,0.4674,0.9908,1.0701,0.0022,-34,1.0003,20,3,0.156,0.9736,63,4.908,8.278,0.2839,0.3702,0.0957,0.0971,0.0371,0.1782,0.0396,0.0193,17.292,0.208,6.189,0.2194,0.2132,0.2783,3,-0.0442,26,0,0,0,1.0462,0.9774,Complete,2023-09-02,122677200,Train
PRJ3-01839,Aspen Distribution Hub 1839,Industrial,Southeast,TN,Public,Guaranteed Maximum Price,Design-Bid-Build,Very High,Moderate,Standard,2020-01-04,2021-01-19,2021,53636700,874,0.436,0.3988,0.9475,0.9298,0.0325,33,0.823,13,26,0.555,0.9586,25,4.661,9.917,0.08,0.3832,0.1294,0.1676,0.0259,0.2145,0.0352,0.0344,37.081,0.3591,4.047,0.3069,0.3274,0.3847,5,0.1062,23,1,0,1,0.904,0.9744,Complete,2022-06-19,59333800,Train
PRJ3-01840,Mesa Apartments 1840,Residential,West,CA,Private,Lump Sum,Design-Build,Very High,High,Fast,2019-10-23,2020-07-13,2020,42258000,639,0.414,0.4288,1.0087,0.9404,0.0044,-9,0.9925,0,6,1.069,0.9596,19,4.496,12.264,0.08,0.3612,0.0694,0.1513,0.0208,0.314,0.0452,0.0029,30.118,0.3107,1.612,0.4129,0.325,0.3211,3,-0.0349,7,0,0,0,1.0362,0.9892,Complete,2021-07-30,40782700,Train
PRJ3-01841,Northstar District 1841,Mixed-Use,Midwest,IL,Public-Private Partnership,Unit Price,Design-Bid-Build,Moderate,Moderate,Fast,2024-01-21,2024-11-17,2024,86766100,711,0.424,0.4542,0.9454,0.9952,0.0412,-22,1.0635,0,5,0.451,0.964,41,4.725,5.116,0.4424,0.0835,0.0082,0.0135,0.049,0.1321,0.0333,0.0079,10.8,0.2741,0,0.2999,0.1181,0.3465,1,0.0196,-4,0,0,0,0.9808,1.0057,Complete,2025-12-28,88469000,Validation
PRJ3-01842,Redwood Transit-Oriented Development 1842,Mixed-Use,Northeast,MA,Private,Lump Sum,Design-Bid-Build,Moderate,Moderate,Fast,2021-11-11,2022-09-18,2022,89929500,759,0.411,0.421,0.907,1.0114,0.0529,-8,0.8101,18,11,0.44,0.9816,45,5.004,4.434,0.6399,0.1312,0.0319,0.0464,0,0.0652,0.0236,0.0007,18.762,0.2353,1.848,0.1723,0.1282,0.323,1,0.0797,-6,0,0,0,0.9262,1.008,Complete,2023-12-04,97095600,Train
PRJ3-01843,Riverside Education Center 1843,Institutional,Midwest,MO,Private,Lump Sum,CMAR,High,Low,Standard,2022-05-12,2023-05-25,2023,96690700,875,0.433,0.4193,0.9514,0.945,-0.0025,12,0.8438,12,25,0.441,0.9497,46,4.757,11.178,0.1544,0.3336,0.073,0.1301,0.0449,0.2366,0.0176,0.0426,27.064,0.2613,2.707,0.3645,0.2227,0.3373,4,-0.0018,21,0,0,0,1.0018,0.9766,Complete,2024-10-24,96513000,Train
PRJ3-01844,Crescent Urban Village 1844,Mixed-Use,Southeast,TN,Private,Lump Sum,Design-Build,High,Low,Standard,2024-01-15,2025-08-12,2025,584676800,1005,0.573,0.5402,0.9632,0.8977,0.0274,33,0.936,37,13,0.415,0.9651,240,4.105,6.454,0.3569,0.2849,0.0924,0.147,0.0315,0.1741,0.0517,0.0258,17.199,0.1932,1.163,0.3126,0.1958,0.4452,2,0.0974,-5,0,0,0,0.9112,1.005,Complete,2026-10-11,641633100,Test
PRJ3-01845,Evergreen Earthworks Package 1845,Heavy Civil,Midwest,OH,Public,Guaranteed Maximum Price,Design-Bid-Build,Low,Moderate,Fast,2021-05-02,2022-06-28,2022,206416800,1186,0.356,0.2748,1.0748,0.8509,0.0051,96,0.9614,17,13,0.422,0.9868,89,4.312,8.353,0.3539,0.2403,0.0362,0.0459,0.0231,0.0314,0.0317,0.0119,18.09,0.2365,1.022,0.1968,0.2516,0.1759,2,0.0489,8,0,0,0,0.9534,0.9933,Complete,2024-08-08,216511700,Train
PRJ3-01846,Redwood Public Works Program 1846,Infrastructure,Mountain,MT,Public,Guaranteed Maximum Price,IPD,High,Low,Fast,2018-05-16,2020-07-10,2020,298121600,1481,0.531,0.5089,0.9811,0.9791,-0.0203,33,0.8861,12,20,0.547,0.9472,154,5.166,8.361,0.3581,0.2389,0.0908,0.2505,0.0383,0.1912,0.05,0.0182,33.258,0.3895,4.577,0.1651,0.4216,0.2357,4,0.0849,38,0,1,1,0.9218,0.975,Complete,2022-07-13,323422900,Train
PRJ3-01847,Redwood Apartments 1847,Residential,Southeast,TN,Private,Unit Price,Design-Build,Moderate,Low,Standard,2021-01-11,2022-01-28,2022,21619900,676,0.566,0.5532,0.9388,1.0044,0.0181,9,1.1054,0,10,0.343,0.9801,13,6.013,8.248,0.3563,0.285,0.0815,0.1079,0.0185,0.1187,0.0193,0.0296,10.039,0.1304,5.807,0.4132,0.1525,0.4808,3,0.0448,8,0,0,0,0.9571,0.9883,Complete,2022-11-26,22588400,Train
PRJ3-01848,Copper Apartments 1848,Residential,Mountain,MT,Private,Cost Plus,Design-Build,High,Moderate,Standard,2021-05-25,2022-03-14,2022,33208600,582,0.505,0.5058,0.9104,0.9976,0.0676,0,1.043,1,11,0.722,0.9764,25,7.528,8.459,0.2056,0.3459,0.0742,0.1877,0.0443,0.2004,0.0397,0.0099,22.308,0.224,6.196,0.2088,0.1808,0.2694,3,0.1162,2,1,0,1,0.8959,0.9966,Complete,2022-12-30,37067300,Train
PRJ3-01849,Copper Distribution Hub 1849,Industrial,Northeast,CT,Private,Lump Sum,Design-Bid-Build,High,Moderate,Fast,2021-10-24,2023-05-10,2023,137316900,1097,0.514,0.5328,0.9931,0.9521,-0.0119,-21,0.9961,12,14,0.639,0.9509,59,4.297,5.28,0.4338,0.2444,0.0497,0.1101,0.0473,0.1934,0.0397,0.0255,14.547,0.184,0,0.1735,0.1619,0.3405,2,-0.0075,31,0,1,1,1.0075,0.9725,Complete,2024-11-25,136291400,Train
PRJ3-01851,Northstar Office Campus 1851,Commercial,Southeast,TN,Private,Guaranteed Maximum Price,Design-Build,Very High,Moderate,Standard,2021-04-17,2022-04-10,2022,114594000,625,0.574,0.5317,0.9814,0.912,-0.0049,26,0.8591,17,16,0.637,0.9604,74,6.458,6.083,0.3453,0.3177,0.0746,0.1912,0.0682,0.2334,0.032,0.0171,15.433,0.2448,2.155,0.2185,0.1891,0.4142,2,0.038,27,0,0,0,0.9634,0.9586,Complete,2023-01-29,118952200,Train
PRJ3-01852,Copper Airport Improvements 1852,Infrastructure,Northeast,NY,Public-Private Partnership,Guaranteed Maximum Price,Design-Build,Moderate,Low,Slow,2017-02-28,2019-01-09,2019,119983100,1208,0.563,0.5573,0.9016,0.9692,0.0596,7,1.0846,35,23,0.794,0.9795,57,4.751,10.741,0.1733,0.389,0.063,0.1722,0.0402,0.1657,0.0155,0.0356,38.98,0.4139,8.994,0.348,0.3285,0.4292,6,0.0713,30,0,1,1,0.9334,0.9758,Complete,2020-07-20,128543400,Train
PRJ3-01853,Liberty Utility Corridor 1853,Infrastructure,Midwest,MI,Private,Unit Price,Design-Build,Moderate,High,Standard,2019-11-15,2021-09-21,2021,120977400,1350,0.501,0.5302,1.1256,1.02,-0.0376,-39,0.9391,36,0,0.523,0.9902,45,3.72,6.505,0.4938,0.2286,0.0623,0.0862,0.0801,0.1425,0.0202,0.0054,14.991,0.2629,0.23,0.2184,0.1371,0.2699,1,-0.0286,2,0,0,0,1.0294,0.9985,Complete,2023-07-29,117519200,Train
PRJ3-01854,Mesa Neighborhood 1854,Residential,Mountain,CO,Public,Cost Plus,Design-Build,Moderate,Low,Standard,2021-05-24,2021-10-22,2021,113113100,424,0.357,0.3675,0.9986,1.0089,0.0083,-4,0.9553,25,0,0.697,0.96,77,6.807,10.948,0.2235,0.4049,0.0892,0.064,0.0537,0.1727,0.0318,0.0262,22.237,0.2326,5.372,0.2897,0.1787,0.3001,4,0.0339,9,0,0,0,0.9672,0.9792,Complete,2022-07-31,116943000,Train
PRJ3-01855,Harbor District 1855,Mixed-Use,Southeast,NC,Private,Lump Sum,Design-Bid-Build,High,Moderate,Fast,2021-04-14,2022-08-26,2022,325080500,970,0.515,0.4924,0.8965,0.9414,0.0614,22,0.9361,10,17,0.852,0.958,181,5.568,8.114,0.314,0.2919,0.0803,0.1661,0.0409,0.198,0.0284,0.0068,16.6,0.2213,0,0.4017,0.151,0.3385,1,0.1225,14,1,0,1,0.8909,0.9858,Complete,2023-12-24,364904500,Train
PRJ3-01856,Horizon Transit Program 1856,Infrastructure,Mountain,ID,Public,Guaranteed Maximum Price,IPD,Very High,Moderate,Standard,2019-10-08,2021-03-23,2021,395154800,1327,0.401,0.328,0.8885,0.7887,0.0517,97,0.862,35,20,0.682,0.986,238,6.023,7.446,0.3363,0.3101,0.085,0.2282,0.0585,0.1782,0.0467,0.0267,16.666,0.1795,3.026,0.3418,0.223,0.4752,3,0.1485,65,1,1,1,0.8707,0.9533,Complete,2023-07-31,453846900,Train
PRJ3-01857,Copper Office Campus 1857,Commercial,Midwest,MI,Public-Private Partnership,Lump Sum,CMAR,Moderate,Moderate,Standard,2023-12-23,2025-01-17,2025,44902100,695,0.564,0.6212,1.0189,1.0373,-0.0121,-40,1.0976,5,15,0.696,0.9581,28,6.236,8.54,0.3351,0.345,0.0738,0,0,0.1981,0.0233,0.013,35.246,0.3632,5.352,0.2051,0.3431,0.3202,4,-0.0211,-6,0,0,0,1.0215,1.0087,Complete,2025-11-11,43955900,Test
PRJ3-01858,Copper Water Program 1858,Heavy Civil,Southeast,FL,Public,Cost Plus,Design-Build,Moderate,High,Fast,2019-10-03,2020-10-26,2020,257563800,932,0.418,0.4049,1.032,0.9362,0.0131,12,1.052,0,15,0.529,0.9648,107,4.154,2,0.4989,0.0843,0.0572,0,0.0251,0.0218,0,0.0108,20.086,0.1708,3.678,0.1922,0.1765,0.2867,2,-0.0213,-11,0,0,0,1.0217,1.0119,Complete,2022-04-11,252083500,Train
PRJ3-01859,Summit Town Center 1859,Mixed-Use,Mountain,WY,Private,Unit Price,CMAR,Moderate,Low,Standard,2022-05-06,2023-09-12,2023,100966300,876,0.565,0.5604,1.0462,0.9754,-0.0436,4,1.0069,2,15,0.8,0.9596,36,3.566,8.539,0.1372,0.2719,0.0631,0.2047,0.0709,0.2726,0.0183,0.0197,10.68,0.1112,1.027,0.171,0.1825,0.3595,2,0.0649,-25,0,0,0,0.9391,1.0294,Complete,2024-09-03,107519200,Train
PRJ3-01860,Mesa Residences 1860,Residential,Southeast,TN,Public,Cost Plus,Design-Build,Low,Low,Fast,2023-11-08,2024-08-03,2024,28681100,657,0.41,0.4424,1.0981,1.0624,-0.0371,-21,1.1091,16,7,0.201,0.9833,4,1.395,7.666,0.425,0.3197,0.0629,0.1171,0.0624,0.0871,0,0.0042,16.081,0.2078,2.972,0.1417,0.1859,0.2699,2,-0.0122,-15,0,0,0,1.0124,1.0234,Complete,2025-08-11,28329800,Validation
PRJ3-01861,Redwood Manufacturing Facility 1861,Industrial,Southwest,AZ,Private,Cost Plus,IPD,Low,Low,Standard,2019-07-13,2020-05-11,2020,247226100,840,0.361,0.3887,1.0571,1.0497,-0.0209,-23,1.0316,35,0,0.354,0.9486,99,4.004,5.235,0.4202,0.2014,0.0297,0.1735,0.0507,0.0982,0.0226,0,16.737,0.1581,6.414,0.0564,0.2575,0.31,2,-0.0057,34,0,1,1,1.0057,0.9611,Complete,2021-12-03,245823400,Train
PRJ3-01863,Crescent Water Program 1863,Heavy Civil,Southeast,NC,Private,Lump Sum,Design-Build,Very High,Moderate,Standard,2022-02-10,2023-06-21,2023,178444000,1160,0.428,0.4043,1.0084,0.9259,-0.0115,27,0.991,20,21,1.099,0.9527,117,6.557,4.748,0.6068,0.1339,0.0628,0.2155,0.0756,0.2762,0.0459,0.0296,17.226,0.255,3.813,0.2634,0.198,0.3625,2,0.0025,4,0,0,0,0.9975,0.9966,Complete,2025-04-19,178893000,Train
PRJ3-01864,Riverside Marketplace 1864,Commercial,West,CA,Private,Cost Plus,Design-Bid-Build,High,Moderate,Fast,2022-09-03,2023-06-20,2023,43715600,672,0.432,0.3934,0.8481,0.9227,0.0732,26,0.977,15,13,0.39,0.9722,13,2.974,6.951,0.4104,0.2164,0.0249,0.1134,0.0163,0.0867,0.0509,0.0047,10.985,0.1846,2.544,0.3683,0.1106,0.2727,1,0.079,1,0,0,0,0.9268,0.9985,Complete,2024-07-07,47167700,Train
PRJ3-01865,Cedar Education Center 1865,Institutional,West,NV,Private,Lump Sum,Design-Build,Moderate,Moderate,Fast,2023-08-19,2024-10-23,2024,211436200,731,0.59,0.6002,0.9463,1.0064,0.0221,-7,0.9927,0,0,0.205,0.9691,87,4.115,5.274,0.3468,0.1982,0.0678,0.0978,0.0235,0.1317,0,0.0281,6.31,0.0752,4.035,0.1869,0.118,0.3258,2,0.0531,-25,0,0,0,0.9496,1.0354,Complete,2025-07-25,222668300,Validation
PRJ3-01866,Evergreen Urban Village 1866,Mixed-Use,West,CA,Public,Lump Sum,Design-Build,Moderate,High,Slow,2018-01-15,2019-05-14,2019,217993700,898,0.539,0.4993,0.9231,0.9872,0.0388,36,0.9628,8,0,0.7,0.9707,89,4.083,10.689,0.08,0.5342,0.1405,0.0699,0.0102,0.1973,0.0178,0.0118,31.589,0.4357,5.351,0.3436,0.2715,0.418,4,0.0556,39,0,1,1,0.9474,0.9584,Complete,2020-08-09,230103600,Train
PRJ3-01867,Evergreen Water Program 1867,Heavy Civil,Southeast,GA,Public,Lump Sum,Design-Bid-Build,High,High,Standard,2024-07-20,2025-12-10,2025,37071000,1021,0.498,0.4717,0.9534,0.9473,0.008,27,0.9052,3,12,0.728,0.9554,41,11.06,6.517,0.3348,0.2152,0.0758,0.1635,0,0.2289,0.0424,0.017,32.064,0.4143,9.862,0.4933,0.2753,0.3381,4,0.0034,9,0,0,0,0.9966,0.9913,Complete,2027-05-16,37196400,Test
PRJ3-01868,Canyon Medical Center 1868,Institutional,Northeast,MA,Public,Guaranteed Maximum Price,CMAR,Very High,Low,Standard,2019-09-15,2021-01-12,2021,95900400,818,0.593,0.5617,0.9433,0.931,0.0407,26,0.8827,21,12,0.842,0.9556,69,7.195,12.888,0.08,0.414,0.1133,0.2117,0.0636,0.305,0.0368,0.0162,18.959,0.2836,0,0.1971,0.25,0.3496,3,0.0977,15,0,0,0,0.911,0.982,Complete,2021-12-26,105267900,Train
PRJ3-01869,Copper Education Center 1869,Institutional,Mountain,ID,Private,Lump Sum,Design-Bid-Build,Very High,Moderate,Fast,2021-04-14,2022-07-06,2022,91771200,1038,0.432,0.3862,0.7963,0.9276,0.1153,48,0.9166,35,27,0.597,0.9701,40,4.359,10.339,0.1561,0.4359,0.0847,0.1113,0.0235,0.2148,0.058,0.0312,21.889,0.3314,5.663,0.3658,0.2255,0.3891,4,0.1703,17,1,0,1,0.8545,0.9839,Complete,2024-03-04,107395900,Train
PRJ3-01870,Redwood Apartments 1870,Residential,Mountain,CO,Private,Lump Sum,CMAR,Very High,Moderate,Slow,2021-02-24,2022-01-25,2022,40428700,564,0.594,0.4345,0.9399,0.7834,0.0494,90,0.9163,23,17,1.022,0.9464,25,6.184,14.249,0.08,0.5494,0.1616,0.2125,0.0752,0.2134,0.0823,0.0486,27.526,0.3126,10.027,0.3976,0.2554,0.4307,7,0.1366,84,1,1,1,0.8798,0.8704,Complete,2022-12-04,45950600,Train
PRJ3-01871,Evergreen Logistics Center 1871,Industrial,Mountain,MT,Private,Guaranteed Maximum Price,CMAR,Moderate,Moderate,Standard,2021-09-03,2023-04-02,2023,176687500,990,0.582,0.5845,1.0161,1.0108,-0.011,-2,1.0798,21,12,0.11,0.9798,86,4.867,7.444,0.481,0.302,0.0769,0.1256,0.0575,0.1964,0.0657,0.0058,21.884,0.2412,4.41,0.1764,0.2712,0.3559,2,0.0361,5,0,0,0,0.9651,0.995,Complete,2024-05-25,183067500,Train
PRJ3-01872,Redwood Town Center 1872,Mixed-Use,Mountain,MT,Public,Cost Plus,Design-Bid-Build,High,High,Standard,2024-01-24,2025-05-09,2025,110223100,793,0.594,0.6223,1.0853,1.0227,-0.0251,-22,0.9871,13,23,0.709,0.9631,61,5.534,5.854,0.4676,0.2307,0.0963,0.1674,0.057,0.1576,0.0507,0.0178,17.079,0.2804,3.026,0.1861,0.1712,0.3875,2,0.0214,-9,0,0,0,0.9791,1.0115,Complete,2026-03-18,112579200,Test
PRJ3-01873,Canyon Manufacturing Facility 1873,Industrial,West,OR,Public,Unit Price,CMAR,Moderate,Moderate,Fast,2020-01-22,2021-08-26,2021,69812500,1218,0.478,0.5035,1.062,1.0786,-0.04,-31,1.0248,0,10,0.609,0.9708,17,2.435,10.453,0.273,0.3166,0.0667,0.1121,0.0442,0.1474,0.0231,0,19.79,0.304,0,0.2287,0.1646,0.2233,2,-0.008,-13,0,0,0,1.0081,1.0108,Complete,2023-05-11,69250500,Train
PRJ3-01874,Northstar Medical Center 1874,Institutional,West,CA,Public,Lump Sum,Design-Bid-Build,High,Moderate,Slow,2023-06-02,2024-06-06,2024,133300400,1026,0.361,0.3503,0.9655,0.9339,0.0174,11,0.9381,22,11,0.747,0.9504,76,5.701,14.17,0.08,0.5171,0.1429,0.0256,0,0.1885,0.0414,0.03,42.533,0.3968,3.441,0.4312,0.2677,0.5094,6,0.0932,36,0,1,1,0.9148,0.9661,Complete,2026-04-29,145723300,Validation
PRJ3-01875,Canyon Housing 1875,Residential,Mountain,CO,Private,Cost Plus,Design-Build,Moderate,Low,Slow,2024-12-01,2025-09-28,2025,37263700,642,0.469,0.4981,0.8269,1.0306,0.1081,-19,1.012,35,14,0.774,0.9538,28,7.514,9.708,0.2123,0.364,0.0922,0.13,0.0934,0.101,0.0306,0.0347,47.723,0.5874,0,0.2296,0.3923,0.4015,5,0.1521,16,1,0,1,0.868,0.9757,Complete,2026-09-20,42931000,Test
PRJ3-01876,Crescent Transit-Oriented Development 1876,Mixed-Use,Southwest,TX,Private,Guaranteed Maximum Price,Design-Build,Very High,Low,Slow,2018-08-09,2019-09-07,2019,409567200,951,0.415,0.3711,0.8168,0.9033,0.1162,42,0.8643,18,2,0.442,0.9436,240,5.86,13.413,0.0832,0.4269,0.1361,0.1899,0.064,0.2744,0.0605,0.0181,35.954,0.3426,5.191,0.4057,0.439,0.5037,5,0.1733,22,1,0,1,0.8523,0.9774,Complete,2021-04-08,480526800,Train
PRJ3-01877,Granite Education Center 1877,Institutional,Northeast,NJ,Private,Cost Plus,Design-Build,Moderate,High,Fast,2023-07-02,2025-01-09,2025,56722600,968,0.576,0.5714,1.0341,1.0227,-0.0163,4,0.9838,13,15,0.255,0.9521,27,4.76,5.418,0.3383,0.149,0.0629,0.1067,0.0134,0.0925,0.0149,0,19.407,0.2767,0,0.1878,0.2593,0.3278,1,-0.0146,14,0,0,0,1.0148,0.9857,Complete,2026-03-10,55895400,Test
PRJ3-01878,Redwood Distribution Hub 1878,Industrial,West,WA,Public,Unit Price,Design-Bid-Build,Moderate,Moderate,Standard,2024-08-03,2025-09-08,2025,123312900,948,0.423,0.3868,1.018,0.9042,-0.0109,34,1.0428,9,0,0.526,0.9477,44,3.568,9.703,0.3368,0.3738,0.0889,0.1374,0.0699,0.1688,0.0413,0.0317,34.915,0.3403,5.873,0.3986,0.3433,0.3442,5,0.0773,5,0,0,0,0.9282,0.9948,Complete,2027-03-14,132850500,Test
PRJ3-01879,Copper Urban Village 1879,Mixed-Use,Southwest,AZ,Private,Cost Plus,Design-Bid-Build,Moderate,Moderate,Standard,2021-12-22,2023-04-03,2023,137659300,1077,0.434,0.4361,0.8653,0.9601,0.0814,-2,0.9653,10,1,0.509,0.9459,75,5.448,9.089,0.2277,0.2502,0.0663,0.2132,0.0653,0.1845,0.0307,0.0098,26.149,0.2431,0,0.2835,0.2819,0.2509,2,0.1245,42,1,1,1,0.8893,0.9625,Complete,2025-01-14,154796400,Train
PRJ3-01880,Lakeview Civic Complex 1880,Institutional,Northeast,NY,Private,Cost Plus,Design-Build,Very High,Moderate,Fast,2024-05-05,2025-08-08,2025,108650600,960,0.48,0.4918,1.0363,0.9964,-0.0261,-11,0.9267,1,15,0.886,0.9583,77,7.087,8.753,0.3131,0.2419,0.0608,0.1492,0.0564,0.2146,0.0656,0.0359,15.186,0.2837,4.038,0.2761,0.1829,0.4454,3,0.0788,-3,0,0,0,0.927,1.0031,Complete,2026-12-18,117209500,Test
PRJ3-01881,Cedar Process Plant 1881,Industrial,Midwest,MN,Private,Unit Price,Design-Bid-Build,High,Moderate,Slow,2021-03-12,2022-04-06,2022,127935000,752,0.519,0.5021,0.908,0.9363,0.0481,13,0.909,26,10,0.699,0.9434,80,6.253,6.594,0.4028,0.2939,0.0661,0.1351,0.0653,0.1537,0.0639,0.0664,30.191,0.4698,8.67,0.4537,0.2519,0.4993,6,0.127,75,1,1,1,0.8873,0.9093,Complete,2023-06-17,144178300,Train
PRJ3-01882,Summit Bridge Program 1882,Heavy Civil,Southwest,AZ,Private,Guaranteed Maximum Price,CMAR,Moderate,Moderate,Standard,2019-05-16,2021-03-25,2021,313571600,1140,0.596,0.5681,1.0018,0.9781,0.025,32,1.0499,12,5,0.519,0.9652,148,4.72,9.848,0.3138,0.3945,0.0939,0.1019,0.0328,0.1363,0.0273,0.0273,16.432,0.2832,9.599,0.1328,0.1211,0.3205,4,0.0672,16,0,0,0,0.9371,0.9862,Complete,2022-07-15,334635000,Train
PRJ3-01883,Copper Residences 1883,Residential,Southeast,TN,Private,Lump Sum,IPD,Moderate,High,Standard,2022-08-31,2023-06-20,2023,19679500,599,0.49,0.4894,1.1475,0.9687,-0.0843,0,1.0228,0,19,0.938,0.9615,4,2.033,4.92,0.514,0.135,0.0399,0.1406,0.0617,0.1305,0.0182,0.0114,18.658,0.1793,5.261,0.1503,0.2947,0.2403,2,0.0966,-5,0,0,0,0.9119,1.0084,Complete,2024-04-16,21581000,Train
PRJ3-01884,Harbor Research Facility 1884,Institutional,Midwest,MN,Public,Lump Sum,CMAR,High,Moderate,Standard,2024-09-02,2025-09-13,2025,148760500,724,0.52,0.495,1.0051,0.9221,0.0039,18,0.97,5,10,0.212,0.9555,76,5.109,2.7,0.7104,0.1146,0.0643,0.0123,0,0.2145,0.0133,0.0226,13.376,0.1627,0,0.4713,0.1549,0.4921,1,0.0956,8,0,0,0,0.9127,0.9891,Complete,2026-09-04,162983600,Test
PRJ3-01885,Granite Civic Complex 1885,Institutional,West,NV,Private,Cost Plus,Design-Build,Moderate,High,Standard,2020-05-02,2021-03-15,2021,80312500,849,0.374,0.3745,1.0718,1.0051,-0.0317,0,1.0931,26,7,0.331,0.9716,29,3.611,4.993,0.4802,0.3373,0.0897,0.0771,0.0273,0.1307,0.0053,0,20.451,0.1341,0,0.338,0.1993,0.2707,1,0.0043,-24,0,0,0,0.9957,1.0291,Complete,2022-08-05,80659800,Train
PRJ3-01886,Lakeview Research Facility 1886,Institutional,Midwest,MO,Public,Cost Plus,Design-Bid-Build,Moderate,Moderate,Fast,2023-12-24,2025-07-28,2025,130580500,1027,0.567,0.5514,0.9332,0.9638,0.0566,16,0.9565,11,18,0.701,0.9679,65,4.978,8.814,0.2175,0.3238,0.0804,0.0758,0.0449,0.2067,0.032,0.023,24.26,0.3214,3.586,0.3404,0.1927,0.3603,3,0.1682,12,1,0,1,0.856,0.9885,Complete,2026-10-28,152540000,Test
PRJ3-01887,Canyon Research Facility 1887,Institutional,Southwest,AZ,Public,Lump Sum,Design-Build,Low,Low,Fast,2024-04-05,2025-10-19,2025,79600100,996,0.565,0.5308,0.9397,0.9574,0.029,34,1.0202,8,0,0.627,0.9659,22,2.764,6.98,0.3747,0.3082,0.0775,0.1111,0.0455,0.0802,0.0232,0,5,0.1481,0,0.1723,0.1975,0.2464,1,0.0774,-14,0,0,0,0.9281,1.0143,Complete,2026-12-13,85762200,Test
PRJ3-01888,Riverside Neighborhood 1888,Residential,Midwest,MI,Private,Cost Plus,Design-Bid-Build,Moderate,Moderate,Slow,2024-08-15,2025-01-28,2025,108711000,457,0.364,0.3224,0.9302,0.8614,-0.0049,19,0.9929,13,5,0.749,0.9533,54,4.967,7.716,0.316,0.2711,0.0849,0.052,0.0368,0.1752,0.0055,0.0246,32.15,0.4815,4.26,0.2533,0.3193,0.4222,4,0.0663,72,0,1,1,0.9379,0.8639,Complete,2026-01-26,115913200,Test
PRJ3-01889,Cedar Distribution Hub 1889,Industrial,West,OR,Private,Guaranteed Maximum Price,CMAR,Moderate,Low,Standard,2022-04-19,2023-06-05,2023,343166500,941,0.438,0.4394,0.9995,0.9772,-0.0154,-1,0.9121,8,7,0.94,0.947,172,5.012,10.829,0.1507,0.426,0.0947,0.1527,0.0753,0.2045,0.0261,0,30.71,0.2673,0,0.2619,0.2517,0.2525,3,-0.0061,7,0,0,0,1.0061,0.9926,Complete,2024-11-22,341076700,Train
PRJ3-01890,Summit Residences 1890,Residential,Southeast,VA,Private,Lump Sum,CMAR,Moderate,Low,Fast,2024-02-19,2024-09-29,2024,53302800,620,0.361,0.328,1.0416,0.9182,-0.0291,20,1.0009,28,9,0.461,0.9657,22,4.127,8.948,0.3641,0.2829,0.0481,0.1519,0.0761,0.1982,0.0094,0.0019,9.88,0.2313,2.678,0.0528,0.2253,0.2334,2,0.0113,4,0,0,0,0.9888,0.9936,Complete,2025-11-04,53906400,Validation
PRJ3-01891,Evergreen Corporate Center 1891,Commercial,Midwest,MN,Public,Guaranteed Maximum Price,Design-Bid-Build,Moderate,Moderate,Standard,2024-03-03,2024-09-28,2024,127950600,510,0.411,0.4434,0.9526,1.0275,0.0212,-17,0.9903,28,26,0.624,0.9759,68,5.315,5.132,0.6066,0.0855,0.055,0.087,0.0102,0.02,0.0143,0.0194,15.029,0.1887,5.11,0.272,0.1713,0.2037,2,0.0166,25,0,0,0,0.9836,0.9533,Complete,2025-08-20,130080000,Validation
PRJ3-01892,Cedar Apartments 1892,Residential,West,WA,Private,Unit Price,IPD,Moderate,High,Standard,2022-09-25,2023-08-20,2023,18724300,641,0.514,0.5841,1.0888,1.1169,-0.0438,-45,0.9,6,9,0.471,0.9701,28,14.954,5.845,0.4197,0.2239,0.0757,0.1278,0.0524,0.0227,0.0339,0.0071,16.941,0.1918,3.618,0.1087,0.2561,0.3793,2,0.0433,-16,0,0,0,0.9585,1.0256,Complete,2024-06-11,19535500,Train
PRJ3-01893,Cedar Neighborhood 1893,Residential,West,NV,Private,Lump Sum,Design-Bid-Build,Moderate,Low,Fast,2020-11-19,2021-07-11,2021,36978100,495,0.473,0.4698,0.8977,0.9964,0.077,2,0.8714,2,8,0.562,0.9739,4,1.082,5.634,0.5077,0.1699,0.0827,0.1475,0.0659,0.1551,0.0186,0.0057,18.906,0.2355,3.438,0.3035,0.252,0.3205,2,0.1078,11,1,0,1,0.9027,0.9783,Complete,2022-04-09,40965900,Train
PRJ3-01894,Canyon Office Campus 1894,Commercial,Southeast,TN,Private,Unit Price,CMAR,Moderate,Moderate,Standard,2024-11-17,2025-09-17,2025,74282800,695,0.438,0.4383,0.9087,1.0381,0.0391,0,1.0513,9,12,0.18,0.956,39,5.25,4.261,0.4639,0.196,0.0205,0.0418,0.0464,0.1382,0.0442,0.0182,19.602,0.2382,2.278,0.1512,0.1623,0.2796,2,0.1574,-9,1,0,1,0.864,1.0131,Complete,2026-10-04,85974600,Test
PRJ3-01895,Cedar Housing 1895,Residential,Midwest,MI,Public,Cost Plus,IPD,Very High,Moderate,Standard,2018-02-14,2019-06-08,2019,120776500,842,0.569,0.5202,0.8782,0.9154,0.0761,41,0.9422,15,20,0.897,0.9343,79,6.541,12.4,0.08,0.4584,0.111,0.2247,0.0557,0.2912,0.0221,0.0251,27.351,0.262,3.283,0.2703,0.2749,0.4419,4,0.1085,1,1,0,1,0.9022,0.9988,Complete,2020-06-06,133875800,Train
PRJ3-01896,Evergreen Civic Complex 1896,Institutional,West,NV,Private,Lump Sum,CMAR,Moderate,Moderate,Standard,2023-03-06,2024-02-12,2024,85498300,882,0.389,0.3536,0.9081,0.9064,0.0288,31,1.0874,0,6,0.028,0.9577,40,4.678,9.479,0.5119,0.4499,0.0732,0.0687,0.0443,0.2229,0.0299,0.0031,20.157,0.2339,4.244,0.2575,0.2541,0.2216,2,0.1597,12,1,0,1,0.8623,0.9866,Complete,2025-08-16,99152100,Validation
PRJ3-01897,Granite Retail Center 1897,Commercial,Southeast,TN,Public,Guaranteed Maximum Price,Design-Bid-Build,Very High,Moderate,Slow,2022-01-19,2022-12-29,2022,53645200,723,0.476,0.4502,0.8392,0.8978,0.0628,19,0.9409,22,17,0.717,0.9472,36,6.711,11.869,0.1121,0.4331,0.0936,0.2285,0.061,0.1717,0.0372,0.0518,20.361,0.3684,11.062,0.4837,0.2527,0.4447,6,0.1715,62,1,1,1,0.8536,0.921,Complete,2024-03-14,62846300,Train
PRJ3-01898,Liberty Public Works Program 1898,Infrastructure,Southeast,VA,Private,Guaranteed Maximum Price,CMAR,High,Low,Fast,2021-06-05,2022-09-09,2022,248410500,1310,0.352,0.3185,0.9761,0.9598,0.0095,44,0.9163,17,7,0.46,0.9557,149,5.998,7.684,0.2212,0.1778,0.0415,0.1635,0.0473,0.2348,0.022,0.0305,5,0.08,0,0.13,0.2036,0.3718,2,0.044,-16,0,0,0,0.9579,1.0124,Complete,2024-12-20,259333000,Train
PRJ3-01899,Copper Education Center 1899,Institutional,Mountain,UT,Public,Guaranteed Maximum Price,Design-Bid-Build,High,Moderate,Standard,2019-06-23,2020-02-16,2020,78278000,662,0.36,0.3822,0.9663,0.9838,0.0256,-15,0.91,27,13,0.888,0.9717,37,4.727,9.474,0.2095,0.3402,0.1106,0.0699,0.015,0.1944,0.0437,0.0131,21.646,0.2522,4.592,0.3552,0.2262,0.2661,3,0.0617,34,0,1,1,0.9419,0.9511,Complete,2021-05-19,83105900,Train
PRJ3-01900,Cedar Marketplace 1900,Commercial,Mountain,ID,Private,Guaranteed Maximum Price,CMAR,High,Moderate,Fast,2024-01-15,2025-02-07,2025,46099600,696,0.559,0.5528,1.0301,0.9894,0.0012,4,0.9946,8,17,0.388,0.9657,17,3.688,12.512,0.08,0.4088,0.106,0.0528,0.0272,0.186,0.0263,0.029,15.108,0.1074,2.526,0.2625,0.1477,0.3217,4,-0.0138,-18,0,0,0,1.014,1.0265,Complete,2025-11-23,45464700,Test
PRJ3-01901,Redwood Process Plant 1901,Industrial,Mountain,UT,Private,Lump Sum,Design-Build,High,High,Fast,2019-09-06,2020-09-12,2020,272516400,772,0.483,0.4952,1.0149,1.006,-0.0041,-9,0.9294,30,7,0.628,0.9707,126,4.624,8.825,0.3623,0.3478,0.0704,0.1976,0.0782,0.1707,0.0291,0.0255,18.645,0.2509,5.041,0.2355,0.2392,0.4261,3,0.0233,5,0,0,0,0.9772,0.9936,Complete,2021-10-22,278868800,Train
PRJ3-01902,Crescent Transit-Oriented Development 1902,Mixed-Use,Midwest,MI,Public,Guaranteed Maximum Price,Design-Build,Very High,Moderate,Slow,2018-12-09,2020-07-23,2020,176383500,1158,0.512,0.488,0.9884,0.9771,0.0122,28,0.9066,38,21,0.735,0.9401,119,6.747,6.35,0.2929,0.266,0.0903,0.1276,0.0786,0.1844,0.0752,0.0364,43.363,0.5986,10.595,0.3408,0.3603,0.5443,6,0.1155,15,1,0,1,0.8964,0.9872,Complete,2022-02-24,196761800,Train
PRJ3-01903,Riverside Retail Center 1903,Commercial,Southwest,AZ,Public,Unit Price,Design-Bid-Build,Very High,Moderate,Standard,2023-09-07,2024-12-30,2024,51675900,855,0.562,0.4952,0.9083,0.8718,0.0378,57,0.908,23,9,0.689,0.94,29,5.612,7.754,0.2391,0.2972,0.0757,0.2095,0.0603,0.2702,0.0573,0.034,8.79,0.2508,5.942,0.271,0.2539,0.4301,3,0.0646,41,0,1,1,0.9393,0.9542,Complete,2026-02-19,55012800,Validation
PRJ3-01904,Evergreen Corporate Center 1904,Commercial,Southwest,TX,Private,Lump Sum,Design-Bid-Build,Moderate,Moderate,Slow,2022-07-21,2023-08-20,2023,80056300,878,0.45,0.4793,0.9374,0.9618,0.0425,-26,0.922,4,11,0.592,0.9654,64,7.994,5.577,0.4896,0.2534,0.0888,0.0491,0.0516,0.1276,0.0234,0.0206,29.711,0.4307,3.846,0.2788,0.2461,0.3554,3,0.1478,2,1,0,1,0.8712,0.9977,Complete,2024-12-17,91890700,Train
PRJ3-01905,Riverside Town Center 1905,Mixed-Use,Southeast,VA,Private,Lump Sum,Design-Bid-Build,Low,Low,Fast,2021-10-12,2022-09-15,2022,122504000,821,0.412,0.3954,0.9507,0.9964,0.0328,14,0.9765,3,6,0.795,0.9632,46,3.755,10.954,0.1213,0.3291,0.0909,0.1572,0.0798,0.02,0.0336,0.0318,12.059,0.2575,3.1,0.225,0.1954,0.2739,3,0.0853,-18,0,0,0,0.9214,1.0224,Complete,2023-12-24,132957400,Train
PRJ3-01906,Liberty Education Center 1906,Institutional,Southeast,NC,Public,Cost Plus,IPD,Very High,Low,Fast,2024-04-21,2025-03-19,2025,169010600,858,0.387,0.331,0.9115,0.8294,0.0122,48,1.013,7,8,0.708,0.9529,96,5.68,13.616,0.08,0.4953,0.1158,0.1986,0.0756,0.2435,0.0742,0.015,28.61,0.3948,0.233,0.2798,0.3257,0.4093,4,0.142,38,1,1,1,0.8757,0.9576,Complete,2026-10-04,193004000,Test
PRJ3-01907,Liberty Highway Improvements 1907,Heavy Civil,West,NV,Private,Cost Plus,CMAR,Moderate,Low,Slow,2024-06-02,2025-06-26,2025,105464400,936,0.416,0.3852,0.9216,0.9381,0.0286,29,0.984,26,0,0.272,0.9658,55,5.215,14.658,0.08,0.5482,0.1028,0.1785,0.0783,0.0505,0.0373,0.0054,20.754,0.2406,9.836,0.3671,0.2187,0.3855,5,0.1176,10,1,0,1,0.8948,0.9894,Complete,2027-01-04,117863100,Test
PRJ3-01908,Lakeview Corporate Center 1908,Commercial,Mountain,CO,Private,Guaranteed Maximum Price,CMAR,Moderate,High,Standard,2023-03-09,2023-10-04,2023,38647900,523,0.4,0.3881,1.073,0.9989,-0.0166,6,1.0113,21,15,0.485,0.9586,6,1.552,5.703,0.4321,0.2418,0.0382,0.1384,0.0275,0.1093,0.0202,0.007,23.801,0.2142,4.547,0.399,0.2632,0.3063,2,0.071,-20,0,0,0,0.9337,1.0398,Complete,2024-07-24,41392400,Train
PRJ3-01909,Gateway Bridge Program 1909,Heavy Civil,Midwest,MN,Private,Lump Sum,Design-Build,Low,Moderate,Standard,2024-05-11,2025-08-31,2025,141929100,878,0.544,0.5884,1.138,1.1092,-0.0499,-39,1.0136,4,12,0.282,0.9732,64,4.509,2.906,0.5753,0.2189,0.057,0,0.0047,0.0482,0.0198,0.0028,25.265,0.35,2.58,0.3925,0.2012,0.2769,2,0.0531,4,0,0,0,0.9496,0.9955,Complete,2026-10-10,149460700,Test
PRJ3-01910,Summit Housing 1910,Residential,Mountain,UT,Public,Guaranteed Maximum Price,CMAR,Very High,Moderate,Fast,2020-04-11,2021-01-05,2021,103141500,642,0.42,0.3771,0.8877,0.8903,0.0657,28,1.0479,29,26,0.653,0.9693,50,4.848,8.633,0.2822,0.3339,0.0853,0.1389,0.0597,0.2052,0.0555,0.0105,17.473,0.1899,0.576,0.4758,0.2513,0.441,2,0.1259,8,1,0,1,0.8881,0.9877,Complete,2022-01-21,116130800,Train
PRJ3-01911,Mesa Retail Center 1911,Commercial,Southeast,NC,Private,Cost Plus,IPD,Very High,High,Fast,2021-11-11,2023-01-04,2023,71587000,759,0.553,0.5365,1.0426,0.9352,-0.0356,13,0.9671,1,11,1.0,0.9935,45,6.286,6.165,0.3617,0.2049,0.0967,0.1425,0.078,0.3007,0.0315,0.0362,20.598,0.1443,2.62,0.3106,0.2111,0.4079,3,0.0303,-25,0,0,0,0.9705,1.0341,Complete,2023-11-15,73759500,Train
PRJ3-01912,Crescent Logistics Center 1912,Industrial,West,NV,Public-Private Partnership,Guaranteed Maximum Price,CMAR,Moderate,Moderate,Standard,2021-04-22,2022-06-15,2022,165552300,1133,0.37,0.4249,1.0271,1.0579,-0.0111,-62,0.9875,7,12,0.192,0.9669,75,4.53,9.35,0.4285,0.4152,0.062,0.0638,0.0255,0.0735,0.0452,0,19.905,0.2689,4.395,0.3811,0.1597,0.3522,2,0.027,0,0,0,0,0.9737,1.0,Complete,2024-05-29,170019000,Train
PRJ3-01913,Northstar Education Center 1913,Institutional,Mountain,CO,Private,Guaranteed Maximum Price,Design-Bid-Build,Moderate,Moderate,Standard,2020-01-26,2020-12-17,2020,197221000,831,0.393,0.3537,1.0098,0.8822,-0.0115,33,0.9671,17,0,0.602,0.9594,87,4.411,3.03,0.5475,0.1173,0.0504,0.1375,0.0642,0.2599,0.0394,0,10.835,0.1759,0,0.447,0.1289,0.1457,1,0.0746,-15,0,0,0,0.9306,1.0184,Complete,2022-04-21,211927900,Train
PRJ3-01914,Summit Logistics Center 1914,Industrial,Northeast,NY,Private,Lump Sum,IPD,Moderate,Low,Standard,2018-09-08,2019-06-17,2019,331683100,647,0.437,0.4674,0.9375,1.0068,0.0431,-20,0.9417,0,4,0.832,0.9776,159,4.794,4.677,0.5593,0.1715,0.0564,0.1525,0.0554,0.1032,0.0063,0.0328,23.416,0.2871,8.359,0.2511,0.2971,0.2877,4,0.1304,12,1,0,1,0.8846,0.9818,Complete,2020-06-28,374947800,Train
PRJ3-01915,Summit Marketplace 1915,Commercial,Southeast,TN,Private,Unit Price,Design-Bid-Build,Very High,Moderate,Standard,2018-09-03,2019-10-28,2019,62418800,706,0.596,0.5101,0.8894,0.8652,0.0577,61,0.9135,20,22,0.505,0.969,41,6.569,14.5,0.08,0.4418,0.11,0.195,0.0694,0.193,0.0133,0.0175,17.098,0.0654,4.607,0.2299,0.2626,0.3825,4,0.0881,18,0,0,0,0.919,0.9751,Complete,2020-08-27,67919100,Train
PRJ3-01916,Summit Residences 1916,Residential,Mountain,WY,Public,Lump Sum,CMAR,High,Low,Standard,2019-04-19,2019-11-11,2019,27327800,442,0.468,0.4244,0.9507,0.8914,0.026,19,1.0118,18,7,0.719,0.979,19,6.953,12.216,0.08,0.3389,0.0894,0.1637,0.069,0.1287,0.0562,0.0375,17.207,0.2787,0.043,0.4609,0.2211,0.347,4,0.0392,-18,0,0,0,0.9623,1.0425,Complete,2020-06-16,28397900,Train
PRJ3-01917,Granite Residences 1917,Residential,Mountain,UT,Public-Private Partnership,Guaranteed Maximum Price,IPD,Moderate,Low,Fast,2024-05-04,2024-11-14,2024,44288600,555,0.35,0.3377,1.0032,0.9278,-0.0018,7,1.0364,18,9,0.619,0.9631,24,5.419,5.633,0.3824,0.211,0.0763,0.1623,0.0581,0.2303,0.0484,0.0105,5,0.036,0.805,0.0684,0.1753,0.2414,1,0.0355,28,0,0,0,0.9657,0.952,Complete,2025-12-08,45862500,Validation
PRJ3-01918,Copper Bridge Program 1918,Heavy Civil,Southeast,TN,Private,Lump Sum,Design-Build,Moderate,Moderate,Slow,2020-06-24,2021-08-10,2021,179787000,1115,0.37,0.3258,0.958,0.9095,0.0125,49,0.9331,30,6,0.458,0.9778,95,5.284,13.975,0.08,0.4648,0.1174,0.0885,0.0167,0.0391,0.0216,0.0086,21.545,0.2946,2.766,0.2921,0.1901,0.4025,4,0.0226,18,0,0,0,0.9779,0.9841,Complete,2023-08-01,183852000,Train
PRJ3-01919,Gateway Housing 1919,Residential,Northeast,NJ,Private,Unit Price,Design-Build,Very High,Moderate,Slow,2023-11-23,2024-09-22,2024,13704000,866,0.352,0.3928,0.9118,1.058,0.0425,-35,0.9919,28,18,0.725,0.9619,4,2.919,11.264,0.1218,0.472,0.1175,0.2036,0.0528,0.3306,0.0824,0.0335,35.085,0.4517,5.401,0.3937,0.3072,0.4805,5,0.1753,15,1,0,1,0.8509,0.983,Complete,2026-04-22,16106200,Validation
PRJ3-01920,Cedar Research Facility 1920,Institutional,Mountain,ID,Private,Guaranteed Maximum Price,Design-Bid-Build,Very High,Low,Standard,2019-04-23,2020-11-27,2020,87306900,1015,0.576,0.4858,0.8946,0.8303,0.0649,92,0.7882,33,19,0.695,0.9595,48,5.498,13.785,0.08,0.4852,0.115,0.2816,0.0494,0.2454,0.0603,0.0501,19.202,0.1879,2.093,0.4536,0.3556,0.5435,5,0.2534,85,1,1,1,0.7979,0.9227,Complete,2022-04-27,109427600,Train
PRJ3-01921,Redwood Manufacturing Facility 1921,Industrial,Northeast,NJ,Private,Lump Sum,Design-Bid-Build,High,Low,Standard,2019-04-18,2020-06-28,2020,142928900,807,0.542,0.4267,0.8855,0.8852,0.0572,93,0.9746,44,21,1.058,0.9656,98,6.857,13.577,0.08,0.4348,0.1234,0.1738,0.0642,0.1485,0.0641,0.0512,27.447,0.276,2.844,0.4971,0.1749,0.4288,6,0.0956,37,0,1,1,0.9127,0.9562,Complete,2021-08-09,156597900,Train
PRJ3-01922,Redwood Apartments 1922,Residential,Northeast,CT,Private,Guaranteed Maximum Price,CMAR,High,High,Standard,2020-06-24,2021-06-06,2021,58949000,595,0.584,0.5116,0.943,0.929,0.0338,43,1.0403,5,16,0.564,0.9861,22,3.732,5.621,0.424,0.2312,0.0954,0.0747,0.0309,0.1302,0.0648,0.0141,17.104,0.2841,12.024,0.134,0.1709,0.2661,3,0.0975,21,0,0,0,0.9111,0.9659,Complete,2022-03-02,64698000,Train
PRJ3-01923,Lakeview Bridge Program 1923,Heavy Civil,Midwest,MO,Private,Guaranteed Maximum Price,Design-Build,High,High,Standard,2021-09-11,2023-02-14,2023,332913900,1041,0.501,0.4966,1.0404,1.0264,-0.0176,5,1.0228,19,9,0.741,0.9547,164,4.926,6.52,0.3933,0.2797,0.0567,0.0942,0.0337,0.2448,0.053,0.0233,10.327,0.1158,3.997,0.2392,0.2078,0.398,2,-0.0137,-25,0,0,0,1.0139,1.0246,Complete,2024-06-23,328365000,Train
PRJ3-01924,Lakeview Distribution Hub 1924,Industrial,Midwest,IL,Public,Guaranteed Maximum Price,Design-Bid-Build,High,Moderate,Slow,2020-01-23,2020-12-26,2020,186374800,813,0.416,0.3141,0.9165,0.8133,0.0205,83,0.9027,33,19,0.658,0.9501,113,6.063,9.373,0.2847,0.3221,0.1151,0.1647,0.0997,0.2685,0.0374,0.0416,16.756,0.4229,10.217,0.3748,0.2161,0.5514,4,0.1704,44,1,1,1,0.8544,0.9487,Complete,2022-05-29,218130100,Train
PRJ3-01925,Northstar Highway Improvements 1925,Heavy Civil,Midwest,MN,Public-Private Partnership,Cost Plus,Design-Bid-Build,Very High,High,Slow,2023-10-07,2025-09-28,2025,401173800,1364,0.53,0.4938,0.8179,0.9044,0.0874,49,0.9271,16,22,0.695,0.9842,240,5.982,12.757,0.08,0.4218,0.0788,0.2229,0.0446,0.1703,0.0711,0.0408,38.46,0.5156,4.32,0.3387,0.3412,0.4846,6,0.2436,24,1,0,1,0.8041,0.9827,Complete,2027-07-26,498889900,Test
PRJ3-01926,Horizon Water Program 1926,Heavy Civil,West,OR,Private,Lump Sum,IPD,Moderate,Moderate,Standard,2021-08-07,2023-02-03,2023,109887300,1075,0.507,0.4759,0.9653,0.9433,-0.0005,33,0.9112,24,11,0.655,0.9578,58,5.278,11.119,0.2337,0.3429,0.0829,0.097,0.0165,0.1027,0,0.0127,19.868,0.2187,5.771,0.1878,0.2205,0.3954,3,0.0272,15,0,0,0,0.9735,0.9862,Complete,2024-08-01,112880200,Train
PRJ3-01927,Redwood Airport Improvements 1927,Infrastructure,Southeast,TN,Private,Lump Sum,Design-Bid-Build,High,High,Slow,2018-12-13,2020-11-01,2020,294457200,1240,0.556,0.5245,0.9094,0.9175,0.0232,39,0.8372,28,13,0.432,0.9605,163,5.536,8.375,0.4268,0.4124,0.1154,0.1261,0.0686,0.2362,0.0213,0.0434,22.481,0.3637,3.793,0.3944,0.2305,0.3319,4,0.0683,26,0,0,0,0.9361,0.9795,Complete,2022-06-01,314563000,Train
PRJ3-01928,Gateway Apartments 1928,Residential,Midwest,OH,Public,Lump Sum,Design-Build,Moderate,Low,Fast,2020-12-24,2021-10-03,2021,35330400,555,0.511,0.4936,0.9808,1.0218,0.0303,10,0.9441,11,16,0.67,0.9787,17,4.812,8.89,0.1915,0.2408,0.0725,0.21,0.0934,0.1064,0.0338,0.0074,20.901,0.318,5.125,0.4447,0.3182,0.3343,2,-0.0157,34,0,1,1,1.016,0.9423,Complete,2022-08-05,34774500,Train
PRJ3-01929,Pioneer Earthworks Package 1929,Heavy Civil,West,OR,Public,Cost Plus,CMAR,High,High,Fast,2021-11-13,2022-12-06,2022,156570200,1052,0.369,0.306,1.0464,0.8983,-0.0168,66,1.0052,18,11,0.808,0.985,89,5.684,8.252,0.3116,0.1649,0.0616,0.0553,0,0.1128,0.0354,0.0197,18.113,0.18,3.495,0.1025,0.1623,0.1916,2,-0.0294,22,0,0,0,1.0303,0.9795,Complete,2024-10-22,151961100,Train
PRJ3-01930,Northstar Research Facility 1930,Institutional,Mountain,UT,Public,Guaranteed Maximum Price,Design-Build,Moderate,Moderate,Standard,2022-02-09,2023-02-12,2023,108535200,904,0.408,0.443,0.9923,1.081,0.0199,-32,0.9364,10,7,0.694,0.9702,54,4.975,4.51,0.4827,0.2093,0.0627,0.0759,0.0276,0.1969,0.0225,0.0195,11.585,0.1807,5.143,0.1632,0.1191,0.3491,2,0.0108,20,0,0,0,0.9893,0.9784,Complete,2024-08-21,109710400,Train
PRJ3-01931,Northstar Neighborhood 1931,Residential,Midwest,IL,Private,Guaranteed Maximum Price,Design-Build,Moderate,Moderate,Standard,2022-04-23,2023-01-24,2023,35596800,606,0.456,0.4695,1.067,1.0337,-0.0264,-8,1.0433,2,5,0.714,0.9799,5,1.405,7.098,0.287,0.2509,0.0625,0.0988,0.0533,0.1773,0.0431,0.0052,24.149,0.1855,0.204,0.2959,0.2411,0.4119,2,0.0094,-25,0,0,0,0.9906,1.043,Complete,2023-11-25,35933100,Train
PRJ3-01932,Liberty Process Plant 1932,Industrial,Southeast,VA,Private,Lump Sum,Design-Bid-Build,High,High,Standard,2022-08-19,2023-11-17,2023,136565800,912,0.499,0.4807,0.988,1.0331,0.005,17,0.9977,19,13,0.354,0.9781,75,5.492,5.548,0.3911,0.307,0.0921,0.2128,0.0548,0.1252,0.0319,0.0279,16.57,0.2415,3.184,0.2545,0.2337,0.3809,3,0.0443,-8,0,0,0,0.9576,1.0088,Complete,2025-02-08,142617500,Train
PRJ3-01933,Harbor Town Center 1933,Mixed-Use,Mountain,WY,Public,Lump Sum,Design-Bid-Build,High,Low,Standard,2023-01-20,2024-01-18,2024,114739400,977,0.372,0.3212,0.8882,0.8594,0.0442,50,0.818,25,12,0.472,0.9571,68,5.926,5.075,0.3834,0.2613,0.0774,0.143,0.0191,0.175,0.0517,0.0379,5,0.1617,7.45,0.36,0.1904,0.3022,3,0.0983,23,0,0,0,0.9105,0.977,Complete,2025-10-16,126013000,Validation
PRJ3-01934,Copper Corporate Center 1934,Commercial,Southeast,FL,Public,Guaranteed Maximum Price,Design-Build,Very High,Low,Slow,2022-04-06,2023-08-17,2023,72708500,839,0.594,0.5085,0.8907,0.8099,0.0652,72,0.9644,25,24,0.653,0.9393,61,8.39,9.322,0.2681,0.3465,0.1161,0.2069,0.0616,0.2233,0.0523,0.047,21.703,0.3756,13.665,0.5196,0.2096,0.4105,5,0.1235,50,1,1,1,0.8901,0.9438,Complete,2024-09-11,81688900,Train
PRJ3-01935,Lakeview Residences 1935,Residential,Northeast,CT,Public,Cost Plus,IPD,High,Moderate,Fast,2023-09-20,2024-04-19,2024,38021500,581,0.365,0.3865,1.0051,1.053,0.0051,-12,1.0031,6,11,0.714,0.9752,13,3.419,8.842,0.3864,0.3368,0.0964,0.1619,0.0546,0.1894,0.0425,0.0248,25.182,0.353,4.189,0.2873,0.2841,0.2996,3,0.0505,-21,0,0,0,0.9519,1.0375,Complete,2025-04-02,39941000,Validation
PRJ3-01936,Riverside Bridge Program 1936,Heavy Civil,Southeast,TN,Public,Guaranteed Maximum Price,Design-Bid-Build,Low,Moderate,Slow,2024-09-05,2025-12-08,2025,174090200,1173,0.392,0.3369,1.0287,0.8763,-0.0006,65,0.9376,9,12,0.234,0.9557,84,4.825,5.831,0.5497,0.307,0.0698,0.0288,0.0241,0.1289,0.0327,0.0497,31.432,0.358,5.637,0.2464,0.2307,0.3107,5,0.0447,14,0,0,0,0.9572,0.9882,Complete,2027-12-06,181872600,Test
PRJ3-01937,Riverside Housing 1937,Residential,Midwest,MO,Public,Cost Plus,Design-Bid-Build,Moderate,Low,Standard,2020-12-14,2021-06-29,2021,31793400,483,0.409,0.3804,0.953,0.9314,0.0085,14,1.056,18,13,0.625,0.9624,4,1.258,6.422,0.4596,0.3144,0.058,0.1429,0.053,0.0771,0.0152,0.0209,19.363,0.2609,7.441,0.2652,0.1301,0.2949,3,-0.0036,3,0,0,0,1.0036,0.9938,Complete,2022-04-14,31679600,Train
PRJ3-01938,Lakeview District 1938,Mixed-Use,Mountain,MT,Private,Guaranteed Maximum Price,IPD,Low,High,Fast,2024-11-15,2025-09-09,2025,201693700,797,0.375,0.3968,1.0287,1.037,-0.0023,-17,1.0252,3,20,0.235,0.9703,84,4.165,3.172,0.7015,0.1319,0.0011,0.0487,0.0266,0.1211,0.0251,0,13.987,0.2821,3.616,0.0539,0.0551,0.2482,1,-0.0237,-9,0,0,0,1.0242,1.0114,Complete,2027-01-12,196920100,Test
PRJ3-01939,Harbor Civic Complex 1939,Institutional,West,WA,Public,Guaranteed Maximum Price,IPD,High,Moderate,Standard,2020-03-06,2021-01-28,2021,130957100,835,0.394,0.3845,1.0253,0.9769,-0.0049,8,0.9841,18,0,0.597,0.9807,57,4.353,8.476,0.2389,0.3622,0.0953,0.0402,0.0128,0.142,0.02,0.0238,22.769,0.2375,2.765,0.3675,0.1756,0.3763,3,0.0527,-6,0,0,0,0.95,1.0072,Complete,2022-06-13,137854000,Train
PRJ3-01940,Crescent Town Center 1940,Mixed-Use,Southeast,NC,Public,Guaranteed Maximum Price,Design-Build,High,Moderate,Standard,2018-09-01,2019-08-28,2019,125681800,994,0.364,0.3657,0.9921,0.9906,0.0005,-2,0.9155,12,13,0.461,0.9639,69,5.49,13.942,0.08,0.4639,0.1217,0.0481,0.0024,0.163,0.0108,0.0268,14.849,0.2406,9.783,0.2596,0.1143,0.4616,5,0.0379,1,0,0,0,0.9635,0.999,Complete,2021-05-23,130448600,Train
PRJ3-01941,Copper Marketplace 1941,Commercial,Northeast,MA,Private,Cost Plus,Design-Build,High,Moderate,Fast,2019-06-02,2020-05-15,2020,39634700,845,0.412,0.4411,0.9851,1.0154,0.0048,-25,0.9698,0,17,0.45,0.9829,19,4.794,10.013,0.1168,0.3287,0.0683,0.1521,0.0574,0.1628,0.0457,0.0127,27.41,0.3439,0.261,0.4604,0.3175,0.3101,3,0.0357,14,0,0,0,0.9656,0.9837,Complete,2021-10-08,41048500,Train
PRJ3-01942,Canyon Public Works Program 1942,Infrastructure,West,NV,Private,Cost Plus,Design-Build,Moderate,High,Standard,2019-10-06,2021-03-28,2021,222955500,1458,0.37,0.3815,1.0314,1.0041,-0.0076,-17,1.0682,0,0,0.738,0.9657,93,4.171,3.818,0.4169,0.1906,0.0872,0.1434,0.0514,0.1339,0.0167,0.0035,24.824,0.338,0,0.3633,0.2075,0.3511,1,0.0842,-5,0,0,0,0.9223,1.0034,Complete,2023-09-28,241727100,Train
PRJ3-01943,Harbor Manufacturing Facility 1943,Industrial,Southeast,VA,Public,Lump Sum,Design-Bid-Build,Moderate,Moderate,Slow,2024-05-19,2025-03-16,2025,166800500,814,0.37,0.3628,0.9449,0.9505,0.0041,6,0.8555,16,9,0.545,0.9635,93,5.576,8.087,0.4478,0.3418,0.0887,0.0599,0.0406,0.024,0.0153,0.0275,23.146,0.1973,7.614,0.2594,0.1638,0.3043,4,0.077,-9,0,0,0,0.9285,1.0112,Complete,2026-08-02,179651100,Test
PRJ3-01944,Redwood Airport Improvements 1944,Infrastructure,Midwest,MO,Public,Lump Sum,CMAR,Moderate,High,Standard,2022-08-21,2023-09-24,2023,402777500,1119,0.357,0.3948,1.0324,1.0264,0.001,-42,0.9235,0,20,0.512,0.978,189,4.692,5.627,0.2078,0.1472,0.028,0.0559,0.0678,0.126,0.0021,0.0192,18.12,0.236,5.017,0.1901,0.1994,0.1722,2,-0.0482,-8,0,0,0,1.0506,1.0072,Complete,2025-09-05,383380600,Train
PRJ3-01945,Summit Utility Corridor 1945,Infrastructure,West,CA,Private,Cost Plus,CMAR,High,Moderate,Slow,2023-03-22,2024-12-02,2024,182256600,1370,0.454,0.3578,0.9057,0.7875,0.0393,132,0.9674,33,2,0.888,0.963,105,5.761,5.259,0.5064,0.1887,0.0601,0.1039,0.057,0.1759,0.057,0.0424,41.097,0.3291,6.55,0.3439,0.3459,0.4238,5,0.1141,50,1,1,1,0.8976,0.9648,Complete,2027-02-09,203054800,Validation
PRJ3-01946,Horizon Retail Center 1946,Commercial,West,CA,Public,Lump Sum,Design-Build,Moderate,Moderate,Standard,2022-10-21,2023-05-24,2023,72393200,406,0.53,0.5499,0.97,0.9802,0.0334,-8,0.9949,8,4,0.312,0.9607,28,3.868,9.081,0.2771,0.3255,0.0769,0.1318,0.0207,0.1062,0.0425,0.0144,16.012,0.2474,0,0.3079,0.2655,0.4096,2,0.066,28,0,0,0,0.9381,0.9355,Complete,2023-12-29,77167800,Train
PRJ3-01947,Copper Retail Center 1947,Commercial,Mountain,UT,Private,Unit Price,CMAR,High,Moderate,Fast,2019-03-22,2020-02-17,2020,65434200,647,0.514,0.4886,0.9151,0.9305,0.0534,16,1.0011,20,11,0.86,0.9724,60,9.17,7.763,0.3451,0.2712,0.0457,0.1321,0.0394,0.0956,0.0415,0.0087,13.127,0.1611,1.703,0.4514,0.2035,0.429,1,0.0634,23,0,0,0,0.9404,0.9657,Complete,2021-01-20,69580100,Train
PRJ3-01948,Northstar Logistics Center 1948,Industrial,Midwest,MI,Private,Lump Sum,IPD,High,High,Standard,2023-11-14,2024-10-31,2024,65520900,971,0.363,0.3411,0.9905,0.9426,-0.0015,21,1.0122,9,14,0.988,0.9602,42,6.41,8.588,0.2809,0.29,0.0716,0.1695,0.0315,0.2349,0.0301,0.0244,25.699,0.3845,2.183,0.2227,0.2964,0.289,3,0.0934,18,0,0,0,0.9146,0.9818,Complete,2026-07-30,71639500,Validation
PRJ3-01949,Redwood Bridge Program 1949,Heavy Civil,Northeast,MA,Public-Private Partnership,Guaranteed Maximum Price,CMAR,Very High,Moderate,Standard,2018-02-13,2019-11-12,2019,241315800,1219,0.523,0.5636,0.9218,0.9695,0.0538,-49,0.977,27,18,1.083,0.9372,148,6.133,4.83,0.5741,0.2087,0.0721,0.1766,0.0689,0.2809,0.0789,0.0359,22.269,0.2548,7.343,0.4193,0.3125,0.4177,4,0.0977,-12,0,0,0,0.911,1.0099,Complete,2021-06-04,264888600,Train
PRJ3-01950,Canyon Transit-Oriented Development 1950,Mixed-Use,Northeast,PA,Public,Cost Plus,CMAR,High,Low,Standard,2021-05-17,2023-01-01,2023,46613800,1075,0.553,0.461,0.8435,0.7967,0.0894,99,0.9237,20,23,0.822,0.9672,20,4.291,7.52,0.3392,0.255,0.0634,0.179,0.0531,0.2115,0.0231,0.023,25.273,0.262,7.349,0.2377,0.3581,0.3376,3,0.1633,63,1,1,1,0.8596,0.9446,Complete,2024-06-28,54227900,Train
PRJ3-01951,Gateway Manufacturing Facility 1951,Industrial,Mountain,MT,Public,Lump Sum,Design-Bid-Build,Moderate,Moderate,Standard,2024-03-08,2025-03-08,2025,61492900,700,0.522,0.5668,1.0332,1.0213,-0.0428,-31,1.0026,17,10,0.423,0.9733,35,5.692,7.26,0.4275,0.4114,0.099,0.0107,0,0.2402,0,0,21.658,0.2496,4.634,0.1422,0.214,0.4582,2,0.0732,-7,0,0,0,0.9318,1.0101,Complete,2026-01-30,65991400,Test
PRJ3-01952,Granite Residences 1952,Residential,Midwest,MN,Public,Cost Plus,Design-Bid-Build,Moderate,High,Standard,2020-05-06,2021-01-14,2021,112583600,601,0.422,0.4373,0.9321,1.0736,0.0244,-9,0.9304,0,8,0.773,0.9652,58,5.152,6.236,0.4259,0.3014,0.0606,0.039,0.0213,0.0296,0.0277,0.0192,16.992,0.2148,5.677,0.143,0.1753,0.3623,2,0.0735,-18,0,0,0,0.9316,1.0309,Complete,2021-12-10,120854000,Train
PRJ3-01953,Gateway Office Campus 1953,Commercial,West,WA,Private,Unit Price,CMAR,High,Low,Standard,2023-03-05,2023-11-22,2023,73111200,655,0.4,0.402,0.9205,0.9622,0.0456,-1,0.8842,23,1,0.903,0.9553,27,3.693,12.996,0.08,0.4039,0.0987,0.201,0.0392,0.2215,0.0158,0.021,24.901,0.2926,7.706,0.2689,0.2452,0.3481,5,0.0975,-2,0,0,0,0.9112,1.0031,Complete,2024-12-17,80237700,Train
PRJ3-01954,Crescent Office Campus 1954,Commercial,Southwest,AZ,Private,Guaranteed Maximum Price,Design-Bid-Build,High,Low,Standard,2020-04-02,2021-01-15,2021,118794200,632,0.456,0.4401,0.9858,0.939,0.0061,10,0.8528,9,11,0.956,0.9478,71,5.977,6.984,0.3592,0.2733,0.0602,0.1663,0.0902,0.2544,0.0539,0.0295,18.973,0.2148,3.199,0.2584,0.3003,0.3137,3,0.0334,14,0,0,0,0.9677,0.9783,Complete,2022-01-08,122760300,Train
PRJ3-01955,Redwood Office Campus 1955,Commercial,Mountain,UT,Private,Lump Sum,Design-Bid-Build,Low,High,Standard,2017-12-10,2019-04-10,2019,47684200,844,0.577,0.6179,0.9498,1.0469,0.0157,-35,0.9487,0,18,0.398,0.9802,21,4.404,10.468,0.2969,0.3842,0.1054,0.0486,0.0498,0.0466,0.0233,0,11.964,0.2705,0.783,0.1544,0.1403,0.3948,2,0.0745,-25,0,0,0,0.9307,1.0305,Complete,2020-03-08,51237000,Train
PRJ3-01956,Redwood Civic Complex 1956,Institutional,Southeast,FL,Private,Lump Sum,Design-Bid-Build,Very High,Low,Slow,2021-10-16,2022-11-28,2022,156043100,976,0.419,0.3804,0.7443,0.8851,0.133,38,0.8066,43,16,0.982,0.9662,94,6.024,13.413,0.08,0.5487,0.15,0.2188,0.064,0.1802,0.0573,0.0328,40.885,0.5058,10.161,0.5172,0.3953,0.4414,7,0.2266,88,1,1,1,0.8153,0.9173,Complete,2024-09-14,191394900,Train
PRJ3-01957,Summit Marketplace 1957,Commercial,West,CA,Private,Cost Plus,CMAR,Moderate,Moderate,Standard,2021-07-07,2022-01-16,2022,47980200,519,0.372,0.3669,0.9598,1.0029,0.0011,3,1.0764,40,13,0.389,0.9496,16,3.335,7.079,0.3206,0.2424,0.0983,0.0338,0.0167,0.095,0.019,0.0204,12.518,0.1911,1.949,0.1553,0.1277,0.3712,2,0.0735,-24,0,0,0,0.9315,1.0485,Complete,2022-11-14,51508100,Train
PRJ3-01958,Crescent Residences 1958,Residential,Mountain,CO,Public,Guaranteed Maximum Price,Design-Bid-Build,Moderate,Low,Slow,2020-06-22,2021-02-26,2021,27712900,460,0.543,0.468,0.8761,0.8952,0.0421,34,0.9163,42,10,0.232,0.9582,17,6.134,14.181,0.08,0.4826,0.1155,0.1536,0.0955,0.1425,0.0465,0.0301,37.629,0.5184,0.072,0.2685,0.3417,0.3761,6,0.1901,46,1,1,1,0.8403,0.9091,Complete,2021-11-10,32981600,Train
PRJ3-01959,Copper District 1959,Mixed-Use,Mountain,UT,Private,Unit Price,CMAR,Moderate,Moderate,Standard,2024-04-25,2025-05-12,2025,87006700,981,0.39,0.352,1.0121,0.9374,0.0043,37,0.8554,11,11,0.449,0.9482,44,5.057,2.051,0.569,0.0927,0.0328,0.0699,0.025,0.1166,0.0486,0.0107,15.91,0.2637,1.382,0.2161,0.1109,0.2063,1,0.0235,19,0,0,0,0.977,0.981,Complete,2027-01-20,89055400,Test
PRJ3-01960,Liberty Neighborhood 1960,Residential,Northeast,NJ,Private,Cost Plus,Design-Build,Low,Low,Standard,2018-07-09,2019-05-02,2019,85775300,680,0.438,0.3983,0.9359,0.9455,0.0147,27,1.0292,19,14,0.604,0.9673,51,5.946,6.464,0.4921,0.2949,0.0606,0.1039,0.0436,0.1506,0.0453,0.0139,16.295,0.2437,2.304,0.3237,0.1873,0.1905,2,0.0569,-10,0,0,0,0.9462,1.0149,Complete,2020-05-09,90652100,Train
PRJ3-01961,Riverside Office Campus 1961,Commercial,Northeast,CT,Private,Guaranteed Maximum Price,Design-Bid-Build,Moderate,Moderate,Slow,2018-09-23,2019-09-13,2019,63557100,691,0.515,0.457,0.946,0.9135,0.0279,40,0.9344,25,10,0.298,0.9529,23,3.619,9.3,0.2489,0.4346,0.1246,0.091,0.051,0.02,0.0421,0.0494,33.568,0.3777,8.69,0.3451,0.2921,0.3735,6,0.1007,32,1,1,1,0.9085,0.9557,Complete,2020-09-15,69955700,Train
PRJ3-01962,Copper Town Center 1962,Mixed-Use,Southeast,NC,Public,Guaranteed Maximum Price,CMAR,Very High,Moderate,Fast,2018-08-02,2020-01-17,2020,160996800,1077,0.495,0.4314,1.0425,0.9347,-0.0281,68,0.923,33,22,0.505,0.9451,92,5.714,5.512,0.4402,0.108,0.0444,0.0974,0.0198,0.2808,0.0453,0.0373,5,0.0717,1.053,0.3794,0.1495,0.2114,2,0.0547,2,0,0,0,0.9481,0.9981,Complete,2021-07-16,169805500,Train
PRJ3-01963,Northstar Process Plant 1963,Industrial,Southeast,VA,Private,Lump Sum,Design-Build,High,High,Standard,2023-02-07,2024-01-26,2024,379354800,895,0.395,0.3748,1.0581,0.9463,-0.0452,18,1.0742,23,16,0.712,0.9843,209,5.509,11.312,0.08,0.2873,0.0788,0.1999,0.0768,0.1012,0.0222,0.0172,13.914,0.0826,2.184,0.3079,0.1925,0.3671,3,0.0278,-14,0,0,0,0.973,1.0159,Complete,2025-07-07,389886300,Validation
PRJ3-01964,Redwood Corporate Center 1964,Commercial,Mountain,ID,Private,Lump Sum,Design-Bid-Build,Moderate,High,Fast,2018-04-19,2019-03-09,2019,60823000,878,0.37,0.3705,0.944,1.0266,0.0206,0,1.095,28,5,0.348,0.9686,8,1.315,11.432,0.08,0.389,0.0882,0.1352,0.0504,0.159,0.0157,0.0204,22.706,0.273,0,0.1471,0.2629,0.2916,3,0.1248,7,1,0,1,0.8891,0.9921,Complete,2020-09-20,68411800,Train
PRJ3-01965,Lakeview Bridge Program 1965,Heavy Civil,Mountain,MT,Private,Cost Plus,IPD,Low,High,Standard,2021-01-05,2022-07-01,2022,153652400,1157,0.469,0.4465,1.0878,0.9944,-0.0225,26,1.1236,6,12,0.697,0.969,62,4.035,6.419,0.4622,0.2788,0.0788,0.0289,0,0.113,0.0164,0.0054,7.816,0.124,5.283,0.2085,0.1815,0.2985,2,-0.0084,-25,0,0,0,1.0084,1.0221,Complete,2024-02-11,152367200,Train
PRJ3-01966,Evergreen Urban Village 1966,Mixed-Use,Southwest,NM,Public,Guaranteed Maximum Price,Design-Bid-Build,Very High,Low,Standard,2020-08-25,2021-08-17,2021,444408100,826,0.433,0.3689,0.9292,0.9153,0.0117,53,0.8841,45,3,0.997,0.9521,240,5.4,17.512,0.08,0.5943,0.1489,0.2538,0.0631,0.2043,0.0697,0.0348,29.82,0.4039,4.011,0.5074,0.2831,0.5266,7,0.2022,57,1,1,1,0.8318,0.9354,Complete,2023-01-25,534288700,Train
PRJ3-01967,Crescent Public Works Program 1967,Infrastructure,Midwest,MO,Public-Private Partnership,Guaranteed Maximum Price,Design-Build,Moderate,Moderate,Slow,2020-07-22,2021-11-08,2021,181695200,1124,0.422,0.3854,0.9762,0.9738,-0.0006,41,1.064,32,18,0.673,0.9602,93,5.118,7.28,0.5902,0.4041,0.0653,0,0.014,0.1732,0.0395,0.0251,35.508,0.4484,2.35,0.3287,0.262,0.539,4,-0.0181,35,0,1,1,1.0184,0.9698,Complete,2023-09-24,178404400,Train
PRJ3-01968,Gateway Bridge Program 1968,Heavy Civil,Midwest,MN,Private,Lump Sum,CMAR,High,High,Fast,2022-04-09,2024-01-03,2024,219120100,1213,0.523,0.5119,0.9251,0.9504,0.0401,13,0.9592,0,20,0.685,0.9697,106,4.838,4.199,0.617,0.1565,0.0368,0.1255,0.0375,0.18,0.0169,0.0024,16.366,0.1816,0.732,0.1673,0.1949,0.1888,1,0.0268,-5,0,0,0,0.9739,1.0041,Complete,2025-07-30,224987000,Validation
PRJ3-01969,Copper Office Campus 1969,Commercial,Midwest,OH,Public,Cost Plus,IPD,Moderate,Moderate,Standard,2021-03-02,2022-02-12,2022,65706900,643,0.541,0.5355,0.9668,0.9975,0.0211,4,1.0382,0,15,0.796,0.9728,41,6.24,3.211,0.6441,0.1819,0.038,0,0.0078,0.0899,0.0031,0,21.829,0.1712,1.752,0.361,0.1774,0.3217,1,0.0205,-25,0,0,0,0.9799,1.0405,Complete,2022-11-10,67052700,Train
PRJ3-01970,Crescent Residences 1970,Residential,Mountain,UT,Private,Unit Price,Design-Bid-Build,Moderate,Low,Fast,2024-07-09,2025-03-07,2025,73771600,593,0.407,0.389,0.9114,0.9926,0.0453,11,0.9438,19,10,1.072,0.9965,36,4.88,9.075,0.3428,0.3163,0.0777,0.1266,0.0454,0.1424,0.0339,0.0241,5,0.0086,2.733,0.2524,0.2081,0.2788,3,0.1046,-25,1,0,1,0.9053,1.044,Complete,2026-01-28,81488600,Test
PRJ3-01971,Riverside Process Plant 1971,Industrial,Mountain,MT,Public,Lump Sum,Design-Build,Low,Moderate,Fast,2020-03-02,2021-01-28,2021,117455600,753,0.441,0.4319,1.0527,1.0067,-0.0212,7,0.9471,9,17,0.05,0.9806,33,2.81,2,0.6212,0.0408,0.0102,0.0641,0.035,0.02,0.0141,0.0034,5,0.1374,3.342,0.2364,0.1283,0.2185,1,-0.0147,-3,0,0,0,1.0149,1.004,Complete,2022-03-22,115731400,Train
PRJ3-01972,Gateway Public Works Program 1972,Infrastructure,Midwest,MO,Private,Guaranteed Maximum Price,Design-Build,Moderate,Moderate,Slow,2023-05-04,2025-01-22,2025,238387100,1146,0.549,0.4985,0.9886,0.926,-0.0105,58,0.8749,0,1,0.421,0.968,130,5.453,10.685,0.08,0.3063,0.0609,0.0912,0.0437,0.0514,0.0597,0.0169,35.175,0.4148,2.784,0.1483,0.2794,0.4309,4,0.0982,12,0,0,0,0.9105,0.9896,Complete,2026-07-05,261806000,Test
PRJ3-01973,Gateway Research Facility 1973,Institutional,West,OR,Private,Lump Sum,Design-Bid-Build,Moderate,Low,Slow,2024-10-09,2025-07-25,2025,142345300,716,0.405,0.3528,0.9242,0.8936,0.0306,37,0.9858,22,15,0.655,0.9442,88,6.182,6.582,0.1953,0.324,0.0831,0.1234,0.0428,0.2023,0.0096,0.0346,22.217,0.1722,2.541,0.2512,0.3073,0.4142,3,0.0845,31,0,1,1,0.9221,0.9585,Complete,2026-10-26,154372200,Test
PRJ3-01975,Gateway Public Works Program 1975,Infrastructure,Southeast,VA,Public-Private Partnership,Guaranteed Maximum Price,Design-Bid-Build,Very High,High,Fast,2021-02-11,2022-10-26,2022,322957200,1386,0.449,0.45,0.9545,0.9649,0.012,-1,1.0045,12,15,0.794,0.9832,195,6.038,4.358,0.4264,0.039,0.0419,0.1934,0.0764,0.2169,0.0506,0.0403,24.094,0.2325,4.47,0.496,0.2412,0.3338,3,0.0095,1,0,0,0,0.9906,0.9993,Complete,2024-11-29,326032400,Train
PRJ3-01976,Gateway District 1976,Mixed-Use,Mountain,ID,Public,Unit Price,Design-Bid-Build,Low,High,Slow,2020-05-03,2021-08-22,2021,272778800,974,0.489,0.5049,0.9287,0.9886,0.0344,-15,0.9672,21,17,0.335,0.9763,127,4.656,14.115,0.08,0.5254,0.1126,0.087,0.0368,0.0596,0.0035,0.0337,29.17,0.3213,6.786,0.2402,0.1739,0.2726,6,0.0641,32,0,1,1,0.9398,0.9682,Complete,2023-02-03,290257200,Train
PRJ3-01977,Gateway Utility Corridor 1977,Infrastructure,Northeast,NJ,Public-Private Partnership,Guaranteed Maximum Price,Design-Bid-Build,Very High,Moderate,Slow,2017-12-03,2020-01-15,2020,197366600,1505,0.514,0.4593,0.8482,0.8602,0.0573,82,0.7789,26,17,1.454,0.9524,133,6.739,9.72,0.3542,0.3877,0.1622,0.1723,0.0732,0.2311,0.0919,0.0498,19.823,0.3319,3.17,0.3327,0.2444,0.5027,4,0.2056,29,1,0,1,0.8294,0.9811,Complete,2022-02-14,237951500,Train
PRJ3-01978,Harbor Apartments 1978,Residential,West,OR,Public,Guaranteed Maximum Price,Design-Bid-Build,Very High,Moderate,Standard,2020-05-13,2021-03-10,2021,19086200,619,0.487,0.4537,0.9166,0.898,0.0431,21,0.9117,11,21,0.704,0.9699,8,4.192,9.426,0.2801,0.307,0.1123,0.1706,0.0865,0.2058,0.0825,0.0338,28.819,0.3133,2.365,0.3388,0.2417,0.3796,4,0.1187,31,1,1,1,0.8939,0.9523,Complete,2022-02-22,21352300,Train
PRJ3-01979,Evergreen Apartments 1979,Residential,Midwest,MO,Private,Guaranteed Maximum Price,IPD,Low,Moderate,Standard,2024-04-02,2024-10-12,2024,18849200,533,0.363,0.4135,0.9758,1.1126,0.0064,-27,1.1419,11,9,0.672,0.9738,4,2.122,5.903,0.5347,0.3139,0.0463,0.0759,0.015,0.1143,0,0.0061,16.083,0.1167,0,0.2979,0.1557,0.2261,1,0.0043,11,0,0,0,0.9957,0.9798,Complete,2025-09-28,18930900,Validation
PRJ3-01980,Evergreen Highway Improvements 1980,Heavy Civil,Southwest,TX,Private,Unit Price,CMAR,Moderate,Moderate,Slow,2020-08-24,2021-09-28,2021,299343500,1093,0.366,0.3056,0.956,0.9307,0.0029,66,0.8809,9,8,0.992,0.9472,150,5.011,9.554,0.2005,0.2694,0.0768,0.1287,0.0525,0.136,0.0599,0.0351,21.798,0.3386,7.846,0.404,0.2098,0.4222,4,0.0713,14,0,0,0,0.9334,0.9874,Complete,2023-09-05,320699100,Train
PRJ3-01981,Pioneer Urban Village 1981,Mixed-Use,Mountain,CO,Private,Unit Price,CMAR,Very High,High,Slow,2023-10-08,2025-02-27,2025,266052500,1031,0.493,0.4667,0.8387,0.9649,0.0857,27,0.8883,36,6,0.912,0.9584,155,5.826,14.978,0.08,0.5691,0.1212,0.2031,0.0761,0.348,0.0634,0.0449,31.168,0.3772,2.3,0.4773,0.3069,0.4624,6,0.1337,35,1,1,1,0.8821,0.9672,Complete,2026-09-08,301624800,Test
PRJ3-01982,Copper Apartments 1982,Residential,West,WA,Private,Lump Sum,CMAR,High,Moderate,Standard,2024-08-06,2025-05-21,2025,32547800,580,0.498,0.444,0.9097,0.8831,0.0538,31,0.9743,8,0,0.695,0.9701,23,7.067,13.494,0.08,0.5141,0.0776,0.0949,0.0352,0.1876,0.0435,0.0267,19.093,0.2467,4.792,0.4355,0.2564,0.4948,4,0.0557,9,0,0,0,0.9472,0.9847,Complete,2026-03-18,34360400,Test
PRJ3-01983,Aspen Manufacturing Facility 1983,Industrial,Southeast,NC,Private,Lump Sum,Design-Build,Moderate,Low,Fast,2019-04-23,2020-10-27,2020,172131200,946,0.585,0.6048,0.965,1.0252,0.009,-19,0.9676,1,7,0.521,0.9624,72,4.183,9.575,0.2723,0.2451,0.0566,0.167,0.0821,0.02,0.0182,0.0226,10.879,0.1801,4.605,0.2883,0.1397,0.3838,3,-0.0367,-25,0,0,0,1.0382,1.0271,Complete,2021-10-30,165805700,Train
PRJ3-01984,Lakeview Retail Center 1984,Commercial,Midwest,MI,Private,Guaranteed Maximum Price,IPD,Low,High,Standard,2022-11-24,2023-06-03,2023,41334800,433,0.443,0.4395,1.1091,1.0242,-0.0469,2,1.046,6,7,0.794,0.9878,18,4.355,7.194,0.336,0.2635,0.0593,0.0086,0.0066,0.0673,0.0296,0.0217,16.896,0.2702,1.673,0.39,0.164,0.2785,2,0.0577,19,0,0,0,0.9455,0.958,Complete,2024-02-19,43717800,Train
PRJ3-01985,Granite Civic Complex 1985,Institutional,Mountain,ID,Public,Cost Plus,IPD,Moderate,Moderate,Slow,2019-05-25,2020-02-23,2020,98355400,737,0.373,0.3268,0.9111,0.9031,0.0271,34,0.971,0,27,0.818,0.9758,62,6.304,12.09,0.08,0.4486,0.0987,0.069,0.0197,0.0697,0.0464,0.0389,27.272,0.3869,5.743,0.304,0.2745,0.4617,5,0.1443,55,1,1,1,0.8739,0.9306,Complete,2021-07-25,112551200,Train
PRJ3-01986,Mesa Apartments 1986,Residential,Mountain,UT,Private,Lump Sum,CMAR,Moderate,Moderate,Fast,2024-10-06,2025-10-08,2025,30525200,775,0.474,0.484,1.0096,0.9733,-0.0001,-8,1.0656,12,18,0.192,0.9558,13,4.259,9.735,0.2294,0.3192,0.0868,0.1902,0.0226,0.2106,0.0238,0,8.527,0.0654,2.192,0.3244,0.2411,0.2026,2,0.0365,33,0,1,1,0.9648,0.9592,Complete,2026-12-23,31638100,Test
PRJ3-01987,Summit Utility Corridor 1987,Infrastructure,Southeast,NC,Public-Private Partnership,Guaranteed Maximum Price,Design-Build,Low,High,Fast,2024-06-11,2025-09-22,2025,140535500,1237,0.379,0.4192,1.0587,1.1007,-0.0078,-50,1.0679,0,11,0,0.97,50,3.558,2,0.6033,0.0819,0.0191,0.018,0.0106,0.137,0.0111,0.0085,9.743,0.1497,0,0.2149,0.1089,0.3142,1,0.0173,-25,0,0,0,0.983,1.0206,Complete,2027-10-06,142972900,Test
PRJ3-01988,Pioneer Housing 1988,Residential,West,WA,Private,Lump Sum,CMAR,Very High,Moderate,Standard,2023-06-20,2024-07-03,2024,162582100,722,0.526,0.5081,0.8848,0.8792,0.0581,13,0.8582,21,12,0.607,0.986,97,5.966,10.244,0.2383,0.4318,0.1012,0.189,0.0621,0.2719,0.0587,0.0162,22.234,0.2946,5.399,0.3698,0.3961,0.3679,4,0.1479,6,1,0,1,0.8711,0.9918,Complete,2025-06-17,186635700,Validation
PRJ3-01989,Liberty Medical Center 1989,Institutional,Midwest,OH,Private,Lump Sum,CMAR,Very High,Moderate,Standard,2024-07-19,2025-05-25,2025,51892300,718,0.433,0.4391,0.9789,1.0141,-0.0064,-4,0.9245,12,16,0.957,0.9397,34,6.552,13.997,0.08,0.4616,0.1148,0.1781,0.0762,0.206,0.0487,0.0082,28.464,0.3723,6.455,0.1122,0.2377,0.3969,5,0.0621,6,0,0,0,0.9415,0.9917,Complete,2026-07-13,55114500,Test
PRJ3-01990,Lakeview Marketplace 1990,Commercial,West,OR,Public-Private Partnership,Cost Plus,Design-Bid-Build,High,Moderate,Fast,2021-03-22,2022-05-27,2022,68993500,800,0.539,0.5486,0.9939,0.9718,0.0152,-8,0.9317,6,19,0.418,0.9656,44,6.377,9.142,0.2697,0.3775,0.1175,0.142,0.0372,0.2546,0.0466,0.0079,11.865,0.1521,3.888,0.4341,0.1677,0.4274,2,-0.0569,13,0,0,0,1.0604,0.984,Complete,2023-06-13,65065000,Train
PRJ3-01991,Harbor Town Center 1991,Mixed-Use,Southwest,TX,Public,Unit Price,Design-Bid-Build,High,High,Standard,2023-10-07,2024-11-28,2024,211374500,912,0.459,0.4145,0.9296,0.9719,0.0028,41,0.9774,24,15,0.636,0.9788,120,5.677,12.786,0.08,0.5166,0.1325,0.1337,0.0404,0.1869,0.0289,0.0249,26.72,0.2459,0.253,0.2021,0.255,0.4416,4,0.0108,54,0,1,1,0.9893,0.9441,Complete,2026-05-30,213663200,Validation
PRJ3-01992,Canyon Water Program 1992,Heavy Civil,Northeast,CT,Private,Guaranteed Maximum Price,CMAR,Very High,High,Slow,2021-08-16,2023-08-06,2023,148672600,1357,0.531,0.4744,0.8868,0.9203,0.0762,77,0.9934,12,10,0.405,0.9354,102,6.861,9.277,0.2313,0.3465,0.1021,0.1879,0.0611,0.1686,0.0728,0.0578,34.871,0.3974,8.104,0.3313,0.3366,0.581,6,0.0938,10,0,0,0,0.9142,0.9927,Complete,2025-05-14,162621600,Train
PRJ3-01993,Harbor Transit-Oriented Development 1993,Mixed-Use,Southeast,NC,Public,Guaranteed Maximum Price,Design-Build,High,Moderate,Fast,2024-08-15,2025-11-07,2025,139523100,1010,0.445,0.4218,1.0894,0.9867,-0.0539,23,0.986,19,12,0.602,0.9751,78,5.59,7.872,0.3873,0.1789,0.0761,0.1784,0.0326,0.1638,0.0118,0.0081,12.884,0.2671,5.625,0.3805,0.2234,0.4013,2,-0.0796,24,0,0,0,1.0864,0.9768,Complete,2027-06-15,128421300,Test
PRJ3-01994,Horizon Apartments 1994,Residential,Mountain,WY,Private,Cost Plus,Design-Build,High,Moderate,Standard,2020-09-18,2021-10-28,2021,27251100,746,0.544,0.4764,0.9576,0.8957,0.0185,50,0.9867,15,25,0.204,0.9719,15,5.504,7.573,0.18,0.2937,0.0866,0.174,0.0656,0.1874,0.0345,0.0276,28.049,0.3452,1.069,0.3757,0.3711,0.4205,3,0.0466,11,0,0,0,0.9554,0.9855,Complete,2022-10-15,28522200,Train
PRJ3-01995,Evergreen Process Plant 1995,Industrial,Northeast,MA,Private,Lump Sum,CMAR,Very High,Moderate,Standard,2023-06-18,2024-07-28,2024,233754100,969,0.419,0.3689,0.9663,0.9257,0.0503,49,0.9745,28,13,0.849,0.9684,133,5.69,10.971,0.1291,0.3335,0.0861,0.191,0.0605,0.2303,0.055,0.0206,22.732,0.1472,4.586,0.2977,0.2027,0.4467,3,0.0424,39,0,1,1,0.9593,0.9613,Complete,2026-03-22,243667200,Validation
PRJ3-01996,Mesa Bridge Program 1996,Heavy Civil,Mountain,UT,Private,Cost Plus,CMAR,Moderate,High,Fast,2024-10-01,2025-12-18,2025,88510600,1146,0.387,0.4,0.8738,1.0468,0.0498,-15,0.9949,0,18,0.187,0.979,29,3.276,11.376,0.1421,0.3509,0.0863,0.1091,0.0797,0.0473,0.0227,0,18.618,0.2608,1.349,0.3886,0.1852,0.3189,2,0.003,0,0,0,0,0.997,1.0,Complete,2027-11-21,88774900,Test
PRJ3-01997,Aspen Civic Complex 1997,Institutional,Mountain,WY,Public,Lump Sum,Design-Build,Very High,Moderate,Slow,2023-04-06,2024-04-06,2024,59778100,921,0.398,0.3576,0.8035,0.8501,0.0718,37,0.8901,35,17,0.657,0.9678,21,3.513,11.767,0.08,0.4617,0.102,0.1539,0.068,0.1561,0.0443,0.0346,27.29,0.3909,7.498,0.317,0.2409,0.5508,5,0.1969,33,1,1,1,0.8355,0.9654,Complete,2025-11-15,71550600,Validation
PRJ3-01998,Aspen Town Center 1998,Mixed-Use,Midwest,MN,Private,Unit Price,IPD,Very High,Low,Fast,2020-05-07,2021-07-25,2021,113565300,753,0.59,0.5918,0.8378,1.0229,0.0968,-1,0.9668,16,15,0.329,0.964,48,4.227,5.736,0.3116,0.2116,0.0739,0.2064,0.0813,0.1873,0.0454,0.0176,23.974,0.2567,6.817,0.4064,0.2764,0.45,3,0.1565,20,1,0,1,0.8647,0.9741,Complete,2022-06-19,131337300,Train
PRJ3-01999,Crescent Utility Corridor 1999,Infrastructure,Northeast,NJ,Private,Unit Price,CMAR,Low,High,Slow,2021-07-11,2022-12-29,2022,330102700,1109,0.484,0.4856,0.9337,0.9762,0.0399,-2,0.9238,8,15,0.487,0.9897,146,4.423,7.9,0.4002,0.2877,0.0553,0.0357,0.0392,0.1854,0.0233,0.0122,24.038,0.2925,2.682,0.3549,0.1408,0.3958,2,0.0254,-8,0,0,0,0.9752,1.0073,Complete,2024-07-16,338483400,Train
PRJ3-02000,Northstar Highway Improvements 2000,Heavy Civil,Mountain,UT,Private,Unit Price,Design-Build,Moderate,High,Standard,2020-04-14,2021-07-14,2021,147958800,1138,0.401,0.4363,1.0382,1.034,0.0029,-40,0.9937,3,7,0.529,0.9537,61,4.123,8.711,0.3126,0.3625,0.1054,0.1286,0.0473,0.2224,0.062,0.0166,11.145,0.1063,3.097,0.4045,0.0695,0.5378,2,0.0428,-2,0,0,0,0.959,1.0018,Complete,2023-05-25,154285100,Train
PRJ3-02001,Gateway Utility Corridor 2001,Infrastructure,Northeast,NY,Private,Cost Plus,IPD,High,Moderate,Fast,2021-03-17,2022-07-14,2022,43278000,1353,0.358,0.3606,1.0191,0.9919,-0.0027,-4,1.0705,2,18,0.36,0.9609,22,5.083,6.965,0.6157,0.2274,0.0599,0.1063,0.014,0.1955,0.0234,0.0108,20.255,0.2822,0,0.4166,0.1738,0.4127,1,-0.0004,-20,0,0,0,1.0004,1.015,Complete,2024-11-09,43259000,Train
PRJ3-02002,Copper Town Center 2002,Mixed-Use,Southwest,TX,Public,Guaranteed Maximum Price,Design-Bid-Build,Very High,High,Standard,2024-11-13,2025-12-30,2025,104081000,908,0.454,0.5112,0.9586,1.0196,0.0438,-52,0.8993,24,5,0.916,0.9648,73,7.014,12.67,0.08,0.4325,0.1083,0.1958,0.0482,0.281,0.0594,0.0491,22.731,0.2179,6.422,0.5857,0.3376,0.3829,6,0.1297,52,1,1,1,0.8852,0.9458,Complete,2027-07-01,117575200,Test
PRJ3-02003,Canyon Apartments 2003,Residential,Southwest,NM,Private,Guaranteed Maximum Price,Design-Build,Moderate,High,Standard,2021-10-17,2022-10-07,2022,55010300,770,0.462,0.4889,0.9989,1.0809,0.012,-21,1.0653,7,3,0.621,0.9831,24,4.363,7.928,0.4796,0.2858,0.0798,0.0397,0.0275,0.1254,0.0386,0.0071,24.789,0.3549,9.829,0.1954,0.2335,0.2806,3,0.074,34,0,1,1,0.9311,0.9577,Complete,2023-12-30,59080100,Train
PRJ3-02004,Horizon Marketplace 2004,Commercial,Southeast,GA,Public-Private Partnership,Guaranteed Maximum Price,Design-Bid-Build,Low,Low,Slow,2023-03-03,2023-12-31,2023,126227800,624,0.487,0.4475,0.9352,0.9173,0.0209,25,0.9211,18,16,0.671,0.9526,65,5.149,11.564,0.2243,0.4222,0.083,0.0982,0.0431,0.1592,0.0487,0.0034,23.634,0.3678,4.955,0.3079,0.2266,0.2286,3,0.0365,8,0,0,0,0.9648,0.9873,Complete,2024-11-24,130834800,Train
PRJ3-02005,Canyon Research Facility 2005,Institutional,West,OR,Private,Lump Sum,CMAR,High,High,Standard,2023-01-08,2023-12-03,2023,79832700,635,0.519,0.496,0.9345,0.9556,0.0352,15,0.9398,0,0,0.451,0.9625,39,4.885,6.993,0.4035,0.264,0.094,0.1354,0.0425,0.1667,0.0125,0.0105,6.469,0.0089,5.677,0.225,0.1641,0.3655,2,0.0521,-15,0,0,0,0.9505,1.0242,Complete,2024-09-19,83993500,Train
PRJ3-02006,Northstar Bridge Program 2006,Heavy Civil,West,WA,Public,Unit Price,Design-Bid-Build,Moderate,Moderate,Standard,2023-05-13,2025-03-16,2025,245678000,1133,0.594,0.5383,1.0606,0.8977,-0.031,63,0.9565,9,1,0.897,0.9583,120,4.884,12.665,0.08,0.3215,0.0916,0.0008,0.0415,0.0367,0.0226,0.0238,6.675,0.095,2.145,0.1783,0.1338,0.3913,3,-0.0161,33,0,1,1,1.0163,0.9717,Complete,2026-07-22,241734600,Test
PRJ3-02007,Pioneer Logistics Center 2007,Industrial,West,NV,Private,Cost Plus,Design-Bid-Build,Moderate,Low,Standard,2023-06-19,2024-08-15,2024,250873100,925,0.458,0.4655,0.9545,1.0297,0.0215,-7,0.9784,0,1,0.55,0.957,115,4.584,12.72,0.0892,0.4997,0.0915,0.1905,0.0721,0.1193,0.012,0.0267,21.115,0.2185,2.302,0.3107,0.215,0.2404,4,0.0117,2,0,0,0,0.9884,0.9978,Complete,2026-01-01,253814800,Validation
PRJ3-02008,Cedar Medical Center 2008,Institutional,Midwest,OH,Public,Guaranteed Maximum Price,IPD,Low,Low,Fast,2023-09-11,2024-11-03,2024,135442500,826,0.508,0.5259,1.0741,1.0521,-0.0506,-15,1.0021,3,13,0.414,0.9745,55,4.061,5.254,0.503,0.1444,0.0114,0.0357,0.0333,0.0764,0.0056,0.0025,5.136,0.084,1.633,0.1811,0.1474,0.2482,1,-0.0132,-3,0,0,0,1.0133,1.0036,Complete,2025-12-12,133658700,Validation
PRJ3-02009,Cedar Corporate Center 2009,Commercial,Southeast,VA,Private,Unit Price,CMAR,High,Moderate,Standard,2020-03-07,2020-08-02,2020,38288500,329,0.451,0.4473,0.9804,0.981,0.0152,1,1.0156,3,17,0.8,0.9818,26,6.791,9.319,0.3151,0.2369,0.0858,0.1447,0.0426,0.275,0.032,0.0242,25.583,0.3404,3.912,0.2547,0.2966,0.4215,3,0.0611,34,0,1,1,0.9424,0.9063,Complete,2021-03-05,40628300,Train
PRJ3-02010,Cedar Earthworks Package 2010,Heavy Civil,Southwest,NM,Private,Lump Sum,Design-Build,Low,Moderate,Slow,2018-06-17,2019-08-28,2019,153175500,1057,0.414,0.427,0.9886,1.0159,0.0077,-14,0.8649,27,3,0.272,0.9765,67,4.374,7.525,0.363,0.3301,0.0992,0.0168,0.0155,0.0682,0.0102,0.0194,12.834,0.1202,4.946,0.1814,0.1687,0.2547,2,0.0603,-3,0,0,0,0.9432,1.0028,Complete,2021-05-06,162405200,Train
PRJ3-02012,Crescent Medical Center 2012,Institutional,Mountain,UT,Private,Guaranteed Maximum Price,Design-Build,High,High,Fast,2023-01-13,2023-11-14,2023,135616400,678,0.451,0.4786,0.9907,1.074,0.0059,-19,1.001,16,14,0.479,0.981,73,5.383,13.178,0.08,0.4384,0.1101,0.1372,0.0354,0.1364,0.0078,0,11.974,0.1852,0.64,0.2049,0.197,0.3437,3,0.0057,10,0,0,0,0.9944,0.9855,Complete,2024-12-01,136385600,Train
PRJ3-02013,Evergreen Transit-Oriented Development 2013,Mixed-Use,Midwest,OH,Public-Private Partnership,Unit Price,CMAR,High,Low,Fast,2020-07-18,2021-10-07,2021,251698600,1155,0.387,0.3713,1.0513,0.8749,-0.0254,18,0.9296,34,26,0.707,0.9662,137,5.443,10.297,0.08,0.3626,0.0815,0.2591,0.0684,0.1617,0.0389,0.0082,15.876,0.2637,0.617,0.3207,0.2854,0.366,2,0.0087,61,0,1,1,0.9913,0.9498,Complete,2023-11-16,253900400,Train
PRJ3-02014,Lakeview Neighborhood 2014,Residential,Mountain,ID,Private,Guaranteed Maximum Price,Design-Build,High,Low,Fast,2019-07-17,2019-12-10,2019,20227900,361,0.406,0.3927,1.0518,0.9753,-0.0154,5,1.0047,0,11,0.506,0.9515,14,6.921,6.927,0.3615,0.1587,0.0592,0.2501,0.0829,0.2504,0.0126,0.0148,28.742,0.3938,4.943,0.2964,0.3076,0.26,3,0.0398,11,0,0,0,0.9617,0.9704,Complete,2020-07-23,21033400,Train
PRJ3-02015,Riverside Civic Complex 2015,Institutional,Southwest,NM,Private,Unit Price,CMAR,Moderate,Moderate,Standard,2024-12-17,2025-12-19,2025,114278900,746,0.492,0.4432,1.0187,0.886,-0.0064,36,0.992,0,0,0.732,0.9739,56,4.9,4.799,0.5713,0.1689,0.0385,0,0,0.1121,0.0021,0.0073,12.1,0.1514,2.787,0.2085,0.126,0.44,1,0.0028,-11,0,0,0,0.9972,1.015,Complete,2026-12-22,114597200,Test
PRJ3-02016,Lakeview Neighborhood 2016,Residential,Southeast,NC,Public,Guaranteed Maximum Price,CMAR,High,High,Slow,2022-10-18,2023-10-24,2023,35679300,691,0.537,0.5213,0.9435,0.9884,0.0431,11,0.9868,0,18,0.623,0.9541,22,6.166,6.005,0.4166,0.1547,0.0561,0.1489,0.0599,0.2076,0.0417,0.0214,21.386,0.3297,10.815,0.3732,0.2122,0.3549,3,0.0593,1,0,0,0,0.944,0.9986,Complete,2024-09-09,37795100,Train
PRJ3-02017,Lakeview Education Center 2017,Institutional,Midwest,OH,Public,Cost Plus,Design-Bid-Build,High,High,Standard,2022-07-21,2023-07-15,2023,89282700,880,0.409,0.3502,0.8575,0.817,0.0538,52,0.9536,18,13,0.721,0.9683,52,5.824,9.757,0.2012,0.3327,0.0722,0.1202,0.0525,0.2275,0,0.0347,19.686,0.2004,5.56,0.292,0.2005,0.3168,4,0.0873,-25,0,0,0,0.9197,1.0292,Complete,2024-11-22,97076100,Train
PRJ3-02018,Gateway Civic Complex 2018,Institutional,West,OR,Public,Lump Sum,CMAR,High,Moderate,Standard,2025-05-02,2025-12-18,2025,75236600,608,0.379,0.3849,0.9108,0.9545,0.0441,-4,1.0142,27,3,0.648,0.9871,42,5.582,9.182,0.2296,0.3127,0.1098,0.1803,0.0513,0.1697,0.0619,0.0329,18.887,0.2331,3.573,0.3386,0.2782,0.407,3,0.2344,-1,1,0,1,0.8101,1.0016,Complete,2026-12-30,92873000,Test
PRJ3-02019,Northstar Apartments 2019,Residential,West,NV,Private,Unit Price,IPD,Very High,High,Slow,2024-12-11,2025-07-26,2025,36618000,608,0.374,0.3504,1.0011,0.9261,-0.0031,14,0.985,35,10,0.499,0.9517,28,7.647,12.143,0.1891,0.4259,0.106,0.1215,0.0471,0.1934,0.0362,0.0567,16.604,0.2784,3.859,0.2724,0.1254,0.4227,5,0.0656,42,0,1,1,0.9385,0.9354,Complete,2026-09-22,39019100,Test
PRJ3-02020,Northstar Town Center 2020,Mixed-Use,Mountain,UT,Private,Guaranteed Maximum Price,Design-Build,Very High,Low,Standard,2018-02-07,2019-09-01,2019,204786600,1256,0.455,0.3825,0.8688,0.8175,0.0775,91,0.935,19,20,1.203,0.9584,130,6.348,13.027,0.08,0.4018,0.1113,0.1685,0.0492,0.2188,0.0903,0.0369,21.414,0.2286,2.56,0.3779,0.2554,0.3816,4,0.1042,54,1,1,1,0.9057,0.9588,Complete,2021-09-09,226115600,Train
PRJ3-02021,Copper Transit-Oriented Development 2021,Mixed-Use,Southeast,VA,Private,Unit Price,Design-Bid-Build,High,Moderate,Standard,2020-11-21,2021-12-01,2021,77277900,901,0.417,0.3953,0.9674,0.9523,0.0143,20,1.0283,51,10,0.494,0.9724,43,5.564,10.927,0.0938,0.2836,0.0995,0.1542,0.0358,0.2965,0.0589,0.0216,24.384,0.35,2.557,0.2216,0.2195,0.3371,3,0.0646,29,0,0,0,0.9393,0.9688,Complete,2023-06-09,82269000,Train
PRJ3-02022,Redwood Residences 2022,Residential,Midwest,MO,Private,Cost Plus,Design-Bid-Build,High,Moderate,Fast,2022-02-02,2022-08-03,2022,33429100,453,0.403,0.3797,1.0051,0.9735,-0.0053,11,1.0485,21,14,0.931,0.9684,12,3.59,11.26,0.2729,0.2921,0.0689,0.1885,0.0395,0.2729,0.0321,0.03,15.245,0.2834,1.275,0.212,0.1871,0.4137,3,0.0146,-17,0,0,0,0.9856,1.039,Complete,2023-04-14,33917400,Train
PRJ3-02023,Summit District 2023,Mixed-Use,Southeast,TN,Public,Guaranteed Maximum Price,IPD,Moderate,High,Standard,2021-05-16,2022-07-19,2022,212707300,743,0.578,0.5504,0.9461,0.9655,0.0172,20,1.0432,5,3,0.359,0.9807,94,4.419,6.239,0.3689,0.219,0.0676,0.0385,0.0107,0.1348,0.0336,0.0009,5.936,0.2388,0,0.2666,0.0772,0.5051,1,0.0967,-25,0,0,0,0.9118,1.0348,Complete,2023-05-04,233272400,Train
PRJ3-02024,Gateway Public Works Program 2024,Infrastructure,Midwest,IL,Public,Lump Sum,CMAR,Moderate,Low,Fast,2023-04-19,2025-01-06,2025,286309200,1139,0.552,0.5182,0.9396,0.9348,0.0333,39,0.8234,15,13,0.343,0.9515,148,5.169,6.897,0.364,0.2531,0.0809,0.1302,0.0299,0.1729,0.0033,0.0139,8.006,0.1279,0,0.4132,0.1548,0.3495,1,0.0903,1,0,0,0,0.9172,0.9991,Complete,2026-06-02,312158900,Test
PRJ3-02025,Harbor Retail Center 2025,Commercial,West,NV,Public,Guaranteed Maximum Price,Design-Build,Moderate,Moderate,Slow,2023-02-23,2023-11-06,2023,91386200,554,0.463,0.4548,0.8325,0.9322,0.0925,5,1.0394,14,4,0.845,0.9626,49,5.362,6.969,0.4458,0.2868,0.0739,0.107,0.0517,0.061,0.0131,0,27.686,0.3009,2.268,0.3029,0.1909,0.4382,2,0.0927,-6,0,0,0,0.9152,1.0109,Complete,2024-08-24,99856400,Train
PRJ3-02026,Evergreen Retail Center 2026,Commercial,Southeast,VA,Public,Cost Plus,CMAR,Moderate,Moderate,Standard,2022-04-17,2023-01-20,2023,84698700,542,0.513,0.4769,1.0455,0.9548,0.014,20,0.8678,9,14,0.727,0.9637,33,3.896,7.097,0.2618,0.2802,0.0768,0.0649,0.0676,0.1657,0.0553,0.0241,23.033,0.3422,5.065,0.3818,0.1865,0.3338,3,0.0415,11,0,0,0,0.9601,0.9801,Complete,2023-10-22,88215800,Train
PRJ3-02027,Riverside Logistics Center 2027,Industrial,Southwest,TX,Public,Guaranteed Maximum Price,Design-Bid-Build,Very High,Low,Slow,2023-09-03,2024-10-16,2024,207867500,955,0.429,0.3917,0.8705,0.8832,0.0701,36,0.9039,29,10,0.911,0.9257,150,7.216,10.145,0.1806,0.4143,0.1184,0.3357,0.0739,0.1758,0.0809,0.0463,11.506,0.3108,1.905,0.3557,0.2617,0.5462,4,0.2113,33,1,1,1,0.8256,0.9666,Complete,2026-05-18,251792500,Validation
PRJ3-02028,Harbor Residences 2028,Residential,Southeast,NC,Private,Cost Plus,Design-Build,Low,High,Standard,2021-08-10,2022-03-26,2022,40162800,490,0.467,0.5338,1.0198,1.0555,-0.014,-33,1.1264,7,2,0.214,0.9945,4,0.996,5.594,0.4861,0.223,0.0776,0.0857,0.0291,0.0357,0.0161,0,13.242,0.1692,0,0.3048,0.2092,0.1693,1,-0.0093,-25,0,0,0,1.0094,1.0538,Complete,2022-11-18,39788800,Train
PRJ3-02029,Gateway Airport Improvements 2029,Infrastructure,Northeast,CT,Public-Private Partnership,Lump Sum,IPD,Very High,Moderate,Standard,2017-09-02,2019-02-27,2019,165213700,1174,0.463,0.4087,0.9744,0.9552,-0.0098,64,0.9045,4,21,0.735,0.9536,108,6.537,9.332,0.1913,0.3474,0.0874,0.122,0.0495,0.2712,0.0793,0.0381,42.242,0.4579,3.238,0.3625,0.4315,0.3564,5,0.0912,19,0,0,0,0.9164,0.9841,Complete,2020-12-08,180280200,Train
PRJ3-02030,Aspen Utility Corridor 2030,Infrastructure,West,NV,Private,Guaranteed Maximum Price,CMAR,High,Low,Slow,2022-02-06,2023-10-18,2023,442837400,1335,0.464,0.4239,0.8752,0.882,0.0744,54,0.8738,31,0,0.533,0.939,240,5.42,10.852,0.1245,0.4095,0.0989,0.1793,0.0254,0.084,0.0033,0.0542,26.865,0.3097,5.52,0.3424,0.2235,0.3869,5,0.1051,20,1,0,1,0.9049,0.9852,Complete,2025-10-23,489386300,Train
PRJ3-02031,Summit Town Center 2031,Mixed-Use,Midwest,OH,Public,Cost Plus,CMAR,Moderate,Low,Standard,2022-01-10,2022-12-08,2022,121800100,625,0.532,0.5684,0.8944,1.004,0.0553,-23,0.9912,36,8,0.95,0.9823,54,4.433,6.356,0.5271,0.2158,0.0449,0.1088,0.017,0.2095,0.027,0.014,18.952,0.1917,7.467,0.1728,0.2017,0.3156,2,0.0115,-25,0,0,0,0.9886,1.0417,Complete,2023-09-02,123206700,Train
PRJ3-02032,Pioneer Earthworks Package 2032,Heavy Civil,Southeast,NC,Private,Guaranteed Maximum Price,CMAR,Moderate,Low,Standard,2018-02-14,2019-07-11,2019,517927400,974,0.526,0.4474,0.9553,0.8286,0.0308,77,1.0119,16,6,0.668,0.9585,240,4.634,11.651,0.119,0.3954,0.0989,0.0614,0.0081,0.1528,0.0359,0,14.978,0.179,0,0.2484,0.1997,0.4179,2,0.1057,18,1,0,1,0.9044,0.9819,Complete,2020-11-02,572669400,Train
PRJ3-02033,Harbor Neighborhood 2033,Residential,Southwest,AZ,Public-Private Partnership,Unit Price,Design-Bid-Build,High,Moderate,Fast,2020-04-03,2021-02-19,2021,16642900,681,0.474,0.4718,0.9601,1.0482,0.0023,1,1.0073,9,19,0.851,0.9816,5,3.004,8.809,0.2659,0.3248,0.1102,0.0699,0.0078,0.1465,0.0215,0,19.255,0.2236,0,0.4521,0.1372,0.3151,1,0.0911,4,0,0,0,0.9165,0.9942,Complete,2022-02-17,18159200,Train
PRJ3-02034,Aspen Retail Center 2034,Commercial,Southwest,TX,Private,Unit Price,IPD,Moderate,Moderate,Slow,2025-02-25,2025-12-26,2025,51037800,542,0.561,0.5211,1.069,0.9172,-0.0264,22,0.9904,13,12,0.618,0.9914,35,6.858,10.774,0.2861,0.3484,0.096,0.0277,0.0217,0.0874,0.0501,0.0299,16.398,0.234,5.349,0.2851,0.0948,0.2712,3,0.0239,-15,0,0,0,0.9767,1.0285,Complete,2026-08-06,52257900,Test
PRJ3-02035,Northstar Urban Village 2035,Mixed-Use,Southwest,NM,Private,Unit Price,Design-Bid-Build,Moderate,Moderate,Standard,2022-10-18,2023-11-07,2023,71352000,755,0.511,0.4703,1.0189,0.9371,0.0021,31,0.9364,0,18,0.674,0.9837,25,3.504,5.518,0.5146,0.1506,0.0488,0.0512,0.0443,0.0837,0.063,0.0385,17.564,0.2712,7.979,0.4489,0.157,0.3525,3,0.0179,-25,0,0,0,0.9824,1.0342,Complete,2024-10-17,72627300,Train
PRJ3-02036,Gateway Public Works Program 2036,Infrastructure,Northeast,NJ,Private,Unit Price,CMAR,Low,Low,Standard,2021-02-13,2022-05-17,2022,523471300,1053,0.435,0.3939,0.8911,0.9067,0.0605,43,0.8796,29,5,0.46,0.9652,240,4.585,7.435,0.4989,0.2526,0.0813,0.1664,0.0579,0.0665,0.018,0.005,14.282,0.1862,3.671,0.0636,0.1473,0.2362,2,0.0827,18,0,0,0,0.9236,0.9832,Complete,2024-01-20,566745200,Train
PRJ3-02037,Horizon Urban Village 2037,Mixed-Use,Northeast,NY,Public,Unit Price,CMAR,Low,Moderate,Standard,2024-06-05,2025-01-08,2025,433191300,612,0.355,0.296,0.9666,0.9935,0.0267,36,0.962,15,18,0.197,0.957,203,4.686,5.373,0.5536,0.2252,0.0883,0,0.0057,0.0882,0.0347,0.0132,26.825,0.3982,0.632,0.2301,0.1995,0.1728,2,0.031,14,0,0,0,0.9699,0.9776,Complete,2026-02-21,446630400,Test
PRJ3-02038,Summit Corporate Center 2038,Commercial,West,WA,Public,Lump Sum,Design-Bid-Build,Low,Moderate,Standard,2024-06-11,2025-08-09,2025,85385100,787,0.539,0.5555,0.9372,1.0094,0.0329,-13,0.9424,3,1,0.709,0.9664,36,4.216,10.699,0.1871,0.3233,0.0789,0.0307,0.0122,0.0299,0.0119,0.0235,23.472,0.1787,3.002,0.3403,0.2345,0.3498,3,0.0732,15,0,0,0,0.9318,0.9813,Complete,2026-08-22,91634100,Test
PRJ3-02039,Pioneer Earthworks Package 2039,Heavy Civil,Mountain,WY,Public,Unit Price,Design-Bid-Build,Moderate,Moderate,Standard,2021-07-19,2023-04-13,2023,130096900,1077,0.588,0.5268,0.874,0.9035,0.0853,66,0.94,25,17,0.27,0.9247,51,3.92,6.403,0.4655,0.2291,0.0712,0.069,0.0465,0.1867,0.0188,0.0172,21.694,0.2599,3.081,0.2723,0.2069,0.3095,2,0.101,26,1,0,1,0.9083,0.9764,Complete,2024-07-26,143238900,Train
PRJ3-02040,Mesa Marketplace 2040,Commercial,West,CA,Public-Private Partnership,Lump Sum,Design-Bid-Build,High,Moderate,Fast,2021-12-01,2022-11-03,2022,44672100,855,0.395,0.3667,0.9923,0.9208,0.018,24,0.9514,8,7,0.539,0.947,41,9.178,6.363,0.3686,0.2159,0.0924,0.1252,0.0548,0.1352,0.0522,0.0363,25.783,0.3281,2.478,0.2738,0.2494,0.3814,3,0.0466,48,0,1,1,0.9555,0.9468,Complete,2024-05-22,46754200,Train
PRJ3-02041,Summit Neighborhood 2041,Residential,Southwest,TX,Private,Lump Sum,IPD,Very High,Moderate,Standard,2021-07-09,2022-06-05,2022,23863600,868,0.382,0.3733,0.9918,0.9867,0.0169,8,0.9812,11,14,0.903,0.9562,17,7.124,8.254,0.3775,0.3149,0.1087,0.1655,0.0287,0.3173,0.0507,0.0169,22.59,0.1518,2.403,0.2218,0.2812,0.3668,3,0.0387,-14,0,0,0,0.9628,1.0164,Complete,2023-11-10,24786600,Train
PRJ3-02042,Harbor Earthworks Package 2042,Heavy Civil,West,CA,Public,Unit Price,CMAR,High,Moderate,Slow,2019-05-20,2021-08-23,2021,97458700,1391,0.594,0.4691,0.9082,0.798,0.0348,174,0.9246,27,9,1.116,0.9453,58,5.951,8.889,0.2317,0.3563,0.0742,0.1093,0.0484,0.2037,0.0594,0.0375,34.151,0.436,3.996,0.1408,0.3052,0.5477,5,0.0947,29,0,0,0,0.9135,0.9796,Complete,2023-04-09,106687800,Train
PRJ3-02043,Harbor Airport Improvements 2043,Infrastructure,Midwest,IL,Private,Guaranteed Maximum Price,IPD,High,Moderate,Slow,2023-10-23,2025-07-10,2025,189031500,1328,0.472,0.4435,0.9135,0.9349,0.0315,38,0.995,15,17,0.865,0.9757,108,5.713,7.939,0.3919,0.3178,0.0924,0.1727,0.0755,0.2137,0.0483,0.0352,29.603,0.3223,8.976,0.4744,0.3046,0.4503,5,0.0956,-7,0,0,0,0.9127,1.0053,Complete,2027-06-05,207106500,Test
PRJ3-02044,Liberty Civic Complex 2044,Institutional,Northeast,CT,Public,Lump Sum,IPD,Low,Moderate,Standard,2020-04-23,2021-05-08,2021,78985000,699,0.545,0.6174,0.9274,1.0989,0.0371,-51,1.0347,6,22,0.226,0.9834,19,2.406,12.127,0.08,0.3533,0.0635,0,0.0323,0.0382,0.0317,0.0167,26.161,0.3146,2.866,0.3605,0.2047,0.3496,4,0.0435,-12,0,0,0,0.9583,1.0175,Complete,2022-03-11,82421400,Train
PRJ3-02045,Canyon Residences 2045,Residential,Southwest,TX,Private,Cost Plus,Design-Bid-Build,Moderate,High,Standard,2021-10-06,2022-06-21,2022,48616800,481,0.537,0.5241,0.9504,0.9683,0.0268,6,1.1016,0,0,0.596,0.9527,25,5.142,3.556,0.615,0.1544,0.0441,0.1642,0.0552,0.1328,0.0298,0.0206,17.808,0.2389,4.395,0.3005,0.2118,0.2878,2,0.0851,-25,0,0,0,0.9216,1.0548,Complete,2023-01-05,52752500,Train
PRJ3-02046,Summit Water Program 2046,Heavy Civil,Southwest,TX,Private,Unit Price,Design-Bid-Build,Low,Moderate,Slow,2018-08-24,2020-03-19,2020,185889100,1007,0.57,0.5169,0.8863,0.917,0.0585,53,0.8824,34,6,0.724,0.954,81,4.357,8.401,0.2706,0.3447,0.1033,0,0,0.135,0.0283,0.0198,25.324,0.3832,4.842,0.221,0.1474,0.3608,3,0.0837,17,0,0,0,0.9227,0.9834,Complete,2021-06-13,201455100,Train
PRJ3-02047,Granite Residences 2047,Residential,Midwest,MN,Private,Lump Sum,Design-Build,High,Moderate,Fast,2018-12-17,2019-09-27,2019,15476300,653,0.436,0.4773,0.8651,1.12,0.0618,-27,0.9524,0,13,1.013,0.9801,28,18.092,7.57,0.2828,0.2119,0.1136,0.2124,0.0528,0.2272,0.0542,0.0097,31.151,0.3616,8.962,0.3844,0.3357,0.3434,4,0.0733,-11,0,0,0,0.9317,1.0171,Complete,2020-09-19,16610100,Train
PRJ3-02048,Mesa Apartments 2048,Residential,Midwest,OH,Public,Cost Plus,Design-Bid-Build,Moderate,Moderate,Fast,2021-04-10,2021-12-09,2021,48902100,538,0.453,0.532,1.07,1.1029,-0.0364,-43,1.0083,20,9,0.885,0.9476,17,3.476,9.082,0.3203,0.3049,0.0881,0.1779,0.068,0.0221,0.0209,0,19.883,0.205,0,0.1357,0.2313,0.3732,1,-0.0413,-10,0,0,0,1.0431,1.0189,Complete,2022-09-20,46880100,Train
PRJ3-02049,Canyon Airport Improvements 2049,Infrastructure,Southwest,NM,Public,Cost Plus,Design-Build,Low,Low,Standard,2023-11-22,2025-05-18,2025,117785600,1164,0.467,0.4952,0.9084,1.0057,0.0451,-33,1.0066,0,5,0.925,0.9641,47,3.99,5.368,0.4727,0.2814,0.0529,0.1804,0.0668,0.1151,0.0133,0.0033,10.4,0.2249,1.591,0.2497,0.2148,0.3035,1,0.0603,-1,0,0,0,0.9431,1.0009,Complete,2027-01-28,124891200,Test
PRJ3-02050,Pioneer Neighborhood 2050,Residential,Mountain,CO,Private,Guaranteed Maximum Price,Design-Build,Low,Moderate,Standard,2019-02-14,2019-05-26,2019,40946200,240,0.421,0.4348,1.1233,0.969,-0.0522,-3,1.1511,7,11,0.628,0.9689,15,3.663,7.936,0.3465,0.2175,0.0679,0.105,0.0232,0.02,0.0302,0,21.16,0.3747,4.837,0.0911,0.147,0.2846,2,0.0277,44,0,1,1,0.9731,0.8451,Complete,2019-11-25,42078900,Train
PRJ3-02051,Cedar Residences 2051,Residential,West,OR,Public,Lump Sum,IPD,Low,Moderate,Standard,2023-01-08,2023-06-19,2023,91176600,331,0.49,0.5277,1.0477,1.0397,-0.0236,-12,1.0609,10,3,0.448,0.9934,40,4.387,9.439,0.11,0.3323,0.0763,0.0455,0.0169,0.1455,0,0.0142,15.875,0.057,5.805,0.0825,0.1305,0.3596,3,-0.0547,-25,0,0,0,1.0579,1.08,Complete,2023-11-10,86188600,Train
PRJ3-02052,Pioneer Medical Center 2052,Institutional,West,OR,Private,Guaranteed Maximum Price,Design-Bid-Build,High,Moderate,Fast,2020-10-12,2022-01-04,2022,86095000,801,0.561,0.5953,1.0053,1.0284,0.0176,-28,0.9365,20,12,0.576,0.9365,46,5.343,9.217,0.2147,0.2965,0.071,0.0694,0.0433,0.1341,0.0613,0.0301,13.414,0.0971,4.024,0.0659,0.1087,0.3603,3,0.0522,-5,0,0,0,0.9504,1.0063,Complete,2022-12-17,90584900,Train
PRJ3-02053,Summit Research Facility 2053,Institutional,Midwest,OH,Private,Lump Sum,IPD,High,Moderate,Fast,2022-12-16,2024-01-03,2024,50942300,963,0.398,0.379,1.0332,0.9778,0.002,18,1.0248,9,22,0.499,0.9775,29,5.693,9.242,0.2564,0.3583,0.0594,0.1915,0.038,0.1641,0.0028,0.0151,20.344,0.3622,0,0.2151,0.2639,0.3886,2,0.0081,6,0,0,0,0.992,0.9938,Complete,2025-08-11,51353400,Validation
PRJ3-02054,Canyon Retail Center 2054,Commercial,Mountain,MT,Public-Private Partnership,Cost Plus,Design-Build,Moderate,High,Standard,2019-01-10,2019-09-17,2019,56707600,496,0.506,0.5347,1.0105,1.0653,-0.0191,-14,0.994,0,7,0.571,0.9852,28,4.938,8.994,0.1244,0.2706,0.0588,0.0799,0.0576,0.0995,0.0122,0,26.552,0.2498,5.54,0.1677,0.202,0.3984,2,0.0284,-14,0,0,0,0.9724,1.029,Complete,2020-05-06,58317500,Train
PRJ3-02055,Gateway Housing 2055,Residential,West,NV,Private,Guaranteed Maximum Price,Design-Bid-Build,Very High,High,Standard,2018-07-19,2019-05-16,2019,81566300,593,0.508,0.5283,0.8123,0.9857,0.1148,-12,0.8653,23,5,1.002,0.9489,45,5.517,10.297,0.2174,0.3764,0.1084,0.2096,0.0899,0.245,0.0763,0.0304,9.882,0.1093,11.831,0.5074,0.1896,0.3786,4,0.2381,19,1,0,1,0.8077,0.969,Complete,2020-03-22,100984000,Train
PRJ3-02056,Crescent Medical Center 2056,Institutional,Midwest,MI,Public,Guaranteed Maximum Price,Design-Build,Moderate,Low,Standard,2018-01-21,2019-02-11,2019,71091000,726,0.532,0.5299,0.9722,0.9663,-0.0016,2,1.0115,8,13,0.758,0.9489,47,6.611,9.364,0.3403,0.4792,0.0883,0.0583,0.0052,0.1679,0.042,0,13.708,0.2513,0.483,0.3478,0.1799,0.3974,2,0.0914,-15,0,0,0,0.9162,1.0211,Complete,2020-01-02,77591100,Train
PRJ3-02057,Mesa Corporate Center 2057,Commercial,Southeast,TN,Public,Unit Price,Design-Build,High,Moderate,Fast,2024-08-04,2025-05-28,2025,40191500,611,0.487,0.5023,0.9254,1.0026,0.0395,-9,0.9898,0,23,0.706,0.9729,35,8.708,6.773,0.3869,0.2142,0.0626,0.0542,0.0387,0.2082,0.051,0.0133,22.584,0.2481,3.527,0.317,0.229,0.3435,2,0.0194,-2,0,0,0,0.9809,1.0033,Complete,2026-04-05,40972400,Test
PRJ3-02058,Crescent Housing 2058,Residential,West,CA,Public,Lump Sum,Design-Bid-Build,Moderate,Low,Standard,2019-09-11,2020-03-25,2020,36428200,465,0.422,0.415,1.0003,0.9753,-0.0006,3,0.9025,11,13,0.389,0.9695,14,3.843,9.968,0.2631,0.3923,0.095,0.1342,0.0043,0.1922,0.0291,0,31.276,0.3303,6.298,0.2199,0.2643,0.3024,3,0.0955,30,0,1,1,0.9128,0.9394,Complete,2021-01-18,39908100,Train
PRJ3-02059,Riverside Public Works Program 2059,Infrastructure,Southwest,TX,Private,Unit Price,Design-Bid-Build,Very High,Moderate,Standard,2019-09-06,2021-04-08,2021,315773700,1264,0.459,0.4216,0.9836,0.8969,-0.0076,47,0.8528,37,12,0.912,0.9346,214,6.777,7.872,0.1514,0.3785,0.1213,0.2955,0.0802,0.3007,0.0507,0.0426,25.692,0.213,3.89,0.2157,0.4027,0.3333,4,0.0364,25,0,0,0,0.9648,0.9806,Complete,2023-03-18,327282200,Train
PRJ3-02060,Evergreen Medical Center 2060,Institutional,Midwest,MO,Public,Lump Sum,Design-Bid-Build,Low,Low,Fast,2022-12-03,2024-05-13,2024,92486100,916,0.576,0.5427,0.9366,0.9641,0.0357,31,0.9762,12,15,0.084,0.9687,32,3.46,9.877,0.2633,0.2921,0.0561,0.0276,0.0425,0.1956,0.0048,0.0033,16.22,0.1702,1.787,0.3246,0.1021,0.3473,2,0.025,-19,0,0,0,0.9756,1.0212,Complete,2025-05-18,94801500,Validation
PRJ3-02061,Redwood Water Program 2061,Heavy Civil,West,NV,Public,Lump Sum,Design-Build,Moderate,Moderate,Standard,2020-06-10,2021-12-11,2021,204747700,1127,0.488,0.4655,0.9838,0.9655,0.0216,25,1.0455,4,17,0.717,0.9707,93,4.542,10.354,0.1613,0.3809,0.0882,0.1266,0.0662,0.0846,0.01,0.0122,22.629,0.2342,6.838,0.2887,0.2602,0.2277,3,-0.0192,5,0,0,0,1.0196,0.9956,Complete,2023-07-17,200807700,Train
PRJ3-02062,Northstar Water Program 2062,Heavy Civil,Midwest,MN,Private,Guaranteed Maximum Price,CMAR,Moderate,High,Standard,2023-09-24,2025-07-04,2025,192765800,1101,0.59,0.5912,1.0871,0.9947,-0.0637,-1,1.0483,3,15,0.471,0.9516,77,3.994,13.017,0.0978,0.5627,0.114,0.0194,0.0331,0.0775,0.0348,0.0163,12.682,0.2975,0,0.1417,0.126,0.3551,3,0.047,5,0,0,0,0.9551,0.9955,Complete,2026-10-04,201819700,Test
PRJ3-02063,Gateway Urban Village 2063,Mixed-Use,West,OR,Private,Lump Sum,CMAR,Moderate,Low,Slow,2020-04-16,2021-10-22,2021,92940100,1200,0.462,0.4379,0.8881,0.9621,0.0437,29,0.883,5,6,0.522,0.9538,49,5.272,13.384,0.08,0.3962,0.1247,0.1284,0.0584,0.3608,0.0227,0.0386,29.649,0.369,1.446,0.3461,0.2583,0.3532,5,0.1075,0,1,0,1,0.903,1.0,Complete,2023-07-30,102927000,Train
PRJ3-02064,Copper Neighborhood 2064,Residential,Southwest,TX,Private,Cost Plus,Design-Bid-Build,High,Low,Standard,2019-01-10,2019-10-09,2019,22273100,562,0.485,0.4587,0.8478,0.9184,0.0909,15,0.8976,4,0,0.791,0.9678,11,4.939,7.337,0.3416,0.3387,0.1031,0.2112,0.0493,0.2245,0.0395,0.0416,21.084,0.2246,7.835,0.3208,0.2947,0.2755,4,0.1886,11,1,0,1,0.8413,0.9808,Complete,2020-08-05,26473500,Train
PRJ3-02065,Granite Residences 2065,Residential,Midwest,MO,Public,Lump Sum,CMAR,High,Moderate,Fast,2020-04-15,2020-10-25,2020,60358600,545,0.355,0.3314,0.8904,0.9616,0.0568,13,1.0276,0,23,0.11,0.9719,26,4.308,7.939,0.2352,0.3202,0.0607,0.1544,0.0475,0.2024,0.0114,0.0414,19.527,0.3115,2.143,0.2394,0.2183,0.3914,3,0.0582,-4,0,0,0,0.945,1.0074,Complete,2021-10-08,63870500,Train
PRJ3-02066,Riverside Medical Center 2066,Institutional,Southwest,TX,Private,Lump Sum,Design-Bid-Build,Low,Moderate,Standard,2021-04-03,2022-03-18,2022,85231300,746,0.468,0.4701,1.0073,0.966,0.0046,-2,0.904,0,0,0.567,0.9857,37,4.341,3.206,0.6552,0.1197,0.0371,0.0159,0,0.1569,0,0,5,0.0416,0,0.1744,0.0352,0.2272,0,0.0738,-10,0,0,0,0.9312,1.0136,Complete,2023-04-09,91525200,Train
PRJ3-02067,Granite Apartments 2067,Residential,Mountain,CO,Private,Guaranteed Maximum Price,CMAR,High,Moderate,Slow,2023-03-13,2023-08-07,2023,31163500,341,0.433,0.4207,0.8276,0.9067,0.0986,4,0.9032,19,6,0.399,0.9784,22,7.06,12.062,0.08,0.461,0.1056,0.0564,0.0365,0.1988,0.0388,0.0333,20.414,0.2671,7.117,0.1756,0.1416,0.4977,5,0.0883,28,0,0,0,0.9189,0.9241,Complete,2024-03-16,33914400,Train
PRJ3-02068,Canyon Water Program 2068,Heavy Civil,West,WA,Private,Unit Price,CMAR,Very High,High,Slow,2018-06-10,2019-11-02,2019,134956900,1069,0.478,0.4675,0.7985,0.9556,0.1328,11,0.7228,25,16,0.865,0.9852,75,5.557,6.699,0.4633,0.2379,0.0578,0.1614,0.0719,0.21,0.0767,0.0516,23.334,0.209,3.722,0.5015,0.2566,0.3943,4,0.212,21,1,0,1,0.8251,0.9807,Complete,2021-06-04,163561900,Train
PRJ3-02069,Gateway Urban Village 2069,Mixed-Use,Southeast,NC,Private,Guaranteed Maximum Price,CMAR,Moderate,Low,Slow,2024-05-21,2025-07-15,2025,105819300,739,0.569,0.4953,0.9643,0.8256,0.0122,54,0.9563,23,16,0.803,0.9448,55,5.198,9.097,0.1797,0.3247,0.1081,0.1162,0.0562,0.1451,0.0318,0.0237,27.146,0.3952,8.884,0.2524,0.2606,0.4182,4,0.1256,51,1,1,1,0.8884,0.9354,Complete,2026-07-20,119111200,Test
PRJ3-02070,Granite Medical Center 2070,Institutional,Mountain,WY,Private,Lump Sum,Design-Build,High,High,Fast,2023-10-08,2025-03-02,2025,47758800,912,0.561,0.5657,1.0927,0.9868,-0.0609,-4,0.9716,0,11,0.122,0.9699,24,5.025,6.996,0.4582,0.2536,0.048,0.164,0.0522,0.2802,0.0256,0,18.235,0.1761,0,0.0785,0.2436,0.3394,1,0.0031,-17,0,0,0,0.997,1.019,Complete,2026-03-21,47904500,Test
PRJ3-02071,Liberty Urban Village 2071,Mixed-Use,Southwest,AZ,Private,Guaranteed Maximum Price,CMAR,Low,High,Standard,2021-08-12,2023-02-04,2023,286316900,910,0.595,0.6295,1.1064,1.0955,-0.0529,-31,1.0557,11,10,0.648,0.9628,113,3.947,7.326,0.304,0.3468,0.0567,0.0533,0.025,0.1257,0.0057,0.0194,17.69,0.122,2.077,0.4566,0.1644,0.2501,2,0.0301,-19,0,0,0,0.9708,1.0213,Complete,2024-01-20,294939900,Train
PRJ3-02072,Riverside Highway Improvements 2072,Heavy Civil,West,NV,Private,Lump Sum,CMAR,Very High,High,Slow,2024-04-11,2025-09-27,2025,280836100,1018,0.525,0.481,0.8085,0.8397,0.117,45,0.8725,18,6,0.798,0.9614,173,6.16,11.309,0.1692,0.3904,0.1113,0.1133,0.0296,0.2716,0.0677,0.0468,31.797,0.3702,5.448,0.2258,0.3826,0.3531,6,0.0674,39,0,1,1,0.9368,0.9631,Complete,2027-03-04,299777900,Test
PRJ3-02073,Lakeview Bridge Program 2073,Heavy Civil,Northeast,NY,Private,Unit Price,Design-Build,Moderate,Moderate,Slow,2023-05-20,2024-08-12,2024,260699000,1026,0.439,0.3843,0.9763,0.888,0.0202,56,0.9654,13,7,0.695,0.9644,119,4.565,7.21,0.3503,0.2762,0.0564,0.0622,0.0261,0.1343,0.0483,0.0244,20.572,0.3551,8.503,0.2973,0.2146,0.3714,3,0.0573,11,0,0,0,0.9458,0.9894,Complete,2026-03-22,275647800,Validation
PRJ3-02074,Evergreen Office Campus 2074,Commercial,Mountain,ID,Public,Guaranteed Maximum Price,Design-Bid-Build,Low,Moderate,Standard,2022-05-23,2022-12-26,2022,26321200,593,0.367,0.3503,0.9336,0.9733,-0.0081,10,0.9894,33,3,0.456,0.9846,24,9.118,9.173,0.2094,0.3541,0.1074,0.0469,0.0443,0.0874,0.0288,0,31.173,0.3338,5.071,0.2013,0.2878,0.3311,3,0.0717,29,0,0,0,0.9331,0.9534,Complete,2024-02-04,28208800,Train
PRJ3-02075,Pioneer Public Works Program 2075,Infrastructure,Mountain,WY,Public,Cost Plus,Design-Build,High,Moderate,Fast,2021-12-24,2023-07-08,2023,794354500,1316,0.427,0.4001,1.0175,0.8986,-0.0114,35,0.9632,33,5,0.579,0.9734,240,3.021,7.805,0.2915,0.227,0.0991,0.1227,0.0704,0.1538,0.0568,0.0278,28.338,0.3182,2.817,0.4366,0.1726,0.4926,3,0.1226,14,1,0,1,0.8908,0.9895,Complete,2025-08-15,891778000,Train
PRJ3-02076,Mesa Water Program 2076,Heavy Civil,Mountain,UT,Private,Guaranteed Maximum Price,CMAR,Moderate,High,Standard,2024-01-03,2025-02-26,2025,402641900,974,0.432,0.4372,0.909,0.9448,0.0102,-5,1.1305,0,17,0.81,0.9447,190,4.719,6.816,0.3975,0.3181,0.0654,0.0931,0.024,0.0947,0.0227,0.015,25.301,0.2787,1.332,0.3035,0.2144,0.3226,2,0.0495,37,0,1,1,0.9528,0.9634,Complete,2026-10-10,422568100,Test
PRJ3-02077,Canyon Manufacturing Facility 2077,Industrial,Midwest,MO,Public,Lump Sum,Design-Build,Moderate,Moderate,Standard,2020-06-24,2021-11-09,2021,83189100,1027,0.49,0.443,0.9494,0.8942,0.0075,48,1.0598,27,11,0.263,0.9549,32,3.847,4.86,0.5686,0.2525,0.0746,0.0084,0.0255,0.105,0,0,20.835,0.3395,5.306,0.1778,0.1606,0.2842,2,0.1108,4,1,0,1,0.9003,0.9961,Complete,2023-04-21,92403400,Train
PRJ3-02079,Crescent Logistics Center 2079,Industrial,Mountain,UT,Public,Lump Sum,Design-Build,Very High,Moderate,Standard,2019-06-15,2020-09-21,2020,128557700,984,0.472,0.4162,0.8664,0.8589,0.05,55,0.8912,37,21,1.065,0.9775,80,6.223,12.627,0.08,0.5096,0.1134,0.2317,0.0915,0.2247,0.0418,0.038,27.476,0.3924,4.07,0.3156,0.2742,0.4152,5,0.1665,73,1,1,1,0.8573,0.9309,Complete,2022-05-07,149959100,Train
PRJ3-02080,Evergreen Apartments 2080,Residential,Mountain,WY,Public,Lump Sum,IPD,Very High,Moderate,Standard,2020-10-15,2021-07-28,2021,54890100,712,0.403,0.4068,1.0315,0.9957,-0.0065,-3,1.0246,28,19,0.848,0.9581,24,4.372,7.422,0.1962,0.2716,0.0797,0.1387,0.0442,0.2413,0.0498,0.0189,21.783,0.2603,1.779,0.2213,0.2459,0.4005,2,0.0159,2,0,0,0,0.9843,0.9972,Complete,2022-09-29,55764100,Train
PRJ3-02081,Riverside Process Plant 2081,Industrial,Southeast,NC,Public,Guaranteed Maximum Price,Design-Build,Moderate,Moderate,Standard,2020-12-12,2022-05-06,2022,216871800,897,0.569,0.5819,0.976,1.0358,0.0134,-12,0.9883,24,4,0.71,0.9695,103,4.749,9.034,0.2981,0.3254,0.1038,0.2009,0.0677,0.0914,0.0004,0.0224,13.115,0.1127,0,0.2865,0.24,0.2891,2,0.0003,27,0,0,0,0.9997,0.9708,Complete,2023-06-24,216930200,Train
PRJ3-02082,Canyon Education Center 2082,Institutional,West,WA,Private,Cost Plus,Design-Build,High,High,Standard,2020-07-18,2021-05-08,2021,121667300,654,0.45,0.4291,0.9533,0.9642,0.0036,14,0.9792,0,7,0.77,0.9596,61,5.014,7.255,0.3108,0.2688,0.0933,0.1212,0.0717,0.1304,0.0448,0.006,17.471,0.2396,2.058,0.3728,0.1982,0.3188,2,0.1066,-7,1,0,1,0.9037,1.0108,Complete,2022-04-26,134633000,Train
PRJ3-02083,Lakeview Earthworks Package 2083,Heavy Civil,Mountain,MT,Public,Cost Plus,Design-Build,Moderate,High,Standard,2018-11-22,2020-01-17,2020,387597100,1053,0.4,0.4013,0.9544,1.0326,0.0274,-1,1.0642,4,21,0.525,0.9726,182,4.696,7.997,0.3486,0.304,0.1104,0.201,0.0668,0.0925,0.0023,0.0085,22.165,0.2673,5.288,0.1656,0.2373,0.3101,2,-0.0662,-3,0,0,0,1.0709,1.0029,Complete,2021-10-07,361927000,Train
PRJ3-02084,Harbor Distribution Hub 2084,Industrial,West,WA,Public,Guaranteed Maximum Price,Design-Build,High,High,Slow,2024-12-19,2025-08-28,2025,122550100,716,0.352,0.3529,0.9525,0.9418,0.009,-1,0.9312,12,14,0.38,0.935,47,3.835,8.771,0.4601,0.2531,0.1001,0.0842,0.0411,0.0887,0.0716,0.045,21.762,0.2679,5.039,0.2393,0.1877,0.3473,4,0.0981,20,0,0,0,0.9107,0.9728,Complete,2026-12-25,134573200,Test
PRJ3-02085,Mesa Neighborhood 2085,Residential,Southeast,TN,Private,Lump Sum,Design-Build,Moderate,Moderate,Fast,2022-10-12,2023-09-17,2023,44055500,649,0.524,0.5588,0.9817,1.0871,0.012,-23,1.0353,6,12,0.389,0.9749,14,3.178,10.846,0.152,0.3686,0.0405,0.1517,0.0288,0.0903,0.0099,0.0045,17.303,0.1656,2.679,0.2985,0.2019,0.3492,2,-0.0484,-13,0,0,0,1.0509,1.0204,Complete,2024-07-09,41921700,Train
PRJ3-02086,Harbor Medical Center 2086,Institutional,West,NV,Private,Guaranteed Maximum Price,CMAR,Very High,Low,Standard,2022-05-17,2023-07-03,2023,106852800,885,0.466,0.4718,0.8592,0.957,0.0823,-5,0.9464,31,14,1.019,0.9466,65,6.083,7.913,0.377,0.3379,0.1023,0.249,0.0691,0.2817,0.0385,0.0266,27.783,0.1679,0,0.6233,0.3716,0.3218,3,0.1538,22,1,0,1,0.8667,0.9757,Complete,2024-11-09,123287800,Train
PRJ3-02087,Pioneer Office Campus 2087,Commercial,Midwest,IL,Private,Unit Price,Design-Bid-Build,High,Moderate,Standard,2024-06-13,2025-05-26,2025,126442500,697,0.498,0.5265,0.8743,1.0435,0.0972,-20,0.9426,36,18,0.952,0.9596,64,5.062,12.611,0.08,0.4171,0.0905,0.1562,0.0697,0.2226,0.0435,0.0289,27.424,0.2074,6.733,0.3267,0.2676,0.3742,5,0.1336,-7,1,0,1,0.8821,1.0101,Complete,2026-05-04,143341300,Test
PRJ3-02088,Granite Residences 2088,Residential,West,NV,Private,Lump Sum,Design-Bid-Build,Moderate,Moderate,Standard,2023-03-22,2023-11-23,2023,108264500,506,0.487,0.4977,0.9574,1.0053,0.0384,-5,1.0398,8,5,0.267,0.969,41,3.787,10.478,0.3002,0.3677,0.06,0.1038,0.051,0.0906,0.0201,0,8.469,0.1115,3.997,0.4916,0.1713,0.1859,2,0.0392,-15,0,0,0,0.9623,1.0305,Complete,2024-07-25,112509100,Train
PRJ3-02089,Copper Corporate Center 2089,Commercial,Midwest,MI,Private,Cost Plus,CMAR,Very High,Low,Fast,2019-01-01,2020-03-19,2020,150968300,762,0.582,0.4992,0.8708,0.8416,0.0618,63,0.9508,14,27,0.787,0.9698,84,5.564,5.632,0.308,0.0995,0.0823,0.1387,0.0336,0.3402,0.0619,0.0349,19.525,0.2047,3.788,0.254,0.208,0.5368,3,0.1604,25,1,0,1,0.8618,0.9682,Complete,2021-02-26,175180400,Train
PRJ3-02090,Summit Education Center 2090,Institutional,Southeast,VA,Private,Lump Sum,Design-Build,Moderate,Low,Slow,2020-09-25,2021-10-06,2021,165767600,829,0.454,0.4272,0.9441,0.9435,0.0138,22,1.0363,21,13,0.7,0.9462,111,6.696,9.254,0.3382,0.3301,0.086,0.1257,0.0498,0.1609,0.0416,0.021,29.274,0.3851,5.927,0.2594,0.1973,0.3772,4,0.0355,45,0,1,1,0.9657,0.9485,Complete,2023-02-16,171653100,Train
PRJ3-02091,Harbor Distribution Hub 2091,Industrial,Southwest,NM,Private,Guaranteed Maximum Price,Design-Bid-Build,Very High,High,Standard,2020-06-09,2022-02-22,2022,202984500,1100,0.567,0.4817,0.8727,0.8828,0.0835,94,1.0045,27,14,0.776,0.9637,134,6.601,8.788,0.1262,0.3578,0.0962,0.1503,0.0305,0.2929,0.0319,0.0307,25.361,0.3254,7.533,0.3108,0.2331,0.3772,4,0.0393,45,0,1,1,0.9622,0.9607,Complete,2023-07-29,210958300,Train
PRJ3-02092,Canyon Utility Corridor 2092,Infrastructure,Southwest,TX,Private,Unit Price,Design-Build,High,High,Fast,2021-02-18,2022-07-01,2022,182539000,1266,0.394,0.4021,1.0715,1.0058,-0.0235,-10,0.865,18,12,0.396,0.9579,91,4.985,4.978,0.5261,0.257,0.091,0.1454,0.0505,0.1391,0.0588,0.0095,27.855,0.3187,0,0.2279,0.2763,0.408,2,0.0522,21,0,0,0,0.9504,0.9837,Complete,2024-08-28,192061500,Train
PRJ3-02093,Lakeview Logistics Center 2093,Industrial,Southwest,TX,Public,Unit Price,CMAR,High,Low,Slow,2022-01-16,2023-08-08,2023,56377800,1114,0.511,0.4798,0.8047,0.8941,0.1061,35,0.8421,33,9,0.968,0.9438,31,5.499,13.401,0.08,0.526,0.132,0.2091,0.0338,0.2203,0.0286,0.0169,27.439,0.4095,8.493,0.2833,0.2848,0.3703,5,0.1212,5,1,0,1,0.8919,0.9955,Complete,2025-02-08,63210100,Train
PRJ3-02094,Liberty Airport Improvements 2094,Infrastructure,Southwest,AZ,Public-Private Partnership,Guaranteed Maximum Price,Design-Build,Moderate,Low,Standard,2023-06-26,2025-04-05,2025,950000000,1090,0.596,0.5724,0.8502,0.9675,0.0881,26,0.9589,10,0,0.37,0.9659,240,2.526,9.365,0.3273,0.3275,0.053,0.1591,0.0455,0.1375,0.0202,0.0133,19.153,0.2314,4.774,0.3322,0.1988,0.3211,3,0.1861,-23,1,0,1,0.8431,1.0216,Complete,2026-05-28,1126822800,Test
PRJ3-02095,Northstar Transit Program 2095,Infrastructure,Southwest,TX,Public,Guaranteed Maximum Price,Design-Build,High,Moderate,Standard,2022-08-08,2024-07-22,2024,143188800,1399,0.511,0.5304,1.0379,1.0244,-0.0303,-27,0.9633,37,5,0.656,0.9695,75,5.238,14.177,0.08,0.4482,0.0903,0.1581,0.0775,0.1226,0.0528,0.0327,27.525,0.2416,7.528,0.3045,0.2807,0.4004,6,0.0702,10,0,0,0,0.9344,0.9929,Complete,2026-06-17,153247600,Validation
PRJ3-02096,Riverside Utility Corridor 2096,Infrastructure,Mountain,CO,Private,Unit Price,CMAR,Low,Moderate,Slow,2018-07-13,2019-07-12,2019,152624500,910,0.401,0.4067,0.9824,0.9885,0.0048,-5,1.0858,21,9,0.485,0.9511,76,4.98,9.129,0.3548,0.2806,0.0585,0.1572,0.0686,0.1927,0.0307,0.022,23.576,0.3774,7.916,0.2564,0.2753,0.2189,4,0.0708,-25,0,0,0,0.9339,1.0282,Complete,2020-12-14,163434900,Train
PRJ3-02097,Liberty Water Program 2097,Heavy Civil,Southeast,GA,Public,Lump Sum,Design-Bid-Build,Very High,High,Standard,2024-02-12,2025-05-18,2025,327638100,1092,0.423,0.462,0.959,1.0288,0.0496,-43,0.9255,20,16,1.016,0.9495,192,5.86,10.302,0.1763,0.3438,0.1079,0.1987,0.0594,0.2296,0.0556,0.0255,32.163,0.2569,6.154,0.436,0.3565,0.3529,5,0.0235,41,0,1,1,0.9771,0.9638,Complete,2027-03-21,335327100,Test
PRJ3-02098,Pioneer Office Campus 2098,Commercial,Northeast,NJ,Private,Unit Price,Design-Build,Moderate,Moderate,Standard,2024-04-19,2025-04-08,2025,114493300,722,0.491,0.4816,0.9871,0.9751,0.0059,7,1.1307,14,19,0.993,0.9722,54,4.716,6.615,0.316,0.2615,0.035,0.0273,0.0163,0.1433,0,0.0113,10.751,0.2438,1.898,0.237,0.1366,0.4407,1,-0.0423,8,0,0,0,1.0442,0.989,Complete,2026-04-19,109645700,Test
PRJ3-02099,Pioneer Corporate Center 2099,Commercial,Midwest,MO,Public,Unit Price,Design-Bid-Build,Moderate,Moderate,Fast,2021-04-01,2022-08-27,2022,43476000,869,0.591,0.6052,0.9622,0.9987,0.0022,-12,1.0264,9,17,0.62,0.9871,19,4.37,10.902,0.1584,0.3761,0.0915,0.0514,0.0541,0.1176,0.009,0.0167,12.62,0.18,0.774,0.1693,0.1166,0.368,2,0.0716,-11,0,0,0,0.9331,1.0128,Complete,2023-08-07,46591000,Train
PRJ3-02100,Gateway Utility Corridor 2100,Infrastructure,West,WA,Public,Guaranteed Maximum Price,Design-Build,Moderate,Low,Standard,2021-04-23,2022-11-28,2022,267231400,1045,0.559,0.5077,1.0234,0.926,-0.0263,54,0.9854,3,10,0.876,0.9667,140,5.239,7.136,0.5021,0.3168,0.0927,0.1788,0.0604,0.1044,0,0.0217,22.615,0.286,4.568,0.244,0.2269,0.2568,3,0.0541,12,0,0,0,0.9487,0.9886,Complete,2024-03-15,281675300,Train
PRJ3-02101,Canyon Utility Corridor 2101,Infrastructure,Mountain,MT,Private,Cost Plus,CMAR,Low,Moderate,Slow,2023-11-05,2025-09-26,2025,229879900,1290,0.536,0.5029,0.8784,0.9674,0.0783,43,0.9699,11,14,0.342,0.9833,103,4.481,8.687,0.3408,0.3641,0.0403,0,0.0338,0.0492,0.0221,0.0151,23.807,0.3061,4.766,0.2705,0.1554,0.3904,3,0.1568,-19,1,0,1,0.8645,1.0149,Complete,2027-04-29,265917200,Test
PRJ3-02102,Evergreen Manufacturing Facility 2102,Industrial,Southeast,TN,Public,Guaranteed Maximum Price,CMAR,High,High,Standard,2018-07-02,2019-12-14,2019,48699900,1017,0.522,0.519,1.0009,0.9882,-0.0116,3,0.989,20,21,0.356,0.952,28,5.749,8.126,0.2102,0.4034,0.0842,0.0277,0.0204,0.1869,0.0408,0.026,23.128,0.2934,8.459,0.2861,0.1476,0.4794,4,-0.08,-3,0,0,0,1.087,1.003,Complete,2021-04-11,44803900,Train
PRJ3-02103,Horizon Earthworks Package 2103,Heavy Civil,West,CA,Private,Cost Plus,CMAR,High,High,Standard,2022-03-16,2023-06-24,2023,227971800,1036,0.449,0.4438,1.0618,0.923,-0.0112,5,0.9634,8,0,0.334,0.9621,118,5.176,8.352,0.2279,0.3581,0.0788,0.2465,0.0488,0.2033,0.0352,0.0425,29.844,0.3522,3.648,0.271,0.3256,0.3788,4,0.0256,35,0,1,1,0.9751,0.9673,Complete,2025-02-19,233798000,Train
PRJ3-02104,Summit Transit Program 2104,Infrastructure,Midwest,OH,Private,Cost Plus,Design-Bid-Build,Moderate,Low,Standard,2023-12-20,2025-06-11,2025,208609300,1141,0.473,0.4575,0.8056,0.9026,0.1167,18,0.9416,54,17,0.76,0.9628,106,5.081,6.93,0.2386,0.2714,0.0501,0.1162,0.0321,0.169,0.0637,0.0455,22.484,0.2427,2.281,0.2764,0.1819,0.3368,3,0.1562,47,1,1,1,0.8649,0.9604,Complete,2027-03-22,241188900,Test
PRJ3-02105,Harbor Bridge Program 2105,Heavy Civil,West,OR,Public-Private Partnership,Cost Plus,Design-Bid-Build,Very High,High,Standard,2022-07-12,2024-11-07,2024,241599800,1478,0.575,0.5556,0.9609,0.9561,0.0212,29,1.0012,28,4,0.199,0.9683,153,6.333,7.3,0.3205,0.3667,0.1251,0.1591,0.0512,0.2483,0.0585,0.0401,28.823,0.1854,6.253,0.4867,0.3016,0.4501,5,0.0791,51,0,1,1,0.9267,0.9666,Complete,2026-09-18,260701900,Validation
PRJ3-02106,Pioneer Logistics Center 2106,Industrial,Midwest,MN,Private,Lump Sum,Design-Build,Low,Low,Fast,2023-01-31,2024-01-25,2024,176213000,635,0.566,0.5854,0.9832,1.0196,0.0137,-12,1.0481,9,10,0.725,0.9806,82,4.653,5.659,0.4438,0.2233,0.0604,0.1002,0.0557,0.02,0,0.0263,14.148,0.177,6.164,0.2575,0.0746,0.4169,2,0.0741,-25,0,0,0,0.931,1.041,Complete,2024-10-02,189268600,Validation
PRJ3-02107,Mesa Education Center 2107,Institutional,West,NV,Public,Cost Plus,CMAR,High,High,Standard,2023-08-26,2024-08-01,2024,135578100,836,0.409,0.3967,0.8855,0.9515,0.066,10,1.0524,0,6,0.644,0.9573,71,5.237,7.461,0.2887,0.304,0.0821,0.0494,0.0003,0.1159,0.0588,0.0152,25.718,0.2048,4.068,0.3793,0.2443,0.3529,3,0.1974,-5,1,0,1,0.8351,1.006,Complete,2025-12-04,162341400,Validation
PRJ3-02108,Gateway Research Facility 2108,Institutional,Midwest,MI,Public,Unit Price,Design-Bid-Build,High,High,Standard,2022-08-16,2023-09-27,2023,45491800,1069,0.381,0.371,0.9399,0.9852,0.0199,11,1.0279,17,15,0.814,0.9683,18,3.957,10.619,0.2348,0.3454,0.1298,0.1191,0.0497,0.2211,0.0426,0.0285,37.897,0.4993,7.103,0.3195,0.359,0.3496,5,0.1346,-6,1,0,1,0.8814,1.0056,Complete,2025-07-14,51613500,Train
PRJ3-02109,Copper Highway Improvements 2109,Heavy Civil,Northeast,PA,Public-Private Partnership,Cost Plus,Design-Build,Moderate,Moderate,Standard,2023-09-23,2025-04-28,2025,118903100,1163,0.502,0.5344,1.0381,1.0195,-0.0364,-38,1.0001,19,16,0.432,0.9688,61,5.13,9.547,0.1984,0.3111,0.081,0.1,0.0102,0.118,0.0278,0.0034,20.501,0.2133,4.759,0.2916,0.1574,0.1344,2,0.0814,0,0,0,0,0.9248,1.0,Complete,2026-11-29,128577200,Test
PRJ3-02110,Horizon Research Facility 2110,Institutional,Southwest,TX,Private,Lump Sum,Design-Bid-Build,Moderate,Moderate,Fast,2019-09-25,2020-09-17,2020,108882100,860,0.417,0.4392,0.9231,0.9905,0.0555,-19,1.0362,0,9,0.477,0.9559,44,4.041,7.96,0.1689,0.2392,0.0821,0.0596,0.0213,0.0871,0.0082,0.0075,18.216,0.1616,1.965,0.2388,0.1828,0.2703,1,0.1166,-25,1,0,1,0.8956,1.0299,Complete,2022-01-07,121579300,Train
PRJ3-02111,Cedar Retail Center 2111,Commercial,Southeast,TN,Public,Cost Plus,Design-Build,Low,High,Standard,2019-12-04,2020-07-19,2020,78537800,496,0.461,0.4641,0.9846,1.0299,0.0131,-2,0.9503,7,1,0.819,0.9613,43,5.475,8.949,0.4153,0.4655,0.0802,0,0.002,0.0695,0,0,22.462,0.2496,1.711,0.1099,0.1611,0.3349,2,0.0204,33,0,1,1,0.98,0.9376,Complete,2021-05-16,80141700,Train
PRJ3-02112,Crescent Office Campus 2112,Commercial,Mountain,UT,Public,Guaranteed Maximum Price,Design-Build,Moderate,High,Standard,2021-03-07,2022-06-27,2022,85171100,873,0.547,0.5617,0.9913,1.0666,0.0015,-13,1.0355,0,14,0.425,0.969,25,2.935,11.758,0.1665,0.4817,0.1134,0,0.0227,0.1283,0.0245,0,13.553,0.2041,0,0.1675,0.0784,0.3059,2,-0.0026,-25,0,0,0,1.0026,1.0295,Complete,2023-07-03,84949900,Train
PRJ3-02113,Lakeview Bridge Program 2113,Heavy Civil,Midwest,MO,Private,Guaranteed Maximum Price,CMAR,Very High,Moderate,Slow,2020-04-11,2022-02-27,2022,306354700,1282,0.536,0.4987,0.9454,0.8982,0.019,48,0.9798,48,11,1.081,0.9487,196,6.398,10.555,0.2096,0.3177,0.1213,0.1365,0.0835,0.2861,0.0528,0.0366,22.558,0.3391,12.412,0.2616,0.2082,0.5135,5,0.0967,21,0,0,0,0.9119,0.9839,Complete,2023-11-05,335967300,Train
PRJ3-02114,Horizon Transit Program 2114,Infrastructure,Southeast,GA,Private,Guaranteed Maximum Price,IPD,Very High,Moderate,Slow,2022-04-22,2024-03-07,2024,576922000,1230,0.557,0.4574,0.8981,0.8458,0.0641,122,0.8246,26,21,0.675,0.9573,240,4.16,6.023,0.3928,0.2416,0.0765,0.1242,0.0435,0.3446,0.074,0.0518,30.398,0.4363,9.876,0.393,0.3119,0.3806,5,0.1567,59,1,1,1,0.8645,0.9542,Complete,2025-11-01,667343900,Validation
PRJ3-02115,Liberty Office Campus 2115,Commercial,Mountain,WY,Private,Guaranteed Maximum Price,CMAR,Low,Low,Fast,2023-03-25,2024-02-02,2024,98508700,573,0.548,0.5607,0.9952,0.9777,-0.0055,-7,0.9796,0,18,0.454,0.9512,43,4.365,8.215,0.1946,0.2875,0.064,0.0564,0.0431,0.1242,0.04,0.0151,16.974,0.1981,4.011,0.2598,0.1648,0.2293,2,0.0173,-25,0,0,0,0.983,1.0456,Complete,2024-09-23,100211500,Validation
PRJ3-02116,Mesa Public Works Program 2116,Infrastructure,Northeast,MA,Private,Guaranteed Maximum Price,Design-Bid-Build,High,Low,Slow,2019-07-11,2022-01-10,2022,638720800,1556,0.588,0.4887,0.8122,0.8581,0.1117,154,0.9395,41,25,0.952,0.9625,240,3.758,9.938,0.2644,0.3416,0.085,0.1509,0.0736,0.2414,0.0782,0.0251,41.106,0.6059,5.897,0.4769,0.4067,0.4695,5,0.1362,75,1,1,1,0.8802,0.954,Complete,2023-12-28,725683900,Train
PRJ3-02117,Summit Public Works Program 2117,Infrastructure,Northeast,NY,Private,Cost Plus,Design-Build,Low,Moderate,Standard,2023-06-05,2025-01-04,2025,262622500,1222,0.474,0.5008,1.013,1.0238,-0.0174,-33,0.9888,6,19,0.622,0.9609,89,3.389,2.791,0.6045,0.1451,0.0579,0.1559,0.0166,0.1638,0,0.024,19.268,0.2822,0,0.1915,0.2504,0.2909,2,0.0481,-25,0,0,0,0.9541,1.0209,Complete,2026-09-14,275245300,Test
PRJ3-02118,Granite Research Facility 2118,Institutional,Northeast,PA,Private,Lump Sum,CMAR,Moderate,Moderate,Slow,2022-03-18,2023-03-29,2023,217828900,956,0.394,0.3882,0.9005,0.9571,0.0231,6,0.9677,31,9,0.457,0.9718,105,4.82,7.808,0.4125,0.2744,0.1364,0.0631,0.0282,0.1654,0.0902,0.0333,23.083,0.2984,7.372,0.3802,0.2456,0.4372,4,0.1055,15,1,0,1,0.9046,0.9846,Complete,2024-11-13,240806500,Train
PRJ3-02119,Granite Town Center 2119,Mixed-Use,West,NV,Private,Cost Plus,IPD,Low,High,Fast,2023-04-20,2024-12-28,2024,177191800,1050,0.589,0.6267,1.062,1.0696,-0.0339,-40,0.9735,16,8,0.175,0.958,62,3.499,5.242,0.4159,0.2052,0.0421,0.0933,0.0366,0.157,0.0545,0.0068,14.363,0.1784,1.961,0.1947,0.1862,0.1386,1,0.0508,-25,0,0,0,0.9517,1.0244,Complete,2026-02-08,186189400,Validation
PRJ3-02120,Cedar Apartments 2120,Residential,Midwest,MN,Public-Private Partnership,Guaranteed Maximum Price,IPD,Very High,Moderate,Standard,2023-06-16,2024-05-19,2024,43162400,696,0.486,0.4678,0.9158,0.9844,0.0446,13,0.9328,16,17,0.595,0.9344,30,6.95,10.067,0.2515,0.3908,0.1051,0.1416,0.0528,0.3121,0.052,0.0448,22.575,0.2816,6.198,0.3099,0.1363,0.3375,4,0.1897,-8,1,0,1,0.8406,1.0116,Complete,2025-05-04,51349700,Validation
PRJ3-02121,Mesa Apartments 2121,Residential,Northeast,MA,Public-Private Partnership,Lump Sum,Design-Bid-Build,Very High,High,Standard,2019-03-02,2020-01-02,2020,19740900,657,0.467,0.4472,1.0521,0.9944,-0.0136,13,1.0398,6,27,0.703,0.9559,7,3.546,9.316,0.2674,0.2836,0.0921,0.166,0.0517,0.2047,0.0388,0.0194,21.068,0.1922,5.732,0.25,0.209,0.4514,3,0.0518,7,0,0,0,0.9508,0.9895,Complete,2020-12-25,20763200,Train
PRJ3-02122,Evergreen Earthworks Package 2122,Heavy Civil,Southeast,TN,Private,Guaranteed Maximum Price,Design-Bid-Build,Moderate,Moderate,Fast,2019-11-16,2021-01-25,2021,131050900,1069,0.408,0.4033,0.9217,0.9597,0.0469,5,1.0903,10,7,0.774,0.9678,57,4.349,8.469,0.3205,0.3581,0.077,0.0878,0.039,0.1871,0.0186,0.0073,20.454,0.2217,2.533,0.305,0.1942,0.3719,2,0.0437,-13,0,0,0,0.9581,1.0123,Complete,2022-10-07,136775000,Train
PRJ3-02123,Crescent Housing 2123,Residential,West,NV,Public,Cost Plus,Design-Bid-Build,Moderate,Moderate,Standard,2020-08-04,2021-08-09,2021,59614400,666,0.557,0.4675,0.9698,0.8889,0.0193,60,0.9561,21,1,0.836,0.9695,22,3.69,9.203,0.1842,0.3296,0.096,0.0704,0.0218,0.0884,0.0067,0.0212,34.013,0.2941,7.551,0.2973,0.2239,0.3494,4,0.1078,12,1,0,1,0.9027,0.9823,Complete,2022-06-13,66043400,Train
PRJ3-02124,Redwood Airport Improvements 2124,Infrastructure,Southeast,FL,Public,Guaranteed Maximum Price,IPD,Very High,Moderate,Slow,2021-12-11,2023-01-17,2023,509844300,1039,0.387,0.3363,0.9117,0.8627,0.0442,53,1.0286,19,20,0.723,0.951,240,4.707,10.597,0.1438,0.3977,0.1044,0.1172,0.0104,0.2116,0.1158,0.0483,13.618,0.3219,5.202,0.5788,0.2146,0.4779,4,0.1435,5,1,0,1,0.8745,0.9952,Complete,2024-10-20,582998900,Train
PRJ3-02125,Copper Process Plant 2125,Industrial,West,OR,Private,Guaranteed Maximum Price,Design-Build,Moderate,High,Fast,2018-02-24,2019-02-23,2019,156865300,734,0.496,0.475,1.0039,0.9225,-0.0361,15,1.1271,8,15,0.606,0.9739,59,3.761,2,0.5896,0.0553,0.0521,0.1008,0.0167,0.1164,0,0.019,9.942,0.1069,3.007,0.3539,0.1281,0.2548,2,-0.0504,23,0,0,0,1.0531,0.9696,Complete,2020-03-22,148955300,Train
PRJ3-02126,Aspen Neighborhood 2126,Residential,Mountain,MT,Private,Unit Price,Design-Build,Very High,Moderate,Fast,2018-05-23,2019-04-13,2019,88762600,637,0.511,0.4882,1.001,0.9575,0.0073,15,0.9571,27,16,1.118,0.9501,46,5.182,7.065,0.3416,0.2283,0.0893,0.2381,0.077,0.2751,0.0403,0.0141,11.566,0.2598,7.502,0.3333,0.2944,0.3892,3,0.0631,55,0,1,1,0.9407,0.9205,Complete,2020-04-14,94361500,Train
PRJ3-02127,Granite Transit Program 2127,Infrastructure,Southeast,VA,Private,Guaranteed Maximum Price,IPD,Moderate,High,Slow,2023-06-07,2025-02-27,2025,264928600,1266,0.499,0.5218,1.0072,0.9931,-0.0021,-29,0.9715,17,9,0.455,0.9702,127,4.794,2,0.6221,0.0587,0,0.0217,0.0008,0.0571,0.0235,0.0318,29.347,0.3537,4.684,0.2192,0.2747,0.3471,3,-0.0168,41,0,1,1,1.017,0.9686,Complete,2027-01-04,260489400,Test
PRJ3-02128,Liberty Residences 2128,Residential,Southeast,FL,Public,Unit Price,Design-Bid-Build,High,Moderate,Standard,2024-12-09,2025-08-30,2025,60655600,513,0.515,0.5353,0.9845,0.9621,0.0057,-10,0.9381,0,16,0.563,0.9693,36,5.935,12.792,0.08,0.4412,0.1103,0.1558,0.0578,0.1898,0.039,0.0198,18.321,0.2386,0,0.3934,0.2716,0.4449,3,-0.0284,4,0,0,0,1.0293,0.9923,Complete,2026-05-10,58930100,Test
PRJ3-02129,Liberty Airport Improvements 2129,Infrastructure,West,NV,Public-Private Partnership,Lump Sum,IPD,Moderate,Low,Standard,2019-02-18,2021-03-03,2021,192324800,1456,0.511,0.5108,0.9133,1.0067,0.0514,0,1.017,20,10,0.332,0.9617,84,4.368,7.772,0.3141,0.3173,0.0745,0.1382,0.066,0.1777,0.0317,0.0064,24.784,0.2784,1.957,0.3753,0.2619,0.4078,2,0.0798,12,0,0,0,0.9261,0.9918,Complete,2023-02-25,207678400,Train
PRJ3-02130,Mesa Retail Center 2130,Commercial,Mountain,UT,Public,Guaranteed Maximum Price,Design-Bid-Build,Moderate,High,Standard,2023-06-07,2024-01-11,2024,127120000,500,0.436,0.4519,0.9291,1.0204,0.0338,-8,1.0514,12,2,0.199,0.9726,68,5.349,7.823,0.4265,0.3057,0.0904,0.0887,0.0526,0.1026,0.0016,0.0334,21.204,0.1984,4.779,0.3397,0.2099,0.2299,3,0.0914,-18,0,0,0,0.9163,1.0373,Complete,2024-10-01,138735000,Validation
PRJ3-02131,Gateway Education Center 2131,Institutional,Northeast,MA,Public,Unit Price,CMAR,Moderate,Moderate,Slow,2025-04-06,2025-10-29,2025,133879600,564,0.367,0.392,0.8708,1.0974,0.0709,-14,0.9397,24,16,0.42,0.9715,79,5.901,12.564,0.08,0.3914,0.0882,0.094,0.0587,0.0969,0.0778,0.046,25.252,0.3186,5.485,0.3761,0.2306,0.3997,5,0.1909,-4,1,0,1,0.8397,1.0071,Complete,2026-10-18,159441000,Test
PRJ3-02132,Harbor Residences 2132,Residential,West,CA,Public,Cost Plus,IPD,High,Moderate,Fast,2022-02-16,2023-02-16,2023,91909800,632,0.578,0.5376,0.9501,0.9598,0.0059,26,1.0617,0,20,0.609,0.9959,47,5.114,3.057,0.3579,0.0944,0.0639,0.1681,0.0277,0.1527,0.0719,0.0032,20.626,0.1321,0.465,0.1934,0.2851,0.4162,1,0.0447,-6,0,0,0,0.9572,1.0096,Complete,2023-11-04,96017700,Train
PRJ3-02133,Evergreen Town Center 2133,Mixed-Use,Southeast,NC,Private,Lump Sum,Design-Bid-Build,Low,Moderate,Fast,2023-08-06,2024-10-12,2024,389081400,893,0.485,0.4891,1.0023,0.9939,-0.0053,-4,1.0369,24,26,0.493,0.9596,179,4.601,8.167,0.2963,0.3032,0.0416,0.1169,0.0271,0.0464,0.0015,0.0161,17.906,0.2333,0,0.2079,0.1113,0.224,2,0.0267,31,0,1,1,0.974,0.9665,Complete,2026-02-15,399461800,Validation
PRJ3-02134,Riverside Apartments 2134,Residential,Mountain,MT,Public,Cost Plus,CMAR,Low,Low,Standard,2024-10-10,2025-05-30,2025,89793500,631,0.368,0.3811,0.9033,0.9756,0.04,-8,0.9932,3,16,0.757,1.0,41,4.566,4.923,0.3854,0.1598,0.0376,0.0489,0,0.0834,0.006,0.0221,5,0.0251,4.225,0.2826,0.0734,0.2686,2,0.0622,-5,0,0,0,0.9414,1.008,Complete,2026-06-28,95382100,Test
PRJ3-02135,Canyon Manufacturing Facility 2135,Industrial,Southwest,NM,Public,Cost Plus,CMAR,Very High,High,Fast,2020-06-02,2021-06-12,2021,137223200,933,0.403,0.3731,1.0069,0.9304,-0.0089,28,1.0646,4,0,0.524,0.9544,81,5.903,7.487,0.2187,0.2964,0.0947,0.1166,0.0524,0.2565,0.0762,0.0024,11.575,0.2345,1.441,0.39,0.1664,0.4459,1,0.0161,25,0,0,0,0.9841,0.9739,Complete,2023-01-16,139435400,Train
PRJ3-02136,Northstar Neighborhood 2136,Residential,Northeast,NY,Public,Lump Sum,CMAR,High,High,Slow,2021-12-20,2022-09-19,2022,42621800,463,0.59,0.5727,0.9259,0.9319,0.0464,8,0.8984,14,11,0.654,0.9615,16,3.754,8.766,0.2999,0.3431,0.0899,0.0474,0.0486,0.1136,0.0074,0.0201,32.412,0.4439,3.248,0.3082,0.2848,0.4302,4,0.0388,21,0,0,0,0.9626,0.9566,Complete,2023-04-18,44276700,Train
PRJ3-02137,Liberty Apartments 2137,Residential,Northeast,NY,Public,Cost Plus,CMAR,High,Moderate,Standard,2025-03-08,2025-07-29,2025,208434000,406,0.354,0.299,0.99,0.907,-0.006,22,0.9694,29,27,0.929,0.9487,103,4.942,9.726,0.205,0.3245,0.0613,0.2401,0.0857,0.1202,0.0421,0.0352,33.022,0.4988,1.146,0.4024,0.2796,0.1989,4,0.04,55,0,1,1,0.9616,0.8807,Complete,2026-06-12,216764600,Test
PRJ3-02138,Cedar Manufacturing Facility 2138,Industrial,Northeast,PA,Private,Guaranteed Maximum Price,Design-Bid-Build,High,Moderate,Standard,2024-07-01,2025-07-09,2025,114828000,897,0.416,0.4194,0.9759,0.9937,-0.0085,-3,0.9412,18,5,0.762,0.9578,61,5.312,8.551,0.2804,0.2604,0.0584,0.1093,0.0481,0.1863,0.0341,0.0468,14.028,0.1123,4.18,0.4594,0.2309,0.3485,3,0.0448,-6,0,0,0,0.9571,1.0067,Complete,2026-12-09,119975000,Test
PRJ3-02139,Pioneer Research Facility 2139,Institutional,Southeast,FL,Private,Cost Plus,Design-Build,Low,Moderate,Standard,2021-06-07,2022-05-28,2022,59364600,658,0.54,0.4794,0.9868,0.9489,0.0035,40,1.0259,4,8,0.499,0.9894,20,3.369,8.253,0.3225,0.3378,0.0745,0.0536,0,0.0357,0.005,0,5,0.0509,8.169,0.0713,0.0836,0.3456,2,-0.0428,-12,0,0,0,1.0447,1.0186,Complete,2023-03-15,56825400,Train
PRJ3-02140,Mesa Civic Complex 2140,Institutional,Midwest,MO,Private,Lump Sum,CMAR,Low,High,Fast,2017-12-12,2019-03-21,2019,104522400,865,0.537,0.5026,1.0576,0.9187,-0.0225,30,1.055,0,12,0.609,0.978,28,2.679,12.637,0.08,0.358,0.0744,0.0354,0.0306,0.02,0.0004,0,11.814,0.1321,4.388,0.1454,0.2029,0.2916,3,0.0233,-25,0,0,0,0.9772,1.0298,Complete,2020-03-31,106960000,Train
PRJ3-02141,Gateway Logistics Center 2141,Industrial,West,NV,Public,Lump Sum,Design-Build,High,High,Slow,2021-11-05,2023-01-28,2023,76841300,923,0.487,0.4162,1.0504,0.8745,-0.0286,65,0.8589,18,7,0.942,0.9735,48,6.247,8.344,0.4185,0.3062,0.1277,0.1277,0.0342,0.1958,0.0297,0.0192,22.3,0.2436,4.954,0.3159,0.2139,0.3176,3,0.0255,20,0,0,0,0.9751,0.9788,Complete,2024-06-05,78803700,Train
PRJ3-02142,Liberty Corporate Center 2142,Commercial,Midwest,MN,Public,Lump Sum,Design-Bid-Build,High,Low,Slow,2022-11-03,2023-11-11,2023,56469900,646,0.578,0.4631,0.9085,0.8462,0.0477,74,0.929,35,13,0.756,0.9522,33,5.844,11.714,0.08,0.3418,0.079,0.1941,0.0784,0.1884,0.0561,0.0378,22.946,0.4536,5.605,0.129,0.2791,0.4021,5,0.0998,22,0,0,0,0.9093,0.9671,Complete,2024-09-01,62105100,Train
PRJ3-02143,Evergreen Corporate Center 2143,Commercial,Mountain,ID,Public,Cost Plus,Design-Build,High,High,Standard,2019-04-21,2020-07-13,2020,20367500,993,0.453,0.4384,0.9786,0.9221,-0.0058,15,0.9392,34,7,0.473,0.9733,23,11.293,4.291,0.5198,0.1066,0.0648,0.0351,0.0094,0.1314,0.0452,0.0152,25.592,0.3354,2.915,0.3458,0.2024,0.297,2,0.0801,42,0,1,1,0.9259,0.9594,Complete,2022-02-19,21998200,Train
PRJ3-02144,Horizon Logistics Center 2144,Industrial,Southeast,NC,Private,Guaranteed Maximum Price,CMAR,Low,Moderate,Standard,2021-08-11,2022-07-07,2022,134587200,897,0.369,0.3781,0.9313,0.9765,0.0367,-8,0.9735,18,21,0.347,0.9854,50,3.715,4.948,0.4516,0.275,0.0578,0,0.0091,0.1157,0.037,0.0153,13.434,0.1949,0,0.3381,0.1055,0.2761,1,0.077,-17,0,0,0,0.9285,1.0193,Complete,2024-01-08,144945600,Train
PRJ3-02145,Copper Earthworks Package 2145,Heavy Civil,Southeast,VA,Private,Lump Sum,Design-Build,Moderate,Low,Standard,2021-03-20,2023-01-08,2023,368971200,1141,0.578,0.5082,0.854,0.9583,0.0746,80,0.9523,0,9,0.724,0.9669,186,5.041,7.474,0.3971,0.198,0.0559,0.1936,0.067,0.1936,0.0514,0.0272,17.299,0.2569,3.653,0.4459,0.1483,0.333,2,0.1218,-1,1,0,1,0.8915,1.0009,Complete,2024-05-03,413897700,Train
PRJ3-02146,Northstar Town Center 2146,Mixed-Use,Mountain,UT,Private,Guaranteed Maximum Price,Design-Build,High,Moderate,Standard,2024-07-23,2025-05-02,2025,130535200,626,0.453,0.4041,0.9054,0.9403,0.0591,31,0.8913,7,17,0.442,0.9677,75,5.746,9.923,0.3365,0.236,0.0431,0.1911,0.0641,0.2208,0.0594,0.0087,20.0,0.2731,0,0.2315,0.2728,0.2458,2,0.0751,-13,0,0,0,0.9301,1.0212,Complete,2026-03-28,140338200,Test
PRJ3-02147,Summit Residences 2147,Residential,Northeast,NY,Public-Private Partnership,Unit Price,Design-Bid-Build,High,High,Standard,2024-12-22,2025-09-13,2025,31404500,563,0.472,0.4431,0.965,0.9916,0.0208,16,0.9945,8,11,0.61,0.9709,19,6.05,7.648,0.2518,0.2724,0.0807,0.1199,0.0276,0.1756,0.0245,0.029,13.231,0.1661,2.099,0.2321,0.1974,0.3774,2,0.0608,0,0,0,0,0.9427,1.0,Complete,2026-07-08,33314300,Test
PRJ3-02148,Crescent Utility Corridor 2148,Infrastructure,Mountain,WY,Public,Lump Sum,Design-Bid-Build,Moderate,High,Slow,2023-12-03,2025-02-01,2025,516330100,1114,0.383,0.3719,1.0354,0.9494,0.0053,12,0.9427,41,18,0.852,0.942,240,4.648,8.993,0.3155,0.4231,0.1053,0.1133,0.0235,0.13,0.0314,0.0209,18.062,0.3085,1.985,0.2805,0.2283,0.3932,3,0.0803,37,0,1,1,0.9256,0.9679,Complete,2027-01-27,557811600,Test
PRJ3-02149,Copper Housing 2149,Residential,Midwest,IL,Public,Guaranteed Maximum Price,CMAR,Very High,Moderate,Slow,2019-04-07,2019-12-28,2019,45500500,620,0.428,0.3796,0.7982,0.8984,0.0872,30,0.9103,20,5,0.65,0.95,37,8.132,12.554,0.1052,0.4066,0.1047,0.1802,0.0833,0.2022,0.0684,0.0516,22.623,0.3196,6.487,0.5341,0.1966,0.3791,5,0.1774,39,1,1,1,0.8493,0.9408,Complete,2021-01-25,53574500,Train
PRJ3-02150,Cedar Residences 2150,Residential,Mountain,UT,Private,Lump Sum,CMAR,Moderate,Low,Slow,2020-04-02,2020-09-17,2020,26291000,444,0.38,0.3831,0.7726,0.9684,0.0801,-1,1.0759,7,2,0.981,0.9538,10,3.804,11.882,0.0884,0.4019,0.1146,0.1038,0.0473,0.1755,0.0181,0.0293,38.566,0.5095,6.934,0.385,0.4177,0.3409,6,0.1431,49,1,1,1,0.8748,0.9006,Complete,2021-08-08,30053700,Train
PRJ3-02151,Crescent Town Center 2151,Mixed-Use,Mountain,ID,Public-Private Partnership,Lump Sum,IPD,High,Low,Standard,2023-12-23,2025-03-13,2025,41932800,887,0.503,0.5025,0.8508,0.9336,0.0984,0,1.015,19,18,0.55,0.9521,19,4.531,8.408,0.2906,0.2468,0.0604,0.1576,0.0551,0.2954,0.0925,0.0113,36.289,0.4648,6.075,0.5427,0.3822,0.552,4,0.1564,1,1,0,1,0.8647,0.9989,Complete,2026-05-29,48491900,Test
PRJ3-02152,Northstar Transit-Oriented Development 2152,Mixed-Use,Midwest,MN,Public-Private Partnership,Unit Price,CMAR,Moderate,High,Slow,2019-04-14,2020-05-01,2020,159729600,911,0.421,0.4408,0.9431,0.9744,0.0348,-18,0.9318,8,9,1.095,0.9788,83,5.196,6.477,0.4433,0.3212,0.082,0.0785,0.0102,0.1618,0.02,0.029,23.526,0.2725,2.631,0.1962,0.2457,0.3916,3,0.0281,-19,0,0,0,0.9727,1.0213,Complete,2021-09-22,164212200,Train
PRJ3-02153,Summit Distribution Hub 2153,Industrial,Midwest,IL,Public,Lump Sum,IPD,High,Moderate,Fast,2022-08-19,2023-10-25,2023,207629200,1069,0.405,0.4136,0.9694,0.9856,0.0217,-9,1.0307,14,11,0.839,0.9569,113,5.442,6.379,0.5135,0.407,0.1009,0.0921,0.0328,0.1542,0.0667,0.0216,25.332,0.2427,6.323,0.3865,0.2535,0.3441,4,0.0463,3,0,0,0,0.9558,0.9972,Complete,2025-07-26,217241700,Train
PRJ3-02154,Aspen Medical Center 2154,Institutional,Mountain,ID,Private,Lump Sum,Design-Build,High,Low,Standard,2020-09-24,2021-11-23,2021,88832900,794,0.536,0.4976,0.9431,0.9418,0.0281,31,0.8822,10,19,0.901,0.9732,55,6.191,10.651,0.08,0.324,0.0883,0.1044,0.0169,0.1792,0.0572,0.0234,30.169,0.3277,11.052,0.3518,0.2197,0.2935,5,0.1316,29,1,0,1,0.8837,0.9648,Complete,2022-12-26,100527700,Train
PRJ3-02155,Canyon Retail Center 2155,Commercial,Southeast,GA,Private,Lump Sum,IPD,Very High,High,Fast,2024-06-18,2025-04-22,2025,116673300,661,0.466,0.4394,1.15,0.9693,-0.0749,18,1.0171,4,23,0.931,0.9913,57,4.885,5.45,0.3867,0.2499,0.1004,0.1673,0.0312,0.211,0.0465,0.0173,19.792,0.284,2.06,0.3331,0.1847,0.4494,2,0.0357,8,0,0,0,0.9656,0.988,Complete,2026-04-18,120835800,Test
PRJ3-02156,Harbor Urban Village 2156,Mixed-Use,Mountain,ID,Private,Guaranteed Maximum Price,CMAR,Moderate,High,Slow,2020-03-05,2022-02-07,2022,347587100,1180,0.597,0.5648,0.8708,0.9538,0.0762,38,0.9571,26,9,0.81,0.9477,185,5.322,9.657,0.2313,0.3705,0.0536,0,0.0148,0.119,0.0282,0.0378,29.057,0.3044,4.365,0.1998,0.1063,0.2756,4,0.1701,26,1,0,1,0.8547,0.9784,Complete,2023-06-24,406695200,Train
PRJ3-02157,Mesa Urban Village 2157,Mixed-Use,Mountain,WY,Public,Cost Plus,CMAR,Moderate,Moderate,Fast,2023-04-08,2024-10-08,2024,402438300,1051,0.523,0.4803,1.0379,0.989,-0.0195,45,0.9331,8,23,0.474,0.9582,185,4.597,7.963,0.4236,0.2297,0.0566,0.0854,0.0547,0.0582,0.0238,0.0035,18.936,0.1413,8.032,0.1298,0.2601,0.2555,2,-0.025,0,0,0,0,1.0257,1.0,Complete,2026-02-22,392359800,Validation
PRJ3-02159,Cedar Public Works Program 2159,Infrastructure,West,NV,Private,Cost Plus,IPD,Moderate,Moderate,Slow,2024-02-24,2025-12-28,2025,118627900,1395,0.483,0.4251,0.9338,0.9264,0.017,81,0.9702,14,13,0.646,0.9717,65,5.479,14.879,0.08,0.6147,0.0988,0.1827,0.0281,0.1739,0.0291,0.0542,20.028,0.2946,2.212,0.2219,0.2013,0.3955,6,0.1046,-23,1,0,1,0.9053,1.0168,Complete,2027-11-27,131040600,Test
PRJ3-02160,Evergreen Marketplace 2160,Commercial,West,CA,Public,Lump Sum,Design-Bid-Build,High,Moderate,Fast,2023-07-03,2024-02-18,2024,97840300,588,0.392,0.3768,0.986,0.9607,0.0034,9,1.0106,17,13,0.416,0.9653,49,5.008,2.109,0.4702,0.0552,0.0617,0.1155,0.0576,0.1159,0.0468,0.0106,24.699,0.3418,2.388,0.2268,0.2862,0.2599,2,0.0402,16,0,0,0,0.9614,0.9735,Complete,2025-02-26,101771600,Validation
PRJ3-02161,Gateway Utility Corridor 2161,Infrastructure,West,CA,Private,Lump Sum,CMAR,Very High,High,Slow,2023-05-11,2025-05-20,2025,169433500,1262,0.587,0.5445,0.899,0.8427,0.0665,54,0.9247,9,8,0.87,0.9473,95,5.607,12.164,0.08,0.4661,0.1303,0.2171,0.085,0.2511,0.0872,0.0425,26.832,0.3158,1.603,0.3696,0.2933,0.4536,5,0.1264,36,1,1,1,0.8878,0.9723,Complete,2026-11-29,190843600,Test
PRJ3-02162,Granite Manufacturing Facility 2162,Industrial,Southeast,NC,Public,Guaranteed Maximum Price,Design-Build,Moderate,Moderate,Fast,2021-02-15,2021-12-08,2021,209616100,728,0.407,0.4054,1.022,0.9288,-0.0061,1,1.16,25,16,0.134,0.9466,104,4.961,7.78,0.3014,0.2561,0.078,0,0.0191,0.1249,0.0183,0.0026,12.552,0.1342,2.928,0.2707,0.1315,0.3431,1,0.0696,21,0,0,0,0.9349,0.972,Complete,2023-03-06,224213900,Train
PRJ3-02163,Northstar Water Program 2163,Heavy Civil,Mountain,ID,Public,Guaranteed Maximum Price,IPD,Moderate,High,Fast,2020-06-13,2021-09-10,2021,94590700,940,0.483,0.505,1.0882,1.0581,-0.0522,-21,1.0641,7,14,0.874,0.9627,37,3.912,6.642,0.4694,0.2664,0.073,0.1541,0.0642,0.1453,0.0237,0,13.166,0.1855,0,0.1571,0.3154,0.2603,1,0.0271,-4,0,0,0,0.9736,1.0043,Complete,2023-01-05,97153900,Train
PRJ3-02164,Riverside Public Works Program 2164,Infrastructure,West,CA,Private,Guaranteed Maximum Price,Design-Bid-Build,High,High,Slow,2019-08-03,2021-07-10,2021,487289000,1312,0.539,0.5199,0.9095,0.9411,0.0542,25,0.9988,6,6,0.658,0.9556,240,4.925,11.406,0.08,0.3462,0.0979,0.1998,0.0296,0.1745,0.0399,0.0332,23.979,0.2128,10.014,0.2682,0.2266,0.5015,5,0.0394,-8,0,0,0,0.9621,1.0061,Complete,2023-02-27,506506900,Train
PRJ3-02165,Northstar Highway Improvements 2165,Heavy Civil,West,NV,Public-Private Partnership,Lump Sum,IPD,Moderate,Moderate,Fast,2021-11-07,2023-03-15,2023,133120300,1001,0.493,0.4584,1.1197,0.9987,-0.023,35,1.0595,0,7,0.488,0.9542,52,3.906,9.638,0.2616,0.3683,0.0906,0.0134,0.0281,0.0969,0.0121,0.0064,5.927,0.1545,0,0.1554,0.0003,0.4055,2,0.0568,-5,0,0,0,0.9462,1.005,Complete,2024-07-30,140687700,Train
PRJ3-02167,Evergreen Retail Center 2167,Commercial,Northeast,CT,Public,Cost Plus,Design-Bid-Build,Very High,Low,Standard,2020-11-22,2021-09-02,2021,56990500,673,0.422,0.3947,0.961,0.9735,0.0201,18,0.9075,38,15,1.162,0.9671,34,5.966,10.362,0.4207,0.4107,0.1244,0.2357,0.0851,0.2805,0.0297,0.0235,33.918,0.5017,3.425,0.3568,0.3628,0.5041,5,0.1188,86,1,1,1,0.8938,0.8867,Complete,2022-12-21,63759800,Train
PRJ3-02168,Canyon Education Center 2168,Institutional,Southwest,NM,Public,Cost Plus,IPD,Moderate,Low,Standard,2020-12-25,2021-11-02,2021,126541800,721,0.434,0.4229,0.9958,0.9825,-0.0081,8,1.0975,21,17,0.843,0.9933,55,4.346,7.105,0.325,0.3283,0.0835,0.1845,0.0532,0.2603,0.0504,0.0194,24.175,0.2564,4.057,0.2152,0.2764,0.3684,3,0.0191,-15,0,0,0,0.9813,1.0212,Complete,2022-12-01,128952800,Train
PRJ3-02169,Granite Distribution Hub 2169,Industrial,Northeast,CT,Private,Unit Price,IPD,Moderate,High,Fast,2018-10-13,2019-10-03,2019,165565600,971,0.366,0.4091,1.1262,1.0536,-0.0352,-42,1.0325,0,18,0.804,0.9638,65,3.926,4.153,0.355,0.0949,0.0153,0.0319,0.0168,0.184,0.0248,0.0005,24.039,0.3555,0,0.1845,0.2323,0.252,1,-0.0339,-17,0,0,0,1.0351,1.0178,Complete,2021-05-24,159950300,Train
PRJ3-02170,Cedar Corporate Center 2170,Commercial,West,NV,Private,Unit Price,CMAR,Moderate,High,Fast,2022-03-12,2023-01-19,2023,121959100,607,0.516,0.5536,1.1219,1.0991,-0.0509,-23,1.1092,0,0,0.38,0.9922,57,4.674,6.299,0.4287,0.3357,0.1298,0.0927,0.0296,0.1361,0.0373,0.006,8.663,0.1864,2.798,0.0532,0.1897,0.3366,2,0.0127,0,0,0,0,0.9875,1.0,Complete,2023-11-09,123506200,Train
PRJ3-02171,Redwood Water Program 2171,Heavy Civil,Southwest,AZ,Private,Guaranteed Maximum Price,IPD,High,Low,Slow,2021-05-03,2022-11-20,2022,481422400,1061,0.534,0.4426,0.9285,0.8389,0.0447,97,0.7962,19,0,0.615,0.9555,240,4.985,16.042,0.08,0.5217,0.1199,0.1911,0.0384,0.2627,0.04,0.0349,24.926,0.3618,3.564,0.2451,0.264,0.4675,6,0.1102,-8,1,0,1,0.9007,1.0076,Complete,2024-03-21,534497400,Train
PRJ3-02172,Pioneer Process Plant 2172,Industrial,Midwest,IL,Public,Cost Plus,IPD,Very High,Low,Standard,2019-08-04,2020-07-29,2020,356376300,870,0.414,0.3563,0.8625,0.8973,0.0661,50,0.9213,17,19,0.677,0.9574,214,6.005,8.394,0.3736,0.2729,0.1059,0.2039,0.0603,0.1429,0.0581,0.0134,33.635,0.3579,6.542,0.5442,0.3033,0.4295,4,0.0682,15,0,0,0,0.9362,0.9831,Complete,2022-01-05,380671700,Train
PRJ3-02173,Pioneer Utility Corridor 2173,Infrastructure,Mountain,UT,Private,Lump Sum,CMAR,Moderate,Low,Standard,2018-07-01,2020-02-17,2020,385129400,1147,0.52,0.49,0.9474,0.9386,0.007,34,0.948,7,8,0.205,0.9618,183,4.752,6.107,0.4907,0.2253,0.0542,0.0592,0.0082,0.1481,0.0559,0.019,24.306,0.2361,2.938,0.3993,0.1744,0.3706,2,0.024,11,0,0,0,0.9766,0.9905,Complete,2021-09-01,394355800,Train
PRJ3-02174,Horizon Process Plant 2174,Industrial,Midwest,IL,Private,Lump Sum,Design-Bid-Build,Low,Moderate,Standard,2018-07-08,2019-11-13,2019,298628200,885,0.558,0.5434,0.9025,0.9907,0.0731,13,1.0758,10,16,0.027,0.9706,125,4.186,10.791,0.2206,0.3988,0.0851,0.1085,0.0493,0.0851,0,0.0323,20.337,0.3241,2.656,0.2854,0.3735,0.4062,4,-0.0165,-1,0,0,0,1.0168,1.0011,Complete,2020-12-08,293698400,Train
PRJ3-02175,Gateway Office Campus 2175,Commercial,Mountain,CO,Private,Guaranteed Maximum Price,Design-Bid-Build,High,Low,Fast,2021-09-10,2022-09-20,2022,87729000,802,0.468,0.4566,0.8967,0.9345,0.0625,9,1.1347,13,17,0.735,0.9531,30,3.42,2.434,0.5644,0.0273,0.0639,0.0858,0.0357,0.2434,0.0713,0.0003,10.558,0.1573,0,0.374,0.1541,0.4021,0,0.0902,6,0,0,0,0.9173,0.9926,Complete,2023-11-27,95638200,Train
PRJ3-02176,Crescent Distribution Hub 2176,Industrial,Southwest,AZ,Private,Cost Plus,CMAR,Moderate,Moderate,Slow,2022-06-13,2023-04-12,2023,145501000,734,0.413,0.3891,0.9114,0.9037,0.0369,18,1.0057,22,0,0.353,0.9372,80,5.498,9.977,0.0961,0.4246,0.1097,0.0325,0.0299,0.2434,0.0268,0.0146,31.899,0.3486,5.7,0.3543,0.1665,0.3477,4,0.093,-9,0,0,0,0.9149,1.0124,Complete,2024-06-07,159038900,Train
PRJ3-02177,Copper Retail Center 2177,Commercial,West,OR,Private,Guaranteed Maximum Price,Design-Bid-Build,High,Moderate,Standard,2021-07-12,2022-06-02,2022,82625300,645,0.504,0.4249,0.8998,0.8515,0.0542,51,0.9244,5,2,0.496,0.9789,39,4.72,3.327,0.7172,0.1261,0.0397,0.2201,0.0847,0.1906,0.038,0.0099,11.37,0.1615,1.202,0.2797,0.1866,0.454,1,0.081,-13,0,0,0,0.925,1.0206,Complete,2023-04-05,89321200,Train
PRJ3-02178,Liberty Marketplace 2178,Commercial,Midwest,IL,Private,Lump Sum,Design-Build,Moderate,High,Standard,2022-06-05,2023-05-11,2023,38961200,624,0.545,0.5072,1.1028,0.9112,-0.0699,24,1.0568,9,11,0.582,1.0,4,1.027,8.967,0.2938,0.2986,0.0924,0.1142,0.0431,0.1824,0.0297,0,24.008,0.2551,4.185,0.0368,0.2535,0.2974,2,0.0204,-12,0,0,0,0.98,1.0196,Complete,2024-02-07,39756400,Train
PRJ3-02179,Riverside Marketplace 2179,Commercial,Mountain,WY,Public,Cost Plus,Design-Bid-Build,Low,High,Standard,2024-03-13,2025-02-14,2025,67701700,693,0.489,0.5049,1.0106,1.0073,-0.0075,-11,0.8957,14,14,0.239,0.9602,30,4.431,5.492,0.3044,0.2311,0.071,0.1211,0.0345,0.02,0,0.0155,9.758,0.0657,0.564,0.3186,0.1063,0.2513,1,-0.023,-16,0,0,0,1.0236,1.0236,Complete,2026-01-19,66142700,Test
PRJ3-02180,Northstar Corporate Center 2180,Commercial,Midwest,IL,Private,Guaranteed Maximum Price,Design-Build,Low,Low,Standard,2021-04-01,2022-03-30,2022,50974100,653,0.557,0.5316,1.0462,0.9436,-0.0217,17,0.9677,7,6,0.244,0.9972,4,0.785,9.265,0.2097,0.301,0.047,0.0936,0.0381,0.0611,0,0.0028,21.516,0.2335,0.488,0.1391,0.2231,0.1434,2,0.0392,36,0,1,1,0.9623,0.9478,Complete,2023-02-19,52972300,Train
PRJ3-02181,Mesa Bridge Program 2181,Heavy Civil,Mountain,CO,Private,Lump Sum,Design-Bid-Build,Very High,Moderate,Standard,2018-09-14,2020-03-21,2020,367729600,1412,0.393,0.3681,0.883,0.8854,0.0459,35,0.9635,44,16,0.786,0.9657,226,6.146,10.525,0.236,0.337,0.077,0.2265,0.0325,0.2566,0.0488,0.0389,24.458,0.3052,0,0.5212,0.3401,0.43,4,0.1565,59,1,1,1,0.8647,0.9599,Complete,2022-09-24,425272500,Train
PRJ3-02182,Cedar Water Program 2182,Heavy Civil,Southeast,GA,Private,Lump Sum,CMAR,Moderate,Low,Standard,2017-12-31,2019-09-21,2019,152042500,1165,0.54,0.5319,0.9879,0.9938,0.0281,9,0.9906,1,19,0.586,0.9496,73,4.801,8.384,0.4476,0.421,0.1078,0.0789,0.0498,0.2782,0.0588,0.0438,28.902,0.2642,1.906,0.181,0.2196,0.4235,4,0.0425,26,0,0,0,0.9593,0.9782,Complete,2021-04-05,158500900,Train
PRJ3-02183,Granite Office Campus 2183,Commercial,Midwest,IL,Public,Unit Price,CMAR,Very High,High,Fast,2018-10-21,2019-08-26,2019,70090200,802,0.386,0.3008,1.0141,0.8627,0.0011,68,0.9145,16,13,0.757,0.9773,34,4.851,9.745,0.1177,0.3429,0.0863,0.1183,0.0331,0.3975,0.0458,0.0286,20.175,0.2646,3.632,0.394,0.2786,0.4048,3,0.0101,11,0,0,0,0.99,0.9865,Complete,2021-01-11,70800800,Train
PRJ3-02184,Lakeview District 2184,Mixed-Use,Midwest,OH,Public,Guaranteed Maximum Price,Design-Build,High,Moderate,Standard,2021-05-07,2022-11-15,2022,236157000,1089,0.512,0.4815,0.8979,0.89,0.0333,33,1.0061,20,19,0.687,0.9625,134,5.674,8.232,0.325,0.3413,0.1033,0.0828,0.0084,0.0864,0.0438,0.026,17.197,0.2516,7.594,0.2411,0.1782,0.3628,3,0.0297,65,0,1,1,0.9711,0.9437,Complete,2024-07-04,243173700,Train
PRJ3-02185,Pioneer Distribution Hub 2185,Industrial,Southwest,NM,Private,Cost Plus,Design-Bid-Build,High,Moderate,Fast,2021-10-07,2022-09-27,2022,52924800,895,0.397,0.3524,0.9754,0.9711,0.0312,40,0.9617,5,8,0.564,0.98,31,5.857,7.054,0.4554,0.2693,0.0841,0.0832,0.0364,0.236,0.036,0.026,17.117,0.2245,6.867,0.404,0.2644,0.3833,3,0.0415,-2,0,0,0,0.9602,1.0022,Complete,2024-03-18,55121200,Train
PRJ3-02186,Evergreen Office Campus 2186,Commercial,Southeast,FL,Public,Guaranteed Maximum Price,IPD,High,Moderate,Fast,2022-05-24,2023-08-15,2023,32540900,873,0.514,0.4859,0.984,0.9358,0.0169,25,1.0878,6,12,0.692,0.9721,9,2.766,9.13,0.2653,0.2866,0.0876,0.1161,0.0346,0.2746,0.0405,0.0101,16.816,0.1526,0.843,0.2998,0.209,0.3605,2,0.0512,0,0,0,0,0.9513,1.0,Complete,2024-10-13,34206800,Train
PRJ3-02187,Lakeview Transit Program 2187,Infrastructure,Mountain,CO,Private,Cost Plus,Design-Build,High,Low,Fast,2024-02-07,2025-09-15,2025,950000000,1137,0.516,0.491,0.9683,1.0136,0.0245,28,0.8891,9,3,0.323,0.9677,240,2.526,8.815,0.259,0.3109,0.0509,0.1822,0.073,0.2571,0.0246,0.02,28.095,0.3441,0.435,0.162,0.3069,0.3577,3,0.0752,-25,0,0,0,0.9301,1.0225,Complete,2027-02-23,1021433900,Test
PRJ3-02188,Riverside Marketplace 2188,Commercial,West,OR,Private,Guaranteed Maximum Price,Design-Bid-Build,Low,Low,Standard,2024-04-23,2024-12-04,2024,59239200,483,0.466,0.4601,1.0131,0.9708,-0.0115,3,1.0471,22,2,0.619,0.9597,33,5.571,9.242,0.2877,0.3342,0.0735,0.157,0.0484,0.02,0,0.0167,27.884,0.341,1.573,0.1924,0.3161,0.4098,3,0.0703,27,0,0,0,0.9344,0.9471,Complete,2025-09-15,63401500,Validation
PRJ3-02189,Evergreen Earthworks Package 2189,Heavy Civil,West,NV,Private,Unit Price,IPD,High,Moderate,Fast,2023-07-20,2025-03-12,2025,141694900,1088,0.553,0.5997,0.9108,1.0794,0.0441,-51,1.114,0,4,0.164,0.9844,72,5.081,5.645,0.3874,0.268,0.084,0.1475,0.0408,0.1174,0.0241,0.0251,18.753,0.2799,4.012,0.4189,0.3021,0.4434,3,0.0389,-3,0,0,0,0.9626,1.0028,Complete,2026-07-09,147203000,Test
PRJ3-02190,Liberty Earthworks Package 2190,Heavy Civil,West,CA,Private,Guaranteed Maximum Price,CMAR,Moderate,Low,Standard,2021-10-06,2023-04-06,2023,180674400,914,0.599,0.51,0.9739,0.8408,0.0323,81,1.0242,13,13,0.365,0.9758,93,5.147,6.002,0.4291,0.1624,0.043,0.1207,0.0368,0.1666,0.0448,0.0243,25.661,0.262,3.83,0.4139,0.3391,0.2854,3,0.0349,33,0,1,1,0.9663,0.9652,Complete,2024-05-10,186976000,Train
PRJ3-02191,Pioneer Bridge Program 2191,Heavy Civil,West,CA,Public-Private Partnership,Unit Price,CMAR,High,High,Fast,2024-12-16,2025-12-12,2025,370044800,769,0.47,0.4732,1.0024,0.9455,0.006,-2,1.0437,3,0,0.839,0.9709,196,5.297,3.546,0.4974,0.2023,0.0741,0.2075,0.0359,0.2235,0.0487,0.0141,21.069,0.2252,8.042,0.372,0.2597,0.2619,3,-0.0332,25,0,0,0,1.0344,0.9685,Complete,2027-02-18,357747200,Test
PRJ3-02192,Mesa Bridge Program 2192,Heavy Civil,Mountain,UT,Private,Lump Sum,Design-Build,Moderate,Moderate,Standard,2017-10-21,2019-04-18,2019,206332500,1160,0.469,0.4612,0.9182,0.991,0.0495,9,1.0083,33,20,0.508,0.9496,91,4.41,8.04,0.3247,0.2767,0.0593,0.0853,0.0455,0.1866,0.0039,0.0204,25.358,0.3527,0.084,0.2678,0.2676,0.3842,2,0.0529,0,0,0,0,0.9497,1.0,Complete,2020-12-24,217257300,Train
PRJ3-02193,Canyon Water Program 2193,Heavy Civil,West,NV,Public,Lump Sum,IPD,Moderate,Moderate,Standard,2024-01-07,2025-09-30,2025,111350200,1332,0.475,0.468,0.9639,0.9837,0.0025,9,0.9871,0,0,0.505,0.9626,57,5.119,5.384,0.4398,0.2207,0.0705,0.149,0.0613,0.0793,0.0394,0.0036,19.874,0.2661,5.603,0.4292,0.2049,0.2964,2,0.0197,19,0,0,0,0.9807,0.9859,Complete,2027-09-19,113547100,Test
PRJ3-02194,Copper Highway Improvements 2194,Heavy Civil,West,OR,Public,Lump Sum,Design-Build,Moderate,Moderate,Fast,2022-08-22,2023-07-26,2023,113021400,903,0.375,0.3824,0.9816,1.0043,0.0076,-7,1.0365,20,1,0.55,0.9935,64,5.663,6.923,0.3658,0.2256,0.0696,0.0334,0.038,0.0898,0.0267,0.0032,20.712,0.2718,1.775,0.2474,0.2604,0.3262,1,0.0341,-7,0,0,0,0.967,1.0078,Complete,2025-02-03,116876700,Train
PRJ3-02195,Horizon Residences 2195,Residential,Midwest,IL,Private,Guaranteed Maximum Price,Design-Build,High,Moderate,Standard,2020-04-15,2020-11-06,2020,19245200,511,0.403,0.3504,0.9925,0.8632,0.0106,27,0.9927,12,10,0.628,0.9768,12,6.235,6.585,0.3435,0.2414,0.0808,0.1158,0.026,0.1703,0.045,0.0308,24.256,0.352,3.433,0.2645,0.2966,0.3005,3,0.0708,8,0,0,0,0.9339,0.9846,Complete,2021-09-16,20607000,Train
PRJ3-02196,Copper Town Center 2196,Mixed-Use,Southeast,TN,Private,Unit Price,Design-Bid-Build,High,High,Standard,2024-07-12,2025-08-20,2025,102329100,997,0.406,0.384,0.8525,0.9967,0.0664,22,0.9317,1,12,0.461,0.9568,41,4.007,9.436,0.3304,0.2765,0.0555,0.1054,0.0154,0.1991,0.0544,0.0437,23.532,0.1956,7.134,0.3602,0.2322,0.5075,4,0.0794,-10,0,0,0,0.9264,1.0101,Complete,2027-03-26,110456000,Test
PRJ3-02197,Gateway Retail Center 2197,Commercial,Southwest,NM,Private,Guaranteed Maximum Price,Design-Build,High,Moderate,Slow,2024-12-08,2025-08-04,2025,106447500,615,0.39,0.3705,0.9479,0.9426,0.0167,12,0.8444,29,13,0.855,0.9595,59,5.543,11.073,0.1634,0.3989,0.1165,0.1107,0.0861,0.2669,0.055,0.0259,23.116,0.3246,5.997,0.4248,0.2565,0.4833,4,0.1062,-25,1,0,1,0.904,1.0424,Complete,2026-07-21,117747000,Test
PRJ3-02198,Liberty Water Program 2198,Heavy Civil,Southwest,TX,Private,Unit Price,CMAR,Very High,Moderate,Standard,2018-08-24,2020-04-24,2020,83245900,1278,0.477,0.4079,0.7923,0.8163,0.1102,88,0.7925,23,8,0.334,0.9477,41,4.925,7.75,0.3716,0.2444,0.0844,0.1868,0.0843,0.2848,0.067,0.0341,25.098,0.2252,8.26,0.5925,0.2774,0.419,4,0.1552,50,1,1,1,0.8656,0.9623,Complete,2022-04-13,96166500,Train
PRJ3-02199,Crescent Bridge Program 2199,Heavy Civil,Mountain,WY,Private,Guaranteed Maximum Price,Design-Build,Very High,Moderate,Fast,2021-07-07,2022-12-28,2022,333221800,988,0.546,0.4171,1.0085,0.8201,0.0042,127,0.872,25,11,0.81,0.9583,176,5.282,7.961,0.1716,0.3182,0.1189,0.1449,0.0602,0.2933,0,0.0104,31.398,0.274,1.74,0.2978,0.2952,0.4372,3,0.1267,35,1,1,1,0.8875,0.9658,Complete,2024-04-25,375442400,Train
PRJ3-02200,Evergreen Process Plant 2200,Industrial,Northeast,NY,Private,Lump Sum,IPD,Low,Moderate,Slow,2022-10-16,2023-09-16,2023,257399200,879,0.382,0.3912,0.9363,0.9774,0.0245,-8,0.929,4,0,0.147,0.968,110,4.274,7.154,0.4412,0.3001,0.111,0,0,0.1539,0.0066,0,23.59,0.3934,1.479,0.3899,0.2505,0.398,2,0.0904,43,0,1,1,0.9171,0.9534,Complete,2025-04-25,280664800,Train
PRJ3-02201,Mesa Logistics Center 2201,Industrial,Southwest,TX,Public,Unit Price,Design-Bid-Build,Low,High,Standard,2023-02-23,2023-11-25,2023,89157500,649,0.425,0.4003,0.9865,0.9024,0.0155,16,1.0286,27,5,0,0.9905,41,4.599,4.764,0.3702,0.1011,0.0367,0.0372,0,0.0917,0.0242,0,17.188,0.2589,1.31,0.21,0.2353,0.3792,1,-0.0664,38,0,1,1,1.0712,0.9447,Complete,2025-01-10,83233900,Train
PRJ3-02202,Harbor Manufacturing Facility 2202,Industrial,Midwest,MI,Public,Cost Plus,CMAR,High,Moderate,Standard,2022-01-05,2023-04-05,2023,162559000,1219,0.374,0.3721,0.7891,1.013,0.0877,2,0.9256,9,18,0.529,0.95,89,5.475,12.556,0.08,0.4429,0.0996,0.1811,0.0495,0.1525,0.0426,0.0198,16.754,0.3332,5.676,0.4736,0.2884,0.4305,4,0.0952,22,0,0,0,0.9131,0.9823,Complete,2025-05-30,178035100,Train
PRJ3-02203,Pioneer Medical Center 2203,Institutional,Southeast,GA,Private,Lump Sum,CMAR,Low,High,Standard,2020-10-25,2021-07-19,2021,93835700,490,0.546,0.5911,1.009,1.0387,-0.0058,-22,1.0192,1,11,0.478,0.9803,34,3.623,4.017,0.52,0.1706,0.042,0.0231,0.0291,0.0751,0.0046,0,22.455,0.1381,2.782,0.3444,0.1908,0.2774,1,-0.0064,-25,0,0,0,1.0065,1.0538,Complete,2022-02-02,93233100,Train
PRJ3-02204,Mesa Civic Complex 2204,Institutional,Mountain,UT,Private,Lump Sum,Design-Bid-Build,Very High,Moderate,Slow,2023-12-10,2025-06-07,2025,192282000,971,0.562,0.4691,0.8025,0.8864,0.1471,90,0.859,15,9,0.994,0.9662,126,6.553,9.497,0.1364,0.2624,0.0963,0.2096,0.0463,0.2431,0.0598,0.0598,38.877,0.4756,6.481,0.2444,0.2887,0.5315,6,0.1894,18,1,0,1,0.8408,0.9818,Complete,2026-08-25,228701900,Test
PRJ3-02206,Riverside Water Program 2206,Heavy Civil,Midwest,MN,Public,Guaranteed Maximum Price,Design-Build,Very High,High,Slow,2023-05-07,2024-09-26,2024,346698100,1307,0.389,0.3297,0.8879,0.8743,0.0481,78,0.8822,19,16,0.614,0.9622,205,5.913,13.434,0.08,0.4837,0.1143,0.0724,0.0231,0.2819,0.0596,0.035,31.266,0.3472,8.454,0.3702,0.2744,0.6146,6,0.1564,73,1,1,1,0.8648,0.9471,Complete,2027-02-15,400920100,Validation
PRJ3-02207,Liberty Retail Center 2207,Commercial,Southwest,TX,Private,Lump Sum,CMAR,Low,Moderate,Standard,2023-06-14,2024-03-06,2024,49109000,747,0.357,0.3891,1.0199,1.0149,0.0082,-24,0.9953,4,8,1.057,0.9785,8,1.629,9.593,0.1753,0.3462,0.0781,0.2648,0.0849,0.02,0.0363,0.0091,17.054,0.2624,0,0.1634,0.1908,0.2256,2,-0.0083,-25,0,0,0,1.0083,1.0346,Complete,2025-06-05,48702700,Validation
PRJ3-02208,Riverside Earthworks Package 2208,Heavy Civil,Mountain,CO,Public-Private Partnership,Guaranteed Maximum Price,IPD,High,Moderate,Standard,2023-04-14,2024-12-19,2024,733252300,1279,0.481,0.4369,0.9747,0.9138,0.0236,56,0.9453,40,9,0.76,0.9761,240,3.273,9.607,0.2232,0.3438,0.0806,0.104,0.0095,0.1478,0.0024,0.0278,29.186,0.3038,0,0.3499,0.2668,0.3546,3,0.0521,44,0,1,1,0.9505,0.9667,Complete,2026-11-27,771448500,Validation
PRJ3-02209,Gateway Urban Village 2209,Mixed-Use,West,NV,Public,Lump Sum,Design-Build,Moderate,Moderate,Slow,2022-11-23,2024-03-26,2024,90084000,849,0.576,0.599,1.1409,1.0546,-0.0731,-20,0.9993,15,14,0.478,0.974,50,5.55,6.116,0.5004,0.2992,0.0513,0.1482,0.0279,0.1067,0.04,0.0216,19.145,0.3437,6.087,0.3534,0.2227,0.3432,3,0.0324,21,0,0,0,0.9686,0.9759,Complete,2025-04-11,93001900,Validation
PRJ3-02210,Cedar Education Center 2210,Institutional,Northeast,PA,Private,Guaranteed Maximum Price,Design-Bid-Build,High,High,Standard,2022-11-09,2024-03-17,2024,165024700,836,0.592,0.558,1.02,0.9352,-0.014,28,1.0284,19,14,0.716,0.9756,87,5.272,9.737,0.2309,0.3178,0.1096,0.1008,0.041,0.1715,0.0254,0.0175,32.401,0.3385,0,0.1565,0.2234,0.3843,3,-0.0087,30,0,1,1,1.0088,0.9654,Complete,2025-03-24,163586500,Validation
PRJ3-02211,Lakeview Neighborhood 2211,Residential,Midwest,IL,Public,Lump Sum,IPD,Moderate,Low,Fast,2021-12-04,2023-04-18,2023,29434800,857,0.584,0.5038,0.9122,0.9028,0.0385,69,0.9183,7,12,0.184,0.9838,17,5.775,11.052,0.0988,0.3985,0.0988,0.1419,0.0322,0.1458,0.0429,0.0056,6.191,0.0595,0.206,0.3642,0.1538,0.334,2,0.0478,10,0,0,0,0.9544,0.9885,Complete,2024-04-19,30841500,Train
PRJ3-02212,Lakeview Medical Center 2212,Institutional,Southwest,TX,Public-Private Partnership,Lump Sum,Design-Bid-Build,High,Moderate,Standard,2020-10-23,2022-02-28,2022,65466900,1110,0.445,0.4831,1.0138,1.116,-0.0046,-42,0.9692,5,14,0.889,0.966,39,5.957,4.539,0.4645,0.2236,0.0348,0.1322,0.0572,0.1751,0.0421,0.0326,17.982,0.2016,5.209,0.2538,0.1773,0.4604,3,0.0163,33,0,1,1,0.984,0.9711,Complete,2023-12-10,66534700,Train
PRJ3-02213,Liberty Housing 2213,Residential,Southwest,AZ,Public,Guaranteed Maximum Price,Design-Build,High,Low,Standard,2025-02-03,2025-12-30,2025,70352100,615,0.538,0.4816,0.9197,0.9807,0.0674,35,1.0395,17,6,0.614,0.97,42,5.97,6.709,0.4665,0.2669,0.0767,0.1253,0.0587,0.199,0.0615,0.0422,26.271,0.2558,3.925,0.3979,0.1696,0.2224,4,0.0223,-25,0,0,0,0.9782,1.0424,Complete,2026-09-16,71922500,Test
PRJ3-02214,Redwood Utility Corridor 2214,Infrastructure,Northeast,CT,Private,Guaranteed Maximum Price,CMAR,High,Moderate,Fast,2021-07-16,2023-08-01,2023,85605700,1249,0.598,0.5769,1.0827,0.9678,-0.0478,26,0.908,39,20,0.334,0.9581,62,7.243,10.144,0.2285,0.3391,0.104,0.1001,0.042,0.2065,0.0639,0,15.727,0.2316,2.516,0.1546,0.193,0.2942,2,0.0424,5,0,0,0,0.9593,0.996,Complete,2024-12-21,89235300,Train
PRJ3-02215,Redwood Housing 2215,Residential,Midwest,OH,Public,Lump Sum,IPD,High,Moderate,Fast,2024-11-23,2025-05-27,2025,37562900,529,0.351,0.3017,1.0897,0.9133,-0.0066,26,1.1459,0,18,0.854,0.9843,27,7.188,4.02,0.4656,0.1918,0.048,0.0429,0.0345,0.2309,0.0321,0.0207,15.279,0.2841,0,0.3343,0.2186,0.3813,2,0.1206,18,1,0,1,0.8923,0.9671,Complete,2026-05-24,42094700,Test
PRJ3-02216,Northstar District 2216,Mixed-Use,Midwest,MI,Private,Cost Plus,Design-Build,Low,Moderate,Slow,2020-07-21,2022-02-07,2022,189301500,962,0.589,0.6324,0.9512,1.0549,0.0202,-42,1.0357,3,17,0.769,0.9866,77,4.068,5.201,0.4979,0.2653,0.0671,0.0878,0.0555,0.0599,0.0327,0.0275,32.785,0.4632,0.099,0.2507,0.2667,0.4271,3,0.1612,19,1,0,1,0.8612,0.9806,Complete,2023-03-29,219814000,Train
PRJ3-02217,Pioneer Bridge Program 2217,Heavy Civil,West,CA,Public,Unit Price,IPD,High,Moderate,Standard,2022-03-18,2023-04-05,2023,416075100,1041,0.368,0.3679,0.8978,1.0039,0.0246,0,1.0185,19,2,0.541,0.9436,222,5.336,13.188,0.0994,0.4215,0.1115,0.1448,0.0459,0.1096,0.0142,0.0252,13.771,0.2914,7.453,0.358,0.1182,0.4468,4,0.1527,-25,1,0,1,0.8675,1.0246,Complete,2024-12-28,479619200,Train
PRJ3-02218,Horizon District 2218,Mixed-Use,Southwest,TX,Private,Guaranteed Maximum Price,IPD,Low,Low,Standard,2018-06-24,2019-11-20,2019,123012300,905,0.569,0.5734,0.9861,1.0033,0.0093,-4,0.9867,0,0,0.602,0.9653,51,4.146,9.59,0.3208,0.3819,0.0801,0.119,0.0635,0.1429,0.0113,0.0299,22.493,0.1962,6.635,0.2171,0.1536,0.3055,4,-0.002,11,0,0,0,1.002,0.988,Complete,2020-12-26,122769200,Train
PRJ3-02219,Harbor Neighborhood 2219,Residential,West,OR,Private,Unit Price,Design-Bid-Build,Moderate,Low,Fast,2024-10-08,2025-09-07,2025,110141500,622,0.537,0.4795,0.9787,0.9331,0.0246,36,0.9835,4,2,0.696,0.9684,61,5.538,4.448,0.4227,0.0889,0.045,0.0275,0.0166,0.1904,0.0097,0,16.148,0.2304,0,0.1141,0.172,0.3637,1,-0.0022,-25,0,0,0,1.0022,1.0419,Complete,2026-05-28,109897800,Test
PRJ3-02220,Riverside Apartments 2220,Residential,Northeast,MA,Private,Lump Sum,CMAR,High,Moderate,Standard,2023-12-03,2024-08-14,2024,52769900,472,0.542,0.5262,0.9795,0.9386,-0.0095,7,0.9095,4,9,0.737,0.9669,24,4.548,9.76,0.3113,0.4279,0.103,0.1353,0.0392,0.1228,0.041,0.0175,24.17,0.238,3.225,0.4021,0.3277,0.426,3,0.1055,51,1,1,1,0.9046,0.9025,Complete,2025-05-09,58335200,Validation
PRJ3-02221,Harbor Process Plant 2221,Industrial,Northeast,CT,Private,Guaranteed Maximum Price,CMAR,High,Low,Standard,2020-10-01,2021-08-22,2021,352823300,910,0.358,0.3669,0.9339,0.9782,-0.0046,-8,0.9578,5,13,0.605,0.9777,199,5.64,13.133,0.08,0.5243,0.1227,0.2757,0.0917,0.2989,0.0399,0.0337,23.954,0.2674,3.855,0.4081,0.2174,0.2842,5,0.0556,14,0,0,0,0.9474,0.9848,Complete,2023-04-13,372431500,Train
PRJ3-02222,Lakeview Apartments 2222,Residential,Mountain,WY,Public,Guaranteed Maximum Price,Design-Build,Very High,Low,Fast,2019-03-05,2019-08-26,2019,49373000,415,0.421,0.4199,0.9191,0.9117,0.0512,0,0.9343,12,22,1.016,0.9539,35,7.089,10.45,0.1348,0.3436,0.0889,0.1565,0.0573,0.157,0.0192,0.0318,28.082,0.3357,2.729,0.3814,0.308,0.3994,4,0.1416,37,1,1,1,0.876,0.9181,Complete,2020-05-30,56361900,Train
PRJ3-02223,Lakeview Civic Complex 2223,Institutional,Mountain,CO,Private,Cost Plus,Design-Build,Very High,Moderate,Standard,2020-03-21,2021-05-28,2021,157325700,984,0.441,0.3853,0.9561,0.9309,0.0139,55,0.9465,27,15,0.898,0.9565,94,5.975,9.766,0.1168,0.4249,0.1174,0.2025,0.0466,0.2718,0.0475,0.0283,29.123,0.3125,1.438,0.3394,0.214,0.4069,4,0.1379,26,1,0,1,0.8788,0.9743,Complete,2022-12-26,179022700,Train
PRJ3-02224,Aspen Highway Improvements 2224,Heavy Civil,Mountain,UT,Public,Guaranteed Maximum Price,CMAR,Moderate,High,Standard,2020-08-05,2021-11-28,2021,212399300,1019,0.472,0.4429,0.9979,0.9494,-0.0096,30,1.0541,6,18,0.738,0.9626,99,4.661,6.245,0.4784,0.1907,0.0439,0.1232,0.0451,0.0646,0.0208,0.0205,23.431,0.3092,0,0.2875,0.262,0.2393,2,0.0478,13,0,0,0,0.9544,0.9874,Complete,2023-06-03,222557000,Train
PRJ3-02225,Riverside Corporate Center 2225,Commercial,Southeast,FL,Public,Guaranteed Maximum Price,CMAR,Low,High,Standard,2025-06-14,2025-12-16,2025,103541600,351,0.528,0.5508,1.0446,1.0589,-0.0188,-8,1.0385,0,7,0.386,0.9708,43,4.153,6.258,0.3752,0.2016,0.0236,0.0368,0.0049,0.0814,0.0096,0,8.422,0.2466,7.816,0.1827,0.1401,0.3863,2,-0.003,-25,0,0,0,1.003,1.0767,Complete,2026-05-06,103231000,Test
PRJ3-02226,Mesa Transit Program 2226,Infrastructure,West,NV,Public,Lump Sum,Design-Build,Low,Moderate,Standard,2021-07-12,2022-09-17,2022,708328700,960,0.45,0.4086,1.0362,0.9783,-0.0001,40,0.9309,7,0,0.528,0.9875,240,3.388,9.094,0.2723,0.2754,0.0543,0.0028,0.0113,0.1001,0.0261,0,20.914,0.206,4.658,0.3794,0.1253,0.3001,2,0.033,8,0,0,0,0.9681,0.9917,Complete,2024-03-06,731697800,Train
PRJ3-02227,Mesa Urban Village 2227,Mixed-Use,Southeast,GA,Private,Guaranteed Maximum Price,Design-Bid-Build,Very High,High,Fast,2019-07-04,2020-07-17,2020,144154500,878,0.432,0.4691,1.031,1.0283,-0.0383,-33,1.0303,8,30,0.817,0.983,84,5.827,8.868,0.1871,0.2991,0.0818,0.103,0.0264,0.2128,0.0423,0.0402,6.223,0.1852,7.992,0.4327,0.0441,0.2811,4,0.1197,17,1,0,1,0.8931,0.981,Complete,2021-12-15,161406100,Train
PRJ3-02228,Mesa Research Facility 2228,Institutional,Midwest,MN,Public-Private Partnership,Cost Plus,CMAR,High,High,Fast,2020-04-10,2021-06-20,2021,47855100,1056,0.413,0.4053,0.9448,0.9788,0.0226,8,1.0352,0,18,0.565,0.9657,31,6.478,12.099,0.08,0.3811,0.1272,0.1196,0.0834,0.2325,0.0132,0.0077,10.27,0.209,6.758,0.2876,0.1304,0.4842,3,0.0729,-8,0,0,0,0.932,1.0076,Complete,2023-02-22,51345000,Train
PRJ3-02229,Granite Apartments 2229,Residential,West,WA,Public-Private Partnership,Lump Sum,Design-Bid-Build,High,Low,Slow,2022-11-17,2023-05-22,2023,41807900,469,0.397,0.3387,1.0002,0.8084,0.0135,27,0.9095,41,8,0.735,0.927,18,4.305,12.06,0.1835,0.4008,0.0955,0.1678,0.0502,0.2793,0.0703,0.0182,25.477,0.3507,4.227,0.1736,0.224,0.4523,4,-0.0358,11,0,0,0,1.0371,0.9771,Complete,2024-03-11,40310600,Train
PRJ3-02230,Gateway Medical Center 2230,Institutional,Southwest,NM,Public,Guaranteed Maximum Price,CMAR,Very High,Low,Fast,2024-03-09,2025-10-09,2025,94438000,1112,0.521,0.4729,0.9555,0.988,0.0209,53,1.0004,20,9,0.875,0.9263,54,5.718,9.645,0.1855,0.1813,0.0615,0.2387,0.0697,0.3374,0.0527,0.0182,14.482,0.2163,6.686,0.2055,0.2833,0.4296,3,0.1148,6,1,0,1,0.897,0.9946,Complete,2027-04-01,105276200,Test
PRJ3-02231,Harbor Public Works Program 2231,Infrastructure,Southeast,NC,Private,Guaranteed Maximum Price,Design-Build,Moderate,Moderate,Fast,2022-09-05,2023-10-26,2023,129170000,959,0.434,0.4456,0.9219,1.0224,0.0499,-11,1.0535,18,19,0.71,0.9913,53,4.103,10.421,0.2101,0.3014,0.0434,0.1089,0.0061,0.2475,0.0091,0.0255,29.204,0.2879,2.734,0.3495,0.3139,0.2414,4,0.0709,8,0,0,0,0.9338,0.9917,Complete,2025-04-29,138323300,Train
PRJ3-02232,Crescent Retail Center 2232,Commercial,West,NV,Private,Unit Price,Design-Bid-Build,Very High,Moderate,Slow,2023-03-02,2024-04-20,2024,101321600,744,0.558,0.5288,0.8913,0.9202,0.0569,22,0.8313,38,11,0.698,0.9383,73,7.205,7.998,0.2735,0.3511,0.1115,0.2702,0.0909,0.2286,0.0774,0.0203,29.614,0.3533,5.243,0.4648,0.3669,0.5541,4,0.2352,23,1,0,1,0.8096,0.97,Complete,2025-04-07,125153600,Validation
PRJ3-02233,Mesa Airport Improvements 2233,Infrastructure,Midwest,MI,Public-Private Partnership,Lump Sum,CMAR,Low,Low,Standard,2022-07-14,2023-11-09,2023,90804000,965,0.501,0.4857,0.901,0.9863,0.0681,15,1.0891,27,24,0.79,0.9584,41,4.515,8.544,0.1616,0.3141,0.0927,0.0368,0.0153,0.02,0.0347,0.0199,5,0.0752,1.621,0.323,0.1096,0.2848,2,0.0326,-25,0,0,0,0.9684,1.0266,Complete,2025-02-08,93762700,Train
PRJ3-02234,Cedar Residences 2234,Residential,Mountain,UT,Private,Lump Sum,Design-Bid-Build,Moderate,High,Standard,2021-09-25,2022-07-29,2022,52856000,714,0.43,0.4459,0.9466,1.0109,0.0225,-11,0.8843,24,17,0.555,0.9738,13,2.46,10.359,0.08,0.4062,0.1058,0.0905,0.0043,0.1144,0.0019,0.0105,18.692,0.269,4.028,0.1549,0.1406,0.2197,3,0.1666,15,1,0,1,0.8572,0.9794,Complete,2023-09-24,61660300,Train
PRJ3-02235,Riverside Water Program 2235,Heavy Civil,Mountain,WY,Private,Unit Price,Design-Build,Moderate,Moderate,Standard,2023-10-19,2025-07-28,2025,180263200,1213,0.535,0.5325,0.7898,0.9708,0.1468,3,1.0256,29,0,0.58,0.9717,83,4.604,5.242,0.4593,0.1642,0.0346,0.0371,0,0.1718,0.0193,0.0052,15.877,0.2048,1.659,0.4735,0.0201,0.2332,1,0.1679,-4,1,0,1,0.8562,1.0033,Complete,2027-02-09,210528500,Test
PRJ3-02236,Canyon Education Center 2236,Institutional,Southeast,FL,Public,Guaranteed Maximum Price,Design-Build,High,Moderate,Standard,2021-09-24,2022-06-28,2022,98800400,739,0.375,0.3935,1.0281,1.0608,-0.0009,-14,1.0794,13,20,1.27,0.9856,55,5.567,7.505,0.3284,0.3275,0.1058,0.1476,0.03,0.0649,0.0262,0.018,23.356,0.356,9.641,0.113,0.3614,0.4605,4,-0.041,-7,0,0,0,1.0427,1.0096,Complete,2023-09-26,94752500,Train
PRJ3-02237,Northstar Research Facility 2237,Institutional,West,CA,Private,Lump Sum,Design-Build,High,Low,Slow,2024-02-07,2025-09-08,2025,113695100,1044,0.555,0.5252,0.8883,0.9313,0.053,31,0.8692,25,0,1.012,0.9555,56,4.925,11.498,0.1453,0.4595,0.1195,0.1532,0.08,0.1384,0.0424,0.0509,24.893,0.3399,4.979,0.2319,0.3124,0.2619,5,0.1412,43,1,1,1,0.8762,0.9604,Complete,2027-01-29,129753300,Test
PRJ3-02238,Copper Residences 2238,Residential,Mountain,WY,Public,Lump Sum,CMAR,Moderate,Moderate,Slow,2024-01-22,2024-12-05,2024,41650900,722,0.441,0.4018,0.9051,0.9259,0.0456,28,0.9879,26,12,0.673,0.965,29,6.963,12.143,0.08,0.4838,0.1177,0.1697,0.0632,0.1261,0.0297,0.0372,26.358,0.3644,4.816,0.3599,0.2735,0.3822,5,0.0961,53,0,1,1,0.9123,0.9316,Complete,2026-03-07,45654300,Validation
PRJ3-02239,Cedar Medical Center 2239,Institutional,West,OR,Public,Guaranteed Maximum Price,Design-Bid-Build,High,Moderate,Fast,2024-12-12,2025-12-13,2025,90049400,778,0.471,0.4216,0.8999,0.9068,0.0429,38,0.9237,41,13,0.668,0.9581,57,6.33,6.886,0.2501,0.2692,0.0694,0.1834,0.0456,0.1698,0.031,0.0226,16.359,0.3274,3.62,0.356,0.1937,0.2373,2,0.1323,0,1,0,1,0.8832,1.0,Complete,2027-01-29,101961200,Test
PRJ3-02240,Cedar Marketplace 2240,Commercial,West,CA,Private,Guaranteed Maximum Price,CMAR,Moderate,Moderate,Slow,2023-08-12,2024-09-03,2024,298233600,676,0.574,0.526,0.9772,0.867,0.0169,32,0.9228,7,9,0.3,0.9572,126,4.225,6.831,0.3953,0.2218,0.0494,0.1225,0.0166,0.1805,0.0318,0.0224,23.637,0.2797,5.816,0.2083,0.2562,0.3914,3,0.0559,-25,0,0,0,0.947,1.0384,Complete,2025-05-24,314915400,Validation
PRJ3-02241,Canyon Residences 2241,Residential,Midwest,MI,Public-Private Partnership,Lump Sum,Design-Bid-Build,Moderate,Moderate,Slow,2019-10-03,2020-10-01,2020,58926600,610,0.598,0.5106,1.1092,0.8733,-0.0516,53,0.8707,3,28,0.43,0.9762,25,4.243,9.571,0.2045,0.3361,0.0848,0.0966,0.0332,0.1051,0.049,0.0043,25.169,0.3659,7.46,0.1875,0.2202,0.2901,3,0.0426,37,0,1,1,0.9592,0.9428,Complete,2021-07-11,61434100,Train
PRJ3-02242,Redwood Housing 2242,Residential,Midwest,MN,Private,Unit Price,IPD,Moderate,Moderate,Standard,2024-07-16,2025-01-15,2025,30796900,399,0.461,0.4588,1.0475,0.965,-0.0165,1,1.0917,0,29,0.618,0.9817,13,4.221,2,0.7404,0.2274,0.075,0.0677,0.0244,0.1139,0.0517,0.0007,6.744,0.1641,4.087,0.4274,0.1281,0.4306,1,0.0424,-25,0,0,0,0.9593,1.0668,Complete,2025-07-25,32103200,Test
PRJ3-02243,Lakeview Urban Village 2243,Mixed-Use,Mountain,CO,Private,Lump Sum,Design-Build,Moderate,Low,Fast,2023-04-22,2024-06-21,2024,163408600,976,0.437,0.4002,0.8832,0.9721,0.0496,36,0.9731,23,16,0.55,0.9634,81,4.957,10.925,0.2389,0.3929,0.1135,0.1709,0.0336,0.124,0.0271,0,13.148,0.1053,0,0.3354,0.2417,0.2707,2,0.129,-8,1,0,1,0.8857,1.0083,Complete,2025-12-15,184490300,Validation
PRJ3-02244,Crescent Residences 2244,Residential,Southwest,NM,Private,Lump Sum,CMAR,Moderate,High,Slow,2018-07-06,2019-07-24,2019,58502800,737,0.52,0.5675,1.0825,1.0406,-0.0371,-35,0.993,27,12,0.629,0.9677,38,6.495,9.248,0.2504,0.3381,0.0904,0.0643,0,0.1594,0.0015,0.0197,25.042,0.2791,5.59,0.2863,0.2515,0.3307,3,0.0619,-21,0,0,0,0.9417,1.0293,Complete,2020-06-21,62121400,Train
PRJ3-02245,Redwood Research Facility 2245,Institutional,Southeast,NC,Private,Guaranteed Maximum Price,Design-Bid-Build,Moderate,Moderate,Standard,2020-02-07,2021-03-19,2021,193869500,786,0.517,0.5128,0.8886,1.0096,0.0658,3,0.9075,1,12,0.418,0.9727,98,5.055,8.364,0.2987,0.3966,0.0812,0.1476,0.0646,0.1875,0.0123,0.0279,9.1,0.1385,0,0.2501,0.1096,0.2378,2,0.0443,-25,0,0,0,0.9576,1.0329,Complete,2022-03-09,202451500,Train
PRJ3-02246,Summit Retail Center 2246,Commercial,Southeast,GA,Public,Lump Sum,Design-Bid-Build,Moderate,Low,Slow,2020-07-03,2021-09-23,2021,42542600,801,0.559,0.5575,0.8805,0.9554,0.0728,1,0.9551,24,21,0.559,0.9534,19,4.466,5.338,0.33,0.2703,0.113,0.149,0.0478,0.2115,0.0416,0.0148,19.087,0.3148,3.078,0.2248,0.2367,0.3569,2,0.1226,39,1,1,1,0.8908,0.9536,Complete,2022-10-21,47758800,Train
PRJ3-02247,Summit Manufacturing Facility 2247,Industrial,Southwest,TX,Private,Lump Sum,Design-Bid-Build,High,High,Slow,2024-06-01,2025-10-13,2025,89699400,983,0.508,0.5072,0.9226,0.9983,0.046,1,0.9546,14,8,0.976,0.9811,49,5.463,7.527,0.2526,0.3487,0.1084,0.023,0.0294,0.2164,0.0693,0.0208,17.093,0.317,1.839,0.3461,0.0942,0.458,2,0.0371,2,0,0,0,0.9642,0.998,Complete,2027-02-11,93030100,Test
PRJ3-02248,Cedar Earthworks Package 2248,Heavy Civil,West,NV,Public,Cost Plus,Design-Build,High,Moderate,Standard,2022-12-03,2024-07-07,2024,310415000,1073,0.543,0.5682,0.9319,1.043,0.0415,-27,1.0396,20,4,0.494,0.9566,165,5.315,9.482,0.3024,0.3204,0.0838,0.1853,0.0223,0.1715,0.0537,0.0263,20.631,0.2336,4.416,0.3906,0.2039,0.2143,3,0.1006,-8,1,0,1,0.9086,1.0075,Complete,2025-11-02,341657000,Validation
PRJ3-02249,Pioneer Research Facility 2249,Institutional,Southeast,FL,Private,Guaranteed Maximum Price,CMAR,Moderate,Low,Slow,2019-01-14,2020-06-22,2020,112436200,921,0.571,0.5148,0.8664,0.9404,0.0666,52,0.9162,34,9,0.279,0.9418,56,4.981,10.98,0.2404,0.4067,0.0763,0.1515,0.0472,0.1248,0.042,0.05,29.185,0.4475,1.882,0.2656,0.3472,0.3308,5,0.1003,63,1,1,1,0.9089,0.936,Complete,2021-09-24,123710000,Train
PRJ3-02250,Northstar Bridge Program 2250,Heavy Civil,Southwest,TX,Private,Unit Price,Design-Bid-Build,Moderate,High,Standard,2020-02-15,2021-03-18,2021,119218300,896,0.444,0.4429,1.051,0.9857,-0.005,1,0.9651,15,13,0.467,0.9594,60,5.033,5.496,0.5914,0.2048,0.0318,0.0736,0,0.2314,0.0155,0.0096,5,0.0057,3.242,0.2721,0.034,0.3882,1,0.0517,-25,0,0,0,0.9508,1.0287,Complete,2022-07-05,125386600,Train
PRJ3-02251,Mesa Education Center 2251,Institutional,West,CA,Private,Unit Price,CMAR,Moderate,Low,Standard,2021-12-18,2023-03-23,2023,89985700,838,0.549,0.4937,0.9565,0.9377,0.0205,46,0.8707,25,7,0.741,0.9577,37,4.112,13.558,0.08,0.5125,0.0952,0.1473,0.0557,0.1283,0.0263,0.0126,24.13,0.1737,1.52,0.141,0.2809,0.2782,4,0.0754,9,0,0,0,0.9299,0.9894,Complete,2024-04-13,96773800,Train
PRJ3-02252,Gateway District 2252,Mixed-Use,West,NV,Public-Private Partnership,Lump Sum,CMAR,Moderate,High,Standard,2022-08-18,2023-12-28,2023,243815200,1254,0.397,0.3954,0.9326,1.0035,0.0246,2,0.8658,18,0,0.42,0.9472,126,5.168,4.728,0.4595,0.1595,0.0548,0.0899,0.0398,0.1305,0.0439,0.0009,10.721,0.125,3.683,0.1918,0.2154,0.2898,1,0.0636,18,0,0,0,0.9402,0.9858,Complete,2026-02-10,259315500,Train
PRJ3-02253,Mesa Residences 2253,Residential,Mountain,UT,Public,Guaranteed Maximum Price,IPD,Moderate,Moderate,Standard,2024-06-19,2024-11-23,2024,119123900,438,0.359,0.3649,1.0152,1.0549,-0.0237,-3,1.1079,3,21,0.381,0.9383,45,3.778,9.701,0.1162,0.3483,0.0772,0.0269,0.0286,0.1521,0.0367,0.0051,14.112,0.1106,2.367,0.3219,0.148,0.2046,2,-0.0476,-23,0,0,0,1.05,1.0554,Complete,2025-08-08,113450400,Validation
PRJ3-02254,Copper Earthworks Package 2254,Heavy Civil,Southeast,FL,Public,Guaranteed Maximum Price,CMAR,High,High,Standard,2020-03-02,2021-09-14,2021,151732500,1197,0.469,0.5071,0.953,1.0577,0.0467,-46,0.9363,9,14,0.496,0.9499,67,4.416,9.094,0.2502,0.3652,0.103,0.0269,0.0307,0.1425,0.0154,0.0122,10.614,0.1816,3.45,0.3456,0.0916,0.3689,2,0.1255,4,1,0,1,0.8885,0.9967,Complete,2023-06-16,170773200,Train
PRJ3-02256,Copper Office Campus 2256,Commercial,Mountain,MT,Public,Unit Price,Design-Bid-Build,Moderate,High,Slow,2023-05-07,2024-07-22,2024,81309600,747,0.593,0.5693,0.9039,0.9336,0.0626,18,0.898,25,14,0.379,0.9531,43,5.288,10.928,0.2111,0.3448,0.1032,0.0084,0.0372,0.0337,0.0246,0.0088,38.666,0.5052,6.223,0.4492,0.293,0.2397,4,0.021,15,0,0,0,0.9794,0.9803,Complete,2025-06-07,83016600,Validation
PRJ3-02257,Mesa Bridge Program 2257,Heavy Civil,Midwest,MI,Private,Unit Price,IPD,Moderate,Moderate,Slow,2021-04-02,2022-08-05,2022,438111500,1095,0.448,0.3892,0.9743,0.892,-0.0182,64,0.9228,19,12,0.586,0.9712,208,4.748,7.954,0.3445,0.3647,0.0939,0.0722,0.0346,0.0312,0.0393,0.0169,29.064,0.2941,6.421,0.2472,0.244,0.5287,4,0.0714,41,0,1,1,0.9333,0.9639,Complete,2024-05-12,469407200,Train
PRJ3-02258,Crescent Residences 2258,Residential,Southwest,NM,Public,Unit Price,Design-Build,Moderate,Moderate,Standard,2021-09-24,2022-05-24,2022,36169100,681,0.356,0.356,1.0092,0.9755,0.001,0,1.0963,0,2,0.445,0.9713,18,4.977,3.552,0.4905,0.1101,0.0321,0,0,0.1505,0.0086,0.0268,21.651,0.2559,2.047,0.1164,0.143,0.3114,2,-0.079,-25,0,0,0,1.0858,1.0381,Complete,2023-07-12,33310600,Train
PRJ3-02259,Gateway Transit-Oriented Development 2259,Mixed-Use,Southwest,NM,Private,Cost Plus,Design-Bid-Build,Very High,Moderate,Fast,2022-11-05,2024-10-21,2024,192405100,1210,0.592,0.5469,0.826,0.955,0.1108,55,0.9652,28,0,0.991,0.9753,111,5.769,7.759,0.3325,0.2231,0.1004,0.1602,0.0762,0.294,0.0692,0.0285,20.093,0.2179,4.683,0.5425,0.2716,0.4458,3,0.1433,-4,1,0,1,0.8746,1.0033,Complete,2026-02-23,219981100,Validation
PRJ3-02260,Riverside Research Facility 2260,Institutional,Southeast,GA,Public,Lump Sum,Design-Bid-Build,Moderate,High,Standard,2025-03-16,2025-12-18,2025,44177500,671,0.413,0.3819,1.0121,0.9996,-0.0235,21,0.9898,19,12,0.691,0.9853,20,4.527,5.34,0.5221,0.2383,0.0634,0.0848,0.0291,0.1702,0.0242,0.0223,18.403,0.2221,7.841,0.2173,0.2098,0.3177,3,0.0674,-25,0,0,0,0.9368,1.0387,Complete,2026-12-22,47156100,Test
PRJ3-02261,Aspen Highway Improvements 2261,Heavy Civil,Midwest,MN,Private,Cost Plus,Design-Bid-Build,Moderate,High,Standard,2022-06-01,2023-12-17,2023,120392900,1274,0.443,0.4333,0.9541,0.9871,-0.0007,12,0.9923,17,20,0.851,0.9615,55,4.568,7.722,0.4707,0.3208,0.0744,0.0559,0.0201,0.0906,0.0381,0.029,11.629,0.1375,7.209,0.1794,0.0712,0.3659,3,0.0725,-14,0,0,0,0.9324,1.0111,Complete,2025-11-12,129123400,Train
PRJ3-02262,Northstar Residences 2262,Residential,Midwest,MN,Private,Cost Plus,IPD,Moderate,Moderate,Standard,2022-10-09,2023-06-06,2023,27409100,565,0.426,0.4432,0.9632,1.016,0.0118,-10,1.16,8,21,0.959,0.9819,4,1.459,9.818,0.1805,0.3251,0.0781,0.0335,0.009,0.1313,0.012,0.0126,26.029,0.3478,2.163,0.2986,0.1903,0.2692,3,0.041,-25,0,0,0,0.9606,1.0463,Complete,2024-04-01,28533800,Train
PRJ3-02263,Liberty Corporate Center 2263,Commercial,Northeast,MA,Private,Lump Sum,Design-Build,High,High,Slow,2018-11-22,2019-07-19,2019,42097800,616,0.388,0.3844,1.0032,0.9914,0.0014,2,0.9826,7,16,0.591,0.9684,5,1.188,9.443,0.3717,0.3991,0.0989,0.0744,0.0299,0.1624,0.0454,0.0272,21.56,0.3176,8.621,0.4817,0.1467,0.4426,4,0.045,12,0,0,0,0.9569,0.9809,Complete,2020-08-11,43993800,Train
PRJ3-02264,Canyon Public Works Program 2264,Infrastructure,West,CA,Private,Guaranteed Maximum Price,Design-Build,Low,Moderate,Fast,2023-05-22,2025-02-28,2025,372050700,1141,0.568,0.6065,1.0738,1.077,-0.0478,-44,0.9961,0,8,0.619,0.9749,154,4.139,5.466,0.4728,0.1481,0.0673,0.0725,0.0522,0.1945,0.0143,0.0242,17.142,0.1682,4.232,0.1673,0.2118,0.3557,2,-0.019,-25,0,0,0,1.0193,1.0224,Complete,2026-06-11,364994300,Test
PRJ3-02265,Redwood Airport Improvements 2265,Infrastructure,Southwest,NM,Public,Cost Plus,IPD,High,Moderate,Fast,2018-06-21,2019-11-12,2019,371970600,1134,0.449,0.4592,0.9514,1.0036,0.0343,-12,1.0466,2,15,0.393,0.9827,188,5.054,2,0.6729,0,0.0114,0.1321,0.0735,0.1485,0.0101,0.0167,14.146,0.1866,3.192,0.2896,0.2043,0.4607,1,0.0687,-12,0,0,0,0.9357,1.0107,Complete,2021-07-17,397512700,Train
PRJ3-02266,Canyon Residences 2266,Residential,West,CA,Public-Private Partnership,Guaranteed Maximum Price,Design-Build,Low,Moderate,Fast,2019-11-21,2020-07-26,2020,15745500,415,0.599,0.5812,1.0392,0.956,-0.0104,7,1.0682,26,3,0.368,0.9588,10,6.351,5.326,0.3407,0.181,0.059,0.0416,0.0687,0.0245,0.0441,0,11.041,0.2635,7.752,0.3124,0.1745,0.2169,2,-0.0128,-18,0,0,0,1.0129,1.0453,Complete,2020-12-22,15544500,Train
PRJ3-02267,Summit Office Campus 2267,Commercial,Southeast,GA,Private,Cost Plus,Design-Bid-Build,Moderate,Moderate,Standard,2021-07-03,2022-07-17,2022,96530200,741,0.512,0.5494,0.9774,1.0217,0.0219,-28,1.0185,6,21,0.659,0.9669,51,5.283,4.313,0.4863,0.1573,0.0668,0.114,0.0446,0.1141,0.0552,0.0164,25.203,0.2611,6.322,0.3539,0.2699,0.2585,3,-0.0162,1,0,0,0,1.0165,0.9987,Complete,2023-07-15,94967100,Train
PRJ3-02268,Aspen Apartments 2268,Residential,West,OR,Private,Guaranteed Maximum Price,Design-Build,Moderate,High,Standard,2023-11-10,2024-11-24,2024,59731900,664,0.573,0.6286,1.0019,1.12,-0.0102,-37,0.99,14,2,0.362,0.9836,4,0.67,8.084,0.3929,0.3093,0.0842,0.1292,0.0641,0.1736,0.0036,0.0089,21.822,0.2988,3.395,0.058,0.1615,0.3587,2,0.0244,-7,0,0,0,0.9762,1.0107,Complete,2025-08-28,61189600,Validation
PRJ3-02269,Summit Distribution Hub 2269,Industrial,Southeast,NC,Public-Private Partnership,Guaranteed Maximum Price,CMAR,Moderate,Moderate,Standard,2024-04-12,2025-05-15,2025,120058600,706,0.565,0.6503,0.935,1.12,0.0609,-60,0.9811,16,10,0.241,0.9675,46,3.831,5.925,0.2068,0.1188,0.0615,0.0756,0.0403,0.1449,0.0381,0.0115,15.016,0.1955,0.535,0.2779,0.0836,0.2847,1,0.0991,-7,0,0,0,0.9098,1.01,Complete,2026-03-12,131961700,Test
PRJ3-02270,Aspen Urban Village 2270,Mixed-Use,Southeast,NC,Private,Lump Sum,Design-Build,Low,Moderate,Standard,2020-11-01,2021-11-28,2021,99958400,667,0.589,0.6274,0.8821,1.0337,0.0815,-26,0.9773,18,3,0.651,0.9765,48,4.802,9.275,0.3414,0.2941,0.0764,0.0973,0.0382,0.1305,0,0.0014,11.809,0.0949,2.564,0.2253,0.1256,0.3195,2,0.1238,-12,1,0,1,0.8899,1.0183,Complete,2022-08-18,112329700,Train
PRJ3-02271,Redwood Medical Center 2271,Institutional,Southwest,NM,Private,Lump Sum,Design-Build,Moderate,High,Fast,2024-05-05,2025-08-01,2025,22743600,813,0.558,0.6219,0.9246,1.0854,0.0319,-52,1.1591,15,8,0.361,0.9919,4,1.759,10.195,0.2045,0.4389,0.101,0.0268,0.0103,0.0662,0.019,0.0073,19.717,0.2756,1.764,0.2557,0.171,0.4389,2,0.0595,-17,0,0,0,0.9439,1.0214,Complete,2026-07-10,24095700,Test
PRJ3-02272,Mesa Retail Center 2272,Commercial,West,WA,Public,Guaranteed Maximum Price,Design-Build,Low,Low,Standard,2019-02-22,2019-10-04,2019,120329100,509,0.442,0.4217,0.897,0.9975,0.0393,10,1.014,14,8,0.837,0.9678,56,4.654,9.653,0.2322,0.4304,0.0852,0.1249,0.0917,0.1387,0.0293,0,19.576,0.2432,3.419,0.2228,0.2687,0.3003,2,0.022,-22,0,0,0,0.9785,1.0452,Complete,2020-06-23,122970400,Train
PRJ3-02273,Harbor Retail Center 2273,Commercial,Midwest,OH,Private,Cost Plus,Design-Build,Low,High,Slow,2022-12-21,2023-08-23,2023,167579100,546,0.45,0.4915,1.02,1.0412,-0.0143,-23,1.0743,21,12,0.349,0.9693,60,3.58,4.658,0.5121,0.1585,0.0493,0.075,0.0327,0.053,0.0326,0.0254,28.454,0.2964,4.418,0.1705,0.2503,0.2287,3,-0.0312,4,0,0,0,1.0322,0.9927,Complete,2024-06-23,162350700,Train
PRJ3-02274,Granite Medical Center 2274,Institutional,Southwest,NM,Private,Lump Sum,Design-Bid-Build,Moderate,Low,Standard,2023-06-24,2024-05-14,2024,291154800,698,0.467,0.4373,0.9099,0.9148,0.0428,21,0.8753,8,11,0.664,0.9517,157,5.392,12.815,0.1082,0.467,0.1256,0.2112,0.0868,0.1177,0.065,0.0154,21.901,0.1768,4.532,0.4172,0.2038,0.3254,4,0.049,19,0,0,0,0.9533,0.9735,Complete,2025-06-10,305426400,Validation
PRJ3-02275,Northstar Water Program 2275,Heavy Civil,Northeast,NJ,Private,Cost Plus,Design-Build,High,Moderate,Slow,2018-07-09,2020-06-10,2020,100560400,1262,0.557,0.5042,0.9179,0.8985,0.0173,67,0.9625,25,19,1.012,0.9567,63,6.265,10.865,0.1059,0.3881,0.1229,0.0232,0,0.1537,0.0294,0.0377,23.623,0.3299,5.506,0.253,0.1477,0.3737,4,0.0686,27,0,0,0,0.9358,0.9791,Complete,2022-01-18,107462700,Train
PRJ3-02276,Liberty Education Center 2276,Institutional,Southwest,NM,Public,Guaranteed Maximum Price,Design-Build,Very High,Moderate,Slow,2023-07-15,2024-05-16,2024,266513400,747,0.41,0.3452,0.9528,0.8823,0.0369,48,0.8865,44,18,1.024,0.9432,180,6.754,11.699,0.08,0.4734,0.1035,0.0917,0.0279,0.3175,0.0384,0.0623,39.808,0.4237,6.685,0.3136,0.3398,0.3554,7,0.0996,45,0,1,1,0.9094,0.9432,Complete,2025-09-14,293056300,Validation
PRJ3-02277,Mesa Marketplace 2277,Commercial,West,CA,Public,Cost Plus,Design-Build,Moderate,Moderate,Fast,2024-01-25,2024-10-02,2024,226188000,517,0.486,0.5202,0.9715,1.0091,0.0149,-18,1.0196,14,0,0.274,0.9613,100,4.421,8.333,0.2912,0.3214,0.0693,0.1008,0.016,0.0746,0.0142,0,18.334,0.1644,1.736,0.2102,0.1476,0.3399,1,-0.0074,-6,0,0,0,1.0075,1.0117,Complete,2025-06-19,224511500,Validation
PRJ3-02278,Crescent Urban Village 2278,Mixed-Use,Southwest,TX,Private,Cost Plus,CMAR,Moderate,Moderate,Standard,2024-03-15,2025-05-28,2025,273478600,923,0.476,0.505,1.0249,1.0534,-0.0136,-27,1.0295,17,1,0.592,0.9665,131,4.79,14.405,0.08,0.3629,0.0745,0.112,0.0406,0.188,0.044,0.0261,28.293,0.3773,4.105,0.1791,0.2808,0.242,5,0.0888,-3,0,0,0,0.9184,1.0033,Complete,2026-09-21,297775500,Test
PRJ3-02279,Granite Distribution Hub 2279,Industrial,Northeast,PA,Private,Unit Price,CMAR,Very High,Low,Standard,2023-08-10,2024-07-21,2024,132138900,870,0.398,0.3407,0.9477,0.8599,0.0396,50,0.839,19,16,1.27,0.962,88,6.66,8.345,0.3295,0.3278,0.076,0.2574,0.0427,0.3438,0.0598,0.0559,16.145,0.1885,6.748,0.6208,0.2447,0.4682,4,0.053,15,0,0,0,0.9497,0.9831,Complete,2026-01-11,139138600,Validation
PRJ3-02280,Aspen Research Facility 2280,Institutional,Mountain,WY,Public,Cost Plus,IPD,High,Low,Slow,2018-10-21,2020-01-03,2020,107722300,1097,0.401,0.3808,0.8882,0.9203,0.0566,22,0.8966,32,13,0.95,0.9352,69,6.405,8.629,0.131,0.3625,0.0524,0.2158,0.0802,0.2055,0.0797,0.052,22.94,0.241,9.968,0.3951,0.2637,0.5902,5,0.1488,32,1,1,1,0.8705,0.9717,Complete,2021-11-23,123752500,Train
PRJ3-02281,Mesa District 2281,Mixed-Use,West,WA,Private,Unit Price,Design-Build,Moderate,Low,Fast,2022-01-12,2023-04-28,2023,199560900,1069,0.441,0.426,0.98,0.9777,0.0193,16,0.8885,19,2,0.468,0.9684,98,4.911,6.347,0.5445,0.2513,0.0705,0.1702,0.0643,0.2305,0.0545,0.0036,19.788,0.2224,0.755,0.5413,0.2795,0.3974,1,0.0217,-4,0,0,0,0.9788,1.0038,Complete,2024-12-12,203882300,Train
PRJ3-02282,Granite Medical Center 2282,Institutional,Mountain,ID,Public-Private Partnership,Cost Plus,Design-Bid-Build,Low,Low,Standard,2020-07-22,2021-10-02,2021,110809000,827,0.529,0.4774,0.9309,0.9439,0.0634,43,0.9847,29,5,0.413,0.9533,37,3.339,17.267,0.08,0.5339,0.0831,0.0823,0.0423,0.0643,0.0122,0.0201,18.925,0.2343,0,0.3131,0.1424,0.2451,4,0.0847,52,0,1,1,0.9219,0.9408,Complete,2022-12-18,120191200,Train
PRJ3-02283,Northstar Corporate Center 2283,Commercial,West,CA,Public,Guaranteed Maximum Price,Design-Bid-Build,Low,Low,Fast,2022-10-22,2023-07-20,2023,157160000,470,0.577,0.56,1.0364,0.9863,0.0013,8,0.9412,0,8,0.388,0.9631,71,4.518,7.028,0.3649,0.2137,0.0305,0.1017,0.036,0.1997,0.0414,0.0119,5,0.1058,0.948,0.1735,0.1386,0.201,1,-0.0024,-9,0,0,0,1.0024,1.0195,Complete,2024-01-26,156780700,Train
PRJ3-02284,Crescent Bridge Program 2284,Heavy Civil,Mountain,MT,Public-Private Partnership,Unit Price,Design-Bid-Build,Moderate,Moderate,Fast,2024-08-16,2025-11-21,2025,171912300,944,0.49,0.504,0.9018,1.0134,0.0645,-13,0.9709,16,14,0.686,0.9621,78,4.537,7.131,0.3239,0.2282,0.0479,0.0781,0.0179,0.0734,0.0128,0,21.997,0.2443,1.941,0.1656,0.1988,0.2354,1,0.0795,-2,0,0,0,0.9263,1.0021,Complete,2027-03-16,185587200,Test
PRJ3-02285,Horizon Highway Improvements 2285,Heavy Civil,Midwest,MI,Public,Guaranteed Maximum Price,CMAR,High,Low,Standard,2019-12-23,2021-01-18,2021,375909800,1078,0.364,0.3775,1.0157,1.0002,0.0047,-15,0.9156,11,26,0.597,0.9692,222,5.906,8.589,0.1965,0.3593,0.1047,0.0946,0.0239,0.3477,0.0127,0.019,26.275,0.277,5.082,0.3517,0.2867,0.3923,3,-0.0081,31,0,1,1,1.0081,0.972,Complete,2023-01-05,372881600,Train
PRJ3-02286,Harbor Public Works Program 2286,Infrastructure,Midwest,MO,Private,Unit Price,Design-Bid-Build,Moderate,High,Fast,2020-09-09,2022-10-27,2022,654780800,1403,0.555,0.5559,0.9476,1.0039,0.0297,-1,1.0804,34,13,0.755,0.9618,240,3.665,4.944,0.5627,0.269,0.0872,0,0.0158,0.1872,0.0058,0,11.695,0.2161,1.814,0.2214,0.1387,0.269,1,0.0117,4,0,0,0,0.9884,0.9972,Complete,2024-07-17,662439700,Train
PRJ3-02287,Mesa Office Campus 2287,Commercial,Mountain,ID,Private,Unit Price,Design-Build,Moderate,Moderate,Standard,2020-03-16,2021-02-10,2021,92566300,570,0.582,0.6336,0.9859,1.0824,0.01,-29,1.0741,0,18,0.176,0.983,32,3.457,9.958,0.1256,0.3364,0.0479,0.0944,0.0127,0.1529,0,0.0007,24.583,0.2148,2.866,0.235,0.1988,0.2957,2,-0.0224,3,0,0,0,1.023,0.9948,Complete,2021-10-10,90489300,Train
PRJ3-02288,Pioneer Transit-Oriented Development 2288,Mixed-Use,Southwest,AZ,Private,Unit Price,Design-Build,High,High,Standard,2022-09-11,2023-09-07,2023,239444000,910,0.397,0.3859,0.8502,0.9666,0.0667,10,0.8689,1,10,0.589,0.9727,116,4.845,11.059,0.08,0.4746,0.1267,0.0131,0.0504,0.1179,0.0647,0.0276,31.561,0.4093,3.159,0.3653,0.2186,0.3836,5,0.1235,-1,1,0,1,0.8901,1.0011,Complete,2025-03-08,269008800,Train
PRJ3-02289,Pioneer Urban Village 2289,Mixed-Use,West,NV,Public,Guaranteed Maximum Price,Design-Bid-Build,High,Moderate,Standard,2024-11-15,2025-12-19,2025,144198800,1111,0.36,0.3599,0.9325,0.9572,0.0312,0,0.9924,2,0,0.768,0.9558,107,7.42,6.898,0.4577,0.1513,0.0879,0.0801,0.0475,0.1175,0,0.0202,19.377,0.2087,0.815,0.2517,0.2325,0.281,2,0.06,-10,0,0,0,0.9434,1.0091,Complete,2027-11-21,152851300,Test
PRJ3-02290,Aspen Apartments 2290,Residential,Mountain,CO,Private,Unit Price,CMAR,High,Moderate,Slow,2024-06-13,2025-01-19,2025,62840600,586,0.377,0.3591,0.9892,0.9208,0.0003,10,0.8989,25,17,0.651,0.9406,42,6.684,9.062,0.3593,0.2322,0.0663,0.14,0.0432,0.2322,0.0414,0.0395,16.875,0.265,10.106,0.2592,0.1516,0.3656,4,0.0091,6,0,0,0,0.991,0.9899,Complete,2026-01-26,63413800,Test
PRJ3-02291,Lakeview Water Program 2291,Heavy Civil,Southwest,TX,Public,Lump Sum,Design-Bid-Build,Moderate,Moderate,Slow,2021-04-02,2023-02-14,2023,273629100,1167,0.586,0.5415,0.9115,0.8983,0.0659,52,0.9901,19,0,0.663,0.9606,136,4.97,10.906,0.238,0.4345,0.0797,0.0252,0.0594,0.0307,0.0531,0.0358,26.375,0.3036,4.484,0.2451,0.2156,0.3145,4,0.1024,59,1,1,1,0.9071,0.9519,Complete,2024-08-10,301648000,Train
PRJ3-02292,Gateway Logistics Center 2292,Industrial,Southeast,FL,Public,Guaranteed Maximum Price,CMAR,Low,Moderate,Fast,2018-02-22,2019-06-13,2019,171730500,856,0.557,0.5553,1.0191,1.0142,0.0041,1,1.1247,0,20,0.329,0.9709,61,3.552,5.689,0.338,0.156,0.0791,0.0349,0.011,0.1209,0.0043,0.0003,5,0.1816,3.328,0.2029,0.1343,0.2941,1,0.0901,-6,0,0,0,0.9173,1.0071,Complete,2020-06-21,187209900,Train
PRJ3-02293,Copper Process Plant 2293,Industrial,West,OR,Private,Guaranteed Maximum Price,IPD,Moderate,Moderate,Standard,2019-12-14,2021-07-07,2021,86311800,1133,0.504,0.5045,0.9957,1.0195,0.0177,-1,1.0116,15,3,0.57,0.9594,44,5.098,7.613,0.3085,0.2119,0.0519,0.1318,0.0636,0.1499,0,0,17.683,0.1628,4.687,0.2082,0.1262,0.3074,1,-0.0656,27,0,0,0,1.0702,0.9767,Complete,2023-02-16,80653000,Train
PRJ3-02294,Evergreen Urban Village 2294,Mixed-Use,Northeast,NJ,Private,Unit Price,CMAR,Low,Low,Standard,2021-07-04,2022-03-25,2022,276490000,728,0.363,0.3684,0.9804,1.0496,-0.0002,-4,0.9787,0,19,0.46,0.9574,109,3.942,9.118,0.3409,0.2508,0.0632,0.1181,0.0649,0.2205,0.0422,0.0094,8.629,0.1518,5.947,0.3585,0.1257,0.3843,2,-0.0153,2,0,0,0,1.0156,0.9973,Complete,2023-07-04,272249000,Train
PRJ3-02295,Copper Transit-Oriented Development 2295,Mixed-Use,Midwest,OH,Private,Unit Price,Design-Build,Moderate,Low,Standard,2019-02-01,2020-05-21,2020,81576200,953,0.499,0.4859,0.9836,0.9684,0.0086,13,0.9016,11,12,0.66,0.9524,56,6.865,8.18,0.4302,0.2764,0.0665,0.1121,0.0402,0.1957,0.0468,0,18.612,0.3384,4.515,0.2688,0.1543,0.4582,2,0.1141,22,1,0,1,0.8976,0.9774,Complete,2021-10-03,90887300,Train
PRJ3-02296,Liberty Research Facility 2296,Institutional,Northeast,MA,Public,Unit Price,Design-Build,High,Moderate,Slow,2023-11-17,2025-07-24,2025,285623400,1054,0.584,0.5262,0.8809,0.8817,0.052,61,0.8911,13,18,0.883,0.9468,155,5.427,10.12,0.2279,0.3265,0.0589,0.1359,0.0617,0.2842,0.0129,0.0172,32.899,0.4069,4.234,0.3214,0.2761,0.4927,4,0.1258,27,1,0,1,0.8883,0.975,Complete,2026-11-02,321555700,Test
PRJ3-02297,Redwood Airport Improvements 2297,Infrastructure,Southeast,NC,Private,Cost Plus,IPD,Low,Low,Slow,2021-08-08,2023-06-28,2023,203831900,1218,0.566,0.4829,0.9495,0.8799,0.0356,101,0.9702,10,9,0.098,0.9695,97,4.759,6.849,0.4346,0.235,0.0693,0.0405,0.0103,0.1551,0.0029,0.0284,33.998,0.3819,9.114,0.1614,0.3077,0.3413,4,0.0274,38,0,1,1,0.9733,0.9697,Complete,2025-01-15,209426900,Train
PRJ3-02298,Copper Medical Center 2298,Institutional,Southeast,FL,Private,Unit Price,CMAR,Very High,Low,Standard,2019-04-26,2020-09-06,2020,152473400,896,0.558,0.4273,0.954,0.7954,0.0152,117,0.9487,35,8,0.602,0.9724,99,6.493,13.343,0.08,0.4076,0.1183,0.208,0.0346,0.1212,0.0416,0.0523,40.399,0.4569,4.805,0.5171,0.246,0.397,7,0.0839,43,0,1,1,0.9226,0.9542,Complete,2021-11-20,165261400,Train
PRJ3-02299,Copper Corporate Center 2299,Commercial,West,CA,Public-Private Partnership,Lump Sum,IPD,Very High,Moderate,Slow,2019-12-02,2021-02-01,2021,85632000,713,0.599,0.539,1.0343,0.8971,-0.0242,43,0.9697,17,0,0.696,0.9542,59,6.89,10.167,0.1631,0.3917,0.0968,0.1593,0.0232,0.231,0.0421,0.0471,34.581,0.4105,9.664,0.423,0.3943,0.3143,6,0.1426,49,1,1,1,0.8752,0.9357,Complete,2022-01-02,97842700,Train
PRJ3-02300,Riverside Airport Improvements 2300,Infrastructure,Northeast,NY,Private,Guaranteed Maximum Price,Design-Build,High,Moderate,Slow,2021-07-03,2022-08-13,2022,249865900,1117,0.364,0.3298,0.9696,0.8683,0.0176,38,1.0162,11,15,0.724,0.9531,144,5.763,11.598,0.1732,0.4599,0.142,0.2106,0.059,0.2235,0.0421,0.0394,25.471,0.2563,7.268,0.2987,0.2471,0.3582,5,0.0392,44,0,1,1,0.9622,0.9621,Complete,2024-09-06,259669100,Train
PRJ3-02301,Summit Housing 2301,Residential,Southeast,NC,Public,Unit Price,CMAR,Low,Low,Fast,2022-03-23,2023-01-24,2023,76266900,612,0.503,0.552,0.8887,1.0898,0.0613,-30,1.0895,0,11,0.664,0.9813,42,5.507,9.371,0.2979,0.3344,0.074,0.1371,0.0318,0.1849,0.0368,0.0217,10.123,0.1655,3.011,0.3284,0.139,0.2361,3,0.1015,-25,1,0,1,0.9078,1.0426,Complete,2023-10-31,84009100,Train
PRJ3-02302,Aspen Retail Center 2302,Commercial,West,NV,Public,Lump Sum,Design-Build,Low,High,Standard,2023-12-19,2024-08-28,2024,216074700,545,0.465,0.4689,1.006,0.9713,0.0072,-2,1.01,9,7,0.721,0.966,86,3.98,2.735,0.6464,0.1657,0.0299,0.0617,0.0721,0.05,0,0,13.524,0.2314,6.62,0.079,0.1434,0.2568,1,0.0266,-25,0,0,0,0.9741,1.0481,Complete,2025-05-22,221828600,Validation
PRJ3-02303,Crescent Neighborhood 2303,Residential,Midwest,MN,Private,Lump Sum,Design-Bid-Build,High,High,Slow,2021-04-03,2022-03-05,2022,54994600,752,0.448,0.4039,0.946,0.9246,0.0162,33,1.0061,16,14,0.35,0.9517,27,4.91,9.694,0.2897,0.3934,0.114,0.1151,0.0375,0.1145,0.0393,0.0211,25.442,0.306,4.245,0.2708,0.1983,0.4354,4,0.0738,-12,0,0,0,0.9312,1.0162,Complete,2023-04-13,59055600,Train
PRJ3-02304,Canyon Water Program 2304,Heavy Civil,Southeast,NC,Public,Lump Sum,CMAR,High,Low,Standard,2021-04-09,2022-04-02,2022,140923800,936,0.383,0.3494,0.8851,0.9935,0.0407,31,0.9633,21,5,0.751,0.9601,75,5.322,8.781,0.3008,0.3948,0.1211,0.1454,0.0418,0.2681,0.0542,0.023,13.537,0.2566,0,0.4607,0.2279,0.413,2,0.1521,4,1,0,1,0.868,0.9957,Complete,2023-11-05,162353900,Train
PRJ3-02305,Liberty Housing 2305,Residential,Southwest,AZ,Public,Guaranteed Maximum Price,CMAR,Moderate,Moderate,Fast,2023-01-11,2023-11-19,2023,80922300,801,0.39,0.3715,1.0077,1.0512,0.0023,15,0.9445,15,9,0.433,1.0,28,3.46,3.183,0.6446,0.2146,0.0396,0.0125,0,0.2244,0.0268,0,17.49,0.2617,0,0.3743,0.1543,0.2995,1,0.0367,-12,0,0,0,0.9646,1.0152,Complete,2025-03-10,83895400,Train
PRJ3-02306,Copper Research Facility 2306,Institutional,Mountain,ID,Public,Unit Price,IPD,High,High,Slow,2024-09-12,2025-08-15,2025,84879200,852,0.396,0.3939,1.0152,0.9941,-0.0122,2,0.9278,23,17,0.761,0.9598,37,4.359,8.681,0.2176,0.3201,0.0979,0.2212,0.0714,0.1606,0.0004,0.0248,21.063,0.2206,7.525,0.4947,0.2016,0.3627,3,0.0619,19,0,0,0,0.9417,0.9782,Complete,2027-01-31,90131000,Test
PRJ3-02308,Evergreen Manufacturing Facility 2308,Industrial,West,NV,Public,Unit Price,Design-Bid-Build,Moderate,Moderate,Slow,2019-01-11,2020-08-16,2020,116431500,1006,0.58,0.5237,0.851,0.9371,0.1137,57,0.9236,12,6,0.953,0.9556,61,5.239,8.515,0.2669,0.3181,0.0687,0.0621,0.026,0.1468,0.0482,0.019,19.61,0.3822,4.514,0.3344,0.1536,0.4507,3,0.1669,22,1,0,1,0.857,0.9786,Complete,2021-11-04,135866300,Train
PRJ3-02309,Gateway Research Facility 2309,Institutional,West,WA,Public,Unit Price,CMAR,Very High,High,Standard,2021-03-14,2022-05-11,2022,65480200,939,0.451,0.4262,0.931,0.9686,0.0322,23,0.9142,20,6,0.739,0.9557,53,8.094,9.553,0.1882,0.3271,0.0894,0.1258,0.0324,0.388,0.0584,0.0371,28.59,0.2753,2.403,0.4899,0.238,0.3689,4,0.0952,12,0,0,0,0.9131,0.9874,Complete,2023-10-21,71715600,Train
PRJ3-02310,Mesa Research Facility 2310,Institutional,West,OR,Public,Lump Sum,CMAR,Low,Moderate,Fast,2022-08-07,2023-10-03,2023,153355100,884,0.478,0.4624,1.0385,0.9791,-0.0094,14,1.0451,2,3,0.111,0.9682,62,4.043,10.155,0.1789,0.2574,0.0663,0.0079,0,0.0902,0.0015,0,20.229,0.2807,1.32,0.069,0.145,0.3491,2,0.0015,-25,0,0,0,0.9985,1.0291,Complete,2024-12-13,153585200,Train
PRJ3-02311,Gateway Highway Improvements 2311,Heavy Civil,Midwest,OH,Private,Guaranteed Maximum Price,Design-Build,Very High,Moderate,Standard,2020-12-11,2022-07-23,2022,293119600,1078,0.547,0.4742,0.9461,0.8866,0.0326,78,0.912,25,16,0.76,0.9605,170,5.8,13.725,0.08,0.4082,0.0681,0.0566,0.0594,0.1223,0.0527,0.0314,34.32,0.3745,8.769,0.3903,0.3264,0.4538,6,0.1671,47,1,1,1,0.8568,0.9582,Complete,2024-01-10,342108100,Train
PRJ3-02312,Copper Transit Program 2312,Infrastructure,West,WA,Public,Lump Sum,CMAR,High,Low,Standard,2020-05-10,2022-07-03,2022,299475800,1362,0.576,0.5498,0.947,0.9262,0.0342,36,0.8988,28,16,0.652,0.9639,167,5.576,11.432,0.1769,0.3905,0.0943,0.2107,0.0252,0.2377,0.0765,0.003,16.097,0.219,2.228,0.4115,0.2366,0.4456,2,0.0746,30,0,1,1,0.9306,0.9784,Complete,2024-03-02,321824800,Train
PRJ3-02313,Pioneer Housing 2313,Residential,Mountain,UT,Public,Lump Sum,Design-Build,Low,Moderate,Fast,2023-09-12,2024-12-10,2024,36076100,761,0.599,0.6283,1.0928,1.0384,-0.0521,-22,1.0913,21,21,0.692,0.9739,13,3.603,2.472,0.7451,0.1042,0.0365,0.1105,0.0084,0.1439,0.0239,0.0268,15.584,0.1729,0.224,0.2143,0.1886,0.2236,2,-0.0331,-10,0,0,0,1.0342,1.0133,Complete,2025-10-02,34882700,Validation
PRJ3-02314,Pioneer Residences 2314,Residential,Mountain,CO,Private,Unit Price,Design-Build,Moderate,Moderate,Standard,2021-10-10,2022-06-26,2022,83258100,575,0.452,0.4775,0.9426,1.0489,0.0307,-15,0.9037,1,6,0.849,0.9608,46,5.525,12.081,0.1118,0.4419,0.1211,0.0128,0.0263,0.039,0.0404,0,26.629,0.3602,3.236,0.263,0.2172,0.3251,3,0.0955,5,0,0,0,0.9128,0.9914,Complete,2023-05-13,91211700,Train
PRJ3-02315,Canyon Utility Corridor 2315,Infrastructure,Southeast,FL,Public-Private Partnership,Cost Plus,CMAR,Low,Moderate,Standard,2021-03-03,2022-08-06,2022,172717400,1102,0.473,0.4494,0.9704,0.9635,-0.0035,26,0.9414,14,11,0.681,0.9789,65,3.763,13.431,0.08,0.5073,0.1127,0,0.0293,0.02,0.0109,0.0263,11.112,0.1708,4.966,0.2546,0.1107,0.3064,4,0.0635,30,0,1,1,0.9403,0.9735,Complete,2024-04-08,183688100,Train
PRJ3-02316,Aspen Office Campus 2316,Commercial,Mountain,UT,Public-Private Partnership,Guaranteed Maximum Price,Design-Bid-Build,High,Moderate,Standard,2024-08-12,2025-06-17,2025,39237600,728,0.425,0.472,1.0195,1.0456,-0.0155,-34,1.0601,18,14,0.74,0.9478,35,8.92,8.218,0.2235,0.2205,0.0561,0.1205,0.0497,0.2292,0.0642,0.0155,21.008,0.3093,4.737,0.1718,0.1522,0.3256,2,0.0015,13,0,0,0,0.9985,0.9825,Complete,2026-08-23,39297300,Test
PRJ3-02317,Redwood Apartments 2317,Residential,Southeast,GA,Public,Guaranteed Maximum Price,CMAR,Moderate,High,Standard,2024-02-24,2024-11-22,2024,46757500,460,0.592,0.5633,0.9489,1.0461,0.027,13,0.988,10,14,0.427,0.9593,23,4.919,5.626,0.3002,0.1865,0.0665,0.0338,0.0354,0.1195,0.0116,0.0055,17.448,0.3443,5.046,0.2168,0.1401,0.3652,2,0.0488,-25,0,0,0,0.9535,1.0575,Complete,2025-05-04,49037500,Validation
PRJ3-02318,Crescent Earthworks Package 2318,Heavy Civil,West,OR,Public,Guaranteed Maximum Price,CMAR,High,Moderate,Fast,2019-03-17,2020-10-20,2020,151233300,1087,0.537,0.531,0.9876,1.0034,0.009,7,0.9487,19,14,0.799,0.9832,90,5.951,7.058,0.314,0.2164,0.0845,0.0399,0.0259,0.1716,0.0537,0.0149,30.553,0.383,3.462,0.5163,0.2914,0.3144,3,0.0529,28,0,0,0,0.9498,0.9749,Complete,2022-04-05,159233600,Train
PRJ3-02319,Aspen Bridge Program 2319,Heavy Civil,Mountain,WY,Private,Guaranteed Maximum Price,Design-Bid-Build,Low,Moderate,Fast,2020-05-11,2021-10-19,2021,120470600,1140,0.462,0.4397,1.083,1.0061,-0.0305,25,1.0394,23,14,0.136,0.9677,55,4.565,10.097,0.2245,0.3059,0.0828,0.0413,0.0273,0.1183,0.0099,0,7.045,0.2263,0.764,0.0644,0.0964,0.4308,1,0.0356,0,0,0,0,0.9656,1.0,Complete,2023-06-25,124758900,Train
PRJ3-02320,Crescent Housing 2320,Residential,Southwest,TX,Private,Lump Sum,CMAR,High,High,Fast,2021-06-20,2022-07-08,2022,163776000,702,0.547,0.5737,0.9695,1.0623,0.0246,-19,0.9528,10,6,0.653,0.9827,90,5.495,9.756,0.1752,0.2548,0.0492,0.0832,0.0144,0.2754,0.0234,0.0108,19.035,0.1969,0,0.2832,0.1806,0.3119,2,0.0126,17,0,0,0,0.9876,0.9764,Complete,2023-06-09,165840700,Train
PRJ3-02321,Pioneer Airport Improvements 2321,Infrastructure,Southwest,NM,Private,Guaranteed Maximum Price,Design-Build,Moderate,High,Slow,2017-07-18,2019-02-01,2019,171138900,1062,0.531,0.4678,0.9277,0.8819,0.0395,67,0.9764,33,8,0.533,0.9735,96,5.609,9.235,0.2047,0.3827,0.108,0.1354,0.0307,0.1591,0.0227,0.0518,34.63,0.4815,7.524,0.1637,0.2818,0.3481,6,0.0583,18,0,0,0,0.9449,0.9833,Complete,2020-07-02,181117400,Train
PRJ3-02322,Aspen Marketplace 2322,Commercial,West,CA,Private,Unit Price,Design-Bid-Build,Moderate,High,Standard,2021-11-08,2022-08-02,2022,106732400,707,0.379,0.3368,1.0114,0.8719,-0.0077,30,0.9463,4,12,0.25,0.9785,49,4.591,7.068,0.4419,0.248,0.0923,0,0.0223,0.1095,0.0222,0.0203,16.046,0.2851,1.941,0.2708,0.1327,0.2913,2,0.0022,24,0,0,0,0.9978,0.9672,Complete,2023-11-09,106965100,Train
PRJ3-02323,Gateway Transit Program 2323,Infrastructure,West,CA,Private,Lump Sum,Design-Bid-Build,Moderate,Low,Fast,2022-06-20,2024-05-16,2024,300607000,1217,0.572,0.5789,0.844,1.0284,0.093,-8,0.9666,21,0,0.518,0.9724,158,5.256,11.83,0.178,0.3912,0.0575,0.1944,0.0479,0.1619,0,0.0028,12.154,0.1623,0,0.3267,0.2502,0.3751,2,0.1343,-9,1,0,1,0.8816,1.0075,Complete,2025-10-10,340976500,Validation
PRJ3-02324,Pioneer Apartments 2324,Residential,West,NV,Public,Cost Plus,CMAR,Low,Low,Slow,2023-05-16,2024-01-03,2024,48217000,436,0.534,0.4968,1.0466,0.9679,-0.0011,16,1.0238,17,10,0.56,0.9687,24,4.977,12.429,0.08,0.4664,0.0914,0.1291,0.0387,0.0339,0.0103,0.0316,20.521,0.3019,8.25,0.2247,0.1721,0.4207,5,0.0365,11,0,0,0,0.9648,0.9754,Complete,2024-08-05,49976900,Validation
PRJ3-02325,Copper Medical Center 2325,Institutional,West,CA,Public,Lump Sum,Design-Build,Moderate,High,Standard,2024-09-15,2025-07-26,2025,93743400,695,0.453,0.4801,0.9736,1.052,0.0081,-19,1.1485,18,8,0.103,0.9687,31,3.307,2.048,0.4999,0.1374,0.0477,0.0299,0,0.1599,0.0085,0.0045,11.879,0.2302,0,0.2683,0.0966,0.3676,1,0.0324,-25,0,0,0,0.9686,1.0373,Complete,2026-07-17,96778300,Test
PRJ3-02326,Granite Residences 2326,Residential,Southwest,NM,Private,Guaranteed Maximum Price,CMAR,Very High,High,Standard,2020-01-21,2020-10-27,2020,117500800,568,0.494,0.4773,0.9031,0.9362,0.0505,10,0.9787,30,13,0.779,0.9692,59,5.021,13.483,0.08,0.3597,0.1133,0.0773,0.0405,0.3068,0.0348,0.0102,28.691,0.2534,2.077,0.3773,0.2043,0.3439,4,0.1017,11,1,0,1,0.9077,0.981,Complete,2021-08-22,129449000,Train
PRJ3-02327,Gateway Apartments 2327,Residential,West,NV,Public,Lump Sum,Design-Build,High,High,Standard,2024-10-13,2025-06-06,2025,136125400,541,0.437,0.4992,1.15,1.0764,-0.0705,-34,1.0946,12,4,0.479,0.9693,65,4.775,5.765,0.4623,0.2377,0.042,0.1346,0.0254,0.1284,0.0583,0.0431,32.096,0.2734,6.556,0.3762,0.3867,0.5177,5,-0.017,35,0,1,1,1.0173,0.9392,Complete,2026-05-12,133815700,Test
PRJ3-02328,Mesa Retail Center 2328,Commercial,West,WA,Private,Lump Sum,Design-Bid-Build,Moderate,Moderate,Standard,2023-03-01,2023-09-01,2023,188073000,425,0.435,0.4185,1.0122,0.9903,-0.0331,7,0.9908,10,0,0.296,0.9731,83,4.413,7.16,0.2807,0.2839,0.0852,0.0391,0,0.1401,0.0466,0.036,12.369,0.1753,7.641,0.434,0.1484,0.3002,3,0.038,-11,0,0,0,0.9633,1.0266,Complete,2024-04-18,195229200,Train
PRJ3-02329,Cedar Logistics Center 2329,Industrial,West,CA,Public-Private Partnership,Lump Sum,Design-Build,Moderate,High,Standard,2019-11-10,2021-03-10,2021,118528800,1077,0.452,0.4132,1.1028,0.9697,-0.0273,42,1.1162,16,0,0.491,0.9601,57,4.809,6.243,0.4656,0.2595,0.0778,0.0583,0.0009,0.1053,0.0043,0.0071,19.353,0.1684,3.085,0.1991,0.2242,0.3342,2,0.0546,19,0,0,0,0.9482,0.9827,Complete,2022-11-10,125005500,Train
PRJ3-02330,Riverside Water Program 2330,Heavy Civil,Southeast,NC,Private,Cost Plus,Design-Bid-Build,High,Moderate,Fast,2024-03-18,2025-12-21,2025,95451500,1252,0.514,0.4915,0.8751,0.9553,0.0767,28,1.0019,30,12,0.692,0.9855,57,5.972,4.64,0.5486,0.1732,0.0263,0.1471,0.0722,0.2218,0.0444,0,16.764,0.2627,0,0.2064,0.1606,0.3664,1,0.0359,-12,0,0,0,0.9653,1.0097,Complete,2027-08-10,98877800,Test
PRJ3-02331,Aspen Logistics Center 2331,Industrial,Mountain,MT,Private,Unit Price,IPD,Moderate,High,Slow,2023-10-21,2025-03-05,2025,148474000,1024,0.49,0.5104,1.0412,1.0359,-0.0251,-21,1.1398,0,13,0.825,0.9605,77,5.186,9.025,0.2392,0.342,0.0567,0,0.0196,0.1699,0.0259,0.0003,32.431,0.371,8.899,0.3497,0.1782,0.3657,3,0.0575,1,0,0,0,0.9456,0.999,Complete,2026-08-11,157013800,Test
PRJ3-02332,Harbor Retail Center 2332,Commercial,West,WA,Public,Lump Sum,CMAR,Moderate,High,Standard,2023-03-10,2024-01-14,2024,72046000,812,0.382,0.3577,1.06,0.9911,-0.0091,20,1.0751,13,11,0.565,0.9732,28,3.886,9.384,0.3231,0.3584,0.1094,0.1513,0.0482,0.1336,0.0184,0.0029,24.626,0.2698,3.204,0.1529,0.2585,0.2544,3,0.0144,5,0,0,0,0.9858,0.9939,Complete,2025-06-04,73084000,Validation
PRJ3-02333,Liberty Utility Corridor 2333,Infrastructure,Midwest,MO,Public,Guaranteed Maximum Price,Design-Bid-Build,Low,Moderate,Fast,2018-01-24,2019-10-25,2019,137916100,1262,0.507,0.493,1.0863,0.9724,-0.0402,18,1.0519,0,14,0.511,0.9734,55,3.988,4.101,0.5309,0.1629,0.0682,0.0794,0.0539,0.1157,0.0223,0,21.772,0.2314,6.591,0.1785,0.2343,0.4104,2,0.0176,14,0,0,0,0.9827,0.989,Complete,2021-07-23,140346700,Train
PRJ3-02334,Summit Manufacturing Facility 2334,Industrial,Southeast,VA,Public,Unit Price,Design-Build,Moderate,Moderate,Fast,2022-03-13,2023-07-24,2023,333796100,884,0.564,0.5531,0.9567,0.9699,-0.0034,10,1.0696,22,15,0.529,0.9596,148,4.434,7.031,0.4781,0.2828,0.0974,0.1145,0.0184,0.2175,0.0395,0,8.179,0.2107,0.506,0.238,0.1992,0.2957,1,0.1059,4,1,0,1,0.9042,0.9955,Complete,2024-08-17,369161500,Train
PRJ3-02335,Cedar Office Campus 2335,Commercial,Mountain,WY,Private,Lump Sum,Design-Build,High,Low,Standard,2022-03-09,2023-01-01,2023,74932100,718,0.416,0.3705,0.9512,0.8638,0.0062,33,0.8714,12,10,0.771,0.9363,41,5.472,11.944,0.2023,0.4103,0.1117,0.2532,0.0711,0.2229,0.0445,0.0093,30.816,0.409,1.817,0.2488,0.3834,0.4111,4,0.0228,27,0,0,0,0.9777,0.9638,Complete,2024-03-23,76639300,Train
PRJ3-02336,Lakeview Office Campus 2336,Commercial,Northeast,NY,Private,Cost Plus,IPD,Very High,Moderate,Fast,2023-06-13,2024-05-03,2024,48352600,657,0.496,0.4764,0.9755,0.9879,0.0033,13,1.0164,7,13,0.948,0.9839,25,5.17,3.186,0.6322,0.1552,0.0406,0.2735,0.044,0.2277,0.0429,0.0275,21.691,0.2857,3.46,0.1996,0.2982,0.344,3,0.0406,17,0,0,0,0.9609,0.9748,Complete,2025-04-17,50317700,Validation
PRJ3-02337,Gateway Retail Center 2337,Commercial,Southeast,NC,Public,Unit Price,Design-Bid-Build,High,High,Standard,2024-07-10,2025-05-22,2025,130827400,620,0.51,0.4906,0.9605,0.9224,-0.0021,12,0.9527,4,11,0.58,0.9515,65,4.968,10.55,0.2557,0.3518,0.0868,0.137,0.0857,0.2178,0.0308,0.028,21.99,0.2369,4.63,0.2856,0.203,0.4229,4,0.0611,7,0,0,0,0.9424,0.9888,Complete,2026-03-29,138822600,Test
PRJ3-02338,Riverside Neighborhood 2338,Residential,Mountain,ID,Public-Private Partnership,Guaranteed Maximum Price,Design-Build,High,Moderate,Slow,2024-11-09,2025-04-28,2025,37295900,449,0.379,0.3619,0.9367,0.9523,0.0365,8,0.9235,36,15,0.312,0.9582,22,5.899,13.356,0.08,0.5427,0.1538,0.1029,0.027,0.1951,0.0487,0.032,34.801,0.3889,7.122,0.3251,0.2547,0.3504,6,0.1427,41,1,1,1,0.8751,0.9163,Complete,2026-03-14,42617700,Test
PRJ3-02339,Riverside Process Plant 2339,Industrial,Southeast,FL,Private,Guaranteed Maximum Price,Design-Build,Very High,Moderate,Fast,2024-04-10,2025-01-20,2025,65974500,671,0.426,0.3504,0.973,0.8956,0.0071,51,0.9095,20,23,0.962,0.9702,35,5.305,8.23,0.1864,0.2093,0.0692,0.1381,0.0228,0.2068,0.0383,0.0,28.097,0.2184,4.392,0.3435,0.2182,0.4854,2,0.0674,35,0,1,1,0.9369,0.9504,Complete,2026-03-17,70421500,Test
PRJ3-02340,Copper Civic Complex 2340,Institutional,Mountain,UT,Public,Unit Price,CMAR,Moderate,Low,Standard,2020-11-03,2021-08-03,2021,64476800,673,0.406,0.393,0.9917,0.9728,0.0004,9,0.9577,19,15,0.581,0.9512,34,5.273,9.885,0.2293,0.278,0.0733,0.2516,0.0733,0.2229,0.0581,0.0351,19.8,0.3301,6.434,0.336,0.3635,0.3882,4,0.0355,15,0,0,0,0.9657,0.9782,Complete,2022-09-22,66764100,Train
PRJ3-02341,Horizon Residences 2341,Residential,Midwest,MN,Private,Unit Price,IPD,Moderate,High,Standard,2022-12-11,2023-06-28,2023,26388200,430,0.465,0.4947,0.9305,1.1037,0.0417,-13,0.9917,19,11,0.354,0.9686,17,6.442,2,0.6459,0.2501,0.0761,0.0608,0,0.0704,0,0.0229,21.248,0.293,4.182,0.1902,0.202,0.3326,3,0.0372,23,0,0,0,0.9641,0.9492,Complete,2024-03-08,27369700,Train
PRJ3-02342,Cedar Manufacturing Facility 2342,Industrial,Southeast,VA,Public,Unit Price,Design-Build,High,Low,Standard,2019-10-06,2021-04-16,2021,94765500,968,0.577,0.5073,0.8816,0.8641,0.0691,67,0.9965,30,13,0.397,0.9775,57,6.015,6.136,0.3427,0.305,0.1078,0.1673,0.0548,0.0759,0.1032,0.0165,34.777,0.5321,6.883,0.2845,0.3624,0.4514,4,0.1936,64,1,1,1,0.8378,0.938,Complete,2022-08-03,113111300,Train
PRJ3-02343,Redwood Retail Center 2343,Commercial,West,OR,Public,Lump Sum,IPD,Very High,Moderate,Fast,2021-08-05,2022-05-06,2022,46870600,720,0.381,0.4172,1.0036,1.12,0.0143,-26,0.902,10,0,0.829,0.9573,25,5.334,6.014,0.2254,0.2246,0.1041,0.2099,0.082,0.2167,0.068,0.0167,24.818,0.2764,4.981,0.4244,0.3109,0.4229,3,0.0344,19,0,0,0,0.9667,0.9743,Complete,2023-08-14,48483800,Train
PRJ3-02344,Liberty Neighborhood 2344,Residential,Southwest,AZ,Private,Guaranteed Maximum Price,Design-Build,Moderate,Low,Fast,2020-08-20,2021-11-02,2021,40900600,817,0.538,0.5309,1.0035,0.9634,0.0048,6,1.1016,0,0,0.402,0.9655,9,2.2,11.732,0.08,0.3305,0.1017,0.1182,0.0462,0.1188,0.0263,0.0028,16.83,0.1186,4.612,0.1974,0.2133,0.3841,3,-0.0263,-14,0,0,0,1.027,1.0174,Complete,2022-11-01,39826400,Train
PRJ3-02345,Harbor Bridge Program 2345,Heavy Civil,Midwest,MN,Private,Unit Price,Design-Build,High,Low,Standard,2019-08-22,2021-02-21,2021,220882200,1097,0.501,0.4722,0.8523,0.9614,0.0959,32,0.9646,7,6,0.852,0.9607,136,6.157,7.856,0.1351,0.2132,0.0485,0.1624,0.023,0.2377,0.0411,0.009,16.539,0.3509,4.351,0.2938,0.2763,0.2997,2,0.0656,-17,0,0,0,0.9384,1.0157,Complete,2022-08-06,235381100,Train
PRJ3-02346,Lakeview Transit Program 2346,Infrastructure,Southeast,FL,Public,Cost Plus,Design-Bid-Build,High,Moderate,Standard,2018-01-03,2019-07-10,2019,172728300,1247,0.444,0.4287,0.9862,0.9531,0.0173,19,1.0056,22,10,0.632,0.9705,85,4.921,8.347,0.3956,0.2423,0.084,0.1734,0.0399,0.1163,0.0703,0.0167,16.943,0.2585,3.032,0.18,0.2895,0.3805,2,0.0719,16,0,0,0,0.9329,0.9873,Complete,2021-06-19,185154500,Train
PRJ3-02347,Gateway Corporate Center 2347,Commercial,Mountain,ID,Public,Guaranteed Maximum Price,CMAR,Moderate,Low,Standard,2023-09-07,2024-10-13,2024,60586800,791,0.509,0.4675,0.9736,0.9147,0.0235,33,0.9927,1,12,0.672,0.9663,36,5.942,8.869,0.281,0.3156,0.0663,0.1409,0.0824,0.1114,0.0277,0.0345,9.178,0.1056,5.238,0.2778,0.143,0.3952,3,0.0861,18,0,0,0,0.9207,0.9778,Complete,2025-11-24,65802700,Validation
PRJ3-02348,Summit Education Center 2348,Institutional,Midwest,OH,Private,Unit Price,Design-Build,Very High,Moderate,Standard,2021-12-10,2023-05-13,2023,140755600,913,0.569,0.4891,0.9465,0.8705,0.0323,73,0.9336,0,15,1.054,0.9671,70,4.973,6.943,0.3782,0.3232,0.1069,0.2267,0.0368,0.2705,0.0475,0.0257,26.183,0.2978,3.65,0.1733,0.3029,0.4448,3,0.1219,14,1,0,1,0.8914,0.9849,Complete,2024-06-24,157911200,Train
PRJ3-02349,Evergreen Highway Improvements 2349,Heavy Civil,Northeast,MA,Public,Cost Plus,Design-Bid-Build,High,Moderate,Standard,2020-01-16,2021-07-09,2021,173073100,1095,0.494,0.5052,0.8988,0.983,0.0831,-12,0.8854,29,18,0.296,0.9568,100,5.778,11.422,0.1951,0.4738,0.1035,0.1382,0.0634,0.1629,0.0024,0.0159,23.781,0.1354,0.911,0.3815,0.2784,0.2958,3,0.0881,-25,0,0,0,0.9191,1.0234,Complete,2022-12-21,188312600,Train
PRJ3-02350,Canyon Housing 2350,Residential,Southeast,FL,Private,Lump Sum,Design-Bid-Build,High,Moderate,Standard,2022-02-15,2022-05-16,2022,142132900,258,0.352,0.3201,0.9626,0.9645,0.0069,8,0.9591,8,18,0.563,0.9801,67,4.714,8.278,0.2611,0.2929,0.0521,0.168,0.0508,0.2293,0.0475,0.0288,28.205,0.2043,3.599,0.234,0.2373,0.4455,3,0.009,33,0,1,1,0.9911,0.8866,Complete,2022-12-03,143414100,Train
PRJ3-02351,Summit Office Campus 2351,Commercial,Midwest,MO,Public,Lump Sum,Design-Build,Moderate,Moderate,Fast,2018-04-06,2019-01-26,2019,90361500,823,0.359,0.3702,0.9119,1.0924,0.0187,-9,1.0431,0,11,0.498,0.9588,37,4.095,6.327,0.4066,0.2159,0.0389,0.1216,0.0056,0.0768,0.0096,0.0176,20.748,0.2428,4.239,0.2293,0.2118,0.2817,2,0.0424,-25,0,0,0,0.9594,1.0313,Complete,2020-06-12,94189000,Train
PRJ3-02352,Harbor Bridge Program 2352,Heavy Civil,Mountain,WY,Private,Cost Plus,IPD,High,Low,Fast,2024-03-24,2025-08-06,2025,164509300,1137,0.44,0.4177,0.9174,0.9397,0.0157,25,0.9722,19,13,0.898,0.9721,81,4.924,8.679,0.315,0.2699,0.075,0.2245,0.088,0.2623,0.0162,0.025,17.791,0.2777,1.383,0.294,0.2207,0.3499,2,0.0707,19,0,0,0,0.9339,0.9836,Complete,2027-05-24,176147300,Test
PRJ3-02353,Copper Apartments 2353,Residential,Southwest,TX,Public-Private Partnership,Unit Price,Design-Bid-Build,Moderate,Moderate,Fast,2024-10-09,2025-02-25,2025,53278200,379,0.369,0.3533,0.9997,0.9399,0.0001,6,1.0893,3,14,0.563,0.962,28,5.255,11.118,0.0806,0.4305,0.1059,0.129,0.044,0.1322,0.015,0.0063,21.278,0.227,5.766,0.2453,0.2037,0.285,3,0.0386,22,0,0,0,0.9629,0.9451,Complete,2025-11-14,55333100,Test
PRJ3-02354,Northstar Highway Improvements 2354,Heavy Civil,Southeast,TN,Private,Guaranteed Maximum Price,CMAR,High,High,Slow,2023-12-23,2024-12-23,2024,320987300,907,0.404,0.362,0.923,0.9215,0.0355,38,0.8928,2,29,0.846,0.9494,176,5.483,10.475,0.193,0.4568,0.1134,0.0888,0.03,0.0734,0.0469,0.0181,22.194,0.3205,3.478,0.2472,0.2729,0.509,3,0.1483,5,1,0,1,0.8709,0.9945,Complete,2026-06-22,368589900,Validation
PRJ3-02355,Horizon Bridge Program 2355,Heavy Civil,Southwest,TX,Public,Lump Sum,CMAR,Moderate,Low,Standard,2023-06-19,2024-06-05,2024,545718300,672,0.524,0.4944,0.9966,0.9009,0.0107,20,1.0324,26,5,0.723,0.9642,240,4.398,9.014,0.2575,0.3456,0.0763,0.0773,0.0778,0.2198,0.0119,0.0079,15.406,0.2555,0.053,0.1353,0.1748,0.3077,2,0.0058,3,0,0,0,0.9942,0.9956,Complete,2025-04-24,548905900,Validation
PRJ3-02356,Pioneer Distribution Hub 2356,Industrial,Northeast,NY,Public,Cost Plus,IPD,Moderate,High,Standard,2022-07-31,2023-10-06,2023,141938000,811,0.533,0.5413,0.958,1.0374,0.0107,-7,0.9281,20,14,0.647,0.9677,63,4.439,5.529,0.5708,0.2508,0.0799,0.0883,0.05,0.2202,0.0221,0.0104,23.826,0.2915,0,0.3448,0.204,0.2586,2,0.0627,29,0,0,0,0.941,0.9655,Complete,2024-11-17,150843700,Train
PRJ3-02357,Harbor Public Works Program 2357,Infrastructure,Mountain,UT,Private,Guaranteed Maximum Price,Design-Bid-Build,Low,High,Fast,2018-07-05,2019-12-16,2019,201880500,1182,0.448,0.4659,0.9451,1.0557,0.0052,-21,1.0091,23,10,0.138,0.954,77,3.814,5.928,0.4323,0.2524,0.0681,0.0579,0.0577,0.0768,0.039,0,16.853,0.2384,0,0.2456,0.1293,0.2658,1,0.091,-14,0,0,0,0.9166,1.012,Complete,2021-09-15,220249600,Train
PRJ3-02358,Crescent Civic Complex 2358,Institutional,Mountain,CO,Public,Unit Price,Design-Build,Moderate,Low,Slow,2021-03-20,2022-06-07,2022,130177000,758,0.587,0.5406,0.8591,0.9084,0.0745,35,0.8839,0,8,0.675,0.958,50,3.841,13.198,0.08,0.4407,0.0625,0.1334,0.0342,0.0843,0.0426,0.0244,23.436,0.4163,4.644,0.3299,0.2084,0.4244,4,0.1765,17,1,0,1,0.85,0.9781,Complete,2023-05-04,153150500,Train
PRJ3-02359,Aspen Logistics Center 2359,Industrial,Southeast,FL,Private,Unit Price,CMAR,Moderate,High,Standard,2024-08-09,2025-08-11,2025,173046500,953,0.386,0.3832,0.8851,0.9622,0.0375,3,1.0101,3,32,0.635,1.0,83,4.796,8.204,0.3604,0.2627,0.094,0.1356,0.0249,0.1541,0.0183,0.0023,21.972,0.2203,8.603,0.3271,0.309,0.3866,3,0.0875,-10,0,0,0,0.9195,1.0106,Complete,2027-03-10,188190100,Test
PRJ3-02360,Lakeview Process Plant 2360,Industrial,Southeast,VA,Public,Guaranteed Maximum Price,Design-Build,High,Low,Standard,2018-01-15,2019-04-07,2019,81616700,864,0.518,0.4965,1.0058,0.9893,-0.0127,19,0.9857,36,7,0.675,0.9536,41,5.023,11.089,0.1719,0.4221,0.1062,0.1633,0.0282,0.1534,0.0352,0.0357,38.977,0.3812,6.266,0.1576,0.3705,0.3934,6,0.1675,16,1,0,1,0.8565,0.9818,Complete,2020-06-13,95286600,Train
PRJ3-02361,Gateway Town Center 2361,Mixed-Use,Mountain,WY,Private,Guaranteed Maximum Price,IPD,High,High,Slow,2022-03-18,2023-04-06,2023,316205700,1042,0.369,0.3381,1.0363,0.907,-0.0052,32,0.8815,11,19,0.454,0.9776,162,5.123,11.824,0.08,0.4535,0.0951,0.1616,0.0619,0.0892,0.0419,0.045,17.078,0.1929,6.317,0.2067,0.1845,0.4873,5,0.0715,10,0,0,0,0.9333,0.9905,Complete,2025-02-02,338804300,Train
PRJ3-02362,Cedar Civic Complex 2362,Institutional,Southeast,NC,Private,Lump Sum,Design-Build,High,High,Fast,2020-09-11,2021-08-25,2021,316517700,784,0.445,0.4337,1.0266,0.9935,0.0064,9,1.005,13,23,0.558,0.9689,150,4.739,5.906,0.405,0.2888,0.091,0.089,0.0318,0.1345,0.0346,0,32.948,0.3815,1.502,0.2634,0.286,0.319,2,0.0588,5,0,0,0,0.9445,0.9937,Complete,2022-11-09,335121600,Train
PRJ3-02363,Gateway Residences 2363,Residential,Southeast,FL,Public,Guaranteed Maximum Price,Design-Bid-Build,Moderate,Low,Standard,2019-02-10,2019-12-04,2019,62741700,547,0.544,0.5112,0.8726,0.9425,0.0843,18,0.8874,22,17,0.659,0.9574,24,3.825,6.131,0.3966,0.3046,0.0887,0.2425,0.0779,0.1808,0,0.0116,32.244,0.3092,4.147,0.2096,0.337,0.3287,3,0.0673,50,0,1,1,0.9369,0.9162,Complete,2020-09-29,66965900,Train
PRJ3-02364,Granite Public Works Program 2364,Infrastructure,Northeast,MA,Private,Lump Sum,CMAR,Very High,Moderate,Fast,2024-05-15,2025-07-11,2025,79877000,1132,0.373,0.3864,1.006,1.0173,0.0008,-15,0.916,10,7,0.759,0.9356,36,4.507,4.912,0.6358,0.1578,0.0651,0.1117,0.0389,0.2736,0.0362,0.0297,21.917,0.2665,3.021,0.2327,0.2602,0.3907,3,0.0748,16,0,0,0,0.9304,0.9861,Complete,2027-07-07,85853800,Test
PRJ3-02365,Lakeview Corporate Center 2365,Commercial,Southwest,AZ,Public,Guaranteed Maximum Price,IPD,Very High,High,Slow,2019-11-05,2020-11-15,2020,48597700,648,0.581,0.5964,1.0089,0.9608,0.0028,-10,0.9383,26,20,0.792,0.9545,34,6.996,11.651,0.1274,0.4281,0.1333,0.2319,0.0527,0.1418,0.0689,0.0365,31.809,0.4003,11.56,0.3155,0.2588,0.4396,6,0.0628,51,0,1,1,0.941,0.927,Complete,2021-10-04,51647400,Train
PRJ3-02366,Redwood Town Center 2366,Mixed-Use,West,OR,Private,Lump Sum,CMAR,Moderate,High,Slow,2020-02-12,2021-05-27,2021,240063700,930,0.506,0.4956,0.9522,0.9058,0.0287,10,0.9692,22,2,0.654,0.958,122,5.082,6.226,0.4392,0.2796,0.0886,0.1834,0.076,0.1652,0.0214,0.0284,19.746,0.1991,6.921,0.3158,0.2638,0.2817,3,-0.0031,36,0,1,1,1.0031,0.9627,Complete,2022-10-05,239331100,Train
PRJ3-02367,Northstar Highway Improvements 2367,Heavy Civil,Southeast,NC,Private,Cost Plus,IPD,Low,Low,Standard,2022-05-23,2023-07-27,2023,228996600,1046,0.412,0.3567,0.9157,0.8579,0.024,58,0.9191,2,15,0.587,0.9492,103,4.498,8.728,0.2231,0.3911,0.0837,0.15,0.058,0.164,0.0102,0.0185,27.505,0.2849,5.074,0.2144,0.1887,0.146,3,0.0422,55,0,1,1,0.9595,0.95,Complete,2025-05-28,238667100,Train
PRJ3-02368,Copper Town Center 2368,Mixed-Use,Midwest,IL,Public,Lump Sum,Design-Bid-Build,High,Moderate,Standard,2024-03-15,2025-07-21,2025,227232300,1035,0.477,0.4184,0.9486,0.9153,0.0054,61,0.9514,0,13,0.507,0.9882,114,5.017,8.314,0.2186,0.2998,0.0757,0.1775,0.0645,0.2098,0.0639,0.0295,32.133,0.3943,4.691,0.2199,0.3355,0.2699,4,0.036,19,0,0,0,0.9652,0.982,Complete,2027-02-02,235419500,Test
PRJ3-02369,Northstar Logistics Center 2369,Industrial,Southeast,VA,Private,Guaranteed Maximum Price,CMAR,Moderate,Moderate,Standard,2021-03-24,2022-06-14,2022,54724700,779,0.574,0.5486,0.9325,0.9748,0.0559,20,1.0234,0,15,0.233,0.9714,26,4.751,9.446,0.347,0.3777,0.1126,0.1038,0.0573,0.157,0.0279,0.0151,13.476,0.1661,0,0.2163,0.1096,0.3461,2,0.1122,7,1,0,1,0.8991,0.9911,Complete,2023-05-19,60863900,Train
PRJ3-02370,Evergreen Corporate Center 2370,Commercial,West,CA,Public,Unit Price,Design-Build,High,Moderate,Standard,2023-08-11,2024-04-11,2024,83804100,645,0.379,0.3631,1.0403,0.9623,0.0025,10,0.9305,21,0,0.562,0.9684,40,4.773,6.31,0.4492,0.1627,0.0818,0.088,0.0559,0.2534,0.0543,0.0226,16.991,0.184,0,0.2031,0.1927,0.3141,2,0.0807,2,0,0,0,0.9253,0.9969,Complete,2025-05-19,90566200,Validation
PRJ3-02371,Riverside Neighborhood 2371,Residential,West,NV,Public,Lump Sum,IPD,Moderate,Low,Slow,2018-11-01,2019-06-20,2019,65614000,470,0.493,0.5185,0.9342,1.0179,0.026,-12,0.9788,16,0,0.589,0.9573,37,5.639,12.712,0.0952,0.4157,0.0769,0.1413,0.0281,0.1917,0.0291,0.0133,22.645,0.2717,8.533,0.3764,0.2046,0.3689,4,0.1059,13,1,0,1,0.9042,0.9731,Complete,2020-02-27,72563700,Train
PRJ3-02372,Northstar Research Facility 2372,Institutional,West,CA,Private,Unit Price,Design-Bid-Build,High,Low,Standard,2018-12-16,2020-01-11,2020,145591700,873,0.448,0.377,0.9966,0.8864,0.0099,62,0.8854,29,9,0.663,0.9718,80,5.495,7.191,0.3566,0.3113,0.1016,0.1957,0.0698,0.2273,0.0354,0.0379,25.963,0.3017,4.589,0.2451,0.3178,0.2891,4,0.0836,49,0,1,1,0.9228,0.9469,Complete,2021-06-25,157765400,Train
PRJ3-02373,Mesa Civic Complex 2373,Institutional,Mountain,WY,Private,Unit Price,Design-Bid-Build,Moderate,High,Standard,2024-03-04,2025-02-13,2025,203852100,721,0.481,0.5192,0.9142,1.0502,0.044,-28,1.0106,4,3,0.224,0.9622,105,5.151,8.985,0.1833,0.3413,0.0466,0.1843,0.033,0.0878,0.0384,0.0246,23.2,0.2624,0.684,0.4139,0.1373,0.2369,3,0.1783,-5,1,0,1,0.8487,1.007,Complete,2026-02-18,240198900,Test
PRJ3-02374,Northstar Housing 2374,Residential,Northeast,PA,Public,Cost Plus,Design-Bid-Build,Moderate,Moderate,Slow,2018-12-12,2019-08-03,2019,37680600,589,0.398,0.3836,0.8244,0.9408,0.0838,8,0.9482,24,23,0.812,0.9751,17,4.512,10.686,0.1275,0.4395,0.109,0.0057,0.0095,0.1399,0.0119,0.0264,22.188,0.3313,2.561,0.2345,0.1942,0.3037,4,0.169,48,1,1,1,0.8555,0.9246,Complete,2020-09-09,44047600,Train
PRJ3-02375,Horizon Neighborhood 2375,Residential,Southeast,TN,Public,Lump Sum,CMAR,High,Low,Standard,2024-04-02,2024-12-15,2024,45738300,586,0.44,0.4411,0.9362,1.0063,0.0273,-1,0.8268,13,15,0.7,0.9473,23,5.029,11.081,0.08,0.3968,0.0743,0.1625,0.0451,0.2488,0.0784,0.0314,38.792,0.3631,3.726,0.3196,0.3958,0.3193,5,0.1498,-11,1,0,1,0.8697,1.0191,Complete,2025-10-29,52590300,Validation
PRJ3-02376,Horizon Research Facility 2376,Institutional,Midwest,MI,Public-Private Partnership,Guaranteed Maximum Price,IPD,Moderate,High,Fast,2018-11-10,2019-08-13,2019,337567400,574,0.481,0.5472,1.0762,1.112,-0.0512,-38,1.052,0,10,0.096,0.9588,154,4.562,4.937,0.4099,0.1601,0.0475,0.1489,0.0282,0.02,0.0087,0.0169,20.831,0.3219,2.17,0.394,0.1854,0.3864,2,0.0472,-20,0,0,0,0.9549,1.0361,Complete,2020-05-17,353515100,Train
PRJ3-02377,Mesa Highway Improvements 2377,Heavy Civil,Midwest,IL,Private,Unit Price,CMAR,Moderate,Moderate,Fast,2024-04-10,2025-08-16,2025,125189900,1225,0.403,0.4246,0.9616,0.9781,0.0412,-26,0.9575,4,17,0.48,0.9936,60,4.793,6.831,0.4808,0.3277,0.0466,0.0572,0.0173,0.084,0.0495,0.0134,10.605,0.0403,2.96,0.1804,0.1728,0.3358,2,0.0605,3,0,0,0,0.943,0.9976,Complete,2027-08-21,132760500,Test
PRJ3-02378,Granite Corporate Center 2378,Commercial,Southwest,NM,Private,Unit Price,Design-Bid-Build,Moderate,Moderate,Slow,2022-03-12,2023-01-18,2023,59585100,524,0.597,0.5159,0.8729,0.8201,0.0813,42,0.8802,15,0,0.394,0.9608,35,5.874,9.288,0.1767,0.2775,0.0567,0.2022,0.0731,0.1329,0.0256,0.0446,35.115,0.3655,3.241,0.4925,0.3058,0.4039,5,0.1035,20,1,0,1,0.9062,0.9632,Complete,2023-09-07,65750000,Train
PRJ3-02379,Liberty Research Facility 2379,Institutional,Southeast,GA,Private,Cost Plus,Design-Bid-Build,Low,Low,Standard,2022-02-10,2023-01-04,2023,94046900,667,0.493,0.4931,0.9059,0.983,0.0486,0,0.9723,21,4,0.5,0.9613,50,5.316,10.243,0.181,0.3616,0.0601,0.2039,0.0316,0.0771,0.0574,0.0167,21.558,0.2725,2.755,0.3712,0.2776,0.2765,3,0.119,-1,1,0,1,0.8937,1.0015,Complete,2023-12-08,105236000,Train
PRJ3-02380,Canyon Civic Complex 2380,Institutional,Southeast,GA,Private,Unit Price,Design-Bid-Build,Very High,Low,Fast,2022-10-20,2023-09-23,2023,141318800,718,0.472,0.4431,0.8725,0.933,0.0797,21,0.962,29,8,0.669,0.9505,88,6.227,12.287,0.1106,0.4143,0.0819,0.1376,0.0291,0.2681,0.0606,0.0378,27.247,0.2016,0.771,0.4502,0.3057,0.4746,5,0.1478,32,1,1,1,0.8712,0.9573,Complete,2024-11-08,162205400,Train
PRJ3-02381,Evergreen Public Works Program 2381,Infrastructure,Mountain,CO,Public,Cost Plus,Design-Build,High,Moderate,Standard,2023-01-16,2025-03-09,2025,520370300,1348,0.581,0.5351,0.9936,0.9299,0.0066,62,1.0044,25,13,0.366,0.9696,240,4.612,12.929,0.1243,0.4377,0.1181,0.2257,0.0711,0.1874,0.0209,0.0113,27.201,0.286,3.922,0.2576,0.3177,0.4513,4,0.0482,17,0,0,0,0.954,0.9875,Complete,2026-10-12,545445600,Test
PRJ3-02382,Evergreen Water Program 2382,Heavy Civil,Midwest,OH,Private,Guaranteed Maximum Price,Design-Bid-Build,Moderate,Moderate,Fast,2020-01-18,2021-04-16,2021,400447500,1116,0.407,0.3961,0.9872,0.959,-0.0115,12,0.9167,0,14,0.7,0.9536,181,4.52,6.488,0.4863,0.2152,0.0169,0.1506,0.0482,0.0532,0.0492,0,16.611,0.2705,0.406,0.355,0.149,0.3508,1,0.0344,2,0,0,0,0.9668,0.9982,Complete,2023-02-09,414207000,Train
PRJ3-02383,Cedar District 2383,Mixed-Use,Southeast,FL,Public,Cost Plus,CMAR,Low,High,Standard,2019-10-21,2020-07-04,2020,220802900,693,0.371,0.4366,0.9665,1.1037,0.0045,-45,1.0706,7,7,0.332,0.9738,73,3.306,9.748,0.1894,0.2942,0.0959,0.0263,0.0413,0.0473,0.0182,0,26.0,0.334,3.4,0.3118,0.0721,0.3379,2,0.0614,-25,0,0,0,0.9421,1.0374,Complete,2021-08-19,234369900,Train
PRJ3-02384,Liberty District 2384,Mixed-Use,Midwest,MI,Public,Unit Price,CMAR,Low,Low,Slow,2018-02-06,2019-09-02,2019,256567500,996,0.576,0.4693,0.8157,0.8484,0.0977,106,1.0184,39,23,0.673,0.9586,140,5.457,14.299,0.08,0.6679,0.1307,0.1407,0.0658,0.0829,0.051,0.0125,32.62,0.4107,4.802,0.306,0.2966,0.3873,5,0.2162,78,1,1,1,0.8222,0.9274,Complete,2021-01-15,312031900,Train
PRJ3-02385,Summit Civic Complex 2385,Institutional,West,OR,Private,Lump Sum,CMAR,Moderate,Moderate,Standard,2024-06-05,2025-04-09,2025,143718000,660,0.468,0.465,0.9372,0.9219,0.0262,2,0.9494,6,15,0.85,0.9797,64,4.453,6.978,0.2932,0.1425,0.0652,0,0.0233,0.0614,0.021,0.0415,17.411,0.1898,3.71,0.2847,0.1309,0.3232,3,0.0111,38,0,1,1,0.9891,0.9456,Complete,2026-05-04,145307300,Test
PRJ3-02386,Redwood Urban Village 2386,Mixed-Use,West,NV,Private,Cost Plus,CMAR,High,High,Standard,2023-09-05,2025-05-13,2025,268339800,1104,0.558,0.5946,0.9242,1.0346,0.0387,-40,1.0337,12,4,0.675,0.9672,136,5.068,10.61,0.08,0.433,0.0834,0.1986,0.0533,0.1446,0.0225,0.0215,36.938,0.4487,7.868,0.3545,0.4232,0.2312,5,0.0973,22,0,0,0,0.9113,0.9805,Complete,2026-10-05,294444800,Test
PRJ3-02387,Summit Apartments 2387,Residential,West,WA,Private,Lump Sum,Design-Build,Very High,Low,Fast,2021-01-10,2021-07-28,2021,131824700,529,0.377,0.3262,0.9878,0.9078,-0.0026,27,0.9144,1,0,0.709,0.9595,74,5.614,7.205,0.3658,0.2563,0.0872,0.2207,0.0458,0.3001,0.0072,0.0333,23.111,0.313,7.94,0.4344,0.2885,0.3677,4,0.0307,1,0,0,0,0.9702,0.9981,Complete,2022-06-24,135871600,Train
PRJ3-02388,Aspen Bridge Program 2388,Heavy Civil,West,OR,Private,Unit Price,Design-Build,Moderate,Moderate,Slow,2019-08-10,2021-05-28,2021,71770900,1227,0.536,0.5498,0.9581,1.009,0.0378,-17,0.9063,2,0,0.994,0.9707,29,4.041,10.742,0.3322,0.3876,0.0882,0.1399,0.0075,0.1375,0.0732,0.0194,35.538,0.417,2.013,0.1964,0.3239,0.446,4,0.0942,-13,0,0,0,0.9139,1.0107,Complete,2022-12-06,78531000,Train
PRJ3-02389,Aspen Distribution Hub 2389,Industrial,Northeast,NJ,Private,Guaranteed Maximum Price,Design-Build,High,Moderate,Standard,2023-06-16,2024-10-12,2024,269388800,863,0.561,0.5105,0.9425,0.9201,0.0326,44,1.0744,11,19,0.616,0.9722,149,5.531,11.711,0.1693,0.434,0.1283,0.1393,0.0591,0.2663,0.0319,0.0094,21.432,0.3089,5.06,0.3783,0.2267,0.3035,3,0.0361,6,0,0,0,0.9652,0.9931,Complete,2025-11-01,279107300,Validation
PRJ3-02390,Evergreen Public Works Program 2390,Infrastructure,Southeast,VA,Public,Cost Plus,Design-Build,Moderate,Moderate,Standard,2023-05-08,2024-07-08,2024,342871600,1179,0.363,0.3006,0.9851,0.9307,-0.0044,74,0.9787,8,14,0.585,0.9705,164,4.783,3.31,0.6613,0.1642,0.0655,0.0291,0.0254,0.1458,0.0364,0.0234,34.952,0.3488,3.767,0.291,0.2971,0.2673,3,0.0425,-7,0,0,0,0.9592,1.006,Complete,2026-07-23,357450900,Validation
PRJ3-02391,Riverside Highway Improvements 2391,Heavy Civil,West,NV,Private,Lump Sum,CMAR,Moderate,High,Fast,2019-11-05,2021-08-07,2021,129282700,1227,0.523,0.4913,1.0456,0.9109,-0.0117,39,1.0342,0,0,0.555,0.973,60,4.641,7.737,0.3114,0.2229,0.0599,0.0342,0.003,0.1159,0.0388,0,12.581,0.1829,2.939,0.1943,0.1426,0.3729,1,0.063,-9,0,0,0,0.9407,1.0074,Complete,2023-03-07,137431500,Train
PRJ3-02392,Crescent Urban Village 2392,Mixed-Use,Southwest,AZ,Private,Cost Plus,Design-Build,Low,Moderate,Standard,2019-08-09,2021-01-28,2021,177481500,1050,0.513,0.5261,0.9833,1.0491,0.0157,-14,1.0003,10,11,0.68,0.9726,77,4.338,6.882,0.4082,0.2372,0.0383,0,0.04,0.02,0.057,0.0135,13.502,0.1094,4.435,0.3412,0.1847,0.2461,2,-0.0366,17,0,0,0,1.038,0.9841,Complete,2022-07-11,170983900,Train
PRJ3-02393,Granite Marketplace 2393,Commercial,West,OR,Private,Lump Sum,Design-Build,Moderate,Moderate,Slow,2024-08-01,2025-10-21,2025,153947500,815,0.548,0.4668,0.9609,0.901,0.0007,66,0.9608,23,0,0.607,0.9845,85,5.521,8.053,0.3517,0.3217,0.0706,0.0892,0.0346,0.2114,0.0392,0.0077,12.012,0.121,4.206,0.231,0.1996,0.3351,2,0.0731,-21,0,0,0,0.9319,1.0264,Complete,2026-10-04,165201800,Test
PRJ3-02394,Mesa Research Facility 2394,Institutional,West,WA,Private,Guaranteed Maximum Price,Design-Bid-Build,Moderate,High,Fast,2022-05-04,2023-07-28,2023,122928400,816,0.552,0.5323,1.15,0.9281,-0.0855,16,1.0414,12,13,0.437,0.9829,55,4.474,9.85,0.1747,0.3137,0.0784,0.113,0.032,0.1393,0.0332,0.0095,9.332,0.151,0,0.241,0.1542,0.1915,2,0.0166,10,0,0,0,0.9837,0.9879,Complete,2024-08-07,124968000,Train
PRJ3-02395,Evergreen Marketplace 2395,Commercial,Northeast,CT,Private,Guaranteed Maximum Price,CMAR,High,High,Standard,2020-01-20,2020-11-11,2020,52828300,608,0.487,0.4787,0.9744,0.9826,0.0265,5,1.0856,12,15,0.238,0.9822,38,7.193,7.315,0.3378,0.2316,0.0684,0.1063,0.0523,0.1933,0.0378,0.0337,27.017,0.2924,3.01,0.1883,0.3223,0.3908,3,0.0662,36,0,1,1,0.9379,0.9441,Complete,2021-10-25,56324900,Train
PRJ3-02396,Copper Office Campus 2396,Commercial,Northeast,NJ,Public-Private Partnership,Unit Price,Design-Build,High,Moderate,Fast,2025-01-04,2025-12-25,2025,96176100,713,0.498,0.4765,1.0299,0.9768,-0.0395,15,0.9349,10,28,0.087,0.9521,38,3.951,6.322,0.4655,0.2312,0.0669,0.1491,0.0577,0.1069,0.0102,0.0171,15.027,0.1691,5.253,0.3357,0.2599,0.2587,2,-0.056,18,0,0,0,1.0594,0.9754,Complete,2027-01-05,90786700,Test
PRJ3-02397,Riverside Process Plant 2397,Industrial,Mountain,CO,Private,Lump Sum,IPD,Low,Low,Standard,2022-11-07,2023-11-16,2023,415583400,700,0.535,0.4794,0.9982,0.9214,-0.0162,39,1.0499,7,4,0.505,0.9695,176,4.235,10.062,0.184,0.3323,0.1052,0.0992,0.0493,0.0224,0.0215,0,27.829,0.2695,1.414,0.1843,0.21,0.3799,2,-0.0243,10,0,0,0,1.0249,0.9859,Complete,2024-10-17,405472700,Train
PRJ3-02398,Mesa Bridge Program 2398,Heavy Civil,Northeast,NJ,Private,Cost Plus,Design-Bid-Build,High,Moderate,Slow,2023-11-01,2024-10-27,2024,97636100,1031,0.351,0.3046,0.862,0.8718,0.0437,48,0.8868,13,20,0.922,0.9494,58,5.94,18.242,0.08,0.5952,0.1635,0.0881,0.028,0.1325,0.0622,0.0343,33.397,0.2963,7.233,0.3639,0.1887,0.4521,7,0.1685,32,1,1,1,0.8558,0.9699,Complete,2026-09-29,114090000,Validation
PRJ3-02399,Crescent Transit-Oriented Development 2399,Mixed-Use,Southeast,TN,Private,Cost Plus,CMAR,Moderate,High,Standard,2019-03-08,2020-06-15,2020,121736400,960,0.485,0.4542,0.9805,0.931,0.0104,30,1.1472,33,10,0.746,0.9755,68,5.586,9.045,0.2426,0.3331,0.0934,0.0611,0.0295,0.1094,0.0326,0,21.756,0.1935,0.754,0.2173,0.2611,0.3643,2,0.0733,24,0,0,0,0.9317,0.9756,Complete,2021-11-16,130660100,Train
PRJ3-02400,Cedar District 2400,Mixed-Use,Southeast,GA,Public,Unit Price,Design-Bid-Build,Moderate,High,Slow,2019-04-09,2019-11-17,2019,204377000,560,0.398,0.3383,0.9288,0.8766,0.0139,33,0.8795,14,9,0.649,0.9449,105,5.138,14.316,0.08,0.4574,0.08,0.0148,0.0102,0.1671,0.0534,0.0074,36.263,0.3767,12.872,0.2654,0.2342,0.4467,6,0.1495,-2,1,0,1,0.8699,1.0036,Complete,2020-10-18,234941100,Train
