Project_ID,Final_Cost_Overrun_Pct,Final_Schedule_Delay_Days,Cost_Overrun_Flag,Schedule_Delay_Flag,Combined_Overrun_Flag,Final_CPI,Final_SPI,Final_Status,Actual_End_Date,Final_EAC
PRJ3-00001,-0.013,19,0,0,0,1.0132,0.9713,Complete,2020-12-07,177009000
PRJ3-00002,0.0059,-20,0,0,0,0.9941,1.0198,Complete,2023-12-30,297602100
PRJ3-00003,0.0764,-9,0,0,0,0.929,1.0109,Complete,2023-02-08,134110700
PRJ3-00004,0.0509,14,0,0,0,0.9515,0.9825,Complete,2025-11-27,60252400
PRJ3-00005,0.0203,-7,0,0,0,0.9801,1.0066,Complete,2023-02-03,241970100
PRJ3-00006,0.0022,-20,0,0,0,0.9978,1.0334,Complete,2025-04-29,119642400
PRJ3-00007,0.0926,-25,0,0,0,0.9153,1.0226,Complete,2023-04-22,325544600
PRJ3-00008,0.0872,-3,0,0,0,0.9198,1.0034,Complete,2026-04-04,145212400
PRJ3-00009,0.0292,-9,0,0,0,0.9716,1.0088,Complete,2022-05-08,210636900
PRJ3-00011,0.0443,24,0,0,0,0.9576,0.973,Complete,2023-11-26,100349100
PRJ3-00012,0.0763,12,0,0,0,0.9291,0.9908,Complete,2022-02-07,89611000
PRJ3-00013,0.1127,14,1,0,1,0.8987,0.9833,Complete,2026-06-10,160628400
PRJ3-00014,0.1836,20,1,0,1,0.8449,0.9687,Complete,2019-12-20,43222600
PRJ3-00015,0.0291,17,0,0,0,0.9717,0.9737,Complete,2021-12-08,9680300
PRJ3-00016,0.1086,16,1,0,1,0.9021,0.9748,Complete,2021-03-13,155282700
PRJ3-00017,0.0898,29,0,0,0,0.9176,0.971,Complete,2023-05-06,198062700
PRJ3-00018,0.1576,45,1,1,1,0.8639,0.9601,Complete,2023-01-15,109003200
PRJ3-00019,0.1294,-1,1,0,1,0.8854,1.0015,Complete,2026-10-14,61511400
PRJ3-00020,0.0772,-21,0,0,0,0.9284,1.0221,Complete,2024-10-16,101653200
PRJ3-00021,0.0043,4,0,0,0,0.9957,0.9956,Complete,2024-02-08,120057400
PRJ3-00022,0.1008,43,1,1,1,0.9085,0.9124,Complete,2023-05-22,29215400
PRJ3-00023,0.2365,-8,1,0,1,0.8088,1.0064,Complete,2027-03-04,259938400
PRJ3-00024,-0.0189,-19,0,0,0,1.0192,1.0311,Complete,2023-04-27,58791700
PRJ3-00025,0.0792,-10,0,0,0,0.9266,1.0123,Complete,2027-04-18,123001400
PRJ3-00026,0.0945,17,0,0,0,0.9137,0.9855,Complete,2025-03-08,98312400
PRJ3-00027,0.1259,29,1,0,1,0.8882,0.9677,Complete,2022-03-09,183905500
PRJ3-00028,0.0425,-16,0,0,0,0.9593,1.0298,Complete,2022-03-27,45239500
PRJ3-00029,0.1086,-10,1,0,1,0.9021,1.0081,Complete,2025-09-16,206353400
PRJ3-00030,0.05,31,0,1,1,0.9524,0.9451,Complete,2026-03-20,97159400
PRJ3-00031,0.0626,20,0,0,0,0.9411,0.9542,Complete,2022-05-28,89564400
PRJ3-00032,0.118,11,1,0,1,0.8945,0.9875,Complete,2025-07-21,648788200
PRJ3-00033,0.0447,7,0,0,0,0.9572,0.989,Complete,2026-05-13,55935800
PRJ3-00034,0.1508,58,1,1,1,0.8689,0.9376,Complete,2027-04-27,148396500
PRJ3-00035,0.032,22,0,0,0,0.969,0.9666,Complete,2020-12-29,32172000
PRJ3-00036,0.0964,10,0,0,0,0.9121,0.9894,Complete,2023-04-21,86582100
PRJ3-00037,0.0607,23,0,0,0,0.9428,0.9591,Complete,2025-05-31,32936500
PRJ3-00038,-0.0475,-25,0,0,0,1.0499,1.0352,Complete,2020-03-17,137091200
PRJ3-00039,0.2498,34,1,1,1,0.8001,0.9617,Complete,2024-03-22,162909100
PRJ3-00040,0.1687,23,1,0,1,0.8556,0.9715,Complete,2026-09-28,446983900
PRJ3-00041,0.0106,-25,0,0,0,0.9895,1.0437,Complete,2023-11-27,103210500
PRJ3-00042,0.0414,15,0,0,0,0.9602,0.9847,Complete,2022-12-09,127465100
PRJ3-00043,0.0441,-10,0,0,0,0.9578,1.0123,Complete,2026-07-22,34299500
PRJ3-00044,0.0409,-25,0,0,0,0.9607,1.0419,Complete,2026-02-28,52119100
PRJ3-00045,-0.0022,19,0,0,0,1.0023,0.9669,Complete,2023-05-05,46065800
PRJ3-00046,-0.0143,34,0,1,1,1.0145,0.9752,Complete,2025-03-24,184803400
PRJ3-00047,-0.0438,-13,0,0,0,1.0458,1.0151,Complete,2021-06-02,128167400
PRJ3-00048,0.0849,-1,0,0,0,0.9218,1.0011,Complete,2020-07-03,97897600
PRJ3-00049,0.036,-15,0,0,0,0.9653,1.0311,Complete,2023-03-17,17452000
PRJ3-00050,0.0647,13,0,0,0,0.9392,0.9897,Complete,2023-10-26,183518900
PRJ3-00051,0.0217,1,0,0,0,0.9788,0.9989,Complete,2024-09-20,109704300
PRJ3-00052,0.0264,40,0,1,1,0.9743,0.9435,Complete,2025-03-24,42700000
PRJ3-00053,0.0351,13,0,0,0,0.9661,0.9891,Complete,2026-04-27,408541200
PRJ3-00054,-0.0228,7,0,0,0,1.0234,0.9951,Complete,2022-12-18,99853300
PRJ3-00055,0.1612,9,1,0,1,0.8612,0.9913,Complete,2022-10-12,84942200
PRJ3-00056,0.0286,16,0,0,0,0.9722,0.989,Complete,2027-04-06,237341000
PRJ3-00057,0.058,-25,0,0,0,0.9452,1.0315,Complete,2025-08-17,176573000
PRJ3-00058,-0.0284,5,0,0,0,1.0293,0.9912,Complete,2023-07-10,76008600
PRJ3-00059,0.2148,15,1,0,1,0.8232,0.9892,Complete,2027-03-05,240972400
PRJ3-00060,0.1147,-13,1,0,1,0.8971,1.0213,Complete,2019-12-09,116426000
PRJ3-00061,0.0401,-5,0,0,0,0.9615,1.0061,Complete,2023-01-31,277042300
PRJ3-00062,0.0995,1,0,0,0,0.9095,0.9992,Complete,2026-12-29,129834800
PRJ3-00063,-0.0155,13,0,0,0,1.0157,0.9886,Complete,2022-03-26,542402600
PRJ3-00064,0.0881,16,0,0,0,0.9191,0.9799,Complete,2026-05-30,121527000
PRJ3-00065,0.1127,31,1,1,1,0.8987,0.9623,Complete,2026-11-16,82797800
PRJ3-00066,0.0709,35,0,1,1,0.9338,0.9632,Complete,2023-03-20,280269100
PRJ3-00067,0.0293,29,0,0,0,0.9715,0.9672,Complete,2022-10-18,219680100
PRJ3-00068,0.0075,-10,0,0,0,0.9925,1.0116,Complete,2021-12-26,179732500
PRJ3-00069,0.1113,-9,1,0,1,0.8999,1.0128,Complete,2020-05-03,44613200
PRJ3-00070,0.0221,44,0,1,1,0.9784,0.9575,Complete,2024-01-06,139561500
PRJ3-00071,-0.033,-25,0,0,0,1.0342,1.0257,Complete,2023-12-31,108398700
PRJ3-00072,0.0667,-2,0,0,0,0.9375,1.0028,Complete,2026-09-07,173516700
PRJ3-00073,0.1242,16,1,0,1,0.8895,0.9872,Complete,2023-07-11,255910800
PRJ3-00074,0.04,23,0,0,0,0.9615,0.9842,Complete,2026-11-17,206251400
PRJ3-00075,0.0447,-15,0,0,0,0.9572,1.0336,Complete,2023-11-15,69823700
PRJ3-00076,0.0702,-1,0,0,0,0.9344,1.0014,Complete,2024-05-27,35817200
PRJ3-00077,-0.058,-25,0,0,0,1.0616,1.039,Complete,2023-07-08,40549900
PRJ3-00078,0.0564,42,0,1,1,0.9466,0.9343,Complete,2023-06-04,66626500
PRJ3-00079,0.0854,-10,0,0,0,0.9213,1.0104,Complete,2023-10-12,191609800
PRJ3-00080,0.119,7,1,0,1,0.8937,0.992,Complete,2025-12-24,122596600
PRJ3-00081,0.0949,-25,0,0,0,0.9133,1.0336,Complete,2024-04-24,137383300
PRJ3-00082,0.0162,-10,0,0,0,0.984,1.0106,Complete,2021-08-27,180471300
PRJ3-00083,0.0441,-19,0,0,0,0.9577,1.0168,Complete,2025-07-22,224091700
PRJ3-00084,0.1555,85,1,1,1,0.8654,0.9214,Complete,2027-12-10,111255900
PRJ3-00085,0.0364,-10,0,0,0,0.9649,1.0131,Complete,2023-03-16,92612200
PRJ3-00086,-0.0053,-21,0,0,0,1.0053,1.0178,Complete,2027-04-03,209373600
PRJ3-00087,0.0098,22,0,0,0,0.9903,0.9666,Complete,2021-11-10,128614600
PRJ3-00088,0.1344,26,1,0,1,0.8815,0.9756,Complete,2027-02-14,127061000
PRJ3-00089,-0.0067,-25,0,0,0,1.0067,1.026,Complete,2022-11-01,48061900
PRJ3-00090,0.1069,45,1,1,1,0.9034,0.9711,Complete,2021-07-17,371772600
PRJ3-00091,-0.0241,17,0,0,0,1.0247,0.9762,Complete,2026-06-15,58870200
PRJ3-00092,0.0827,14,0,0,0,0.9237,0.9824,Complete,2025-04-08,121177100
PRJ3-00093,0.1109,41,1,1,1,0.9001,0.9448,Complete,2021-12-01,49627100
PRJ3-00094,0.1704,48,1,1,1,0.8544,0.9518,Complete,2021-12-05,230466900
PRJ3-00095,0.0535,-9,0,0,0,0.9492,1.0076,Complete,2026-11-26,96508500
PRJ3-00096,0.1669,-4,1,0,1,0.857,1.0043,Complete,2024-12-25,168303800
PRJ3-00097,0.0753,-25,0,0,0,0.93,1.0219,Complete,2027-08-20,163205000
PRJ3-00098,0.0882,13,0,0,0,0.919,0.987,Complete,2025-07-14,128573600
PRJ3-00099,0.0405,-24,0,0,0,0.9611,1.0268,Complete,2021-07-01,129104200
PRJ3-00100,0.0679,8,0,0,0,0.9364,0.9911,Complete,2023-11-06,845316400
PRJ3-00101,-0.0067,-25,0,0,0,1.0067,1.0449,Complete,2024-04-02,99027500
PRJ3-00102,0.0597,-25,0,0,0,0.9436,1.0198,Complete,2025-05-24,148051800
PRJ3-00103,0.065,12,0,0,0,0.939,0.987,Complete,2025-04-01,315473200
PRJ3-00104,0.0373,23,0,0,0,0.964,0.9511,Complete,2020-06-23,65400400
PRJ3-00105,0.1225,20,1,0,1,0.8909,0.9688,Complete,2022-06-06,163737700
PRJ3-00106,0.1155,32,1,1,1,0.8964,0.9716,Complete,2025-12-03,212135700
PRJ3-00107,0.0884,48,0,1,1,0.9188,0.9257,Complete,2024-08-09,41182100
PRJ3-00108,0.0258,-16,0,0,0,0.9748,1.0216,Complete,2023-02-27,64855000
PRJ3-00109,0.0176,16,0,0,0,0.9827,0.984,Complete,2027-04-08,239933100
PRJ3-00110,0.0116,27,0,0,0,0.9885,0.9806,Complete,2025-12-24,261667600
PRJ3-00111,0.0712,0,0,0,0,0.9336,1.0,Complete,2022-01-01,146483200
PRJ3-00112,0.0935,-18,0,0,0,0.9145,1.0513,Complete,2026-02-04,48642700
PRJ3-00113,0.0344,-25,0,0,0,0.9668,1.0323,Complete,2022-02-03,207868600
PRJ3-00114,0.1583,52,1,1,1,0.8634,0.9333,Complete,2024-06-25,156539900
PRJ3-00115,0.1862,38,1,1,1,0.843,0.9594,Complete,2024-05-25,127175200
PRJ3-00116,0.0628,-11,0,0,0,0.9409,1.0104,Complete,2022-06-19,132601100
PRJ3-00117,0.1137,16,1,0,1,0.8979,0.9856,Complete,2026-09-20,134638200
PRJ3-00118,0.053,-17,0,0,0,0.9497,1.0186,Complete,2023-03-19,177899100
PRJ3-00119,0.1282,13,1,0,1,0.8864,0.9863,Complete,2026-12-24,235281200
PRJ3-00120,0.1234,5,1,0,1,0.8902,0.9914,Complete,2024-11-11,59231800
PRJ3-00121,0.174,48,1,1,1,0.8518,0.9536,Complete,2022-08-16,134262000
PRJ3-00122,0.0383,-21,0,0,0,0.9631,1.0205,Complete,2021-07-26,295242700
PRJ3-00123,0.088,-18,0,0,0,0.9192,1.0273,Complete,2023-08-10,58053200
PRJ3-00124,0.0319,-18,0,0,0,0.9691,1.0342,Complete,2026-02-27,76561900
PRJ3-00125,-0.0208,51,0,1,1,1.0213,0.922,Complete,2022-07-22,112671100
PRJ3-00126,-0.023,-18,0,0,0,1.0236,1.0438,Complete,2026-02-25,28467500
PRJ3-00127,0.055,-1,0,0,0,0.9479,1.0008,Complete,2022-01-22,180562900
PRJ3-00128,0.0229,11,0,0,0,0.9776,0.9838,Complete,2026-06-17,63900000
PRJ3-00129,-0.0087,48,0,1,1,1.0087,0.9352,Complete,2025-11-30,46535600
PRJ3-00130,0.1615,40,1,1,1,0.8609,0.9329,Complete,2021-07-14,137557800
PRJ3-00131,0.1116,-3,1,0,1,0.8996,1.0024,Complete,2023-12-22,164160800
PRJ3-00132,0.094,-10,0,0,0,0.9141,1.0099,Complete,2024-10-23,115838900
PRJ3-00133,0.0158,-9,0,0,0,0.9844,1.0069,Complete,2025-09-09,183720500
PRJ3-00135,0.0689,32,0,1,1,0.9355,0.9694,Complete,2026-11-29,71377500
PRJ3-00136,0.0381,32,0,1,1,0.9633,0.9738,Complete,2024-03-12,134371600
PRJ3-00137,0.0897,38,0,1,1,0.9177,0.9554,Complete,2024-08-10,86632000
PRJ3-00138,0.1683,8,1,0,1,0.856,0.9892,Complete,2023-09-01,107666400
PRJ3-00139,0.0207,-5,0,0,0,0.9797,1.0118,Complete,2023-07-29,64917700
PRJ3-00140,0.1436,2,1,0,1,0.8744,0.9979,Complete,2021-06-09,257931500
PRJ3-00141,0.1831,48,1,1,1,0.8452,0.9439,Complete,2025-12-04,41276900
PRJ3-00142,0.0357,-25,0,0,0,0.9655,1.0265,Complete,2023-08-06,170244600
PRJ3-00143,0.0669,-23,0,0,0,0.9373,1.0272,Complete,2026-12-31,116469200
PRJ3-00144,0.0827,15,0,0,0,0.9236,0.9834,Complete,2020-10-23,229415100
PRJ3-00145,-0.0065,3,0,0,0,1.0065,0.9962,Complete,2025-11-27,52985000
PRJ3-00146,0.0193,15,0,0,0,0.9811,0.977,Complete,2022-02-25,213002800
PRJ3-00147,0.056,-12,0,0,0,0.9469,1.0142,Complete,2022-01-05,28806300
PRJ3-00149,0.032,-5,0,0,0,0.969,1.0153,Complete,2023-08-27,81500700
PRJ3-00150,0.1523,31,1,1,1,0.8678,0.9777,Complete,2026-12-14,386545600
PRJ3-00151,0.1335,17,1,0,1,0.8822,0.9853,Complete,2025-07-29,587879900
PRJ3-00152,-0.0247,17,0,0,0,1.0253,0.9719,Complete,2026-03-10,46226500
PRJ3-00153,0.1338,18,1,0,1,0.882,0.9848,Complete,2020-09-05,303060000
PRJ3-00154,0.0761,26,0,0,0,0.9293,0.9497,Complete,2019-10-02,96384900
PRJ3-00155,0.1112,53,1,1,1,0.8999,0.9459,Complete,2024-05-15,46867300
PRJ3-00156,0.0306,34,0,1,1,0.9703,0.9704,Complete,2026-09-15,211094400
PRJ3-00157,0.0607,42,0,1,1,0.9428,0.9577,Complete,2026-09-09,302592400
PRJ3-00158,0.0004,-7,0,0,0,0.9996,1.015,Complete,2022-10-23,11941300
PRJ3-00159,0.0745,28,0,0,0,0.9307,0.9727,Complete,2025-09-30,389129400
PRJ3-00160,0.0506,-10,0,0,0,0.9518,1.0121,Complete,2020-01-31,219794200
PRJ3-00161,0.0359,-21,0,0,0,0.9653,1.0345,Complete,2023-02-11,132834300
PRJ3-00162,0.0627,20,0,0,0,0.941,0.9758,Complete,2024-01-28,124233400
PRJ3-00163,0.0539,-6,0,0,0,0.9489,1.006,Complete,2023-07-06,233069800
PRJ3-00164,0.1508,14,1,0,1,0.869,0.9859,Complete,2025-09-24,142661500
PRJ3-00165,0.1078,23,1,0,1,0.9027,0.9741,Complete,2026-12-19,83367500
PRJ3-00166,0.0351,-25,0,0,0,0.9661,1.0274,Complete,2026-05-13,493977400
PRJ3-00167,0.0876,-15,0,0,0,0.9195,1.0248,Complete,2022-05-04,57171700
PRJ3-00168,0.0447,-3,0,0,0,0.9572,1.0029,Complete,2023-10-05,105047200
PRJ3-00169,0.1001,57,1,1,1,0.909,0.922,Complete,2020-03-11,77175300
PRJ3-00170,0.0106,-25,0,0,0,0.9895,1.0217,Complete,2021-12-17,279464600
PRJ3-00171,0.0544,41,0,1,1,0.9484,0.9532,Complete,2023-04-27,74896000
PRJ3-00172,0.0071,-19,0,0,0,0.993,1.0203,Complete,2025-02-11,80292100
PRJ3-00173,0.1264,-25,1,0,1,0.8878,1.0302,Complete,2021-06-15,190273800
PRJ3-00174,0.0568,-13,0,0,0,0.9463,1.0196,Complete,2024-09-11,128791400
PRJ3-00175,-0.0464,-9,0,0,0,1.0487,1.0147,Complete,2023-01-26,59403800
PRJ3-00176,0.0844,20,0,0,0,0.9222,0.9823,Complete,2022-03-20,387144100
PRJ3-00177,0.0243,-5,0,0,0,0.9762,1.0065,Complete,2021-05-21,240132700
PRJ3-00178,0.0416,50,0,1,1,0.9601,0.9416,Complete,2027-01-22,253453400
PRJ3-00179,0.0263,57,0,1,1,0.9744,0.9021,Complete,2025-01-17,41943600
PRJ3-00180,0.1023,51,1,1,1,0.9072,0.9463,Complete,2026-03-26,70040700
PRJ3-00181,0.1722,22,1,0,1,0.8531,0.9692,Complete,2021-08-19,91495600
PRJ3-00182,0.0494,16,0,0,0,0.9529,0.982,Complete,2025-04-15,59364800
PRJ3-00183,0.0214,-24,0,0,0,0.9791,1.0221,Complete,2027-07-09,219486500
PRJ3-00184,0.0463,6,0,0,0,0.9558,0.9952,Complete,2026-05-16,86860400
PRJ3-00185,0.0204,-12,0,0,0,0.98,1.0227,Complete,2021-03-01,48995500
PRJ3-00186,0.1804,34,1,1,1,0.8472,0.9587,Complete,2021-03-26,208671900
PRJ3-00187,0.0372,18,0,0,0,0.9641,0.9809,Complete,2026-03-09,181761400
PRJ3-00188,0.0152,-3,0,0,0,0.985,1.0041,Complete,2025-01-15,79102500
PRJ3-00189,0.0508,1,0,0,0,0.9517,0.9984,Complete,2023-09-18,65634200
PRJ3-00190,-0.0008,-18,0,0,0,1.0008,1.0241,Complete,2025-07-01,100109300
PRJ3-00191,0.0133,59,0,1,1,0.9869,0.8547,Complete,2026-09-14,74619000
PRJ3-00192,0.1033,25,1,0,1,0.9064,0.9741,Complete,2027-07-31,139887000
PRJ3-00193,0.1487,16,1,0,1,0.8705,0.9857,Complete,2021-04-08,167251600
PRJ3-00194,0.0012,44,0,1,1,0.9988,0.9532,Complete,2022-11-03,412472400
PRJ3-00195,0.073,28,0,0,0,0.9319,0.9649,Complete,2026-02-23,76995200
PRJ3-00196,0.0407,1,0,0,0,0.9609,0.9988,Complete,2020-10-25,56533400
PRJ3-00197,0.0608,-7,0,0,0,0.9427,1.0093,Complete,2025-09-09,80763600
PRJ3-00198,0.1187,-2,1,0,1,0.8939,1.0023,Complete,2024-12-24,210640900
PRJ3-00199,0.1459,36,1,1,1,0.8727,0.9554,Complete,2023-01-20,126227000
PRJ3-00200,0.1052,43,1,1,1,0.9048,0.9321,Complete,2024-10-31,17839300
PRJ3-00201,-0.007,-24,0,0,0,1.007,1.0195,Complete,2024-08-18,64901100
PRJ3-00202,0.0776,29,0,0,0,0.928,0.973,Complete,2024-11-09,194598500
PRJ3-00203,0.104,53,1,1,1,0.9058,0.951,Complete,2026-11-07,159954000
PRJ3-00204,0.0688,-19,0,0,0,0.9356,1.0159,Complete,2020-06-27,293054100
PRJ3-00205,0.0425,5,0,0,0,0.9593,0.9957,Complete,2024-07-10,257949100
PRJ3-00206,0.0341,11,0,0,0,0.967,0.9813,Complete,2021-06-15,43878500
PRJ3-00207,0.1572,34,1,1,1,0.8642,0.97,Complete,2026-11-27,357022900
PRJ3-00208,0.1648,-25,1,0,1,0.8585,1.0208,Complete,2027-05-07,400494700
PRJ3-00209,0.0912,-24,0,0,0,0.9165,1.0395,Complete,2022-03-02,44075000
PRJ3-00210,0.0253,34,0,1,1,0.9753,0.9442,Complete,2023-02-06,58783800
PRJ3-00211,0.0038,-23,0,0,0,0.9962,1.0255,Complete,2024-09-29,382091300
PRJ3-00212,-0.0079,-5,0,0,0,1.008,1.0045,Complete,2022-04-20,209410500
PRJ3-00213,0.0296,-11,0,0,0,0.9713,1.0087,Complete,2023-08-02,154303800
PRJ3-00214,0.0956,13,0,0,0,0.9127,0.9823,Complete,2025-12-25,72084700
PRJ3-00215,0.1824,62,1,1,1,0.8457,0.9299,Complete,2025-07-10,68817400
PRJ3-00216,0.142,-25,1,0,1,0.8757,1.0474,Complete,2022-05-28,40070200
PRJ3-00217,-0.072,27,0,0,0,1.0776,0.9716,Complete,2022-05-15,104850200
PRJ3-00218,-0.0145,-5,0,0,0,1.0147,1.0062,Complete,2027-01-31,115461100
PRJ3-00219,0.0117,23,0,0,0,0.9884,0.968,Complete,2025-01-26,22892200
PRJ3-00220,0.064,12,0,0,0,0.9398,0.9891,Complete,2023-04-07,88841200
PRJ3-00221,-0.002,-6,0,0,0,1.002,1.0127,Complete,2024-03-08,28663300
PRJ3-00222,0.019,0,0,0,0,0.9814,1.0,Complete,2027-04-27,96917600
PRJ3-00223,0.0555,-1,0,0,0,0.9474,1.0014,Complete,2023-04-21,252569300
PRJ3-00224,0.0688,14,0,0,0,0.9357,0.9886,Complete,2024-05-24,148129500
PRJ3-00225,0.0528,-4,0,0,0,0.9498,1.0086,Complete,2021-04-11,300187100
PRJ3-00226,0.0165,11,0,0,0,0.9837,0.9755,Complete,2025-09-16,48070200
PRJ3-00227,0.1123,0,1,0,1,0.899,1.0,Complete,2020-09-21,128677100
PRJ3-00228,0.1677,0,1,0,1,0.8564,1.0,Complete,2026-02-04,78753900
PRJ3-00229,0.1063,-3,1,0,1,0.9039,1.0048,Complete,2021-12-22,60282900
PRJ3-00230,0.01,5,0,0,0,0.9901,0.9886,Complete,2025-11-05,68985000
PRJ3-00231,0.0406,16,0,0,0,0.961,0.9826,Complete,2022-11-17,75940200
PRJ3-00232,0.0148,10,0,0,0,0.9855,0.981,Complete,2026-02-28,25545900
PRJ3-00233,0.0694,-18,0,0,0,0.9351,1.0305,Complete,2025-06-18,24797700
PRJ3-00234,0.2134,14,1,0,1,0.8242,0.986,Complete,2026-08-04,145771100
PRJ3-00235,0.1428,53,1,1,1,0.8751,0.9149,Complete,2025-03-20,39982000
PRJ3-00236,0.0899,4,0,0,0,0.9175,0.9958,Complete,2026-11-19,364107000
PRJ3-00237,0.0828,-25,0,0,0,0.9235,1.0312,Complete,2023-04-16,207734600
PRJ3-00238,0.0791,1,0,0,0,0.9267,0.9984,Complete,2022-06-03,66855400
PRJ3-00239,0.0229,-24,0,0,0,0.9776,1.0327,Complete,2022-10-10,60226600
PRJ3-00240,0.0689,-17,0,0,0,0.9355,1.0208,Complete,2020-07-13,499529100
PRJ3-00241,0.0294,29,0,0,0,0.9714,0.9607,Complete,2020-11-30,40539300
PRJ3-00242,0.0611,14,0,0,0,0.9424,0.9719,Complete,2023-04-14,52623300
PRJ3-00243,0.1613,49,1,1,1,0.8611,0.9539,Complete,2020-11-28,258633800
PRJ3-00244,0.0748,-6,0,0,0,0.9304,1.0064,Complete,2026-03-07,60889500
PRJ3-00245,0.0273,-7,0,0,0,0.9735,1.0085,Complete,2026-03-03,51447500
PRJ3-00246,0.1395,22,1,0,1,0.8776,0.9818,Complete,2021-02-18,173845400
PRJ3-00247,0.0428,11,0,0,0,0.9589,0.9797,Complete,2021-05-20,52596300
PRJ3-00248,0.1545,43,1,1,1,0.8662,0.9173,Complete,2026-10-09,55417400
PRJ3-00249,0.0466,-25,0,0,0,0.9555,1.043,Complete,2023-06-23,84879300
PRJ3-00250,0.0301,28,0,0,0,0.9708,0.9701,Complete,2023-07-03,55033900
PRJ3-00251,0.1854,27,1,0,1,0.8436,0.9798,Complete,2028-02-28,153565300
PRJ3-00252,0.1585,24,1,0,1,0.8632,0.9783,Complete,2026-07-12,122448000
PRJ3-00253,0.1318,-25,1,0,1,0.8835,1.0358,Complete,2021-12-31,72089400
PRJ3-00254,0.0755,20,0,0,0,0.9298,0.9713,Complete,2022-06-18,98041100
PRJ3-00255,0.1255,-10,1,0,1,0.8885,1.0127,Complete,2022-11-29,103263700
PRJ3-00256,0.044,-13,0,0,0,0.9579,1.0188,Complete,2020-10-08,95549500
PRJ3-00257,0.0529,32,0,1,1,0.9498,0.959,Complete,2024-07-21,301586200
PRJ3-00258,0.1108,-25,1,0,1,0.9002,1.0243,Complete,2024-01-06,220352400
PRJ3-00259,0.0751,-1,0,0,0,0.9302,1.0018,Complete,2023-02-06,160613000
PRJ3-00260,0.1415,52,1,1,1,0.8761,0.9582,Complete,2027-10-17,192837400
PRJ3-00261,0.1473,-15,1,0,1,0.8716,1.023,Complete,2023-09-06,47109800
PRJ3-00262,0.0267,30,0,1,1,0.974,0.9725,Complete,2023-09-04,60254500
PRJ3-00263,0.1792,-6,1,0,1,0.848,1.0109,Complete,2023-04-16,148057100
PRJ3-00264,0.1489,62,1,1,1,0.8704,0.9509,Complete,2023-08-24,226913600
PRJ3-00265,0.0268,-18,0,0,0,0.9739,1.0336,Complete,2023-04-26,34392800
PRJ3-00266,0.0534,20,0,0,0,0.9493,0.9811,Complete,2023-04-12,239386400
PRJ3-00267,0.0473,-17,0,0,0,0.9548,1.0292,Complete,2022-02-07,38230700
PRJ3-00268,0.0682,17,0,0,0,0.9362,0.9702,Complete,2025-10-11,154891900
PRJ3-00269,0.0436,10,0,0,0,0.9583,0.9904,Complete,2023-01-31,114376200
PRJ3-00270,0.0366,48,0,1,1,0.9647,0.9592,Complete,2022-02-13,383701700
PRJ3-00271,0.0676,24,0,0,0,0.9367,0.9527,Complete,2023-01-21,93129400
PRJ3-00272,0.0802,-25,0,0,0,0.9258,1.0252,Complete,2025-02-01,116153800
PRJ3-00273,0.0872,20,0,0,0,0.9198,0.9754,Complete,2026-06-09,69406000
PRJ3-00274,0.0495,24,0,0,0,0.9529,0.9773,Complete,2023-07-09,83061200
PRJ3-00275,0.0294,-17,0,0,0,0.9714,1.0431,Complete,2023-11-22,104872200
PRJ3-00276,0.0632,-8,0,0,0,0.9405,1.0097,Complete,2026-07-19,81249700
PRJ3-00277,0.0923,17,0,0,0,0.9155,0.9771,Complete,2026-11-15,129375500
PRJ3-00278,0.0835,11,0,0,0,0.9229,0.9865,Complete,2026-11-11,92098700
PRJ3-00279,-0.0318,-1,0,0,0,1.0328,1.002,Complete,2025-06-04,40820600
PRJ3-00280,0.1277,76,1,1,1,0.8868,0.9104,Complete,2026-03-16,184625400
PRJ3-00281,0.0842,-20,0,0,0,0.9224,1.0301,Complete,2025-04-01,41779500
PRJ3-00282,0.063,-3,0,0,0,0.9407,1.0047,Complete,2025-09-18,95699200
PRJ3-00283,0.071,-2,0,0,0,0.9337,1.0037,Complete,2025-12-06,19909400
PRJ3-00284,0.1598,42,1,1,1,0.8622,0.93,Complete,2022-10-17,87256500
PRJ3-00285,-0.0178,-18,0,0,0,1.0181,1.0259,Complete,2023-11-17,117649500
PRJ3-00286,0.0912,-5,0,0,0,0.9164,1.0056,Complete,2024-04-08,201766300
PRJ3-00287,0.035,50,0,1,1,0.9661,0.9293,Complete,2026-11-12,90261700
PRJ3-00288,0.1474,17,1,0,1,0.8716,0.9805,Complete,2026-11-08,554547900
PRJ3-00289,-0.0116,1,0,0,0,1.0118,0.9981,Complete,2020-03-07,29220700
PRJ3-00290,0.0579,31,0,1,1,0.9453,0.9574,Complete,2023-08-31,54633500
PRJ3-00291,0.0711,22,0,0,0,0.9336,0.9801,Complete,2025-10-19,141989900
PRJ3-00292,0.0291,3,0,0,0,0.9718,0.9964,Complete,2025-04-19,87141200
PRJ3-00293,0.0058,6,0,0,0,0.9942,0.9937,Complete,2021-07-05,783491800
PRJ3-00294,0.0643,5,0,0,0,0.9396,0.9925,Complete,2024-05-30,43999300
PRJ3-00295,0.0857,10,0,0,0,0.9211,0.979,Complete,2021-03-24,73956900
PRJ3-00296,0.0491,15,0,0,0,0.9532,0.9866,Complete,2024-01-07,73830900
PRJ3-00297,0.0277,31,0,1,1,0.973,0.9513,Complete,2021-10-08,41811500
PRJ3-00298,0.131,-14,1,0,1,0.8841,1.0246,Complete,2023-09-03,71118600
PRJ3-00299,0.0694,11,0,0,0,0.9351,0.9913,Complete,2021-12-05,170402200
PRJ3-00300,0.0011,-22,0,0,0,0.9989,1.0157,Complete,2023-10-12,445876300
PRJ3-00301,0.0032,-18,0,0,0,0.9968,1.0407,Complete,2024-03-30,39147100
PRJ3-00302,0.0195,-25,0,0,0,0.9809,1.0716,Complete,2024-10-05,74408300
PRJ3-00303,0.0856,11,0,0,0,0.9212,0.984,Complete,2022-08-08,50008400
PRJ3-00304,0.1443,24,1,0,1,0.8739,0.9521,Complete,2024-07-29,72403700
PRJ3-00305,-0.0242,-6,0,0,0,1.0248,1.0058,Complete,2026-05-23,171271200
PRJ3-00306,0.0405,5,0,0,0,0.961,0.9956,Complete,2023-08-11,221232700
PRJ3-00307,0.0908,-17,0,0,0,0.9168,1.0255,Complete,2022-09-07,165219700
PRJ3-00308,0.0533,25,0,0,0,0.9494,0.9673,Complete,2021-03-23,238219200
PRJ3-00309,0.2071,16,1,0,1,0.8284,0.9864,Complete,2023-11-05,94045900
PRJ3-00310,0.0189,13,0,0,0,0.9814,0.9868,Complete,2021-11-19,355819400
PRJ3-00311,0.0994,39,0,1,1,0.9096,0.928,Complete,2022-06-13,143996300
PRJ3-00312,-0.0002,0,0,0,0,1.0002,1.0,Complete,2022-06-23,60183700
PRJ3-00313,0.0096,9,0,0,0,0.9905,0.9888,Complete,2023-06-28,195732000
PRJ3-00314,0.101,-9,1,0,1,0.9083,1.0123,Complete,2025-01-01,56716100
PRJ3-00315,0.0577,-4,0,0,0,0.9454,1.0048,Complete,2023-09-22,437965900
PRJ3-00316,0.0405,-6,0,0,0,0.9611,1.0231,Complete,2025-09-10,34284700
PRJ3-00317,0.0885,-22,0,0,0,0.9187,1.0186,Complete,2026-01-02,227518900
PRJ3-00318,0.0444,17,0,0,0,0.9575,0.9819,Complete,2024-05-11,245295600
PRJ3-00319,0.1797,48,1,1,1,0.8477,0.9444,Complete,2025-10-18,216302700
PRJ3-00320,-0.0082,36,0,1,1,1.0083,0.9631,Complete,2023-07-19,224198600
PRJ3-00321,0.1011,10,1,0,1,0.9082,0.9875,Complete,2024-08-25,153881000
PRJ3-00322,0.0672,4,0,0,0,0.937,0.9963,Complete,2023-09-25,129382700
PRJ3-00323,0.0812,24,0,0,0,0.9249,0.972,Complete,2026-03-02,91101400
PRJ3-00324,0.05,21,0,0,0,0.9524,0.979,Complete,2021-07-10,66910100
PRJ3-00325,0.1163,77,1,1,1,0.8958,0.9419,Complete,2025-12-28,214727500
PRJ3-00326,0.1055,-6,1,0,1,0.9046,1.008,Complete,2021-03-28,110834300
PRJ3-00327,0.1645,15,1,0,1,0.8587,0.9807,Complete,2026-05-23,204832000
PRJ3-00328,0.0724,26,0,0,0,0.9325,0.9707,Complete,2024-11-07,137393600
PRJ3-00329,-0.0304,32,0,1,1,1.0314,0.9333,Complete,2023-07-14,78607100
PRJ3-00330,0.1306,57,1,1,1,0.8845,0.9401,Complete,2021-04-12,68404000
PRJ3-00331,-0.0045,21,0,0,0,1.0045,0.9666,Complete,2022-05-29,30419300
PRJ3-00332,0.103,73,1,1,1,0.9067,0.9165,Complete,2020-07-10,64579400
PRJ3-00333,0.101,51,1,1,1,0.9082,0.9523,Complete,2026-01-30,198652200
PRJ3-00334,0.0584,18,0,0,0,0.9448,0.9396,Complete,2023-07-13,42457300
PRJ3-00335,0.0881,11,0,0,0,0.9191,0.9912,Complete,2027-04-02,176870900
PRJ3-00336,0.1088,28,1,0,1,0.9019,0.9745,Complete,2024-09-17,346400000
PRJ3-00337,0.0196,-25,0,0,0,0.9808,1.0412,Complete,2019-11-21,35377200
PRJ3-00338,0.1766,46,1,1,1,0.8499,0.9374,Complete,2023-07-29,72835800
PRJ3-00339,0.1664,74,1,1,1,0.8574,0.9159,Complete,2023-11-11,104405600
PRJ3-00340,0.097,3,0,0,0,0.9115,0.996,Complete,2025-12-18,176723600
PRJ3-00341,0.039,5,0,0,0,0.9624,0.9934,Complete,2026-05-17,195988400
PRJ3-00342,0.0678,-9,0,0,0,0.9365,1.0158,Complete,2020-07-29,50959200
PRJ3-00343,0.1593,24,1,0,1,0.8626,0.9806,Complete,2026-07-01,252679200
PRJ3-00344,0.08,-18,0,0,0,0.926,1.0269,Complete,2020-03-15,42463200
PRJ3-00345,0.0817,-15,0,0,0,0.9245,1.0114,Complete,2027-04-25,450570600
PRJ3-00346,-0.0223,-25,0,0,0,1.0229,1.0233,Complete,2025-02-25,172283600
PRJ3-00347,0.0989,29,0,0,0,0.91,0.9745,Complete,2021-12-19,375233200
PRJ3-00348,0.0505,20,0,0,0,0.952,0.971,Complete,2026-07-28,35710100
PRJ3-00349,0.039,36,0,1,1,0.9624,0.948,Complete,2024-04-05,98657000
PRJ3-00350,0.0874,-11,0,0,0,0.9196,1.0104,Complete,2023-01-13,110494800
PRJ3-00351,0.0676,-15,0,0,0,0.9366,1.0199,Complete,2024-07-09,23971100
PRJ3-00352,0.0223,12,0,0,0,0.9782,0.9774,Complete,2024-03-15,94149000
PRJ3-00353,0.0675,-11,0,0,0,0.9367,1.0092,Complete,2026-05-23,261525900
PRJ3-00354,-0.0493,25,0,0,0,1.0519,0.9679,Complete,2026-01-04,161192200
PRJ3-00355,0.0347,0,0,0,0,0.9665,1.0,Complete,2021-03-03,68441600
PRJ3-00356,0.2245,-13,1,0,1,0.8167,1.0215,Complete,2021-11-10,85834300
PRJ3-00357,0.0005,3,0,0,0,0.9995,0.9957,Complete,2020-01-06,147807700
PRJ3-00358,0.0991,45,0,1,1,0.9098,0.9538,Complete,2024-04-12,101711400
PRJ3-00359,0.0895,25,0,0,0,0.9178,0.9711,Complete,2026-08-15,194131900
PRJ3-00360,0.1252,-6,1,0,1,0.8888,1.0064,Complete,2022-02-07,277262300
PRJ3-00361,0.1023,3,1,0,1,0.9072,0.9971,Complete,2025-05-19,488209500
PRJ3-00362,-0.0406,1,0,0,0,1.0423,0.9989,Complete,2021-08-04,124521600
PRJ3-00363,0.0629,31,0,1,1,0.9408,0.9628,Complete,2023-01-20,32214800
PRJ3-00364,0.0607,12,0,0,0,0.9428,0.9827,Complete,2024-04-27,177466000
PRJ3-00365,0.1643,-25,1,0,1,0.8589,1.0288,Complete,2026-06-03,232372700
PRJ3-00366,0.1484,34,1,1,1,0.8708,0.9606,Complete,2023-04-21,133452000
PRJ3-00367,0.112,-12,1,0,1,0.8993,1.0195,Complete,2022-09-19,53908000
PRJ3-00368,0.1216,45,1,1,1,0.8916,0.9613,Complete,2023-09-22,184678000
PRJ3-00369,0.1687,32,1,1,1,0.8557,0.9755,Complete,2025-11-15,250471400
PRJ3-00370,0.1217,14,1,0,1,0.8915,0.9796,Complete,2025-01-18,18721100
PRJ3-00371,0.0421,67,0,1,1,0.9596,0.903,Complete,2026-02-23,101777400
PRJ3-00372,0.2041,38,1,1,1,0.8305,0.9741,Complete,2025-02-21,272240500
PRJ3-00373,0.1715,55,1,1,1,0.8536,0.9439,Complete,2025-02-17,211413600
PRJ3-00374,0.1888,41,1,1,1,0.8412,0.9595,Complete,2021-12-10,192368500
PRJ3-00375,0.0942,13,0,0,0,0.9139,0.9858,Complete,2022-05-24,180627600
PRJ3-00376,0.0701,46,0,1,1,0.9345,0.9468,Complete,2023-09-03,457274400
PRJ3-00377,0.0979,9,0,0,0,0.9108,0.9812,Complete,2022-06-30,19594300
PRJ3-00378,0.1456,-13,1,0,1,0.8729,1.0114,Complete,2023-11-11,191263900
PRJ3-00379,0.0712,1,0,0,0,0.9336,0.9983,Complete,2024-03-18,43889500
PRJ3-00380,0.0983,45,0,1,1,0.9105,0.9259,Complete,2024-10-18,26491100
PRJ3-00381,0.0308,34,0,1,1,0.9702,0.9732,Complete,2021-03-07,183680000
PRJ3-00382,0.1026,55,1,1,1,0.907,0.9541,Complete,2024-09-10,129286300
PRJ3-00383,0.0843,10,0,0,0,0.9222,0.9903,Complete,2025-06-22,253393000
PRJ3-00384,-0.0024,-19,0,0,0,1.0024,1.0218,Complete,2021-11-01,285359400
PRJ3-00385,0.0747,-25,0,0,0,0.9305,1.0383,Complete,2026-09-20,91874000
PRJ3-00386,0.0717,4,0,0,0,0.9331,0.9929,Complete,2026-07-07,82197900
PRJ3-00387,0.1166,-17,1,0,1,0.8956,1.0256,Complete,2020-10-18,39005200
PRJ3-00388,0.135,21,1,0,1,0.881,0.9818,Complete,2025-10-17,45692500
PRJ3-00389,0.1423,11,1,0,1,0.8754,0.9897,Complete,2022-02-05,239839900
PRJ3-00390,0.1274,26,1,0,1,0.887,0.9731,Complete,2020-11-25,159452700
PRJ3-00391,0.0606,23,0,0,0,0.9428,0.956,Complete,2024-12-21,19575000
PRJ3-00392,0.0966,1,0,0,0,0.9119,0.9991,Complete,2022-03-09,196048500
PRJ3-00393,0.0978,30,0,1,1,0.9109,0.9737,Complete,2025-01-06,283915400
PRJ3-00394,0.092,-8,0,0,0,0.9157,1.0083,Complete,2021-08-27,429967800
PRJ3-00395,0.1353,28,1,0,1,0.8808,0.9662,Complete,2021-02-12,113181800
PRJ3-00396,0.1032,-1,1,0,1,0.9064,1.0011,Complete,2022-07-31,862218400
PRJ3-00397,0.0077,11,0,0,0,0.9924,0.9857,Complete,2025-10-03,83534900
PRJ3-00398,0.1275,52,1,1,1,0.8869,0.9593,Complete,2026-05-21,142717100
PRJ3-00399,0.0329,-11,0,0,0,0.9682,1.0174,Complete,2026-06-17,44773700
PRJ3-00400,0.0414,31,0,1,1,0.9603,0.9717,Complete,2025-12-11,241254000
PRJ3-00401,0.0948,-19,0,0,0,0.9134,1.0174,Complete,2024-09-02,232453600
PRJ3-00402,0.2109,-8,1,0,1,0.8258,1.0072,Complete,2023-04-17,325050400
PRJ3-00403,0.1046,28,1,0,1,0.9053,0.977,Complete,2024-05-22,230045300
PRJ3-00404,0.1819,8,1,0,1,0.8461,0.9917,Complete,2026-10-17,143881900
PRJ3-00405,0.0224,26,0,0,0,0.9781,0.9739,Complete,2022-03-07,340820300
PRJ3-00406,0.1083,-19,1,0,1,0.9023,1.0303,Complete,2020-07-03,54164700
PRJ3-00407,0.0646,-16,0,0,0,0.9393,1.0214,Complete,2020-03-25,212665800
PRJ3-00408,0.0782,-19,0,0,0,0.9274,1.0263,Complete,2025-01-26,226218100
PRJ3-00409,0.0076,-11,0,0,0,0.9925,1.0223,Complete,2022-05-10,29060400
PRJ3-00410,0.0769,21,0,0,0,0.9286,0.9739,Complete,2026-10-06,430720400
PRJ3-00411,0.0718,44,0,1,1,0.933,0.966,Complete,2024-03-03,144598600
PRJ3-00412,0.1097,31,1,1,1,0.9012,0.9779,Complete,2025-06-06,278870900
PRJ3-00413,0.2517,44,1,1,1,0.7989,0.9638,Complete,2024-07-16,254193600
PRJ3-00414,0.0278,27,0,0,0,0.9729,0.9455,Complete,2024-01-08,44186000
PRJ3-00415,-0.0485,-25,0,0,0,1.051,1.0269,Complete,2024-07-03,202633400
PRJ3-00416,0.0829,0,0,0,0,0.9235,1.0,Complete,2025-06-24,303435600
PRJ3-00417,0.0235,28,0,0,0,0.977,0.9576,Complete,2022-07-17,49214900
PRJ3-00418,0.1257,-25,1,0,1,0.8884,1.0235,Complete,2025-11-02,119404500
PRJ3-00419,0.0188,31,0,1,1,0.9816,0.9593,Complete,2024-03-16,101125000
PRJ3-00420,0.1058,-25,1,0,1,0.9043,1.0563,Complete,2024-03-20,58954700
PRJ3-00421,0.1382,23,1,0,1,0.8786,0.9566,Complete,2021-05-31,24801000
PRJ3-00422,-0.0089,-6,0,0,0,1.009,1.0145,Complete,2023-08-10,112085500
PRJ3-00423,0.0014,16,0,0,0,0.9986,0.9757,Complete,2023-02-01,114608600
PRJ3-00424,0.0723,43,0,1,1,0.9325,0.9672,Complete,2027-02-01,173031600
PRJ3-00425,-0.0686,-1,0,0,0,1.0737,1.0018,Complete,2023-11-07,87945600
PRJ3-00426,-0.029,25,0,0,0,1.0298,0.9592,Complete,2020-07-18,82408800
PRJ3-00427,0.0321,5,0,0,0,0.9689,0.9957,Complete,2023-04-23,428682700
PRJ3-00428,0.0692,21,0,0,0,0.9352,0.9762,Complete,2021-04-19,375905000
PRJ3-00429,-0.0356,-25,0,0,0,1.0369,1.0316,Complete,2023-10-03,52559900
PRJ3-00430,0.0949,28,0,0,0,0.9133,0.9667,Complete,2023-04-08,241060200
PRJ3-00431,0.0141,41,0,1,1,0.9861,0.9634,Complete,2025-11-06,120075000
PRJ3-00433,0.2541,1,1,0,1,0.7974,0.9985,Complete,2020-01-31,93536400
PRJ3-00434,0.1109,76,1,1,1,0.9002,0.9276,Complete,2021-10-29,548011100
PRJ3-00435,-0.0135,-23,0,0,0,1.0137,1.0352,Complete,2025-04-30,65027600
PRJ3-00436,0.038,-10,0,0,0,0.9634,1.0153,Complete,2023-09-24,140236800
PRJ3-00437,0.0685,46,0,1,1,0.9359,0.9493,Complete,2026-01-15,182512800
PRJ3-00438,0.0211,-25,0,0,0,0.9794,1.0373,Complete,2021-11-19,91393800
PRJ3-00439,0.0095,30,0,1,1,0.9906,0.9391,Complete,2021-12-26,41013600
PRJ3-00440,0.0856,-25,0,0,0,0.9211,1.0288,Complete,2023-10-29,125116900
PRJ3-00441,0.0633,8,0,0,0,0.9405,0.9922,Complete,2024-06-03,137736800
PRJ3-00442,0.203,-19,1,0,1,0.8313,1.0196,Complete,2025-06-08,192042200
PRJ3-00443,0.1019,18,1,0,1,0.9075,0.9832,Complete,2023-05-20,441809800
PRJ3-00444,-0.0046,16,0,0,0,1.0046,0.9878,Complete,2025-11-14,144024000
PRJ3-00445,0.0631,18,0,0,0,0.9407,0.9815,Complete,2024-01-17,65599700
PRJ3-00446,0.0416,-1,0,0,0,0.96,1.0008,Complete,2027-05-30,356872700
PRJ3-00447,0.1503,52,1,1,1,0.8693,0.8954,Complete,2019-09-25,41087700
PRJ3-00448,-0.0422,20,0,0,0,1.0441,0.9231,Complete,2019-10-10,58453000
PRJ3-00449,0.0465,3,0,0,0,0.9556,0.9947,Complete,2023-06-25,17916600
PRJ3-00450,0.1383,42,1,1,1,0.8785,0.9582,Complete,2026-02-06,198562000
PRJ3-00451,0.062,14,0,0,0,0.9416,0.9823,Complete,2026-01-21,219274400
PRJ3-00452,0.0471,20,0,0,0,0.955,0.9749,Complete,2026-04-20,103143800
PRJ3-00453,0.0187,-6,0,0,0,0.9817,1.0062,Complete,2021-10-01,59717600
PRJ3-00454,0.0482,-10,0,0,0,0.954,1.0143,Complete,2023-05-10,70956000
PRJ3-00455,0.0183,-6,0,0,0,0.982,1.006,Complete,2023-03-02,67312900
PRJ3-00456,0.0467,17,0,0,0,0.9554,0.9824,Complete,2027-05-30,214616500
PRJ3-00457,0.0699,-25,0,0,0,0.9347,1.0354,Complete,2023-09-24,66089200
PRJ3-00458,0.0769,8,0,0,0,0.9286,0.993,Complete,2020-08-12,113346700
PRJ3-00459,0.2035,32,1,1,1,0.8309,0.9608,Complete,2023-07-31,214792700
PRJ3-00460,0.0788,4,0,0,0,0.927,0.9903,Complete,2021-09-03,106852800
PRJ3-00461,-0.0192,22,0,0,0,1.0196,0.9743,Complete,2024-11-16,51900500
PRJ3-00462,-0.0136,-12,0,0,0,1.0138,1.0124,Complete,2022-08-02,93737400
PRJ3-00463,0.0872,14,0,0,0,0.9198,0.9793,Complete,2021-04-17,57476800
PRJ3-00464,0.1509,-12,1,0,1,0.8689,1.0171,Complete,2024-10-10,51613800
PRJ3-00465,0.1127,45,1,1,1,0.8987,0.9036,Complete,2020-02-17,86674900
PRJ3-00466,0.087,-24,0,0,0,0.92,1.025,Complete,2023-10-18,116003200
PRJ3-00467,0.0774,66,0,1,1,0.9281,0.9278,Complete,2026-02-01,81010000
PRJ3-00468,0.0965,-14,0,0,0,0.912,1.0282,Complete,2020-03-27,47107200
PRJ3-00469,0.1391,71,1,1,1,0.8779,0.9166,Complete,2021-12-17,189038300
PRJ3-00470,0.1327,82,1,1,1,0.8828,0.9105,Complete,2022-03-23,170793400
PRJ3-00471,0.1678,24,1,0,1,0.8563,0.9777,Complete,2025-04-24,162944700
PRJ3-00472,0.105,41,1,1,1,0.905,0.9341,Complete,2023-07-23,180151300
PRJ3-00473,0.1323,50,1,1,1,0.8832,0.9147,Complete,2022-12-13,167543800
PRJ3-00474,0.0906,-13,0,0,0,0.9169,1.0243,Complete,2023-11-29,73623800
PRJ3-00475,0.0343,47,0,1,1,0.9669,0.9453,Complete,2024-12-10,111866700
PRJ3-00476,0.0296,21,0,0,0,0.9713,0.9658,Complete,2023-09-24,170159200
PRJ3-00477,0.1154,4,1,0,1,0.8966,0.996,Complete,2021-03-08,107263200
PRJ3-00478,0.0207,-13,0,0,0,0.9797,1.0144,Complete,2026-11-09,256446300
PRJ3-00479,-0.0028,-25,0,0,0,1.0028,1.0443,Complete,2020-12-03,105709500
PRJ3-00480,0.0329,-25,0,0,0,0.9682,1.0315,Complete,2022-09-18,167951100
PRJ3-00481,0.0782,15,0,0,0,0.9275,0.9822,Complete,2020-05-29,494807700
PRJ3-00482,0.0681,-9,0,0,0,0.9362,1.017,Complete,2022-10-11,73079000
PRJ3-00483,0.0842,-17,0,0,0,0.9224,1.0215,Complete,2021-11-23,139202300
PRJ3-00484,0.0338,24,0,0,0,0.9673,0.9645,Complete,2025-04-15,105207500
PRJ3-00485,0.1058,31,1,1,1,0.9043,0.9749,Complete,2021-07-25,459118800
PRJ3-00486,0.0754,2,0,0,0,0.9299,0.9972,Complete,2026-06-29,49022800
PRJ3-00487,-0.0358,-19,0,0,0,1.0371,1.0247,Complete,2020-06-08,148773900
PRJ3-00488,0.0537,14,0,0,0,0.949,0.9831,Complete,2024-09-22,73296700
PRJ3-00489,0.0066,-4,0,0,0,0.9934,1.0075,Complete,2023-08-02,37608700
PRJ3-00490,0.0388,-25,0,0,0,0.9627,1.0424,Complete,2024-05-19,66387600
PRJ3-00491,-0.0156,35,0,1,1,1.0158,0.9542,Complete,2022-12-13,261348100
PRJ3-00492,0.0931,15,0,0,0,0.9149,0.9826,Complete,2023-07-15,98505200
PRJ3-00493,0.0701,16,0,0,0,0.9344,0.9856,Complete,2026-01-04,458988700
PRJ3-00494,0.0647,-9,0,0,0,0.9392,1.0087,Complete,2027-03-29,93910000
PRJ3-00495,0.1037,12,1,0,1,0.906,0.9766,Complete,2024-09-16,157080200
PRJ3-00496,0.1201,-25,1,0,1,0.8928,1.0257,Complete,2024-03-06,73127300
PRJ3-00497,0.0712,50,0,1,1,0.9335,0.9637,Complete,2025-12-23,398236700
PRJ3-00498,0.1453,42,1,1,1,0.8731,0.9635,Complete,2025-12-01,287720100
PRJ3-00499,0.1526,62,1,1,1,0.8676,0.9434,Complete,2023-03-14,224158700
PRJ3-00500,0.0545,40,0,1,1,0.9483,0.9395,Complete,2025-05-13,47158500
PRJ3-00501,0.0322,9,0,0,0,0.9688,0.9921,Complete,2025-03-26,217249300
PRJ3-00502,-0.0276,-7,0,0,0,1.0284,1.0079,Complete,2025-07-14,178006600
PRJ3-00503,0.0657,13,0,0,0,0.9384,0.9906,Complete,2024-01-28,144860700
PRJ3-00504,0.0871,72,0,1,1,0.9199,0.9286,Complete,2026-04-15,87769800
PRJ3-00505,0.1505,30,1,1,1,0.8692,0.9743,Complete,2027-09-28,231808800
PRJ3-00506,0.0076,20,0,0,0,0.9924,0.9782,Complete,2024-04-17,189329400
PRJ3-00507,0.1199,-25,1,0,1,0.8929,1.0322,Complete,2022-11-19,451420900
PRJ3-00508,0.1175,1,1,0,1,0.8949,0.9985,Complete,2026-10-28,151252400
PRJ3-00509,0.085,14,0,0,0,0.9217,0.9705,Complete,2023-11-04,220112400
PRJ3-00510,-0.0132,-6,0,0,0,1.0133,1.0144,Complete,2020-03-08,91031500
PRJ3-00511,0.1197,38,1,1,1,0.8931,0.9604,Complete,2024-10-24,150783300
PRJ3-00512,0.0511,17,0,0,0,0.9514,0.9837,Complete,2024-07-30,132381000
PRJ3-00513,0.1481,-3,1,0,1,0.871,1.0045,Complete,2023-12-03,70692000
PRJ3-00515,0.0262,18,0,0,0,0.9745,0.9871,Complete,2026-02-09,274517900
PRJ3-00516,0.0432,2,0,0,0,0.9586,0.9973,Complete,2022-09-08,118209100
PRJ3-00517,0.0091,-18,0,0,0,0.9909,1.0219,Complete,2020-05-03,104230200
PRJ3-00519,0.0025,-16,0,0,0,0.9975,1.0167,Complete,2023-12-07,119489900
PRJ3-00520,0.1041,17,1,0,1,0.9057,0.9807,Complete,2023-12-21,180183400
PRJ3-00521,0.0342,28,0,0,0,0.9669,0.9742,Complete,2024-09-20,338202700
PRJ3-00522,0.1283,-4,1,0,1,0.8863,1.0046,Complete,2024-11-25,155157400
PRJ3-00523,0.1339,60,1,1,1,0.8819,0.9078,Complete,2022-03-03,59600000
PRJ3-00524,0.0168,2,0,0,0,0.9835,0.9984,Complete,2023-08-31,190112100
PRJ3-00526,0.0345,-25,0,0,0,0.9667,1.0262,Complete,2020-06-25,85538900
PRJ3-00527,-0.0076,-25,0,0,0,1.0076,1.0237,Complete,2026-12-31,98166600
PRJ3-00528,0.0337,-2,0,0,0,0.9674,1.0027,Complete,2024-04-19,49154900
PRJ3-00529,0.2334,58,1,1,1,0.8108,0.9376,Complete,2021-05-25,223069000
PRJ3-00530,-0.0757,21,0,0,0,1.0819,0.9668,Complete,2022-04-14,117567600
PRJ3-00531,0.0924,25,0,0,0,0.9154,0.9734,Complete,2022-08-17,256324300
PRJ3-00532,0.0759,27,0,0,0,0.9295,0.9644,Complete,2020-11-19,244664900
PRJ3-00533,0.0265,-20,0,0,0,0.9741,1.0375,Complete,2023-08-17,45225900
PRJ3-00534,0.0699,4,0,0,0,0.9346,0.9945,Complete,2023-03-11,266250700
PRJ3-00535,-0.0036,76,0,1,1,1.0037,0.8927,Complete,2023-06-01,45351300
PRJ3-00536,0.1152,19,1,0,1,0.8967,0.9579,Complete,2021-04-07,25155800
PRJ3-00537,0.0416,-19,0,0,0,0.9601,1.0157,Complete,2024-09-14,210199400
PRJ3-00538,0.0496,30,0,1,1,0.9527,0.9524,Complete,2022-12-25,222234800
PRJ3-00539,0.0651,9,0,0,0,0.9389,0.992,Complete,2026-01-05,233142100
PRJ3-00540,0.0029,8,0,0,0,0.9971,0.9907,Complete,2020-05-21,181366200
PRJ3-00541,0.1125,-1,1,0,1,0.8988,1.0011,Complete,2020-02-10,1056911200
PRJ3-00542,0.0758,-3,0,0,0,0.9296,1.0055,Complete,2022-06-26,113438000
PRJ3-00543,0.1555,74,1,1,1,0.8654,0.9289,Complete,2026-07-27,61210300
PRJ3-00544,-0.0094,33,0,1,1,1.0095,0.9579,Complete,2027-01-24,208537100
PRJ3-00545,-0.0079,4,0,0,0,1.0079,0.9952,Complete,2025-01-27,71053100
PRJ3-00546,0.0447,37,0,1,1,0.9572,0.9417,Complete,2025-06-09,13209600
PRJ3-00547,0.0833,4,0,0,0,0.9231,0.9962,Complete,2025-07-01,193513200
PRJ3-00548,0.0374,46,0,1,1,0.9639,0.9632,Complete,2025-10-10,264479200
PRJ3-00549,0.147,-23,1,0,1,0.8718,1.0343,Complete,2024-07-07,72990000
PRJ3-00550,0.068,-13,0,0,0,0.9364,1.0177,Complete,2021-05-19,231828200
PRJ3-00552,0.1026,32,1,1,1,0.9069,0.9603,Complete,2023-02-19,39910100
PRJ3-00553,-0.0294,1,0,0,0,1.0303,0.9988,Complete,2025-06-29,339798700
PRJ3-00554,0.0316,23,0,0,0,0.9694,0.9771,Complete,2023-04-03,58522700
PRJ3-00555,0.0654,3,0,0,0,0.9386,0.9968,Complete,2023-01-29,148754400
PRJ3-00556,0.0773,13,0,0,0,0.9282,0.9846,Complete,2027-01-28,106367300
PRJ3-00557,0.0634,6,0,0,0,0.9403,0.9924,Complete,2025-03-22,873026300
PRJ3-00558,-0.0395,-3,0,0,0,1.0411,1.0045,Complete,2021-07-23,19591200
PRJ3-00559,0.1337,55,1,1,1,0.8821,0.9351,Complete,2026-02-02,63820300
PRJ3-00560,0.0476,1,0,0,0,0.9545,0.9982,Complete,2023-03-10,42945400
PRJ3-00561,0.0481,-25,0,0,0,0.9541,1.0212,Complete,2023-06-28,525144300
PRJ3-00562,0.0454,9,0,0,0,0.9566,0.9878,Complete,2024-01-28,17804000
PRJ3-00563,0.0658,20,0,0,0,0.9383,0.9711,Complete,2026-07-05,26501800
PRJ3-00564,0.0864,19,0,0,0,0.9205,0.9761,Complete,2022-08-23,144638900
PRJ3-00565,0.1497,9,1,0,1,0.8698,0.9921,Complete,2021-10-11,249697100
PRJ3-00566,0.0094,12,0,0,0,0.9907,0.9904,Complete,2027-09-23,379947600
PRJ3-00567,-0.0082,32,0,1,1,1.0082,0.9775,Complete,2028-01-31,240960100
PRJ3-00568,0.1758,17,1,0,1,0.8505,0.986,Complete,2026-12-03,345906300
PRJ3-00569,0.2201,19,1,0,1,0.8196,0.983,Complete,2025-11-08,154207400
PRJ3-00570,0.0801,19,0,0,0,0.9258,0.9723,Complete,2022-02-20,155447500
PRJ3-00571,0.0925,9,0,0,0,0.9153,0.9852,Complete,2020-03-10,157317100
PRJ3-00572,-0.0142,35,0,1,1,1.0144,0.9715,Complete,2027-06-23,85743000
PRJ3-00573,0.0145,63,0,1,1,0.9857,0.9487,Complete,2027-08-30,267585500
PRJ3-00574,0.0597,68,0,1,1,0.9437,0.9414,Complete,2025-02-06,179953600
PRJ3-00575,0.1739,24,1,0,1,0.8519,0.982,Complete,2024-01-23,234689300
PRJ3-00576,-0.0004,-12,0,0,0,1.0004,1.0305,Complete,2026-06-06,35658300
PRJ3-00577,0.1225,21,1,0,1,0.8909,0.9778,Complete,2021-12-24,208830800
PRJ3-00578,0.0636,-2,0,0,0,0.9402,1.0029,Complete,2026-10-05,79064400
PRJ3-00579,0.0969,31,0,1,1,0.9116,0.9533,Complete,2022-03-04,102971000
PRJ3-00580,0.0586,43,0,1,1,0.9447,0.9687,Complete,2025-10-19,519818800
PRJ3-00581,0.0983,-7,0,0,0,0.9105,1.0062,Complete,2023-09-21,341054000
PRJ3-00582,0.0851,-25,0,0,0,0.9216,1.0271,Complete,2021-11-09,217805100
PRJ3-00583,0.1021,20,1,0,1,0.9074,0.9806,Complete,2022-07-05,181613900
PRJ3-00584,0.0501,44,0,1,1,0.9523,0.9539,Complete,2023-06-18,72255200
PRJ3-00585,0.0875,-25,0,0,0,0.9196,1.0262,Complete,2024-03-14,65404500
PRJ3-00586,0.1191,21,1,0,1,0.8935,0.9821,Complete,2023-04-16,147220800
PRJ3-00587,-0.0365,-22,0,0,0,1.0378,1.0239,Complete,2026-10-28,256632600
PRJ3-00588,0.0576,28,0,0,0,0.9456,0.9567,Complete,2025-02-05,65940500
PRJ3-00589,0.073,-25,0,0,0,0.932,1.0377,Complete,2020-10-08,69336500
PRJ3-00590,0.0841,-25,0,0,0,0.9224,1.0552,Complete,2025-01-16,131919100
PRJ3-00591,-0.0087,58,0,1,1,1.0088,0.9532,Complete,2026-12-23,377767100
PRJ3-00592,0.0112,34,0,1,1,0.9889,0.9542,Complete,2021-12-23,46482400
PRJ3-00593,0.0462,-25,0,0,0,0.9558,1.0224,Complete,2021-05-01,573669200
PRJ3-00594,0.0682,-14,0,0,0,0.9362,1.0183,Complete,2022-09-27,354885600
PRJ3-00595,0.056,4,0,0,0,0.9469,0.9964,Complete,2022-02-16,92316900
PRJ3-00596,0.0816,46,0,1,1,0.9246,0.9581,Complete,2025-11-17,77350600
PRJ3-00597,0.0645,-22,0,0,0,0.9394,1.0222,Complete,2021-11-12,119144900
PRJ3-00598,0.0475,45,0,1,1,0.9547,0.9268,Complete,2020-12-21,61326300
PRJ3-00599,0.0499,1,0,0,0,0.9524,0.999,Complete,2026-07-30,191090800
PRJ3-00600,-0.0261,-4,0,0,0,1.0268,1.0049,Complete,2024-09-29,278285800
PRJ3-00601,0.0061,-25,0,0,0,0.9939,1.0463,Complete,2020-08-05,42505100
PRJ3-00602,0.073,-15,0,0,0,0.9319,1.0172,Complete,2027-05-13,147310000
PRJ3-00603,0.0216,-7,0,0,0,0.9789,1.0068,Complete,2022-10-05,53314600
PRJ3-00604,0.192,76,1,1,1,0.8389,0.8886,Complete,2025-03-26,219523400
PRJ3-00605,-0.0612,-14,0,0,0,1.0652,1.0168,Complete,2022-05-25,205462400
PRJ3-00606,0.0812,26,0,0,0,0.9249,0.9736,Complete,2023-02-02,164254200
PRJ3-00607,0.0393,-25,0,0,0,0.9622,1.0366,Complete,2022-04-08,35700100
PRJ3-00608,0.1079,-3,1,0,1,0.9026,1.0038,Complete,2025-08-04,50202300
PRJ3-00609,-0.0266,-21,0,0,0,1.0273,1.0321,Complete,2024-06-20,130507100
PRJ3-00610,0.0818,-2,0,0,0,0.9244,1.0026,Complete,2025-05-30,74038500
PRJ3-00611,0.0285,25,0,0,0,0.9723,0.9554,Complete,2026-11-25,87820000
PRJ3-00612,0.0485,50,0,1,1,0.9538,0.9505,Complete,2023-02-26,118370800
PRJ3-00613,-0.0163,-3,0,0,0,1.0166,1.0023,Complete,2025-07-14,138780400
PRJ3-00614,0.0859,61,0,1,1,0.9209,0.9271,Complete,2021-08-01,76525800
PRJ3-00615,0.0739,45,0,1,1,0.9312,0.9642,Complete,2027-03-20,324549200
PRJ3-00616,0.1034,11,1,0,1,0.9063,0.9852,Complete,2024-04-24,17699400
PRJ3-00617,0.0318,31,0,1,1,0.9692,0.9616,Complete,2022-07-27,202498400
PRJ3-00618,0.0649,5,0,0,0,0.9391,0.9921,Complete,2020-06-04,11267900
PRJ3-00619,0.1172,34,1,1,1,0.8951,0.964,Complete,2021-10-24,211134700
PRJ3-00620,0.0174,88,0,1,1,0.9829,0.8798,Complete,2026-06-24,261992000
PRJ3-00621,0.1069,4,1,0,1,0.9034,0.9966,Complete,2027-06-14,120637200
PRJ3-00622,0.137,11,1,0,1,0.8795,0.9907,Complete,2025-06-28,262745800
PRJ3-00623,0.0455,2,0,0,0,0.9565,0.9975,Complete,2024-08-23,66787600
PRJ3-00624,0.0996,27,0,0,0,0.9094,0.9786,Complete,2021-02-23,149837200
PRJ3-00625,0.0585,-15,0,0,0,0.9447,1.0149,Complete,2026-04-17,80276500
PRJ3-00626,0.0323,68,0,1,1,0.9687,0.8247,Complete,2019-10-15,84273700
PRJ3-00627,0.1801,61,1,1,1,0.8474,0.9554,Complete,2025-08-15,126030500
PRJ3-00628,0.2276,29,1,0,1,0.8146,0.9646,Complete,2022-05-22,156520400
PRJ3-00629,0.1038,13,1,0,1,0.906,0.9787,Complete,2026-09-07,65779100
PRJ3-00630,-0.0186,-25,0,0,0,1.0189,1.0298,Complete,2020-09-05,283092300
PRJ3-00631,0.1055,23,1,0,1,0.9046,0.9807,Complete,2023-11-13,284230100
PRJ3-00632,0.0373,3,0,0,0,0.9641,0.9967,Complete,2021-05-14,221793300
PRJ3-00633,0.1712,15,1,0,1,0.8538,0.9686,Complete,2025-09-11,44091500
PRJ3-00634,0.1211,20,1,0,1,0.8919,0.9793,Complete,2025-01-24,109367600
PRJ3-00635,0.037,45,0,1,1,0.9643,0.93,Complete,2026-06-13,74858200
PRJ3-00636,0.0941,39,0,1,1,0.914,0.9662,Complete,2025-08-13,294479600
PRJ3-00637,0.0367,18,0,0,0,0.9646,0.9615,Complete,2024-02-02,45257900
PRJ3-00638,0.0546,-1,0,0,0,0.9482,1.0011,Complete,2027-03-06,353718500
PRJ3-00639,0.0687,23,0,0,0,0.9357,0.9789,Complete,2024-03-07,260359000
PRJ3-00640,0.1494,35,1,1,1,0.87,0.9481,Complete,2022-02-24,70433700
PRJ3-00641,0.1366,3,1,0,1,0.8798,0.9956,Complete,2026-10-29,37325400
PRJ3-00642,0.0778,25,0,0,0,0.9278,0.9614,Complete,2022-10-13,69612900
PRJ3-00643,0.0862,-24,0,0,0,0.9206,1.0296,Complete,2026-05-30,53798900
PRJ3-00644,0.0923,-25,0,0,0,0.9155,1.0674,Complete,2024-05-20,23827300
PRJ3-00645,0.0861,3,0,0,0,0.9207,0.9971,Complete,2021-11-11,520471100
PRJ3-00646,0.0079,31,0,1,1,0.9922,0.9765,Complete,2028-02-17,66820300
PRJ3-00647,0.1559,10,1,0,1,0.8652,0.9854,Complete,2022-10-10,15269900
PRJ3-00648,0.1081,-22,1,0,1,0.9025,1.024,Complete,2025-07-27,95205000
PRJ3-00649,0.0882,-6,0,0,0,0.919,1.0111,Complete,2024-09-11,295626000
PRJ3-00650,0.0685,-14,0,0,0,0.9359,1.012,Complete,2024-05-27,197601900
PRJ3-00651,0.0634,23,0,0,0,0.9404,0.9557,Complete,2025-03-18,86388100
PRJ3-00652,0.0255,-15,0,0,0,0.9751,1.0201,Complete,2021-08-27,73813400
PRJ3-00653,-0.0039,10,0,0,0,1.0039,0.9868,Complete,2020-05-19,205226100
PRJ3-00654,0.1533,-16,1,0,1,0.8671,1.0143,Complete,2025-03-06,311995900
PRJ3-00655,0.1521,12,1,0,1,0.868,0.9855,Complete,2020-12-15,70488300
PRJ3-00656,0.0966,2,0,0,0,0.9119,0.9983,Complete,2025-09-02,346286700
PRJ3-00657,-0.0526,25,0,0,0,1.0555,0.968,Complete,2022-08-26,53033200
PRJ3-00658,0.0869,45,0,1,1,0.9201,0.9408,Complete,2024-02-07,79155100
PRJ3-00659,-0.0119,20,0,0,0,1.0121,0.9781,Complete,2024-10-09,230605600
PRJ3-00660,0.1631,25,1,0,1,0.8598,0.9686,Complete,2022-10-28,55625200
PRJ3-00661,0.1234,22,1,0,1,0.8901,0.9519,Complete,2023-05-07,90598800
PRJ3-00662,0.0154,-22,0,0,0,0.9848,1.0253,Complete,2021-03-09,266414400
PRJ3-00663,0.0428,-25,0,0,0,0.9589,1.0258,Complete,2023-08-20,114475100
PRJ3-00664,0.0275,41,0,1,1,0.9732,0.959,Complete,2027-05-12,260153500
PRJ3-00665,0.0046,-25,0,0,0,0.9954,1.0176,Complete,2023-05-21,259836500
PRJ3-00666,0.0497,-7,0,0,0,0.9526,1.0063,Complete,2021-10-23,143811200
PRJ3-00667,0.0822,2,0,0,0,0.924,0.9981,Complete,2021-07-21,286862400
PRJ3-00668,0.0777,35,0,1,1,0.9279,0.9683,Complete,2026-07-19,180556200
PRJ3-00669,0.027,-25,0,0,0,0.9737,1.0386,Complete,2026-10-25,93668800
PRJ3-00670,0.0026,3,0,0,0,0.9974,0.9972,Complete,2026-03-17,297615500
PRJ3-00672,0.0328,20,0,0,0,0.9682,0.9694,Complete,2026-08-02,44071400
PRJ3-00673,-0.0093,15,0,0,0,1.0094,0.9803,Complete,2023-12-08,60667000
PRJ3-00674,0.1266,16,1,0,1,0.8876,0.9864,Complete,2022-09-28,119954200
PRJ3-00675,0.0288,46,0,1,1,0.972,0.9171,Complete,2021-05-14,83989400
PRJ3-00676,0.1442,-9,1,0,1,0.874,1.0189,Complete,2020-03-08,31142100
PRJ3-00677,0.0366,29,0,0,0,0.9647,0.9741,Complete,2024-11-07,364001900
PRJ3-00678,0.0206,-25,0,0,0,0.9799,1.0351,Complete,2024-08-28,46582800
PRJ3-00679,0.1248,31,1,1,1,0.889,0.9689,Complete,2026-03-19,293059800
PRJ3-00680,0.0749,-11,0,0,0,0.9303,1.0073,Complete,2024-03-21,202730100
PRJ3-00681,0.054,47,0,1,1,0.9487,0.9576,Complete,2021-01-03,173312700
PRJ3-00682,0.0683,31,0,1,1,0.9361,0.979,Complete,2023-08-15,275519700
PRJ3-00683,0.0887,-2,0,0,0,0.9185,1.0025,Complete,2020-06-01,87126700
PRJ3-00684,-0.0416,-9,0,0,0,1.0434,1.0169,Complete,2024-03-16,46043500
PRJ3-00685,0.0188,-5,0,0,0,0.9815,1.004,Complete,2026-05-19,379087300
PRJ3-00686,0.1669,11,1,0,1,0.857,0.988,Complete,2024-06-10,189002500
PRJ3-00687,-0.0085,-20,0,0,0,1.0086,1.0294,Complete,2023-12-27,35145500
PRJ3-00688,0.0365,54,0,1,1,0.9648,0.9425,Complete,2022-10-28,146059100
PRJ3-00689,0.0705,-6,0,0,0,0.9342,1.0044,Complete,2026-11-18,316336200
PRJ3-00690,0.076,-4,0,0,0,0.9293,1.0046,Complete,2022-03-22,439123700
PRJ3-00691,0.0765,-2,0,0,0,0.9289,1.0026,Complete,2022-06-23,73236100
PRJ3-00692,0.1129,37,1,1,1,0.8985,0.9363,Complete,2021-02-22,65645400
PRJ3-00693,0.111,29,1,0,1,0.9001,0.9634,Complete,2022-06-10,29239800
PRJ3-00694,0.0173,-22,0,0,0,0.983,1.0206,Complete,2023-06-27,37986600
PRJ3-00695,-0.0079,-25,0,0,0,1.008,1.0244,Complete,2022-07-25,185864600
PRJ3-00696,0.0187,19,0,0,0,0.9817,0.9698,Complete,2023-04-16,25094600
PRJ3-00697,-0.0121,-3,0,0,0,1.0122,1.0025,Complete,2026-07-11,241854200
PRJ3-00698,0.0458,38,0,1,1,0.9562,0.9426,Complete,2020-07-17,73333700
PRJ3-00699,0.0592,-2,0,0,0,0.9441,1.0026,Complete,2025-03-18,186483100
PRJ3-00700,0.0964,55,0,1,1,0.9121,0.8775,Complete,2024-04-12,65271800
PRJ3-00701,0.1258,36,1,1,1,0.8883,0.9543,Complete,2022-10-13,66942400
PRJ3-00702,0.2431,50,1,1,1,0.8045,0.9161,Complete,2026-05-21,73010700
PRJ3-00703,0.0442,41,0,1,1,0.9577,0.9636,Complete,2020-12-23,143828800
PRJ3-00704,0.0337,34,0,1,1,0.9674,0.9258,Complete,2020-01-14,132806600
PRJ3-00705,0.2019,13,1,0,1,0.832,0.989,Complete,2021-06-01,198620500
PRJ3-00706,0.0825,15,0,0,0,0.9238,0.9782,Complete,2023-12-09,31101500
PRJ3-00707,0.0009,6,0,0,0,0.9991,0.9937,Complete,2020-09-30,395469400
PRJ3-00708,0.2551,68,1,1,1,0.7968,0.9307,Complete,2021-10-18,321616900
PRJ3-00709,0.0839,31,0,1,1,0.9226,0.9748,Complete,2026-04-17,195562900
PRJ3-00710,0.0841,34,0,1,1,0.9224,0.9327,Complete,2022-05-02,59009800
PRJ3-00711,0.1009,25,1,0,1,0.9083,0.9652,Complete,2023-07-11,53498100
PRJ3-00712,0.1532,-7,1,0,1,0.8672,1.0256,Complete,2022-05-22,47344200
PRJ3-00713,0.0494,21,0,0,0,0.9529,0.9745,Complete,2025-10-22,182229600
PRJ3-00714,0.0377,51,0,1,1,0.9637,0.9388,Complete,2020-12-16,87780000
PRJ3-00715,0.0281,9,0,0,0,0.9727,0.9917,Complete,2024-11-02,227322500
PRJ3-00716,0.076,0,0,0,0,0.9294,1.0,Complete,2022-01-09,242982800
PRJ3-00717,0.0368,27,0,0,0,0.9645,0.9143,Complete,2020-08-03,127551100
PRJ3-00718,0.0726,35,0,1,1,0.9323,0.9667,Complete,2026-03-22,265455100
PRJ3-00719,-0.0095,-25,0,0,0,1.0095,1.05,Complete,2025-09-13,83189700
PRJ3-00720,-0.0283,17,0,0,0,1.0291,0.9868,Complete,2022-04-17,239662300
PRJ3-00721,0.0146,-25,0,0,0,0.9856,1.0397,Complete,2025-08-17,77645300
PRJ3-00722,-0.0005,42,0,1,1,1.0005,0.9619,Complete,2023-01-23,220908100
PRJ3-00723,0.114,3,1,0,1,0.8977,0.9968,Complete,2027-01-01,132248400
PRJ3-00724,0.0051,-3,0,0,0,0.9949,1.0072,Complete,2021-08-31,177259000
PRJ3-00725,0.0739,42,0,1,1,0.9311,0.9683,Complete,2025-02-17,788370300
PRJ3-00726,0.1091,19,1,0,1,0.9017,0.9759,Complete,2021-05-01,72768600
PRJ3-00727,0.0229,30,0,1,1,0.9776,0.9751,Complete,2026-02-07,180787100
PRJ3-00728,0.0839,-25,0,0,0,0.9226,1.036,Complete,2026-02-12,188366000
PRJ3-00729,0.0612,-4,0,0,0,0.9423,1.0051,Complete,2026-02-13,102776900
PRJ3-00730,0.031,17,0,0,0,0.9699,0.9631,Complete,2024-09-26,48551100
PRJ3-00731,0.0846,-3,0,0,0,0.922,1.0032,Complete,2022-10-02,203977600
PRJ3-00733,-0.0028,32,0,1,1,1.0028,0.9564,Complete,2027-01-06,64112800
PRJ3-00734,0.009,-16,0,0,0,0.9911,1.0192,Complete,2023-08-06,129094500
PRJ3-00735,0.1298,4,1,0,1,0.8851,0.9967,Complete,2026-11-20,527595700
PRJ3-00736,0.0267,-14,0,0,0,0.974,1.0217,Complete,2023-11-22,86482000
PRJ3-00737,0.1092,23,1,0,1,0.9015,0.9781,Complete,2025-05-01,207523100
PRJ3-00738,0.2006,29,1,0,1,0.8329,0.9747,Complete,2022-08-01,198694300
PRJ3-00739,0.046,16,0,0,0,0.956,0.972,Complete,2019-12-28,80280900
PRJ3-00740,0.0592,-23,0,0,0,0.9442,1.027,Complete,2021-04-24,330572900
PRJ3-00741,0.1144,-25,1,0,1,0.8973,1.0285,Complete,2026-12-18,272707400
PRJ3-00742,0.0249,-20,0,0,0,0.9757,1.0269,Complete,2026-07-07,387619600
PRJ3-00743,0.1109,-4,1,0,1,0.9002,1.0035,Complete,2027-03-04,151654500
PRJ3-00744,-0.0531,-5,0,0,0,1.0561,1.0074,Complete,2024-09-03,52907500
PRJ3-00746,0.0606,38,0,1,1,0.9429,0.9371,Complete,2023-10-12,63278500
PRJ3-00748,0.1746,20,1,0,1,0.8513,0.9842,Complete,2026-05-23,303089900
PRJ3-00749,-0.0334,15,0,0,0,1.0345,0.9794,Complete,2020-04-16,145233500
PRJ3-00750,0.0113,-17,0,0,0,0.9889,1.0302,Complete,2022-04-07,43359600
PRJ3-00751,0.0508,0,0,0,0,0.9517,1.0,Complete,2023-03-05,134294200
PRJ3-00752,0.1073,-12,1,0,1,0.9031,1.033,Complete,2026-03-16,74586400
PRJ3-00753,0.0146,32,0,1,1,0.9856,0.9682,Complete,2026-11-06,284484800
PRJ3-00754,0.075,2,0,0,0,0.9303,0.9971,Complete,2025-11-19,49175100
PRJ3-00755,0.0535,16,0,0,0,0.9492,0.9799,Complete,2021-12-13,32973700
PRJ3-00756,0.0871,-13,0,0,0,0.9198,1.0132,Complete,2022-06-23,143413700
PRJ3-00757,0.0465,10,0,0,0,0.9556,0.9905,Complete,2026-10-29,94848400
PRJ3-00758,0.0431,-25,0,0,0,0.9587,1.0749,Complete,2026-04-23,34486700
PRJ3-00759,0.0305,-16,0,0,0,0.9704,1.0236,Complete,2026-02-08,91824600
PRJ3-00760,0.0906,64,0,1,1,0.9169,0.8976,Complete,2021-10-08,50035200
PRJ3-00761,0.1118,-4,1,0,1,0.8994,1.0066,Complete,2021-10-19,45071800
PRJ3-00762,0.096,34,0,1,1,0.9124,0.9578,Complete,2025-11-29,88140300
PRJ3-00763,0.0783,-8,0,0,0,0.9274,1.0075,Complete,2023-04-19,61851800
PRJ3-00764,-0.0299,-22,0,0,0,1.0308,1.0162,Complete,2023-02-28,73804400
PRJ3-00765,0.0836,34,0,1,1,0.9229,0.9664,Complete,2023-03-01,87629500
PRJ3-00766,0.0681,29,0,0,0,0.9363,0.9786,Complete,2024-10-08,105727800
PRJ3-00767,0.105,-10,1,0,1,0.905,1.0158,Complete,2020-07-11,202540300
PRJ3-00768,0.0551,36,0,1,1,0.9478,0.9323,Complete,2025-11-27,61646400
PRJ3-00769,0.0833,-8,0,0,0,0.9231,1.009,Complete,2024-04-22,300854900
PRJ3-00770,0.0572,26,0,0,0,0.9459,0.9689,Complete,2026-05-17,92197400
PRJ3-00771,0.0816,50,0,1,1,0.9246,0.956,Complete,2026-11-19,145390500
PRJ3-00772,0.0299,20,0,0,0,0.9709,0.9835,Complete,2023-07-14,533194000
PRJ3-00773,0.0827,39,0,1,1,0.9236,0.9725,Complete,2022-11-06,196700000
PRJ3-00774,0.0821,-4,0,0,0,0.9242,1.0043,Complete,2022-09-18,93766000
PRJ3-00775,0.091,-5,0,0,0,0.9166,1.0047,Complete,2025-11-17,157084800
PRJ3-00776,0.1984,63,1,1,1,0.8345,0.9407,Complete,2025-07-04,110378200
PRJ3-00777,0.0516,21,0,0,0,0.9509,0.9811,Complete,2027-02-06,369264400
PRJ3-00778,-0.0261,5,0,0,0,1.0268,0.9914,Complete,2024-12-09,78172700
PRJ3-00779,-0.0049,11,0,0,0,1.0049,0.9886,Complete,2020-07-28,145462300
PRJ3-00780,0.0364,-23,0,0,0,0.9648,1.0323,Complete,2023-01-25,214602700
PRJ3-00781,0.0421,-3,0,0,0,0.9596,1.0025,Complete,2026-05-17,340331300
PRJ3-00782,0.0436,-25,0,0,0,0.9582,1.0256,Complete,2021-05-05,105985300
PRJ3-00783,0.1787,24,1,0,1,0.8484,0.9595,Complete,2025-03-03,31530200
PRJ3-00784,0.0575,35,0,1,1,0.9457,0.9679,Complete,2025-09-05,299989900
PRJ3-00785,0.0948,-13,0,0,0,0.9134,1.0206,Complete,2024-04-03,21275100
PRJ3-00786,0.0749,-24,0,0,0,0.9303,1.0386,Complete,2022-12-22,217823800
PRJ3-00787,-0.0144,-25,0,0,0,1.0146,1.0234,Complete,2026-08-25,45748300
PRJ3-00788,0.0544,36,0,1,1,0.9484,0.9621,Complete,2027-01-07,77972900
PRJ3-00789,0.029,-22,0,0,0,0.9718,1.0311,Complete,2026-04-16,195812600
PRJ3-00790,0.0742,-25,0,0,0,0.9309,1.0492,Complete,2021-01-07,83494300
PRJ3-00791,0.0552,1,0,0,0,0.9477,0.9975,Complete,2024-03-03,46446900
PRJ3-00792,0.025,-5,0,0,0,0.9756,1.0075,Complete,2022-04-24,79906700
PRJ3-00793,0.0251,37,0,1,1,0.9755,0.9542,Complete,2024-09-04,61490700
PRJ3-00794,0.0446,4,0,0,0,0.9573,0.9951,Complete,2021-06-05,99392200
PRJ3-00795,0.0267,26,0,0,0,0.974,0.972,Complete,2021-12-01,75470000
PRJ3-00796,-0.0042,38,0,1,1,1.0043,0.9604,Complete,2023-05-26,97137600
PRJ3-00797,0.1237,-25,1,0,1,0.8899,1.0305,Complete,2026-03-24,523678900
PRJ3-00798,0.0144,-14,0,0,0,0.9858,1.0161,Complete,2024-11-03,133463600
PRJ3-00799,0.0441,5,0,0,0,0.9578,0.9952,Complete,2022-09-02,211343000
PRJ3-00800,0.0609,17,0,0,0,0.9426,0.9864,Complete,2024-05-05,193700800
PRJ3-00801,0.0086,45,0,1,1,0.9914,0.9553,Complete,2024-03-22,108284600
PRJ3-00802,0.0471,14,0,0,0,0.955,0.9885,Complete,2025-07-07,178576300
PRJ3-00803,-0.0252,6,0,0,0,1.0259,0.9904,Complete,2020-03-09,114684100
PRJ3-00804,0.0707,-16,0,0,0,0.9339,1.0201,Complete,2023-12-19,258250400
PRJ3-00805,0.0935,-13,0,0,0,0.9145,1.011,Complete,2022-09-18,601707000
PRJ3-00806,0.0808,48,0,1,1,0.9252,0.9616,Complete,2023-08-05,283772600
PRJ3-00807,0.0507,-17,0,0,0,0.9517,1.0195,Complete,2020-07-23,54414800
PRJ3-00808,0.0676,54,0,1,1,0.9367,0.936,Complete,2022-04-01,120019000
PRJ3-00809,-0.0049,8,0,0,0,1.005,0.9817,Complete,2021-09-29,20337200
PRJ3-00811,0.1091,-14,1,0,1,0.9016,1.0134,Complete,2020-11-24,604964200
PRJ3-00812,0.0296,10,0,0,0,0.9712,0.9835,Complete,2024-01-13,57345900
PRJ3-00813,0.0774,4,0,0,0,0.9282,0.9958,Complete,2025-02-27,109075200
PRJ3-00814,0.0625,16,0,0,0,0.9412,0.9864,Complete,2020-08-04,224042500
PRJ3-00815,0.0294,44,0,1,1,0.9714,0.9396,Complete,2024-09-14,196030200
PRJ3-00816,0.1727,29,1,0,1,0.8528,0.9593,Complete,2023-06-26,38256800
PRJ3-00817,0.0251,-7,0,0,0,0.9755,1.0084,Complete,2025-02-27,122013000
PRJ3-00818,0.0289,-15,0,0,0,0.9719,1.0211,Complete,2023-08-18,109491100
PRJ3-00819,0.1124,12,1,0,1,0.899,0.9848,Complete,2026-07-13,30478700
PRJ3-00820,0.0582,9,0,0,0,0.945,0.9869,Complete,2025-12-05,75026100
PRJ3-00821,0.048,-17,0,0,0,0.9542,1.0312,Complete,2025-05-14,21156800
PRJ3-00822,0.1113,57,1,1,1,0.8998,0.9501,Complete,2022-09-30,244226200
PRJ3-00823,0.1343,52,1,1,1,0.8816,0.8606,Complete,2021-05-21,51821300
PRJ3-00824,0.2171,38,1,1,1,0.8216,0.9586,Complete,2022-03-23,83139600
PRJ3-00825,0.0974,-8,0,0,0,0.9112,1.0114,Complete,2021-11-21,44163300
PRJ3-00826,0.1006,41,1,1,1,0.9086,0.9585,Complete,2021-10-21,106824000
PRJ3-00827,0.1255,-1,1,0,1,0.8885,1.0009,Complete,2027-05-08,262345300
PRJ3-00828,0.1009,32,1,1,1,0.9083,0.9656,Complete,2022-12-27,192827300
PRJ3-00829,0.0183,-2,0,0,0,0.982,1.0045,Complete,2023-09-20,77539900
PRJ3-00830,-0.0066,3,0,0,0,1.0066,0.9966,Complete,2024-10-20,207382600
PRJ3-00831,-0.0238,30,0,1,1,1.0244,0.958,Complete,2026-10-16,154362200
PRJ3-00832,0.1094,-23,1,0,1,0.9014,1.0311,Complete,2020-03-21,273576700
PRJ3-00833,0.0256,34,0,1,1,0.9751,0.9613,Complete,2024-07-28,220452300
PRJ3-00834,-0.0215,-25,0,0,0,1.022,1.0298,Complete,2024-05-31,199357700
PRJ3-00835,-0.0078,37,0,1,1,1.0078,0.9426,Complete,2023-04-15,76294200
PRJ3-00836,0.0434,16,0,0,0,0.9584,0.9765,Complete,2025-11-05,241115000
PRJ3-00837,0.0402,-3,0,0,0,0.9613,1.0036,Complete,2021-01-12,195687400
PRJ3-00838,0.1099,4,1,0,1,0.901,0.9941,Complete,2022-06-27,62323700
PRJ3-00839,0.054,-19,0,0,0,0.9488,1.0228,Complete,2026-09-04,604850100
PRJ3-00840,0.0294,7,0,0,0,0.9715,0.9945,Complete,2027-05-13,271629900
PRJ3-00841,0.0026,35,0,1,1,0.9974,0.9676,Complete,2025-03-17,102259300
PRJ3-00842,0.0509,-2,0,0,0,0.9516,1.004,Complete,2024-09-09,43388400
PRJ3-00843,0.2233,34,1,1,1,0.8175,0.9609,Complete,2024-04-10,125040900
PRJ3-00844,0.1062,26,1,0,1,0.904,0.9782,Complete,2027-05-20,90068800
PRJ3-00845,-0.0743,6,0,0,0,1.0803,0.9895,Complete,2025-03-11,41039500
PRJ3-00846,0.0885,16,0,0,0,0.9187,0.969,Complete,2023-06-07,57987800
PRJ3-00847,0.1336,59,1,1,1,0.8821,0.9392,Complete,2024-11-25,43753100
PRJ3-00848,0.157,8,1,0,1,0.8643,0.992,Complete,2026-09-06,307123600
PRJ3-00849,0.0406,-22,0,0,0,0.961,1.0194,Complete,2025-03-23,138987700
PRJ3-00850,0.0686,2,0,0,0,0.9358,0.9981,Complete,2024-01-31,214339400
PRJ3-00851,-0.0109,21,0,0,0,1.011,0.9798,Complete,2025-03-29,144108300
PRJ3-00852,0.1274,31,1,1,1,0.887,0.9532,Complete,2025-09-02,50744000
PRJ3-00853,0.0838,7,0,0,0,0.9227,0.9935,Complete,2025-08-02,193533800
PRJ3-00854,-0.0158,-15,0,0,0,1.016,1.0164,Complete,2022-09-05,127051300
PRJ3-00855,0.0693,11,0,0,0,0.9352,0.9765,Complete,2021-06-23,68539700
PRJ3-00856,0.0439,-25,0,0,0,0.958,1.0595,Complete,2022-10-03,24207600
PRJ3-00857,0.254,83,1,1,1,0.7974,0.9071,Complete,2023-04-21,105637800
PRJ3-00858,-0.0054,-11,0,0,0,1.0054,1.0179,Complete,2024-07-24,67336700
PRJ3-00859,0.1189,46,1,1,1,0.8937,0.9533,Complete,2027-01-25,178983700
PRJ3-00860,0.0142,23,0,0,0,0.986,0.9605,Complete,2025-01-26,46113700
PRJ3-00861,0.093,28,0,0,0,0.915,0.9728,Complete,2020-07-03,120541100
PRJ3-00862,0.0601,-25,0,0,0,0.9433,1.0402,Complete,2020-09-27,15083700
PRJ3-00863,0.1217,23,1,0,1,0.8915,0.9373,Complete,2021-08-08,56496900
PRJ3-00864,0.0346,25,0,0,0,0.9665,0.9706,Complete,2023-09-16,212697100
PRJ3-00865,0.1461,34,1,1,1,0.8725,0.9656,Complete,2023-07-05,373502300
PRJ3-00866,0.0449,3,0,0,0,0.9571,0.9942,Complete,2025-01-15,36500900
PRJ3-00867,0.0529,30,0,1,1,0.9497,0.9744,Complete,2020-08-02,207292400
PRJ3-00868,0.0622,15,0,0,0,0.9415,0.9882,Complete,2022-08-23,173141600
PRJ3-00869,0.0717,-10,0,0,0,0.9331,1.0113,Complete,2025-12-26,44240000
PRJ3-00870,0.0156,28,0,0,0,0.9846,0.962,Complete,2024-10-19,92237500
PRJ3-00871,0.0454,19,0,0,0,0.9565,0.9723,Complete,2022-05-10,79646900
PRJ3-00872,0.1512,7,1,0,1,0.8686,0.9871,Complete,2020-07-17,97840500
PRJ3-00873,0.0194,16,0,0,0,0.981,0.9795,Complete,2023-04-28,215613100
PRJ3-00874,0.0068,20,0,0,0,0.9932,0.981,Complete,2024-12-01,444326000
PRJ3-00875,0.0384,-25,0,0,0,0.963,1.046,Complete,2022-02-15,17202200
PRJ3-00876,0.0624,-7,0,0,0,0.9413,1.0075,Complete,2026-11-22,102447900
PRJ3-00877,0.0845,21,0,0,0,0.9221,0.9796,Complete,2020-07-15,281925900
PRJ3-00878,-0.029,20,0,0,0,1.0299,0.9748,Complete,2020-12-15,57413600
PRJ3-00879,0.04,40,0,1,1,0.9616,0.913,Complete,2021-11-22,41649500
PRJ3-00880,0.0755,28,0,0,0,0.9298,0.9353,Complete,2025-04-30,41362300
PRJ3-00881,0.0959,-25,0,0,0,0.9125,1.0382,Complete,2026-06-19,172181700
PRJ3-00882,0.0182,48,0,1,1,0.9821,0.9512,Complete,2025-01-19,130361700
PRJ3-00883,0.0452,-25,0,0,0,0.9568,1.0505,Complete,2021-11-02,33352300
PRJ3-00884,0.0155,-11,0,0,0,0.9848,1.0124,Complete,2020-08-15,76781300
PRJ3-00885,0.0843,1,0,0,0,0.9223,0.9986,Complete,2024-03-19,29137300
PRJ3-00886,-0.0054,30,0,1,1,1.0054,0.9712,Complete,2025-07-31,122702000
PRJ3-00887,0.0057,-25,0,0,0,0.9943,1.0229,Complete,2027-07-03,240000600
PRJ3-00888,0.0832,30,0,1,1,0.9232,0.9745,Complete,2025-07-11,68752600
PRJ3-00889,0.0317,22,0,0,0,0.9693,0.9795,Complete,2027-08-19,168139600
PRJ3-00890,0.039,-9,0,0,0,0.9625,1.0086,Complete,2027-01-17,82600100
PRJ3-00891,0.1336,53,1,1,1,0.8821,0.9514,Complete,2021-12-15,112370700
PRJ3-00892,0.0791,43,0,1,1,0.9267,0.9621,Complete,2023-10-19,89701700
PRJ3-00893,0.0751,-17,0,0,0,0.9301,1.0137,Complete,2022-12-26,325693400
PRJ3-00894,0.0858,16,0,0,0,0.921,0.9665,Complete,2021-07-25,17658500
PRJ3-00895,0.0081,19,0,0,0,0.9919,0.9622,Complete,2024-04-26,36008000
PRJ3-00896,0.1187,-24,1,0,1,0.8939,1.0529,Complete,2024-06-08,79622600
PRJ3-00897,0.0156,9,0,0,0,0.9846,0.9874,Complete,2024-01-18,286651500
PRJ3-00898,0.1071,-25,1,0,1,0.9032,1.0273,Complete,2023-12-11,385203500
PRJ3-00899,0.0013,-6,0,0,0,0.9987,1.0061,Complete,2024-08-02,362503600
PRJ3-00900,-0.0269,8,0,0,0,1.0277,0.9869,Complete,2025-09-02,54150200
PRJ3-00901,-0.0355,-2,0,0,0,1.0368,1.004,Complete,2026-04-25,37919300
PRJ3-00902,0.1533,-16,1,0,1,0.8671,1.0275,Complete,2026-04-25,56001900
PRJ3-00903,0.1662,37,1,1,1,0.8575,0.9649,Complete,2025-08-26,145593400
PRJ3-00904,0.0612,-14,0,0,0,0.9423,1.0153,Complete,2026-10-12,132939200
PRJ3-00905,0.1433,11,1,0,1,0.8746,0.9855,Complete,2024-01-05,171653700
PRJ3-00906,0.0787,15,0,0,0,0.927,0.9776,Complete,2026-01-20,67989600
PRJ3-00907,-0.0321,-16,0,0,0,1.0331,1.0303,Complete,2023-05-30,40660300
PRJ3-00908,0.0061,37,0,1,1,0.9939,0.9308,Complete,2026-09-19,26001000
PRJ3-00909,0.1759,37,1,1,1,0.8504,0.9503,Complete,2024-10-03,89675400
PRJ3-00910,-0.0449,14,0,0,0,1.047,0.9775,Complete,2022-10-27,92222900
PRJ3-00912,0.1076,3,1,0,1,0.9029,0.9962,Complete,2022-07-15,109651400
PRJ3-00913,0.0484,-12,0,0,0,0.9538,1.0261,Complete,2021-10-18,42783900
PRJ3-00914,0.0545,40,0,1,1,0.9484,0.9529,Complete,2023-09-06,116875000
PRJ3-00915,-0.0409,-25,0,0,0,1.0426,1.0511,Complete,2020-04-01,106635900
PRJ3-00916,-0.0001,0,0,0,0,1.0001,1.0,Complete,2023-12-15,81462700
PRJ3-00917,0.061,-15,0,0,0,0.9425,1.0221,Complete,2026-06-02,279791600
PRJ3-00918,-0.0406,-19,0,0,0,1.0424,1.014,Complete,2020-12-20,166580900
PRJ3-00919,0.0954,46,0,1,1,0.9129,0.9517,Complete,2025-04-28,145801300
PRJ3-00920,-0.0114,-21,0,0,0,1.0115,1.0493,Complete,2022-06-16,37614200
PRJ3-00921,0.1723,1,1,0,1,0.853,0.9982,Complete,2020-02-19,107563200
PRJ3-00922,0.0443,-8,0,0,0,0.9576,1.0112,Complete,2024-02-22,55239700
PRJ3-00923,0.0391,0,0,0,0,0.9624,1.0,Complete,2020-09-29,305645700
PRJ3-00924,0.0654,-20,0,0,0,0.9386,1.0261,Complete,2026-03-18,343503000
PRJ3-00925,0.0702,47,0,1,1,0.9344,0.9569,Complete,2021-07-30,69178300
PRJ3-00926,0.0461,53,0,1,1,0.9559,0.9307,Complete,2026-06-20,172555200
PRJ3-00927,0.0733,-16,0,0,0,0.9317,1.0136,Complete,2021-05-26,256438500
PRJ3-00928,0.1082,53,1,1,1,0.9024,0.8729,Complete,2019-11-10,99886700
PRJ3-00929,0.1833,72,1,1,1,0.8451,0.9288,Complete,2026-10-09,184113700
PRJ3-00930,0.0949,-25,0,0,0,0.9134,1.0746,Complete,2020-05-18,32519200
PRJ3-00931,0.091,61,0,1,1,0.9166,0.9032,Complete,2023-04-28,21849600
PRJ3-00932,0.1036,25,1,0,1,0.9062,0.9823,Complete,2026-01-15,321722400
PRJ3-00933,0.0755,2,0,0,0,0.9298,0.9979,Complete,2026-06-14,463827000
PRJ3-00934,0.0371,16,0,0,0,0.9642,0.9792,Complete,2025-04-03,125083600
PRJ3-00935,-0.019,-3,0,0,0,1.0194,1.0042,Complete,2026-10-16,103422500
PRJ3-00936,0.0182,-4,0,0,0,0.9821,1.0044,Complete,2024-06-19,88808600
PRJ3-00937,0.102,39,1,1,1,0.9075,0.9615,Complete,2022-04-10,99394000
PRJ3-00938,0.1248,-2,1,0,1,0.8891,1.0019,Complete,2022-09-21,444592400
PRJ3-00939,-0.0224,0,0,0,0,1.0229,1.0,Complete,2023-04-09,211895900
PRJ3-00940,0.039,-10,0,0,0,0.9625,1.0108,Complete,2022-01-02,141257100
PRJ3-00941,0.1549,-1,1,0,1,0.8659,1.0017,Complete,2021-06-02,97251500
PRJ3-00942,-0.0056,-1,0,0,0,1.0056,1.0013,Complete,2026-08-28,178587100
PRJ3-00943,0.0055,-16,0,0,0,0.9945,1.0274,Complete,2021-03-08,31461700
PRJ3-00944,0.0995,-4,0,0,0,0.9095,1.0037,Complete,2025-11-22,189507200
PRJ3-00945,0.1148,11,1,0,1,0.897,0.9891,Complete,2021-07-01,221817600
PRJ3-00946,0.0612,-19,0,0,0,0.9423,1.0143,Complete,2025-08-31,421709400
PRJ3-00947,0.0889,1,0,0,0,0.9183,0.9974,Complete,2026-04-07,53703200
PRJ3-00948,0.0796,1,0,0,0,0.9262,0.9988,Complete,2023-04-10,71699700
PRJ3-00949,0.072,28,0,0,0,0.9328,0.9592,Complete,2026-05-20,165574800
PRJ3-00950,-0.0163,-25,0,0,0,1.0166,1.052,Complete,2020-03-04,77962200
PRJ3-00951,0.0169,30,0,1,1,0.9833,0.9631,Complete,2025-02-11,173769600
PRJ3-00952,0.1106,18,1,0,1,0.9004,0.9826,Complete,2026-03-24,171065900
PRJ3-00953,-0.0681,6,0,0,0,1.0731,0.9894,Complete,2022-02-07,54573800
PRJ3-00954,0.0534,-13,0,0,0,0.9493,1.0095,Complete,2026-07-17,266048500
PRJ3-00955,0.015,-13,0,0,0,0.9852,1.028,Complete,2026-05-23,18762700
PRJ3-00956,0.1823,28,1,0,1,0.8458,0.971,Complete,2025-11-27,229319600
PRJ3-00957,0.2225,25,1,0,1,0.818,0.9695,Complete,2024-01-22,48629600
PRJ3-00958,0.2739,32,1,1,1,0.785,0.9785,Complete,2023-10-15,345199600
PRJ3-00959,0.0559,-25,0,0,0,0.947,1.0265,Complete,2023-07-06,325793900
PRJ3-00960,0.085,22,0,0,0,0.9217,0.9721,Complete,2022-12-17,89211200
PRJ3-00961,-0.0104,-1,0,0,0,1.0105,1.0012,Complete,2025-05-27,200111000
PRJ3-00962,0.0704,-13,0,0,0,0.9342,1.0116,Complete,2022-03-25,182292000
PRJ3-00963,-0.08,7,0,0,0,1.087,0.9915,Complete,2025-10-28,66310400
PRJ3-00964,0.0326,1,0,0,0,0.9684,0.9991,Complete,2024-01-29,184663000
PRJ3-00965,0.0142,34,0,1,1,0.986,0.9515,Complete,2025-06-22,38388200
PRJ3-00966,0.0158,0,0,0,0,0.9845,1.0,Complete,2021-02-16,55719000
PRJ3-00967,0.0645,-17,0,0,0,0.9394,1.0248,Complete,2021-05-21,83084800
PRJ3-00968,0.1299,25,1,0,1,0.885,0.9749,Complete,2022-03-11,474499100
PRJ3-00969,0.0174,10,0,0,0,0.9829,0.9751,Complete,2019-09-20,120996400
PRJ3-00970,0.0871,79,0,1,1,0.9198,0.9273,Complete,2025-05-13,116510200
PRJ3-00971,0.0408,19,0,0,0,0.9608,0.9824,Complete,2025-02-19,446584600
PRJ3-00972,0.1641,2,1,0,1,0.8591,0.9964,Complete,2023-11-12,170054900
PRJ3-00974,0.0454,-1,0,0,0,0.9566,1.0016,Complete,2024-05-07,221608100
PRJ3-00975,-0.0448,30,0,1,1,1.0469,0.9757,Complete,2021-07-21,227255300
PRJ3-00976,0.0865,11,0,0,0,0.9204,0.9882,Complete,2023-06-07,115310000
PRJ3-00977,0.17,77,1,1,1,0.8547,0.9154,Complete,2025-11-30,103036300
PRJ3-00978,0.0861,35,0,1,1,0.9207,0.9553,Complete,2023-02-15,20692800
PRJ3-00979,0.0897,19,0,0,0,0.9177,0.9662,Complete,2026-11-08,39686700
PRJ3-00980,0.0195,17,0,0,0,0.9809,0.9679,Complete,2022-03-02,21466700
PRJ3-00981,0.2084,-17,1,0,1,0.8275,1.0118,Complete,2023-08-23,280376500
PRJ3-00982,0.0579,6,0,0,0,0.9453,0.9937,Complete,2022-10-14,207264200
PRJ3-00983,0.0952,20,0,0,0,0.913,0.9777,Complete,2025-08-15,542664300
PRJ3-00984,0.023,-23,0,0,0,0.9775,1.0218,Complete,2026-08-31,222084900
PRJ3-00985,0.079,-12,0,0,0,0.9268,1.0108,Complete,2025-04-30,234394300
PRJ3-00986,0.054,37,0,1,1,0.9488,0.9564,Complete,2023-11-09,99245700
PRJ3-00987,-0.0321,1,0,0,0,1.0332,0.9991,Complete,2023-12-06,291080800
PRJ3-00988,0.0606,33,0,1,1,0.9428,0.9611,Complete,2023-03-11,17520100
PRJ3-00989,0.1199,1,1,0,1,0.8929,0.9984,Complete,2026-04-17,50298000
PRJ3-00990,0.0154,24,0,0,0,0.9848,0.9653,Complete,2020-11-01,243965600
PRJ3-00991,0.0886,2,0,0,0,0.9186,0.9969,Complete,2025-02-19,54611200
PRJ3-00992,0.2036,15,1,0,1,0.8308,0.9863,Complete,2023-07-16,167759000
PRJ3-00993,0.0522,2,0,0,0,0.9504,0.9983,Complete,2027-04-24,273375000
PRJ3-00994,0.0728,15,0,0,0,0.9321,0.9843,Complete,2023-04-23,95052800
PRJ3-00995,0.0747,-2,0,0,0,0.9305,1.0038,Complete,2023-01-22,18492100
PRJ3-00996,0.0639,9,0,0,0,0.94,0.9899,Complete,2020-08-13,87619000
PRJ3-00997,0.0754,-25,0,0,0,0.9299,1.0314,Complete,2024-05-11,68254300
PRJ3-00998,-0.0091,-13,0,0,0,1.0092,1.0158,Complete,2022-03-11,87734100
PRJ3-00999,0.01,-25,0,0,0,0.9901,1.0249,Complete,2023-11-16,232766300
PRJ3-01000,0.0719,49,0,1,1,0.9329,0.9199,Complete,2026-04-25,129718300
PRJ3-01001,0.1154,16,1,0,1,0.8966,0.985,Complete,2023-06-06,49083900
PRJ3-01002,0.0172,24,0,0,0,0.9831,0.9515,Complete,2026-01-24,31766600
PRJ3-01003,0.1067,5,1,0,1,0.9036,0.9949,Complete,2026-04-27,69655100
PRJ3-01004,0.0629,7,0,0,0,0.9408,0.9937,Complete,2020-10-31,318460800
PRJ3-01005,-0.0349,-8,0,0,0,1.0361,1.0094,Complete,2024-04-24,44096800
PRJ3-01006,0.1239,-1,1,0,1,0.8898,1.0013,Complete,2021-04-24,28851600
PRJ3-01007,0.1726,-4,1,0,1,0.8528,1.0037,Complete,2025-10-07,253103400
PRJ3-01008,0.0592,7,0,0,0,0.9441,0.9925,Complete,2022-03-22,149944500
PRJ3-01009,-0.0018,9,0,0,0,1.0018,0.9861,Complete,2026-07-24,54895800
PRJ3-01010,-0.0206,-6,0,0,0,1.0211,1.0047,Complete,2028-01-30,89270100
PRJ3-01011,0.114,36,1,1,1,0.8976,0.9633,Complete,2026-04-03,97046700
PRJ3-01012,0.0632,30,0,1,1,0.9405,0.9663,Complete,2023-01-19,328100600
PRJ3-01013,0.0696,-25,0,0,0,0.9349,1.0282,Complete,2022-05-15,240965500
PRJ3-01014,0.0525,26,0,0,0,0.9501,0.9724,Complete,2023-02-11,100858300
PRJ3-01016,-0.0202,-21,0,0,0,1.0206,1.0199,Complete,2026-03-07,214492900
PRJ3-01017,0.0375,-15,0,0,0,0.9639,1.0267,Complete,2026-07-04,83017900
PRJ3-01018,0.1614,46,1,1,1,0.861,0.9694,Complete,2024-08-17,172708300
PRJ3-01019,0.071,14,0,0,0,0.9337,0.9911,Complete,2027-03-14,200951600
PRJ3-01020,0.1172,11,1,0,1,0.8951,0.9882,Complete,2023-04-05,58246500
PRJ3-01021,0.0963,-21,0,0,0,0.9122,1.0336,Complete,2023-07-19,63760500
PRJ3-01022,0.0038,-16,0,0,0,0.9962,1.0219,Complete,2025-11-21,48107200
PRJ3-01023,0.1202,31,1,1,1,0.8927,0.9649,Complete,2021-05-31,103654700
PRJ3-01024,0.0546,32,0,1,1,0.9482,0.9571,Complete,2024-04-21,95308200
PRJ3-01025,0.0295,-25,0,0,0,0.9713,1.0273,Complete,2026-08-08,140319500
PRJ3-01026,0.0496,-11,0,0,0,0.9527,1.0096,Complete,2021-09-04,142940500
PRJ3-01027,0.0945,1,0,0,0,0.9136,0.9982,Complete,2021-07-19,48981100
PRJ3-01028,0.0752,5,0,0,0,0.93,0.9902,Complete,2026-04-18,85463600
PRJ3-01029,0.0477,58,0,1,1,0.9544,0.8959,Complete,2025-10-31,49609100
PRJ3-01030,0.0579,5,0,0,0,0.9453,0.9921,Complete,2026-03-30,52357900
PRJ3-01031,0.0298,-2,0,0,0,0.9711,1.0037,Complete,2021-03-16,86043500
PRJ3-01032,0.1088,48,1,1,1,0.9019,0.959,Complete,2020-12-04,92349400
PRJ3-01033,-0.0268,20,0,0,0,1.0276,0.9683,Complete,2024-05-04,232327300
PRJ3-01034,0.0788,-7,0,0,0,0.9269,1.0073,Complete,2026-02-05,111404400
PRJ3-01035,0.0682,1,0,0,0,0.9362,0.9989,Complete,2020-07-27,149045100
PRJ3-01036,0.0975,8,0,0,0,0.9111,0.9874,Complete,2023-04-22,59335600
PRJ3-01037,0.0218,4,0,0,0,0.9787,0.9937,Complete,2026-10-12,45449600
PRJ3-01038,0.0327,18,0,0,0,0.9683,0.9695,Complete,2025-05-02,43005900
PRJ3-01039,0.1417,20,1,0,1,0.8759,0.9731,Complete,2025-01-14,208677000
PRJ3-01040,0.0065,43,0,1,1,0.9935,0.9574,Complete,2026-11-28,153911200
PRJ3-01041,-0.0207,9,0,0,0,1.0211,0.9914,Complete,2027-08-04,322279800
PRJ3-01042,0.1543,1,1,0,1,0.8663,0.9987,Complete,2023-10-25,320153900
PRJ3-01043,0.0465,13,0,0,0,0.9556,0.9876,Complete,2025-06-04,168583100
PRJ3-01044,0.1605,13,1,0,1,0.8617,0.9741,Complete,2021-12-30,30344700
PRJ3-01045,0.0558,3,0,0,0,0.9472,0.9969,Complete,2027-01-24,298498500
PRJ3-01046,0.0177,-21,0,0,0,0.9826,1.0199,Complete,2023-06-05,171054400
PRJ3-01047,0.0878,6,0,0,0,0.9193,0.9907,Complete,2021-04-23,68138200
PRJ3-01048,0.0465,-8,0,0,0,0.9555,1.0101,Complete,2026-02-17,22314300
PRJ3-01049,0.0264,23,0,0,0,0.9742,0.9713,Complete,2020-02-27,125437700
PRJ3-01050,0.0882,-1,0,0,0,0.919,1.0013,Complete,2022-07-04,100221800
PRJ3-01051,0.1115,21,1,0,1,0.8997,0.9686,Complete,2025-03-16,88813100
PRJ3-01052,-0.0363,-4,0,0,0,1.0377,1.0061,Complete,2024-01-28,57472100
PRJ3-01053,0.0542,38,0,1,1,0.9486,0.9558,Complete,2022-12-18,134121600
PRJ3-01054,0.0673,-25,0,0,0,0.937,1.0639,Complete,2021-08-16,56225800
PRJ3-01055,0.1186,5,1,0,1,0.894,0.9929,Complete,2025-05-13,109952100
PRJ3-01056,0.1035,-12,1,0,1,0.9062,1.016,Complete,2025-08-25,217503000
PRJ3-01057,0.125,11,1,0,1,0.8889,0.987,Complete,2022-09-01,139624200
PRJ3-01058,0.062,13,0,0,0,0.9416,0.9751,Complete,2022-02-15,244359600
PRJ3-01059,0.036,10,0,0,0,0.9652,0.9882,Complete,2024-03-16,196110700
PRJ3-01060,0.0472,2,0,0,0,0.9549,0.9975,Complete,2020-11-25,33613800
PRJ3-01061,-0.0439,10,0,0,0,1.046,0.9888,Complete,2022-07-05,94882700
PRJ3-01062,0.0888,19,0,0,0,0.9185,0.9817,Complete,2025-11-10,43932900
PRJ3-01063,0.2075,52,1,1,1,0.8282,0.9578,Complete,2023-01-23,261373900
PRJ3-01064,0.1548,21,1,0,1,0.866,0.9741,Complete,2021-06-07,199602200
PRJ3-01065,0.045,-25,0,0,0,0.957,1.0186,Complete,2025-05-11,353551100
PRJ3-01066,0.0478,-24,0,0,0,0.9544,1.0436,Complete,2025-10-09,82486500
PRJ3-01067,0.0032,-25,0,0,0,0.9968,1.0706,Complete,2026-01-06,65287300
PRJ3-01068,0.18,-10,1,0,1,0.8475,1.0072,Complete,2025-01-04,285737800
PRJ3-01069,0.0182,-25,0,0,0,0.9821,1.0287,Complete,2024-05-27,233592000
PRJ3-01070,0.118,43,1,1,1,0.8944,0.9521,Complete,2025-03-22,211099400
PRJ3-01071,0.0445,-25,0,0,0,0.9574,1.0367,Complete,2024-11-14,33744600
PRJ3-01072,0.0021,12,0,0,0,0.9979,0.9794,Complete,2024-09-22,41573200
PRJ3-01073,0.144,16,1,0,1,0.8741,0.9835,Complete,2026-07-10,94848100
PRJ3-01074,-0.0672,-25,0,0,0,1.0721,1.0581,Complete,2023-03-23,30186600
PRJ3-01075,0.0757,38,0,1,1,0.9296,0.9696,Complete,2027-10-25,113968800
PRJ3-01076,-0.08,-6,0,0,0,1.087,1.0048,Complete,2024-03-23,276807000
PRJ3-01077,0.1241,35,1,1,1,0.8896,0.9557,Complete,2024-06-21,74072200
PRJ3-01078,0.1302,-5,1,0,1,0.8848,1.0034,Complete,2027-06-16,314433300
PRJ3-01079,0.0953,-5,0,0,0,0.913,1.0042,Complete,2026-02-05,395704500
PRJ3-01080,0.0032,22,0,0,0,0.9968,0.9682,Complete,2025-02-26,47883700
PRJ3-01081,0.1027,-8,1,0,1,0.9068,1.0071,Complete,2024-08-19,266918100
PRJ3-01082,0.1666,10,1,0,1,0.8572,0.986,Complete,2025-05-29,74990200
PRJ3-01083,0.0781,22,0,0,0,0.9275,0.98,Complete,2026-02-22,139468500
PRJ3-01084,0.1391,27,1,0,1,0.8779,0.9543,Complete,2025-07-26,57429700
PRJ3-01085,0.0483,57,0,1,1,0.9539,0.9478,Complete,2026-07-29,113739300
PRJ3-01086,0.0232,22,0,0,0,0.9773,0.9782,Complete,2024-10-04,251648300
PRJ3-01087,0.1063,-25,1,0,1,0.904,1.0386,Complete,2026-11-25,58665500
PRJ3-01088,0.0417,6,0,0,0,0.96,0.9928,Complete,2026-05-11,197563700
PRJ3-01089,0.0938,-11,0,0,0,0.9143,1.0114,Complete,2024-02-24,203315200
PRJ3-01090,0.0529,45,0,1,1,0.9497,0.9107,Complete,2020-06-21,60223100
PRJ3-01091,0.0884,4,0,0,0,0.9188,0.9947,Complete,2022-10-10,77761400
PRJ3-01092,0.0889,18,0,0,0,0.9184,0.982,Complete,2020-07-26,248773900
PRJ3-01093,0.0583,-4,0,0,0,0.9449,1.0037,Complete,2022-07-19,386332500
PRJ3-01094,0.0397,10,0,0,0,0.9618,0.9923,Complete,2026-02-16,164997500
PRJ3-01095,0.0993,16,0,0,0,0.9097,0.9779,Complete,2026-05-09,37506300
PRJ3-01096,0.066,-4,0,0,0,0.938,1.005,Complete,2024-07-15,136436300
PRJ3-01097,0.048,40,0,1,1,0.9542,0.9271,Complete,2025-04-13,85637700
PRJ3-01098,0.0558,38,0,1,1,0.9472,0.9722,Complete,2023-09-29,125723400
PRJ3-01099,-0.0037,-5,0,0,0,1.0037,1.0071,Complete,2021-12-15,46167200
PRJ3-01100,0.1072,3,1,0,1,0.9032,0.994,Complete,2025-03-14,143965300
PRJ3-01101,0.1054,37,1,1,1,0.9047,0.9674,Complete,2024-08-20,115189100
PRJ3-01102,0.1824,22,1,0,1,0.8458,0.9794,Complete,2022-11-21,96236800
PRJ3-01103,0.005,-8,0,0,0,0.995,1.01,Complete,2023-12-01,73161900
PRJ3-01104,0.0826,-7,0,0,0,0.9237,1.0057,Complete,2024-12-14,183624500
PRJ3-01105,0.0436,15,0,0,0,0.9582,0.9776,Complete,2026-11-25,61790000
PRJ3-01106,0.0683,2,0,0,0,0.936,0.9977,Complete,2022-07-14,199245700
PRJ3-01107,0.1436,56,1,1,1,0.8744,0.9468,Complete,2024-05-03,329808600
PRJ3-01108,0.0411,-20,0,0,0,0.9606,1.0411,Complete,2020-11-04,54696800
PRJ3-01109,0.0318,-6,0,0,0,0.9692,1.0057,Complete,2023-08-19,349519200
PRJ3-01110,0.039,-13,0,0,0,0.9625,1.039,Complete,2019-06-14,203253900
PRJ3-01111,0.0436,3,0,0,0,0.9582,0.9966,Complete,2025-10-31,163298400
PRJ3-01112,0.2293,-11,1,0,1,0.8134,1.0177,Complete,2026-11-27,108690400
PRJ3-01113,0.0368,7,0,0,0,0.9645,0.9918,Complete,2026-05-22,49487200
PRJ3-01114,-0.0024,24,0,0,0,1.0024,0.9647,Complete,2025-02-26,65250200
PRJ3-01115,0.0353,45,0,1,1,0.9659,0.9631,Complete,2024-11-04,123649100
PRJ3-01116,0.0456,25,0,0,0,0.9564,0.9788,Complete,2025-05-10,382758600
PRJ3-01117,0.0565,61,0,1,1,0.9465,0.9383,Complete,2024-02-25,87990500
PRJ3-01118,0.0633,-3,0,0,0,0.9405,1.0024,Complete,2026-07-01,144081500
PRJ3-01119,-0.0188,-25,0,0,0,1.0192,1.0414,Complete,2024-11-16,75107500
PRJ3-01120,0.1155,-22,1,0,1,0.8964,1.0173,Complete,2026-07-08,94934100
PRJ3-01121,0.1499,7,1,0,1,0.8697,0.9913,Complete,2024-02-15,157928800
PRJ3-01122,0.081,-9,0,0,0,0.925,1.0126,Complete,2023-02-15,363859700
PRJ3-01123,0.0387,-18,0,0,0,0.9627,1.0397,Complete,2022-07-21,39666400
PRJ3-01124,0.174,81,1,1,1,0.8518,0.8761,Complete,2022-05-26,154594400
PRJ3-01125,-0.0209,20,0,0,0,1.0214,0.9642,Complete,2025-12-18,43468700
PRJ3-01126,0.0661,-23,0,0,0,0.938,1.0458,Complete,2023-04-21,83252700
PRJ3-01127,0.0166,-25,0,0,0,0.9836,1.0551,Complete,2023-07-04,49301100
PRJ3-01128,0.0753,1,0,0,0,0.93,0.9988,Complete,2026-06-07,145147400
PRJ3-01129,0.0811,34,0,1,1,0.925,0.964,Complete,2026-02-11,216897300
PRJ3-01130,0.0753,14,0,0,0,0.93,0.9879,Complete,2027-09-21,96062100
PRJ3-01131,0.0353,-8,0,0,0,0.9659,1.0114,Complete,2022-10-18,358625100
PRJ3-01132,0.0679,28,0,0,0,0.9365,0.9698,Complete,2027-02-02,83254300
PRJ3-01133,0.0501,17,0,0,0,0.9522,0.9787,Complete,2024-03-14,74583700
PRJ3-01134,-0.0545,14,0,0,0,1.0577,0.9796,Complete,2026-01-08,30617100
PRJ3-01135,0.0989,5,0,0,0,0.91,0.9943,Complete,2024-08-10,180360400
PRJ3-01136,0.0224,-9,0,0,0,0.9781,1.0124,Complete,2027-02-10,109827300
PRJ3-01137,0.186,54,1,1,1,0.8432,0.9518,Complete,2025-09-15,83699500
PRJ3-01138,0.1082,-25,1,0,1,0.9024,1.0397,Complete,2025-02-07,86571800
PRJ3-01139,0.0841,-25,0,0,0,0.9224,1.0433,Complete,2024-07-19,161052600
PRJ3-01140,0.118,10,1,0,1,0.8945,0.9884,Complete,2026-12-17,104438100
PRJ3-01141,0.1178,58,1,1,1,0.8946,0.9225,Complete,2024-12-26,139534800
PRJ3-01142,0.0818,15,0,0,0,0.9244,0.9855,Complete,2026-07-19,168060800
PRJ3-01143,0.1723,19,1,0,1,0.8531,0.9664,Complete,2023-10-22,70565900
PRJ3-01144,0.08,-5,0,0,0,0.9259,1.0119,Complete,2025-05-16,370506800
PRJ3-01145,0.1378,27,1,0,1,0.8789,0.969,Complete,2021-03-02,225511300
PRJ3-01146,0.125,-16,1,0,1,0.8889,1.0203,Complete,2023-05-05,85613600
PRJ3-01147,0.0081,13,0,0,0,0.992,0.977,Complete,2024-06-11,124766500
PRJ3-01148,0.0061,46,0,1,1,0.9939,0.9065,Complete,2020-11-25,56181400
PRJ3-01149,0.1428,67,1,1,1,0.875,0.9341,Complete,2023-02-04,135167300
PRJ3-01150,-0.008,22,0,0,0,1.0081,0.9791,Complete,2022-05-04,237495700
PRJ3-01151,0.1393,-7,1,0,1,0.8778,1.0075,Complete,2022-08-20,171666300
PRJ3-01152,0.109,64,1,1,1,0.9017,0.9461,Complete,2023-03-14,607984100
PRJ3-01153,0.0575,11,0,0,0,0.9456,0.978,Complete,2026-02-18,77422600
PRJ3-01154,-0.0222,17,0,0,0,1.0227,0.9722,Complete,2025-12-21,156468700
PRJ3-01155,0.1412,42,1,1,1,0.8763,0.9671,Complete,2026-12-17,247937000
PRJ3-01156,0.184,-21,1,0,1,0.8446,1.0204,Complete,2026-11-07,182917100
PRJ3-01157,0.0824,73,0,1,1,0.9239,0.9484,Complete,2026-03-07,183087100
PRJ3-01158,0.1071,25,1,0,1,0.9033,0.9773,Complete,2020-11-07,211373800
PRJ3-01159,0.0372,-20,0,0,0,0.9642,1.0333,Complete,2026-01-01,24672200
PRJ3-01160,0.048,41,0,1,1,0.9542,0.9589,Complete,2021-03-12,171626700
PRJ3-01161,0.0192,-21,0,0,0,0.9811,1.0205,Complete,2026-03-11,293296800
PRJ3-01162,0.0568,-21,0,0,0,0.9462,1.0262,Complete,2023-02-12,285677600
PRJ3-01163,0.0996,0,0,0,0,0.9094,1.0,Complete,2021-06-01,47063900
PRJ3-01164,0.0533,14,0,0,0,0.9494,0.9839,Complete,2021-06-26,153945300
PRJ3-01165,0.0193,0,0,0,0,0.9811,1.0,Complete,2025-09-20,77506400
PRJ3-01166,0.1389,36,1,1,1,0.878,0.9736,Complete,2025-05-08,200552000
PRJ3-01167,0.0029,-3,0,0,0,0.9971,1.0024,Complete,2023-11-30,245228100
PRJ3-01168,0.0468,58,0,1,1,0.9553,0.9416,Complete,2023-05-22,108423600
PRJ3-01169,0.127,-19,1,0,1,0.8873,1.0173,Complete,2021-07-04,221102300
PRJ3-01170,0.1062,7,1,0,1,0.904,0.9917,Complete,2023-01-11,209398100
PRJ3-01171,0.0994,7,0,0,0,0.9096,0.9905,Complete,2025-01-31,80418200
PRJ3-01172,0.1448,2,1,0,1,0.8735,0.9965,Complete,2024-11-23,147288000
PRJ3-01173,0.1275,14,1,0,1,0.8869,0.9853,Complete,2025-05-18,131404300
PRJ3-01174,0.1326,44,1,1,1,0.8829,0.9467,Complete,2021-12-24,217782700
PRJ3-01175,0.0271,21,0,0,0,0.9736,0.9678,Complete,2021-02-25,55930000
PRJ3-01176,0.0347,-25,0,0,0,0.9665,1.0281,Complete,2021-07-23,464260400
PRJ3-01177,0.1239,-25,1,0,1,0.8898,1.0269,Complete,2021-05-06,108850900
PRJ3-01178,0.073,-25,0,0,0,0.932,1.0195,Complete,2027-08-23,137853400
PRJ3-01179,0.0618,-1,0,0,0,0.9418,1.0011,Complete,2021-05-13,524116300
PRJ3-01181,0.0258,24,0,0,0,0.9748,0.9719,Complete,2027-06-24,452135200
PRJ3-01182,0.0981,52,0,1,1,0.9107,0.9484,Complete,2025-10-09,294320600
PRJ3-01183,-0.0322,5,0,0,0,1.0332,0.9941,Complete,2024-04-04,70104300
PRJ3-01184,0.0291,31,0,1,1,0.9718,0.9546,Complete,2022-09-23,112877400
PRJ3-01185,0.118,37,1,1,1,0.8945,0.9495,Complete,2020-07-11,80308200
PRJ3-01186,0.0304,20,0,0,0,0.9705,0.9714,Complete,2023-01-02,34677900
PRJ3-01187,0.0439,-5,0,0,0,0.9579,1.0097,Complete,2026-05-04,103343400
PRJ3-01188,-0.0486,4,0,0,0,1.0511,0.9959,Complete,2023-12-06,58804500
PRJ3-01189,0.0265,6,0,0,0,0.9742,0.9954,Complete,2025-01-03,152626100
PRJ3-01190,0.0492,22,0,0,0,0.9532,0.98,Complete,2024-06-20,95333800
PRJ3-01191,0.0278,-8,0,0,0,0.9729,1.0109,Complete,2023-07-24,80961500
PRJ3-01193,0.0912,-7,0,0,0,0.9164,1.0077,Complete,2026-06-11,173021000
PRJ3-01194,0.0705,27,0,0,0,0.9342,0.9691,Complete,2026-10-15,123202900
PRJ3-01195,0.0401,16,0,0,0,0.9614,0.9827,Complete,2024-02-03,39467500
PRJ3-01196,-0.0362,-20,0,0,0,1.0376,1.0267,Complete,2025-07-26,175368000
PRJ3-01197,-0.0624,2,0,0,0,1.0666,0.9963,Complete,2024-09-05,21099100
PRJ3-01198,0.0694,50,0,1,1,0.9351,0.9528,Complete,2026-09-26,198721100
PRJ3-01199,0.1098,29,1,0,1,0.901,0.9551,Complete,2025-11-21,54229800
PRJ3-01200,0.1198,-8,1,0,1,0.893,1.0095,Complete,2026-07-05,142521200
PRJ3-01201,0.085,24,0,0,0,0.9217,0.9749,Complete,2024-12-15,269045800
PRJ3-01202,0.1101,-25,1,0,1,0.9008,1.021,Complete,2025-01-01,184833600
PRJ3-01203,0.0823,62,0,1,1,0.924,0.9486,Complete,2023-12-24,140528400
PRJ3-01204,0.0272,2,0,0,0,0.9735,0.9971,Complete,2026-04-17,191755800
PRJ3-01205,-0.0163,31,0,1,1,1.0166,0.9588,Complete,2021-10-28,420833400
PRJ3-01206,0.0992,8,0,0,0,0.9098,0.9933,Complete,2027-04-15,670508800
PRJ3-01207,-0.043,-13,0,0,0,1.0449,1.0172,Complete,2021-10-21,50999200
PRJ3-01208,-0.0044,-2,0,0,0,1.0044,1.0021,Complete,2023-02-26,143083800
PRJ3-01209,0.0202,-6,0,0,0,0.9802,1.0067,Complete,2020-12-11,507127100
PRJ3-01210,0.0329,15,0,0,0,0.9681,0.9878,Complete,2026-02-02,238325500
PRJ3-01211,0.0748,36,0,1,1,0.9304,0.9454,Complete,2026-09-03,32314500
PRJ3-01212,0.0917,-4,0,0,0,0.916,1.0032,Complete,2026-10-13,139505200
PRJ3-01213,0.0144,28,0,0,0,0.9858,0.974,Complete,2022-07-01,126012000
PRJ3-01214,0.1771,0,1,0,1,0.8496,1.0,Complete,2023-06-21,38355900
PRJ3-01215,0.0878,14,0,0,0,0.9193,0.9882,Complete,2027-05-22,259908100
PRJ3-01216,0.0581,-24,0,0,0,0.9451,1.0324,Complete,2021-04-12,47313000
PRJ3-01217,0.0108,-25,0,0,0,0.9894,1.0273,Complete,2023-11-26,196451400
PRJ3-01218,0.059,63,0,1,1,0.9442,0.9411,Complete,2020-08-19,333606800
PRJ3-01219,0.1115,42,1,1,1,0.8997,0.9506,Complete,2026-02-15,175578500
PRJ3-01220,0.1009,28,1,0,1,0.9083,0.9728,Complete,2025-05-03,81801900
PRJ3-01221,0.1579,42,1,1,1,0.8636,0.9657,Complete,2026-04-19,87893200
PRJ3-01222,0.0097,-13,0,0,0,0.9904,1.0142,Complete,2021-07-11,176375100
PRJ3-01223,0.0093,1,0,0,0,0.9908,0.9989,Complete,2020-12-13,151821100
PRJ3-01224,0.0478,0,0,0,0,0.9544,1.0,Complete,2026-03-25,48770800
PRJ3-01225,0.0214,30,0,1,1,0.979,0.9784,Complete,2028-03-05,86251500
PRJ3-01226,0.1366,34,1,1,1,0.8798,0.9683,Complete,2023-05-22,102467700
PRJ3-01227,0.0265,-25,0,0,0,0.9742,1.0347,Complete,2021-05-23,42289600
PRJ3-01228,-0.042,-20,0,0,0,1.0439,1.0424,Complete,2026-03-27,94872900
PRJ3-01229,0.0713,16,0,0,0,0.9334,0.976,Complete,2023-12-09,127914500
PRJ3-01230,0.0593,4,0,0,0,0.944,0.9937,Complete,2023-04-17,84885800
PRJ3-01231,-0.001,28,0,0,0,1.001,0.9621,Complete,2025-11-26,36464700
PRJ3-01232,0.1498,13,1,0,1,0.8697,0.9883,Complete,2027-05-01,105874900
PRJ3-01233,0.1277,9,1,0,1,0.8868,0.9894,Complete,2025-04-07,57546000
PRJ3-01234,0.0373,24,0,0,0,0.9641,0.9647,Complete,2020-10-22,63657600
PRJ3-01235,0.0634,4,0,0,0,0.9404,0.9959,Complete,2025-10-21,52867000
PRJ3-01236,0.2779,51,1,1,1,0.7825,0.9535,Complete,2022-03-26,229838000
PRJ3-01237,0.0433,32,0,1,1,0.9585,0.9767,Complete,2022-06-28,97502500
PRJ3-01238,0.0025,-24,0,0,0,0.9975,1.0366,Complete,2022-04-27,66660600
PRJ3-01239,0.0479,21,0,0,0,0.9543,0.9801,Complete,2025-11-29,204651900
PRJ3-01240,0.1057,44,1,1,1,0.9044,0.9617,Complete,2027-03-15,174056900
PRJ3-01241,0.0445,35,0,1,1,0.9574,0.9741,Complete,2026-01-20,217444600
PRJ3-01242,0.0218,-15,0,0,0,0.9787,1.0137,Complete,2026-10-23,92019200
PRJ3-01243,0.0475,11,0,0,0,0.9547,0.9805,Complete,2022-10-30,50034800
PRJ3-01244,0.0999,5,0,0,0,0.9092,0.9936,Complete,2021-02-14,55172700
PRJ3-01245,0.0974,55,0,1,1,0.9113,0.943,Complete,2023-01-13,177253300
PRJ3-01246,0.0475,36,0,1,1,0.9546,0.9577,Complete,2023-10-15,149371000
PRJ3-01247,0.0323,4,0,0,0,0.9687,0.9957,Complete,2026-05-19,175407000
PRJ3-01248,0.1835,18,1,0,1,0.8449,0.9685,Complete,2026-08-19,35407600
PRJ3-01249,0.0624,-11,0,0,0,0.9413,1.0137,Complete,2020-05-14,87842300
PRJ3-01250,0.1775,39,1,1,1,0.8492,0.9651,Complete,2025-10-25,78663300
PRJ3-01251,0.1374,24,1,0,1,0.8792,0.9805,Complete,2026-05-21,113670100
PRJ3-01252,0.136,21,1,0,1,0.8803,0.9761,Complete,2023-09-17,162474300
PRJ3-01253,0.0612,-24,0,0,0,0.9423,1.0332,Complete,2025-01-28,69809600
PRJ3-01254,0.0737,-3,0,0,0,0.9314,1.0034,Complete,2020-07-22,53934000
PRJ3-01255,0.0313,20,0,0,0,0.9697,0.9656,Complete,2024-06-25,34185300
PRJ3-01256,0.0067,19,0,0,0,0.9934,0.9811,Complete,2024-02-13,111111300
PRJ3-01257,0.111,44,1,1,1,0.9001,0.9632,Complete,2021-06-23,168757000
PRJ3-01258,-0.01,14,0,0,0,1.0101,0.9748,Complete,2024-10-24,77813000
PRJ3-01259,-0.0283,-25,0,0,0,1.0292,1.0455,Complete,2024-11-16,17305900
PRJ3-01260,-0.0098,-25,0,0,0,1.0099,1.0258,Complete,2021-07-31,37170000
PRJ3-01261,0.0301,1,0,0,0,0.9708,0.9987,Complete,2024-08-24,127409900
PRJ3-01262,0.1051,17,1,0,1,0.9049,0.9858,Complete,2027-04-06,121587600
PRJ3-01263,0.0929,41,0,1,1,0.915,0.9504,Complete,2026-01-19,131950800
PRJ3-01264,0.0062,-25,0,0,0,0.9938,1.0243,Complete,2023-11-28,261309600
PRJ3-01265,0.0553,-9,0,0,0,0.9476,1.009,Complete,2025-04-27,161851600
PRJ3-01266,0.0072,59,0,1,1,0.9928,0.9457,Complete,2026-09-15,295164800
PRJ3-01267,0.1397,26,1,0,1,0.8775,0.9687,Complete,2026-12-16,126720800
PRJ3-01268,0.1989,-7,1,0,1,0.8341,1.0082,Complete,2026-09-12,100851400
PRJ3-01269,0.0387,7,0,0,0,0.9627,0.9937,Complete,2024-12-20,293395500
PRJ3-01270,0.1258,-1,1,0,1,0.8883,1.0014,Complete,2023-09-09,61342200
PRJ3-01271,0.0068,-17,0,0,0,0.9932,1.0383,Complete,2023-09-01,39586900
PRJ3-01272,0.0439,-16,0,0,0,0.958,1.0321,Complete,2021-06-05,142338700
PRJ3-01273,0.1233,-1,1,0,1,0.8902,1.001,Complete,2024-05-08,671439500
PRJ3-01274,0.0567,-15,0,0,0,0.9464,1.035,Complete,2025-09-11,17403700
PRJ3-01275,0.0813,11,0,0,0,0.9248,0.9919,Complete,2027-01-08,585379300
PRJ3-01276,0.0717,-25,0,0,0,0.9331,1.0233,Complete,2023-04-17,331073000
PRJ3-01277,0.096,27,0,0,0,0.9124,0.9746,Complete,2022-01-31,69462900
PRJ3-01278,0.0693,-2,0,0,0,0.9352,1.0022,Complete,2020-07-30,94844700
PRJ3-01279,0.0377,16,0,0,0,0.9637,0.9778,Complete,2024-05-28,106246300
PRJ3-01280,0.0525,-25,0,0,0,0.9501,1.0654,Complete,2025-11-20,46397800
PRJ3-01281,0.1478,15,1,0,1,0.8713,0.9818,Complete,2026-05-18,265357000
PRJ3-01282,0.0686,52,0,1,1,0.9358,0.9365,Complete,2026-07-30,48719300
PRJ3-01283,-0.0203,19,0,0,0,1.0207,0.9672,Complete,2025-06-20,164121700
PRJ3-01284,0.0469,35,0,1,1,0.9552,0.9662,Complete,2022-04-02,154387100
PRJ3-01285,0.1783,14,1,0,1,0.8487,0.984,Complete,2024-03-16,80815500
PRJ3-01286,0.0812,17,0,0,0,0.9249,0.9649,Complete,2024-01-06,116604800
PRJ3-01287,-0.0088,-3,0,0,0,1.0089,1.0064,Complete,2026-09-02,44127600
PRJ3-01288,-0.0584,3,0,0,0,1.062,0.9971,Complete,2025-12-23,99840500
PRJ3-01289,-0.006,-12,0,0,0,1.006,1.0205,Complete,2019-11-05,40575800
PRJ3-01290,0.067,56,0,1,1,0.9372,0.9623,Complete,2022-10-17,879216600
PRJ3-01291,0.1504,-9,1,0,1,0.8693,1.0072,Complete,2024-05-03,439353900
PRJ3-01292,0.081,16,0,0,0,0.925,0.9764,Complete,2020-09-14,202490200
PRJ3-01293,0.0961,0,0,0,0,0.9123,1.0,Complete,2022-08-02,330475200
PRJ3-01295,0.0982,11,0,0,0,0.9106,0.9631,Complete,2023-11-04,70851800
PRJ3-01296,0.1854,29,1,0,1,0.8436,0.9732,Complete,2025-07-05,217461600
PRJ3-01297,0.0673,-15,0,0,0,0.9369,1.0145,Complete,2023-02-05,365205100
PRJ3-01298,0.0335,-4,0,0,0,0.9676,1.0028,Complete,2023-02-13,137015700
PRJ3-01299,0.0914,36,0,1,1,0.9163,0.9434,Complete,2023-05-23,112541200
PRJ3-01300,0.1507,40,1,1,1,0.8691,0.9406,Complete,2024-12-18,17317500
PRJ3-01301,0.0691,1,0,0,0,0.9353,0.999,Complete,2020-11-18,239912400
PRJ3-01302,0.0906,18,0,0,0,0.9169,0.9842,Complete,2027-08-23,244236000
PRJ3-01303,0.0636,18,0,0,0,0.9402,0.9802,Complete,2026-11-30,100670200
PRJ3-01304,0.1023,2,1,0,1,0.9072,0.9986,Complete,2025-02-23,291935400
PRJ3-01305,0.1213,6,1,0,1,0.8918,0.987,Complete,2026-05-20,42365100
PRJ3-01306,0.0285,6,0,0,0,0.9723,0.9876,Complete,2025-08-06,248048800
PRJ3-01307,0.0819,42,0,1,1,0.9243,0.9639,Complete,2025-06-20,123363800
PRJ3-01308,0.1029,0,1,0,1,0.9067,1.0,Complete,2024-01-28,54156700
PRJ3-01309,0.0311,15,0,0,0,0.9698,0.9839,Complete,2024-02-05,126161200
PRJ3-01310,0.1044,43,1,1,1,0.9054,0.8835,Complete,2023-07-26,114042900
PRJ3-01311,0.0436,27,0,0,0,0.9583,0.9752,Complete,2022-10-27,157611300
PRJ3-01312,0.082,-25,0,0,0,0.9242,1.0355,Complete,2024-12-13,156564500
PRJ3-01313,0.1369,45,1,1,1,0.8796,0.9442,Complete,2026-07-24,201965900
PRJ3-01314,0.0242,-9,0,0,0,0.9763,1.0166,Complete,2021-03-15,41093600
PRJ3-01315,-0.0017,-20,0,0,0,1.0018,1.028,Complete,2027-01-04,32566800
PRJ3-01316,0.0187,12,0,0,0,0.9816,0.9894,Complete,2021-08-12,223906900
PRJ3-01317,0.0573,19,0,0,0,0.9458,0.957,Complete,2024-05-16,40494200
PRJ3-01318,0.0219,9,0,0,0,0.9785,0.979,Complete,2023-06-20,80004000
PRJ3-01319,0.0519,42,0,1,1,0.9507,0.9311,Complete,2024-01-24,32623300
PRJ3-01320,0.1255,0,1,0,1,0.8885,1.0,Complete,2020-12-14,46119400
PRJ3-01321,0.0187,-1,0,0,0,0.9816,1.0009,Complete,2026-11-25,206587300
PRJ3-01322,0.0987,21,0,0,0,0.9102,0.9708,Complete,2024-01-23,49786400
PRJ3-01323,0.0762,-17,0,0,0,0.9292,1.0192,Complete,2026-03-23,105963000
PRJ3-01324,0.1164,11,1,0,1,0.8957,0.9849,Complete,2021-07-03,91095700
PRJ3-01325,0.072,-20,0,0,0,0.9328,1.029,Complete,2022-11-10,49507700
PRJ3-01326,0.0359,-16,0,0,0,0.9653,1.0242,Complete,2026-10-23,73233400
PRJ3-01327,0.1509,38,1,1,1,0.8689,0.9657,Complete,2027-04-02,341680300
PRJ3-01328,0.177,28,1,0,1,0.8496,0.9488,Complete,2024-11-01,114437400
PRJ3-01329,0.0209,-12,0,0,0,0.9796,1.0096,Complete,2027-01-14,216597200
PRJ3-01330,0.0468,29,0,0,0,0.9553,0.9752,Complete,2025-06-03,261161400
PRJ3-01331,0.0979,13,0,0,0,0.9109,0.9874,Complete,2023-07-17,168330800
PRJ3-01332,0.089,0,0,0,0,0.9183,1.0,Complete,2020-07-17,95970100
PRJ3-01333,0.1328,40,1,1,1,0.8828,0.9668,Complete,2026-10-12,274298900
PRJ3-01335,0.0626,3,0,0,0,0.9411,0.9958,Complete,2021-11-28,89576300
PRJ3-01336,0.0068,6,0,0,0,0.9933,0.9933,Complete,2025-10-09,33569700
PRJ3-01337,0.1062,87,1,1,1,0.904,0.854,Complete,2024-12-08,93837000
PRJ3-01338,0.0153,0,0,0,0,0.9849,1.0,Complete,2025-01-26,49928200
PRJ3-01339,0.0486,-25,0,0,0,0.9536,1.0209,Complete,2025-05-14,145215100
PRJ3-01340,0.0014,37,0,1,1,0.9986,0.9457,Complete,2025-12-24,81555200
PRJ3-01341,0.0994,-21,0,0,0,0.9096,1.022,Complete,2023-08-25,197531800
PRJ3-01342,-0.0233,-19,0,0,0,1.0238,1.0194,Complete,2022-05-12,535316500
PRJ3-01343,0.0818,21,0,0,0,0.9244,0.9819,Complete,2025-08-03,312596100
PRJ3-01344,0.2167,56,1,1,1,0.8219,0.9568,Complete,2021-04-19,120551900
PRJ3-01345,0.1197,7,1,0,1,0.8931,0.9919,Complete,2021-06-01,69903400
PRJ3-01346,0.1592,57,1,1,1,0.8627,0.9513,Complete,2025-04-20,392779300
PRJ3-01347,0.0291,-25,0,0,0,0.9717,1.0257,Complete,2023-08-13,391068100
PRJ3-01348,0.1198,-25,1,0,1,0.893,1.0239,Complete,2021-12-25,157595800
PRJ3-01349,0.158,5,1,0,1,0.8635,0.996,Complete,2021-02-09,279679900
PRJ3-01350,-0.0273,43,0,1,1,1.0281,0.9563,Complete,2023-09-26,22183100
PRJ3-01351,0.0483,17,0,0,0,0.9539,0.9835,Complete,2024-09-08,306351300
PRJ3-01352,0.06,7,0,0,0,0.9434,0.9939,Complete,2024-11-21,129036700
PRJ3-01353,-0.0056,0,0,0,0,1.0056,1.0,Complete,2024-12-02,73676900
PRJ3-01354,0.1234,29,1,0,1,0.8902,0.9338,Complete,2023-12-17,28816600
PRJ3-01355,0.0283,-9,0,0,0,0.9725,1.0084,Complete,2023-03-17,150848300
PRJ3-01357,0.0982,46,0,1,1,0.9106,0.955,Complete,2025-02-25,42550200
PRJ3-01358,0.089,-5,0,0,0,0.9183,1.0064,Complete,2023-11-20,116309200
PRJ3-01359,0.0579,-25,0,0,0,0.9453,1.0268,Complete,2025-03-03,63410600
PRJ3-01360,0.0022,-25,0,0,0,0.9978,1.0401,Complete,2022-02-26,119967600
PRJ3-01361,-0.0155,-21,0,0,0,1.0157,1.0282,Complete,2022-08-24,57042100
PRJ3-01362,0.0385,22,0,0,0,0.963,0.9796,Complete,2022-12-08,204573500
PRJ3-01363,0.1485,60,1,1,1,0.8707,0.9433,Complete,2026-09-15,222853300
PRJ3-01364,0.1169,44,1,1,1,0.8954,0.9689,Complete,2023-04-24,370444700
PRJ3-01365,0.092,54,0,1,1,0.9158,0.9232,Complete,2023-07-11,52672200
PRJ3-01366,-0.0656,-25,0,0,0,1.0702,1.0543,Complete,2026-07-12,32673500
PRJ3-01367,0.0833,4,0,0,0,0.9231,0.9954,Complete,2026-05-18,98114500
PRJ3-01368,0.1125,4,1,0,1,0.8988,0.9955,Complete,2020-06-25,225654800
PRJ3-01369,0.0379,-12,0,0,0,0.9635,1.0161,Complete,2024-06-04,30317000
PRJ3-01370,0.0077,-13,0,0,0,0.9924,1.0186,Complete,2024-11-09,33883800
PRJ3-01371,0.2043,20,1,0,1,0.8303,0.9838,Complete,2026-04-13,208752700
PRJ3-01372,-0.0356,28,0,0,0,1.0369,0.9411,Complete,2026-03-14,19526500
PRJ3-01373,0.0498,-18,0,0,0,0.9525,1.015,Complete,2024-07-23,133331800
PRJ3-01374,0.0965,35,0,1,1,0.912,0.9676,Complete,2020-10-31,143135000
PRJ3-01375,0.0654,33,0,1,1,0.9386,0.9704,Complete,2022-04-05,391439000
PRJ3-01376,-0.004,48,0,1,1,1.004,0.9669,Complete,2021-10-27,139623700
PRJ3-01377,0.1721,48,1,1,1,0.8532,0.9575,Complete,2022-10-28,151011400
PRJ3-01378,0.0979,35,0,1,1,0.9108,0.9587,Complete,2027-03-29,339770600
PRJ3-01379,0.1291,-14,1,0,1,0.8856,1.0249,Complete,2026-01-18,72797300
PRJ3-01380,0.137,-21,1,0,1,0.8795,1.0247,Complete,2023-03-03,140071100
PRJ3-01381,0.0077,60,0,1,1,0.9924,0.8909,Complete,2023-01-25,63703000
PRJ3-01382,0.0936,-22,0,0,0,0.9144,1.0277,Complete,2021-05-17,149761200
PRJ3-01383,0.1842,50,1,1,1,0.8445,0.9646,Complete,2023-08-14,371877300
PRJ3-01384,0.0032,2,0,0,0,0.9968,0.9974,Complete,2025-08-28,293986600
PRJ3-01385,0.0742,22,0,0,0,0.9309,0.9706,Complete,2022-04-07,208302400
PRJ3-01386,0.0607,22,0,0,0,0.9428,0.9491,Complete,2023-04-02,47609100
PRJ3-01387,-0.0124,-8,0,0,0,1.0126,1.0095,Complete,2026-10-26,173851100
PRJ3-01388,0.1626,11,1,0,1,0.8602,0.9847,Complete,2024-02-03,203870100
PRJ3-01389,-0.051,17,0,0,0,1.0538,0.9706,Complete,2024-03-10,184800300
PRJ3-01390,0.0236,-25,0,0,0,0.977,1.0515,Complete,2026-06-24,62266000
PRJ3-01391,0.0117,49,0,1,1,0.9884,0.9213,Complete,2020-03-08,24195100
PRJ3-01392,-0.032,-20,0,0,0,1.033,1.0545,Complete,2025-04-25,32918900
PRJ3-01393,0.0534,14,0,0,0,0.9493,0.9771,Complete,2020-09-16,54632700
PRJ3-01394,0.1279,-2,1,0,1,0.8866,1.0019,Complete,2023-05-31,197888900
PRJ3-01395,0.0351,-11,0,0,0,0.9661,1.0105,Complete,2021-11-18,135422600
PRJ3-01397,-0.0015,13,0,0,0,1.0015,0.9882,Complete,2026-02-25,46564300
PRJ3-01398,0.0614,17,0,0,0,0.9421,0.9796,Complete,2023-08-01,140464300
PRJ3-01399,0.1004,10,1,0,1,0.9088,0.9849,Complete,2023-09-29,57914300
PRJ3-01400,0.1615,12,1,0,1,0.8609,0.9757,Complete,2023-11-16,158526600
PRJ3-01401,0.1621,62,1,1,1,0.8605,0.9501,Complete,2025-12-17,122813200
PRJ3-01402,-0.0279,62,0,1,1,1.0287,0.9318,Complete,2023-09-08,184060600
PRJ3-01403,0.1038,-25,1,0,1,0.9059,1.018,Complete,2026-03-09,358107900
PRJ3-01404,0.0714,16,0,0,0,0.9333,0.965,Complete,2019-12-05,42211100
PRJ3-01405,0.1084,12,1,0,1,0.9022,0.9804,Complete,2026-01-20,165578700
PRJ3-01406,0.022,14,0,0,0,0.9785,0.9856,Complete,2025-02-12,75140300
PRJ3-01407,0.1195,44,1,1,1,0.8933,0.9431,Complete,2020-11-26,126962600
PRJ3-01408,-0.0199,14,0,0,0,1.0203,0.9893,Complete,2023-08-04,103084500
PRJ3-01409,0.0482,-25,0,0,0,0.954,1.0419,Complete,2025-09-23,72718600
PRJ3-01410,0.1457,18,1,0,1,0.8728,0.963,Complete,2020-12-11,30278900
PRJ3-01411,0.1156,15,1,0,1,0.8963,0.9868,Complete,2025-12-31,193254600
PRJ3-01412,0.0794,17,0,0,0,0.9265,0.9802,Complete,2021-04-24,171890300
PRJ3-01413,-0.0002,-16,0,0,0,1.0002,1.0441,Complete,2026-04-03,86701500
PRJ3-01414,0.0276,8,0,0,0,0.9732,0.9938,Complete,2025-04-22,333337600
PRJ3-01415,-0.0453,-10,0,0,0,1.0475,1.0153,Complete,2022-08-06,58918800
PRJ3-01416,0.0665,5,0,0,0,0.9377,0.9951,Complete,2027-02-14,187656800
PRJ3-01417,0.1096,-10,1,0,1,0.9012,1.0184,Complete,2022-10-29,50864000
PRJ3-01418,0.1585,70,1,1,1,0.8632,0.943,Complete,2026-12-20,140950300
PRJ3-01419,0.0046,-16,0,0,0,0.9954,1.0157,Complete,2022-09-25,245221500
PRJ3-01420,-0.0045,-17,0,0,0,1.0046,1.0204,Complete,2021-04-24,69768400
PRJ3-01421,0.0879,-3,0,0,0,0.9192,1.0028,Complete,2026-04-10,185751100
PRJ3-01422,0.1089,0,1,0,1,0.9018,1.0,Complete,2026-02-01,41845700
PRJ3-01423,0.0709,-17,0,0,0,0.9338,1.0151,Complete,2023-05-09,237058100
PRJ3-01424,0.0867,8,0,0,0,0.9203,0.9938,Complete,2023-06-10,181999100
PRJ3-01425,0.0789,-25,0,0,0,0.9269,1.045,Complete,2024-07-30,103241000
PRJ3-01426,0.0069,-3,0,0,0,0.9931,1.003,Complete,2023-03-21,92822500
PRJ3-01427,0.0325,21,0,0,0,0.9686,0.9827,Complete,2023-06-23,98532900
PRJ3-01428,0.063,27,0,0,0,0.9407,0.9724,Complete,2023-10-21,178353300
PRJ3-01429,-0.0046,-7,0,0,0,1.0047,1.0079,Complete,2025-08-13,298744000
PRJ3-01430,0.0012,-13,0,0,0,0.9988,1.0172,Complete,2022-11-05,81676100
PRJ3-01431,0.0679,33,0,1,1,0.9364,0.9567,Complete,2023-11-27,25365000
PRJ3-01432,0.1597,27,1,0,1,0.8623,0.9601,Complete,2021-04-29,188413500
PRJ3-01433,0.1357,2,1,0,1,0.8805,0.9983,Complete,2027-05-17,212983900
PRJ3-01434,0.1157,-25,1,0,1,0.8963,1.026,Complete,2022-12-26,232784100
PRJ3-01435,0.0813,16,0,0,0,0.9248,0.9883,Complete,2024-07-14,226805400
PRJ3-01436,-0.0627,-7,0,0,0,1.0669,1.0075,Complete,2025-01-16,187562800
PRJ3-01437,0.0589,-3,0,0,0,0.9443,1.0044,Complete,2022-07-14,131012200
PRJ3-01438,0.1734,10,1,0,1,0.8522,0.99,Complete,2021-05-09,214993300
PRJ3-01439,0.0178,3,0,0,0,0.9825,0.9971,Complete,2023-10-07,124550400
PRJ3-01440,0.1355,8,1,0,1,0.8806,0.9887,Complete,2023-05-14,91016800
PRJ3-01441,0.0402,37,0,1,1,0.9613,0.9686,Complete,2024-05-20,255578700
PRJ3-01442,0.0164,-25,0,0,0,0.9839,1.0259,Complete,2025-11-25,190058700
PRJ3-01443,0.0319,-25,0,0,0,0.9691,1.0318,Complete,2022-02-19,156081000
PRJ3-01444,0.0778,26,0,0,0,0.9279,0.9764,Complete,2020-07-07,69066700
PRJ3-01445,0.0392,37,0,1,1,0.9623,0.9767,Complete,2025-01-26,233980700
PRJ3-01446,0.0821,-2,0,0,0,0.9242,1.0051,Complete,2020-03-06,55800900
PRJ3-01447,0.0025,-3,0,0,0,0.9975,1.0034,Complete,2025-09-13,90272500
PRJ3-01448,0.1443,-1,1,0,1,0.8739,1.0016,Complete,2023-01-31,41681700
PRJ3-01450,0.0231,35,0,1,1,0.9774,0.9427,Complete,2020-11-04,96102300
PRJ3-01451,0.0639,4,0,0,0,0.94,0.992,Complete,2020-04-14,314692700
PRJ3-01452,0.1331,45,1,1,1,0.8825,0.9658,Complete,2021-09-26,86741500
PRJ3-01453,-0.0028,-24,0,0,0,1.0029,1.0311,Complete,2022-09-16,79299200
PRJ3-01454,0.0619,-25,0,0,0,0.9417,1.0569,Complete,2025-06-30,94226400
PRJ3-01455,0.0098,30,0,1,1,0.9903,0.954,Complete,2026-04-24,210175900
PRJ3-01456,-0.0181,-25,0,0,0,1.0184,1.027,Complete,2025-03-13,146307400
PRJ3-01457,0.1485,39,1,1,1,0.8707,0.9688,Complete,2023-11-18,290421900
PRJ3-01458,0.0873,-16,0,0,0,0.9197,1.0165,Complete,2024-01-28,227946100
PRJ3-01459,0.0899,37,0,1,1,0.9175,0.965,Complete,2021-12-08,348242500
PRJ3-01460,0.1964,12,1,0,1,0.8358,0.9868,Complete,2025-01-14,57945400
PRJ3-01461,0.066,37,0,1,1,0.9381,0.9461,Complete,2025-02-22,48529700
PRJ3-01462,0.2296,65,1,1,1,0.8133,0.9221,Complete,2020-05-24,63199200
PRJ3-01463,0.0069,-19,0,0,0,0.9931,1.028,Complete,2025-08-12,67341200
PRJ3-01464,0.1591,14,1,0,1,0.8628,0.9867,Complete,2023-03-08,222680700
PRJ3-01465,0.0499,-3,0,0,0,0.9525,1.0028,Complete,2024-02-01,172644900
PRJ3-01466,-0.0309,26,0,0,0,1.0319,0.9728,Complete,2022-07-22,59637400
PRJ3-01467,0.02,-25,0,0,0,0.9804,1.08,Complete,2021-04-23,48429900
PRJ3-01468,0.1754,54,1,1,1,0.8508,0.9371,Complete,2020-08-16,55180700
PRJ3-01469,-0.0015,-10,0,0,0,1.0015,1.0144,Complete,2025-11-30,221712500
PRJ3-01470,0.0212,-7,0,0,0,0.9792,1.0064,Complete,2021-12-07,178537400
PRJ3-01471,0.1464,4,1,0,1,0.8723,0.9936,Complete,2026-11-12,114398200
PRJ3-01472,0.0974,26,0,0,0,0.9112,0.9748,Complete,2027-04-02,120169000
PRJ3-01473,0.0046,2,0,0,0,0.9954,0.9981,Complete,2027-05-13,133561900
PRJ3-01474,0.0855,39,0,1,1,0.9213,0.9494,Complete,2025-05-04,128398100
PRJ3-01475,0.132,94,1,1,1,0.8834,0.8907,Complete,2025-04-23,125294500
PRJ3-01476,0.0656,27,0,0,0,0.9384,0.975,Complete,2023-10-21,85371600
PRJ3-01477,0.0867,39,0,1,1,0.9202,0.9554,Complete,2020-08-03,315345300
PRJ3-01478,0.1759,69,1,1,1,0.8504,0.9143,Complete,2020-10-20,115988600
PRJ3-01479,0.09,-15,0,0,0,0.9174,1.0175,Complete,2020-04-07,116885700
PRJ3-01480,0.0231,32,0,1,1,0.9774,0.9669,Complete,2022-09-04,115480600
PRJ3-01482,0.0601,15,0,0,0,0.9433,0.9803,Complete,2025-05-24,122309100
PRJ3-01483,0.0816,8,0,0,0,0.9246,0.994,Complete,2027-08-06,261242900
PRJ3-01484,0.0337,-23,0,0,0,0.9674,1.0251,Complete,2026-11-16,86935000
PRJ3-01485,-0.0085,-25,0,0,0,1.0086,1.03,Complete,2021-04-24,65428900
PRJ3-01486,0.0834,25,0,0,0,0.923,0.9645,Complete,2020-04-06,125312100
PRJ3-01487,0.1494,7,1,0,1,0.87,0.9827,Complete,2025-11-27,70010300
PRJ3-01488,0.1166,76,1,1,1,0.8956,0.875,Complete,2025-03-23,102764700
PRJ3-01489,0.1281,28,1,0,1,0.8865,0.962,Complete,2027-03-22,39187600
PRJ3-01490,0.1353,59,1,1,1,0.8808,0.9239,Complete,2023-10-19,145739700
PRJ3-01491,0.0833,12,0,0,0,0.9231,0.9814,Complete,2023-11-16,27803300
PRJ3-01492,0.2459,53,1,1,1,0.8026,0.9381,Complete,2026-09-13,400058400
PRJ3-01493,-0.0533,-15,0,0,0,1.0563,1.0192,Complete,2021-09-26,125522100
PRJ3-01494,-0.0009,9,0,0,0,1.0009,0.9801,Complete,2025-07-02,56423500
PRJ3-01495,0.1235,-13,1,0,1,0.89,1.0114,Complete,2026-08-15,94621500
PRJ3-01496,0.1036,34,1,1,1,0.9062,0.9536,Complete,2026-12-11,76101700
PRJ3-01497,0.0057,8,0,0,0,0.9943,0.9874,Complete,2022-03-31,100088200
PRJ3-01498,0.0617,-7,0,0,0,0.9419,1.008,Complete,2026-10-24,161070600
PRJ3-01499,0.1419,-6,1,0,1,0.8758,1.0076,Complete,2026-03-02,103252000
PRJ3-01500,0.0494,-16,0,0,0,0.9529,1.0195,Complete,2023-07-13,64773400
PRJ3-01501,-0.0258,28,0,0,0,1.0264,0.9775,Complete,2025-05-31,116351700
PRJ3-01502,-0.08,10,0,0,0,1.087,0.9866,Complete,2023-02-28,257057100
PRJ3-01503,0.0328,-11,0,0,0,0.9682,1.0084,Complete,2025-11-29,751037100
PRJ3-01504,0.1276,19,1,0,1,0.8868,0.9731,Complete,2022-05-13,81047500
PRJ3-01505,0.0133,-25,0,0,0,0.9869,1.0243,Complete,2026-07-10,147490700
PRJ3-01506,-0.0174,-21,0,0,0,1.0177,1.028,Complete,2020-10-21,96239400
PRJ3-01507,0.0603,-9,0,0,0,0.9431,1.0114,Complete,2021-01-18,238660500
PRJ3-01508,0.1424,-21,1,0,1,0.8754,1.0326,Complete,2024-08-23,70085700
PRJ3-01509,0.1443,29,1,0,1,0.8739,0.9756,Complete,2024-02-08,224354300
PRJ3-01510,-0.0724,0,0,0,0,1.0781,1.0,Complete,2021-11-26,135832900
PRJ3-01511,0.0232,-1,0,0,0,0.9773,1.0018,Complete,2026-04-01,81432800
PRJ3-01512,0.0769,8,0,0,0,0.9286,0.9935,Complete,2023-08-25,284958600
PRJ3-01513,0.0382,3,0,0,0,0.9632,0.9967,Complete,2021-08-31,186977300
PRJ3-01514,0.049,-19,0,0,0,0.9533,1.0207,Complete,2020-12-27,140173200
PRJ3-01515,0.0271,-25,0,0,0,0.9736,1.0277,Complete,2021-05-08,121448700
PRJ3-01516,0.0339,46,0,1,1,0.9673,0.9318,Complete,2022-02-06,215656900
PRJ3-01517,0.0185,-25,0,0,0,0.9818,1.0221,Complete,2024-03-14,186841500
PRJ3-01518,0.1336,-5,1,0,1,0.8821,1.0056,Complete,2027-02-03,411461500
PRJ3-01519,0.0485,63,0,1,1,0.9537,0.954,Complete,2027-08-19,187390000
PRJ3-01520,0.068,32,0,1,1,0.9364,0.9738,Complete,2026-07-22,40503500
PRJ3-01521,0.0446,33,0,1,1,0.9573,0.9698,Complete,2021-07-16,258293900
PRJ3-01522,0.1181,-11,1,0,1,0.8944,1.0121,Complete,2021-10-02,287333100
PRJ3-01523,0.0105,5,0,0,0,0.9896,0.9936,Complete,2023-07-03,185914700
PRJ3-01524,0.0165,-25,0,0,0,0.9838,1.0476,Complete,2025-11-16,71785000
PRJ3-01525,0.1865,55,1,1,1,0.8428,0.9505,Complete,2025-05-10,69487200
PRJ3-01526,0.1284,12,1,0,1,0.8862,0.9854,Complete,2025-08-21,179850300
PRJ3-01527,0.0784,4,0,0,0,0.9273,0.9963,Complete,2025-04-25,291547000
PRJ3-01528,0.0512,38,0,1,1,0.9513,0.9592,Complete,2021-06-06,129214200
PRJ3-01529,0.0778,46,0,1,1,0.9278,0.893,Complete,2023-02-09,39092400
PRJ3-01530,0.0509,-14,0,0,0,0.9516,1.0146,Complete,2025-08-02,179413300
PRJ3-01531,0.0485,-17,0,0,0,0.9537,1.0138,Complete,2025-09-25,125123600
PRJ3-01532,0.0268,11,0,0,0,0.9739,0.9843,Complete,2024-01-16,44650100
PRJ3-01533,0.0906,-25,0,0,0,0.9169,1.036,Complete,2022-09-03,56092800
PRJ3-01534,0.0409,-17,0,0,0,0.9607,1.0127,Complete,2026-08-17,95233200
PRJ3-01535,0.0998,-11,0,0,0,0.9093,1.0102,Complete,2021-03-25,450495300
PRJ3-01536,0.0696,33,0,1,1,0.9349,0.9758,Complete,2023-04-10,269321000
PRJ3-01537,0.132,-1,1,0,1,0.8834,1.0008,Complete,2025-09-15,407252300
PRJ3-01538,0.1451,-5,1,0,1,0.8733,1.0058,Complete,2024-11-04,32050500
PRJ3-01539,0.0276,3,0,0,0,0.9731,0.9949,Complete,2024-08-21,30530200
PRJ3-01540,-0.0198,14,0,0,0,1.0202,0.9864,Complete,2022-11-22,113022400
PRJ3-01541,0.0452,-25,0,0,0,0.9567,1.0254,Complete,2026-08-15,207050800
PRJ3-01542,0.0708,-3,0,0,0,0.9339,1.005,Complete,2020-02-26,50007800
PRJ3-01543,0.0219,28,0,0,0,0.9786,0.9683,Complete,2021-04-11,213398700
PRJ3-01544,0.0926,14,0,0,0,0.9153,0.9857,Complete,2024-07-12,285040300
PRJ3-01545,-0.0703,-25,0,0,0,1.0757,1.0297,Complete,2023-12-23,253304200
PRJ3-01546,0.0392,12,0,0,0,0.9622,0.9791,Complete,2021-10-17,30035100
PRJ3-01547,0.0837,14,0,0,0,0.9227,0.9881,Complete,2027-07-11,118827000
PRJ3-01548,0.0136,12,0,0,0,0.9866,0.9798,Complete,2023-07-20,194832900
PRJ3-01549,0.101,5,1,0,1,0.9083,0.9959,Complete,2021-11-07,263808100
PRJ3-01550,0.1849,42,1,1,1,0.844,0.9551,Complete,2025-08-02,217087300
PRJ3-01551,0.1789,49,1,1,1,0.8482,0.9448,Complete,2022-09-28,218081700
PRJ3-01552,0.1335,46,1,1,1,0.8823,0.9557,Complete,2021-08-19,181011700
PRJ3-01553,-0.0013,13,0,0,0,1.0013,0.9794,Complete,2024-01-08,28183200
PRJ3-01554,0.0023,21,0,0,0,0.9977,0.9785,Complete,2026-01-25,419126900
PRJ3-01555,0.0888,15,0,0,0,0.9185,0.9886,Complete,2021-03-15,417739600
PRJ3-01556,-0.0116,-9,0,0,0,1.0117,1.0117,Complete,2022-01-12,115347800
PRJ3-01557,0.0773,6,0,0,0,0.9282,0.9947,Complete,2024-02-04,118973600
PRJ3-01558,0.1602,-23,1,0,1,0.8619,1.023,Complete,2023-02-03,60886900
PRJ3-01559,-0.0618,-10,0,0,0,1.0658,1.009,Complete,2022-08-17,221375400
PRJ3-01560,0.0297,17,0,0,0,0.9711,0.9845,Complete,2021-06-16,367178600
PRJ3-01561,0.2021,46,1,1,1,0.8319,0.9688,Complete,2026-01-14,641118300
PRJ3-01562,0.107,35,1,1,1,0.9034,0.9662,Complete,2023-03-26,224477400
PRJ3-01563,0.0992,19,0,0,0,0.9098,0.9804,Complete,2025-11-15,130699900
PRJ3-01564,0.1501,2,1,0,1,0.8695,0.9981,Complete,2027-03-20,81099400
PRJ3-01565,0.0391,20,0,0,0,0.9624,0.9809,Complete,2026-06-21,82412400
PRJ3-01566,0.0348,-25,0,0,0,0.9664,1.0273,Complete,2024-11-19,113923500
PRJ3-01567,0.1609,18,1,0,1,0.8614,0.974,Complete,2024-04-07,185195900
PRJ3-01568,0.0075,-25,0,0,0,0.9926,1.0297,Complete,2026-12-28,270039600
PRJ3-01569,0.04,32,0,1,1,0.9615,0.9719,Complete,2025-07-25,80974800
PRJ3-01570,0.0757,4,0,0,0,0.9296,0.9954,Complete,2026-07-01,163646000
PRJ3-01571,0.0437,2,0,0,0,0.9581,0.9978,Complete,2020-12-25,139324200
PRJ3-01572,0.0022,53,0,1,1,0.9978,0.9182,Complete,2026-05-19,128275500
PRJ3-01573,0.0812,18,0,0,0,0.9249,0.9861,Complete,2025-02-18,208044200
PRJ3-01574,0.1064,20,1,0,1,0.9038,0.977,Complete,2021-11-09,263319600
PRJ3-01575,0.0356,-6,0,0,0,0.9656,1.0055,Complete,2024-10-09,42062400
PRJ3-01576,-0.016,41,0,1,1,1.0163,0.9651,Complete,2020-12-30,362352400
PRJ3-01577,-0.0048,-24,0,0,0,1.0048,1.0544,Complete,2020-04-09,21113800
PRJ3-01578,-0.0483,-8,0,0,0,1.0507,1.0155,Complete,2023-01-30,55335000
PRJ3-01579,0.1217,2,1,0,1,0.8915,0.9985,Complete,2026-10-11,168079200
PRJ3-01580,0.075,10,0,0,0,0.9302,0.9882,Complete,2025-04-19,528883900
PRJ3-01581,0.1244,40,1,1,1,0.8893,0.9547,Complete,2024-01-20,186655700
PRJ3-01582,0.0212,-25,0,0,0,0.9792,1.0359,Complete,2025-10-14,38668400
PRJ3-01583,0.0887,4,0,0,0,0.9186,0.9969,Complete,2022-08-20,157578200
PRJ3-01584,-0.0001,46,0,1,1,1.0001,0.9364,Complete,2026-01-25,38624600
PRJ3-01585,0.0644,0,0,0,0,0.9395,1.0,Complete,2022-01-26,180663500
PRJ3-01586,-0.0517,11,0,0,0,1.0545,0.9866,Complete,2026-08-15,82088100
PRJ3-01587,0.0001,35,0,1,1,0.9999,0.9422,Complete,2021-02-17,67403300
PRJ3-01588,0.0926,-10,0,0,0,0.9153,1.0318,Complete,2024-02-25,50634700
PRJ3-01589,0.0574,34,0,1,1,0.9457,0.9647,Complete,2026-06-30,126917100
PRJ3-01590,0.0463,25,0,0,0,0.9557,0.9638,Complete,2022-01-28,31482100
PRJ3-01591,0.0359,73,0,1,1,0.9653,0.9399,Complete,2024-06-06,252278100
PRJ3-01592,0.0606,-13,0,0,0,0.9428,1.0112,Complete,2025-11-29,460939300
PRJ3-01593,0.0178,3,0,0,0,0.9826,0.9978,Complete,2025-09-03,324620500
PRJ3-01594,0.1239,7,1,0,1,0.8897,0.9938,Complete,2024-09-11,171625300
PRJ3-01595,0.0838,36,0,1,1,0.9227,0.945,Complete,2022-09-05,93304600
PRJ3-01596,0.0682,3,0,0,0,0.9361,0.9967,Complete,2024-11-13,259890300
PRJ3-01598,0.1095,-14,1,0,1,0.9013,1.0138,Complete,2026-01-15,97297200
PRJ3-01599,0.0569,32,0,1,1,0.9461,0.9707,Complete,2023-12-04,165693500
PRJ3-01600,0.0971,30,0,1,1,0.9115,0.9709,Complete,2023-08-15,288450000
PRJ3-01601,0.1359,36,1,1,1,0.8803,0.9561,Complete,2021-12-12,188587400
PRJ3-01602,0.0051,36,0,1,1,0.9949,0.9596,Complete,2020-07-27,39458300
PRJ3-01603,0.0105,41,0,1,1,0.9896,0.9444,Complete,2022-12-25,121522200
PRJ3-01604,0.1376,19,1,0,1,0.8791,0.9788,Complete,2024-02-17,72263600
PRJ3-01605,0.1187,-2,1,0,1,0.8939,1.0029,Complete,2024-12-09,56164200
PRJ3-01606,0.0963,-13,0,0,0,0.9122,1.0129,Complete,2024-06-23,187920600
PRJ3-01607,0.0721,-15,0,0,0,0.9328,1.0221,Complete,2023-08-22,137595900
PRJ3-01608,-0.0399,-22,0,0,0,1.0416,1.0373,Complete,2022-03-28,25395000
PRJ3-01609,0.0687,16,0,0,0,0.9357,0.9749,Complete,2024-01-31,60854600
PRJ3-01610,0.0941,17,0,0,0,0.914,0.9835,Complete,2023-11-10,95560000
PRJ3-01611,0.1647,30,1,1,1,0.8586,0.9722,Complete,2024-12-19,368923100
PRJ3-01612,0.0296,-7,0,0,0,0.9713,1.007,Complete,2020-09-05,425591300
PRJ3-01613,0.1094,21,1,0,1,0.9014,0.9737,Complete,2024-01-18,45261800
PRJ3-01614,0.1273,3,1,0,1,0.887,0.9954,Complete,2020-07-27,44751900
PRJ3-01615,0.141,-7,1,0,1,0.8764,1.0062,Complete,2024-12-01,335590600
PRJ3-01616,0.0596,-13,0,0,0,0.9437,1.0131,Complete,2023-02-15,259752500
PRJ3-01617,-0.0047,-8,0,0,0,1.0047,1.0179,Complete,2025-04-05,91298300
PRJ3-01618,0.1241,36,1,1,1,0.8896,0.9724,Complete,2023-04-11,197969100
PRJ3-01619,-0.0501,5,0,0,0,1.0528,0.9943,Complete,2022-03-15,78045200
PRJ3-01620,0.1189,45,1,1,1,0.8937,0.9275,Complete,2020-02-05,38313100
PRJ3-01621,0.1079,-2,1,0,1,0.9026,1.0028,Complete,2022-01-28,44601300
PRJ3-01622,0.1522,-25,1,0,1,0.8679,1.051,Complete,2023-07-05,166893900
PRJ3-01623,0.1695,10,1,0,1,0.8551,0.9858,Complete,2024-11-07,171521000
PRJ3-01624,0.0914,11,0,0,0,0.9162,0.9845,Complete,2026-11-04,25363800
PRJ3-01625,0.0632,49,0,1,1,0.9406,0.9521,Complete,2024-04-07,322114900
PRJ3-01626,0.0701,-3,0,0,0,0.9345,1.0028,Complete,2020-09-02,101570800
PRJ3-01627,-0.0121,10,0,0,0,1.0122,0.9883,Complete,2025-08-14,123126600
PRJ3-01628,0.1002,3,1,0,1,0.9089,0.9966,Complete,2023-02-21,52603500
PRJ3-01629,0.0419,20,0,0,0,0.9598,0.9544,Complete,2024-05-14,43729400
PRJ3-01630,-0.006,-12,0,0,0,1.006,1.0121,Complete,2026-12-19,179853300
PRJ3-01631,0.1166,44,1,1,1,0.8956,0.9612,Complete,2021-02-23,240048600
PRJ3-01632,0.0248,21,0,0,0,0.9758,0.9843,Complete,2025-06-12,102504000
PRJ3-01633,0.0235,-5,0,0,0,0.977,1.0074,Complete,2020-09-15,137860700
PRJ3-01634,-0.0275,14,0,0,0,1.0283,0.9715,Complete,2026-03-01,82305100
PRJ3-01635,0.0465,-15,0,0,0,0.9556,1.0211,Complete,2022-03-13,37835300
PRJ3-01636,0.0326,12,0,0,0,0.9684,0.9814,Complete,2026-04-23,189507100
PRJ3-01637,0.0075,15,0,0,0,0.9926,0.9844,Complete,2026-01-27,190496800
PRJ3-01638,0.1317,-3,1,0,1,0.8836,1.0027,Complete,2026-10-06,170821900
PRJ3-01639,0.0495,-6,0,0,0,0.9528,1.0079,Complete,2021-04-17,69025100
PRJ3-01640,0.2693,12,1,0,1,0.7878,0.9798,Complete,2020-12-02,48822500
PRJ3-01641,-0.007,-5,0,0,0,1.007,1.0088,Complete,2023-12-09,77566900
PRJ3-01642,0.0142,-25,0,0,0,0.986,1.0397,Complete,2024-09-05,77555800
PRJ3-01643,0.0163,-18,0,0,0,0.984,1.0328,Complete,2022-04-15,107812400
PRJ3-01644,0.0726,8,0,0,0,0.9324,0.9937,Complete,2027-08-07,305194300
PRJ3-01645,0.0064,21,0,0,0,0.9936,0.9785,Complete,2021-09-29,44030300
PRJ3-01646,0.0096,0,0,0,0,0.9905,1.0,Complete,2022-05-12,33505600
PRJ3-01647,0.0526,-17,0,0,0,0.95,1.0229,Complete,2026-09-18,315736800
PRJ3-01648,-0.028,-25,0,0,0,1.0288,1.0204,Complete,2027-05-16,255066300
PRJ3-01649,-0.0153,43,0,1,1,1.0156,0.9327,Complete,2025-03-03,88077300
PRJ3-01650,0.0672,-6,0,0,0,0.937,1.0104,Complete,2023-04-28,64166500
PRJ3-01651,0.0134,-13,0,0,0,0.9868,1.0212,Complete,2021-11-18,34124800
PRJ3-01652,0.1737,-12,1,0,1,0.852,1.011,Complete,2025-08-12,87282500
PRJ3-01653,-0.0006,1,0,0,0,1.0006,0.9989,Complete,2024-12-13,101556700
PRJ3-01654,0.1538,-15,1,0,1,0.8667,1.0153,Complete,2023-03-25,296178300
PRJ3-01655,0.0492,-5,0,0,0,0.9531,1.0062,Complete,2024-02-18,71766700
PRJ3-01656,0.1899,-5,1,0,1,0.8404,1.0066,Complete,2024-11-22,69204500
PRJ3-01657,-0.0164,8,0,0,0,1.0167,0.9849,Complete,2020-02-26,43149700
PRJ3-01658,-0.0163,47,0,1,1,1.0166,0.9597,Complete,2026-02-10,313114900
PRJ3-01659,0.0379,-16,0,0,0,0.9634,1.0267,Complete,2020-04-12,61876800
PRJ3-01660,0.0602,-25,0,0,0,0.9432,1.0292,Complete,2020-05-22,185789100
PRJ3-01661,0.0917,6,0,0,0,0.916,0.9961,Complete,2026-12-08,749374800
PRJ3-01662,0.0534,24,0,0,0,0.9493,0.9795,Complete,2023-08-11,186683400
PRJ3-01663,0.0998,-3,0,0,0,0.9093,1.0031,Complete,2024-12-01,208918600
PRJ3-01664,0.0539,31,0,1,1,0.9489,0.9764,Complete,2025-01-10,338512700
PRJ3-01665,0.1266,17,1,0,1,0.8877,0.9833,Complete,2025-04-27,86147300
PRJ3-01666,0.176,73,1,1,1,0.8503,0.9089,Complete,2025-08-11,91468000
PRJ3-01667,0.0194,29,0,0,0,0.9809,0.9543,Complete,2021-12-13,41145300
PRJ3-01668,0.0918,11,0,0,0,0.9159,0.989,Complete,2025-03-02,378944300
PRJ3-01669,0.0081,10,0,0,0,0.992,0.9915,Complete,2024-11-19,281405300
PRJ3-01670,0.0659,40,0,1,1,0.9382,0.9703,Complete,2025-03-03,181970700
PRJ3-01671,0.0422,-5,0,0,0,0.9595,1.012,Complete,2025-09-02,160814300
PRJ3-01672,0.096,-5,0,0,0,0.9124,1.0065,Complete,2025-06-22,58101600
PRJ3-01673,0.0198,4,0,0,0,0.9806,0.9958,Complete,2024-03-25,399548800
PRJ3-01674,0.0773,-23,0,0,0,0.9282,1.0257,Complete,2026-11-03,48150800
PRJ3-01675,0.0356,32,0,1,1,0.9657,0.9712,Complete,2026-12-07,432249200
PRJ3-01676,0.0336,29,0,0,0,0.9675,0.9582,Complete,2022-03-27,48410500
PRJ3-01677,-0.0378,10,0,0,0,1.0392,0.9918,Complete,2027-05-23,117260300
PRJ3-01678,0.0523,43,0,1,1,0.9503,0.9576,Complete,2026-09-20,78188700
PRJ3-01679,-0.055,12,0,0,0,1.0582,0.9863,Complete,2024-11-07,180137800
PRJ3-01680,0.0515,0,0,0,0,0.9511,1.0,Complete,2020-04-18,39388100
PRJ3-01681,0.0997,0,0,0,0,0.9093,1.0,Complete,2025-04-12,78705500
PRJ3-01682,0.0489,-6,0,0,0,0.9534,1.0061,Complete,2025-10-25,430066800
PRJ3-01683,0.0689,18,0,0,0,0.9356,0.9846,Complete,2023-05-20,138532200
PRJ3-01684,0.0898,16,0,0,0,0.9176,0.9732,Complete,2021-05-08,73489300
PRJ3-01685,0.0268,25,0,0,0,0.9739,0.9671,Complete,2024-06-03,27480600
PRJ3-01686,0.0536,27,0,0,0,0.9491,0.9304,Complete,2026-01-06,58826700
PRJ3-01687,0.0565,15,0,0,0,0.9465,0.9814,Complete,2024-04-29,83384800
PRJ3-01688,0.0468,-9,0,0,0,0.9553,1.0113,Complete,2025-03-16,465202100
PRJ3-01689,0.0793,-25,0,0,0,0.9265,1.0373,Complete,2023-04-23,143024600
PRJ3-01690,0.1215,44,1,1,1,0.8917,0.9597,Complete,2022-06-19,165977600
PRJ3-01691,0.0932,6,0,0,0,0.9148,0.9952,Complete,2026-12-07,386800600
PRJ3-01692,0.1271,30,1,1,1,0.8873,0.9682,Complete,2024-02-13,109546500
PRJ3-01693,0.0543,-1,0,0,0,0.9485,1.0011,Complete,2025-07-26,385113700
PRJ3-01694,0.0971,10,0,0,0,0.9115,0.9928,Complete,2025-05-16,112388100
PRJ3-01695,-0.0154,-23,0,0,0,1.0156,1.0237,Complete,2026-04-04,135608700
PRJ3-01696,0.0829,6,0,0,0,0.9234,0.9937,Complete,2020-03-09,469304500
PRJ3-01697,0.0369,6,0,0,0,0.9644,0.9942,Complete,2025-06-15,352348900
PRJ3-01698,0.1136,-1,1,0,1,0.898,1.0017,Complete,2025-08-04,49484500
PRJ3-01699,0.0964,13,0,0,0,0.9121,0.9763,Complete,2025-11-08,58471100
PRJ3-01700,0.1219,30,1,1,1,0.8914,0.9574,Complete,2026-01-28,103764300
PRJ3-01701,0.0069,9,0,0,0,0.9932,0.9872,Complete,2023-10-22,91607900
PRJ3-01702,0.1198,39,1,1,1,0.893,0.964,Complete,2027-07-31,124208100
PRJ3-01704,0.0863,53,0,1,1,0.9206,0.949,Complete,2024-10-12,158834000
PRJ3-01705,0.1563,56,1,1,1,0.8648,0.945,Complete,2027-03-09,202965800
PRJ3-01706,0.0424,40,0,1,1,0.9593,0.9481,Complete,2022-06-11,36776000
PRJ3-01707,0.0438,-2,0,0,0,0.958,1.0033,Complete,2023-03-26,69685200
PRJ3-01708,-0.0521,-1,0,0,0,1.055,1.0007,Complete,2021-12-15,157114300
PRJ3-01709,0.195,44,1,1,1,0.8368,0.9125,Complete,2020-02-20,105350000
PRJ3-01710,-0.0074,43,0,1,1,1.0074,0.9613,Complete,2024-12-08,47094900
PRJ3-01711,-0.0269,3,0,0,0,1.0276,0.9957,Complete,2020-08-07,180568800
PRJ3-01712,-0.0244,22,0,0,0,1.025,0.9601,Complete,2026-10-05,22518300
PRJ3-01713,0.1229,4,1,0,1,0.8905,0.9944,Complete,2026-01-15,47161100
PRJ3-01714,0.1408,-15,1,0,1,0.8766,1.0175,Complete,2027-05-18,49186600
PRJ3-01715,0.0522,-8,0,0,0,0.9504,1.0083,Complete,2026-11-22,211778500
PRJ3-01716,0.1989,58,1,1,1,0.8341,0.9356,Complete,2027-03-12,153725400
PRJ3-01717,0.1281,32,1,1,1,0.8865,0.9455,Complete,2021-06-26,45029900
PRJ3-01718,0.0993,58,0,1,1,0.9097,0.9523,Complete,2026-11-10,92520900
PRJ3-01719,0.0382,1,0,0,0,0.9632,0.9987,Complete,2021-08-14,97355000
PRJ3-01720,0.1116,4,1,0,1,0.8996,0.9966,Complete,2026-04-29,117167200
PRJ3-01721,0.0553,29,0,0,0,0.9476,0.9496,Complete,2026-07-17,118406500
PRJ3-01722,0.0268,67,0,1,1,0.9739,0.9184,Complete,2023-12-14,45212000
PRJ3-01723,0.0406,-25,0,0,0,0.9609,1.036,Complete,2024-12-14,99994100
PRJ3-01724,0.1326,9,1,0,1,0.8829,0.9877,Complete,2021-12-11,137950000
PRJ3-01725,0.0201,-14,0,0,0,0.9803,1.0108,Complete,2024-01-19,179698200
PRJ3-01726,0.0123,-19,0,0,0,0.9879,1.0273,Complete,2023-11-11,113456200
PRJ3-01727,-0.0091,-14,0,0,0,1.0092,1.0166,Complete,2026-07-08,178127500
PRJ3-01728,0.03,13,0,0,0,0.9708,0.9725,Complete,2022-03-22,31032300
PRJ3-01729,0.0721,-2,0,0,0,0.9327,1.0031,Complete,2022-11-03,90796800
PRJ3-01730,0.0857,0,0,0,0,0.9211,1.0,Complete,2027-03-11,234891300
PRJ3-01731,0.0525,16,0,0,0,0.9502,0.9807,Complete,2026-09-21,320765100
PRJ3-01732,-0.0501,-12,0,0,0,1.0528,1.0127,Complete,2021-04-06,104680400
PRJ3-01733,0.1824,57,1,1,1,0.8457,0.9579,Complete,2024-02-25,314923600
PRJ3-01734,0.0353,-6,0,0,0,0.9659,1.0057,Complete,2024-12-08,66781500
PRJ3-01735,-0.0075,-4,0,0,0,1.0076,1.0059,Complete,2025-09-20,204821400
PRJ3-01736,0.0157,12,0,0,0,0.9845,0.9829,Complete,2020-03-24,45685300
PRJ3-01737,0.0332,2,0,0,0,0.9678,0.9976,Complete,2026-11-15,25979300
PRJ3-01738,0.0955,-1,0,0,0,0.9128,1.0018,Complete,2024-02-05,86110400
PRJ3-01739,0.0355,-5,0,0,0,0.9657,1.0066,Complete,2026-08-14,92217300
PRJ3-01740,0.1556,11,1,0,1,0.8653,0.9888,Complete,2023-07-22,259013900
PRJ3-01741,-0.0279,12,0,0,0,1.0287,0.9837,Complete,2022-02-14,63306600
PRJ3-01742,0.0716,0,0,0,0,0.9332,1.0,Complete,2022-05-04,81936300
PRJ3-01743,0.0296,3,0,0,0,0.9712,0.9932,Complete,2024-03-03,140288300
PRJ3-01744,0.0559,-12,0,0,0,0.947,1.0129,Complete,2026-08-03,126905800
PRJ3-01745,-0.0023,34,0,1,1,1.0023,0.9657,Complete,2025-03-06,75093300
PRJ3-01746,0.0029,-11,0,0,0,0.9971,1.0222,Complete,2022-06-15,43534900
PRJ3-01747,0.1903,47,1,1,1,0.8401,0.9569,Complete,2022-12-28,196180700
PRJ3-01748,0.0179,-3,0,0,0,0.9824,1.0031,Complete,2025-07-05,118833000
PRJ3-01749,0.108,-13,1,0,1,0.9025,1.0233,Complete,2024-06-28,34913900
PRJ3-01750,0.0359,-11,0,0,0,0.9653,1.0244,Complete,2020-05-07,99342000
PRJ3-01751,0.033,-2,0,0,0,0.968,1.0044,Complete,2022-02-27,17596900
PRJ3-01752,0.2756,6,1,0,1,0.7839,0.9946,Complete,2026-12-19,611512700
PRJ3-01753,0.1037,34,1,1,1,0.9061,0.9714,Complete,2023-09-09,509095100
PRJ3-01754,-0.0378,-3,0,0,0,1.0392,1.005,Complete,2020-07-14,31973700
PRJ3-01755,0.101,24,1,0,1,0.9082,0.9744,Complete,2022-08-18,141992200
PRJ3-01756,0.0534,-1,0,0,0,0.9493,1.0013,Complete,2026-04-23,79996200
PRJ3-01757,0.0426,-25,0,0,0,0.9591,1.0243,Complete,2024-12-27,117544100
PRJ3-01758,-0.0196,-12,0,0,0,1.02,1.0123,Complete,2024-10-16,310762900
PRJ3-01759,0.0353,20,0,0,0,0.9659,0.972,Complete,2025-07-24,30214000
PRJ3-01760,0.0928,31,0,1,1,0.9151,0.9643,Complete,2021-05-10,93797800
PRJ3-01761,0.0066,-22,0,0,0,0.9935,1.0247,Complete,2022-09-21,44168900
PRJ3-01762,0.0625,42,0,1,1,0.9412,0.9418,Complete,2021-09-12,266021900
PRJ3-01763,0.1087,-11,1,0,1,0.9019,1.014,Complete,2023-06-16,46796700
PRJ3-01764,0.1037,-11,1,0,1,0.906,1.0117,Complete,2020-11-17,319402100
PRJ3-01765,0.078,16,0,0,0,0.9277,0.9756,Complete,2025-03-02,40352200
PRJ3-01766,0.0187,-19,0,0,0,0.9816,1.0189,Complete,2021-09-13,399748700
PRJ3-01767,-0.0305,16,0,0,0,1.0315,0.9786,Complete,2021-06-23,46019500
PRJ3-01768,0.0987,-21,0,0,0,0.9101,1.0216,Complete,2023-02-14,164404300
PRJ3-01769,0.1044,4,1,0,1,0.9055,0.9966,Complete,2027-05-01,155019000
PRJ3-01770,0.0668,-25,0,0,0,0.9374,1.0236,Complete,2025-02-23,135694500
PRJ3-01771,0.1044,-2,1,0,1,0.9054,1.0023,Complete,2023-05-28,142607100
PRJ3-01772,-0.0129,-24,0,0,0,1.0131,1.0531,Complete,2022-10-29,65356100
PRJ3-01773,0.096,10,0,0,0,0.9124,0.991,Complete,2021-07-05,314324100
PRJ3-01774,0.0115,-25,0,0,0,0.9887,1.033,Complete,2022-05-31,130544800
PRJ3-01775,0.0102,5,0,0,0,0.9899,0.9937,Complete,2026-01-22,30622500
PRJ3-01776,0.1105,43,1,1,1,0.9005,0.962,Complete,2024-12-13,142387300
PRJ3-01777,0.046,51,0,1,1,0.956,0.9556,Complete,2021-10-10,388258500
PRJ3-01778,0.0017,19,0,0,0,0.9983,0.9782,Complete,2022-10-04,167569500
PRJ3-01779,0.0248,-25,0,0,0,0.9758,1.0379,Complete,2026-01-31,31568400
PRJ3-01780,0.1152,19,1,0,1,0.8967,0.9837,Complete,2023-05-04,206851600
PRJ3-01781,0.0516,-25,0,0,0,0.9509,1.031,Complete,2020-11-25,111987000
PRJ3-01782,0.1208,9,1,0,1,0.8922,0.9917,Complete,2022-08-23,288771500
PRJ3-01783,0.1059,-3,1,0,1,0.9042,1.0034,Complete,2022-08-09,66571300
PRJ3-01784,0.05,13,0,0,0,0.9524,0.974,Complete,2020-09-25,23992800
PRJ3-01785,0.089,32,0,1,1,0.9183,0.9629,Complete,2024-06-19,138950000
PRJ3-01786,0.1068,-11,1,0,1,0.9035,1.0146,Complete,2024-07-22,295613700
PRJ3-01787,-0.0267,-6,0,0,0,1.0274,1.0075,Complete,2021-03-05,260160400
PRJ3-01788,0.184,68,1,1,1,0.8446,0.9185,Complete,2026-01-02,165308600
PRJ3-01789,0.0176,-25,0,0,0,0.9827,1.0623,Complete,2024-02-15,39856300
PRJ3-01790,0.0521,-6,0,0,0,0.9505,1.0096,Complete,2025-02-22,53788100
PRJ3-01791,-0.0388,18,0,0,0,1.0404,0.9713,Complete,2025-01-18,34426700
PRJ3-01792,-0.0081,-23,0,0,0,1.0082,1.0226,Complete,2024-06-25,215428900
PRJ3-01793,0.0069,-25,0,0,0,0.9932,1.0335,Complete,2023-07-10,53509600
PRJ3-01794,0.052,-4,0,0,0,0.9506,1.0078,Complete,2026-03-12,58679600
PRJ3-01795,0.0635,-10,0,0,0,0.9403,1.0097,Complete,2024-09-14,310786600
PRJ3-01796,0.0592,-1,0,0,0,0.9441,1.001,Complete,2026-04-24,286947700
PRJ3-01797,0.0045,-5,0,0,0,0.9956,1.017,Complete,2021-07-03,54606000
PRJ3-01798,0.1059,13,1,0,1,0.9042,0.9718,Complete,2026-03-17,109262100
PRJ3-01799,0.0893,-25,0,0,0,0.918,1.0217,Complete,2020-09-02,225053100
PRJ3-01800,0.0284,30,0,1,1,0.9724,0.9673,Complete,2023-06-06,41572700
PRJ3-01801,-0.0294,-4,0,0,0,1.0303,1.0049,Complete,2026-02-06,38794500
PRJ3-01802,-0.0096,-1,0,0,0,1.0097,1.0025,Complete,2019-08-29,37457000
PRJ3-01804,0.0925,21,0,0,0,0.9153,0.97,Complete,2021-03-17,28298000
PRJ3-01805,0.0049,-25,0,0,0,0.9951,1.0383,Complete,2020-02-19,233095500
PRJ3-01806,0.1259,2,1,0,1,0.8882,0.9983,Complete,2024-03-24,493384700
PRJ3-01807,0.0849,11,0,0,0,0.9217,0.9756,Complete,2025-02-19,19472900
PRJ3-01808,0.246,29,1,0,1,0.8026,0.9697,Complete,2026-03-29,241657900
PRJ3-01809,0.0892,19,0,0,0,0.9181,0.9643,Complete,2026-07-31,32035100
PRJ3-01810,0.068,17,0,0,0,0.9363,0.9788,Complete,2022-10-22,51331600
PRJ3-01811,0.0188,1,0,0,0,0.9815,0.9988,Complete,2023-05-04,79547300
PRJ3-01813,0.0514,7,0,0,0,0.9511,0.9926,Complete,2021-11-09,261739300
PRJ3-01814,0.0359,-3,0,0,0,0.9653,1.0022,Complete,2022-10-25,235961400
PRJ3-01815,0.0435,-20,0,0,0,0.9583,1.0231,Complete,2025-04-21,142055400
PRJ3-01816,0.1496,12,1,0,1,0.8699,0.9912,Complete,2025-05-09,296798300
PRJ3-01817,0.1109,-15,1,0,1,0.9002,1.0145,Complete,2025-11-19,345424800
PRJ3-01818,-0.042,9,0,0,0,1.0439,0.9874,Complete,2022-11-16,94997600
PRJ3-01819,0.0936,-21,0,0,0,0.9144,1.0303,Complete,2025-02-10,108523300
PRJ3-01820,0.0772,13,0,0,0,0.9284,0.9865,Complete,2023-05-09,51441700
PRJ3-01821,0.1442,-25,1,0,1,0.874,1.0342,Complete,2023-07-16,119712500
PRJ3-01822,0.0828,50,0,1,1,0.9235,0.9617,Complete,2024-09-06,516835900
PRJ3-01823,0.0712,40,0,1,1,0.9336,0.9529,Complete,2024-11-06,90566900
PRJ3-01824,0.0773,-18,0,0,0,0.9282,1.0225,Complete,2022-05-28,156917800
PRJ3-01825,0.0369,15,0,0,0,0.9644,0.9817,Complete,2026-12-08,42712600
PRJ3-01826,-0.0046,-2,0,0,0,1.0046,1.0016,Complete,2023-04-04,108100100
PRJ3-01827,0.0039,-11,0,0,0,0.9961,1.0165,Complete,2026-09-21,82794500
PRJ3-01828,0.0966,-6,0,0,0,0.9119,1.0099,Complete,2021-11-15,38837600
PRJ3-01829,0.1238,16,1,0,1,0.8898,0.9825,Complete,2023-05-21,61279700
PRJ3-01830,0.0185,10,0,0,0,0.9819,0.9859,Complete,2023-12-30,107876500
PRJ3-01831,0.1105,56,1,1,1,0.9005,0.9291,Complete,2020-09-04,59273900
PRJ3-01832,0.099,-12,0,0,0,0.9099,1.0183,Complete,2021-10-09,103476800
PRJ3-01833,0.0114,-24,0,0,0,0.9887,1.0214,Complete,2027-01-19,442037500
PRJ3-01834,0.0733,-25,0,0,0,0.9317,1.0354,Complete,2027-01-31,114637700
PRJ3-01835,0.058,-9,0,0,0,0.9451,1.0074,Complete,2027-07-27,338387700
PRJ3-01836,0.1215,-4,1,0,1,0.8917,1.0043,Complete,2027-04-27,121036700
PRJ3-01837,0.0841,36,0,1,1,0.9225,0.976,Complete,2026-08-11,199532000
PRJ3-01838,-0.0442,26,0,0,0,1.0462,0.9774,Complete,2023-09-02,122677200
PRJ3-01839,0.1062,23,1,0,1,0.904,0.9744,Complete,2022-06-19,59333800
PRJ3-01840,-0.0349,7,0,0,0,1.0362,0.9892,Complete,2021-07-30,40782700
PRJ3-01841,0.0196,-4,0,0,0,0.9808,1.0057,Complete,2025-12-28,88469000
PRJ3-01842,0.0797,-6,0,0,0,0.9262,1.008,Complete,2023-12-04,97095600
PRJ3-01843,-0.0018,21,0,0,0,1.0018,0.9766,Complete,2024-10-24,96513000
PRJ3-01844,0.0974,-5,0,0,0,0.9112,1.005,Complete,2026-10-11,641633100
PRJ3-01845,0.0489,8,0,0,0,0.9534,0.9933,Complete,2024-08-08,216511700
PRJ3-01846,0.0849,38,0,1,1,0.9218,0.975,Complete,2022-07-13,323422900
PRJ3-01847,0.0448,8,0,0,0,0.9571,0.9883,Complete,2022-11-26,22588400
PRJ3-01848,0.1162,2,1,0,1,0.8959,0.9966,Complete,2022-12-30,37067300
PRJ3-01849,-0.0075,31,0,1,1,1.0075,0.9725,Complete,2024-11-25,136291400
PRJ3-01851,0.038,27,0,0,0,0.9634,0.9586,Complete,2023-01-29,118952200
PRJ3-01852,0.0713,30,0,1,1,0.9334,0.9758,Complete,2020-07-20,128543400
PRJ3-01853,-0.0286,2,0,0,0,1.0294,0.9985,Complete,2023-07-29,117519200
PRJ3-01854,0.0339,9,0,0,0,0.9672,0.9792,Complete,2022-07-31,116943000
PRJ3-01855,0.1225,14,1,0,1,0.8909,0.9858,Complete,2023-12-24,364904500
PRJ3-01856,0.1485,65,1,1,1,0.8707,0.9533,Complete,2023-07-31,453846900
PRJ3-01857,-0.0211,-6,0,0,0,1.0215,1.0087,Complete,2025-11-11,43955900
PRJ3-01858,-0.0213,-11,0,0,0,1.0217,1.0119,Complete,2022-04-11,252083500
PRJ3-01859,0.0649,-25,0,0,0,0.9391,1.0294,Complete,2024-09-03,107519200
PRJ3-01860,-0.0122,-15,0,0,0,1.0124,1.0234,Complete,2025-08-11,28329800
PRJ3-01861,-0.0057,34,0,1,1,1.0057,0.9611,Complete,2021-12-03,245823400
PRJ3-01863,0.0025,4,0,0,0,0.9975,0.9966,Complete,2025-04-19,178893000
PRJ3-01864,0.079,1,0,0,0,0.9268,0.9985,Complete,2024-07-07,47167700
PRJ3-01865,0.0531,-25,0,0,0,0.9496,1.0354,Complete,2025-07-25,222668300
PRJ3-01866,0.0556,39,0,1,1,0.9474,0.9584,Complete,2020-08-09,230103600
PRJ3-01867,0.0034,9,0,0,0,0.9966,0.9913,Complete,2027-05-16,37196400
PRJ3-01868,0.0977,15,0,0,0,0.911,0.982,Complete,2021-12-26,105267900
PRJ3-01869,0.1703,17,1,0,1,0.8545,0.9839,Complete,2024-03-04,107395900
PRJ3-01870,0.1366,84,1,1,1,0.8798,0.8704,Complete,2022-12-04,45950600
PRJ3-01871,0.0361,5,0,0,0,0.9651,0.995,Complete,2024-05-25,183067500
PRJ3-01872,0.0214,-9,0,0,0,0.9791,1.0115,Complete,2026-03-18,112579200
PRJ3-01873,-0.008,-13,0,0,0,1.0081,1.0108,Complete,2023-05-11,69250500
PRJ3-01874,0.0932,36,0,1,1,0.9148,0.9661,Complete,2026-04-29,145723300
PRJ3-01875,0.1521,16,1,0,1,0.868,0.9757,Complete,2026-09-20,42931000
PRJ3-01876,0.1733,22,1,0,1,0.8523,0.9774,Complete,2021-04-08,480526800
PRJ3-01877,-0.0146,14,0,0,0,1.0148,0.9857,Complete,2026-03-10,55895400
PRJ3-01878,0.0773,5,0,0,0,0.9282,0.9948,Complete,2027-03-14,132850500
PRJ3-01879,0.1245,42,1,1,1,0.8893,0.9625,Complete,2025-01-14,154796400
PRJ3-01880,0.0788,-3,0,0,0,0.927,1.0031,Complete,2026-12-18,117209500
PRJ3-01881,0.127,75,1,1,1,0.8873,0.9093,Complete,2023-06-17,144178300
PRJ3-01882,0.0672,16,0,0,0,0.9371,0.9862,Complete,2022-07-15,334635000
PRJ3-01883,0.0966,-5,0,0,0,0.9119,1.0084,Complete,2024-04-16,21581000
PRJ3-01884,0.0956,8,0,0,0,0.9127,0.9891,Complete,2026-09-04,162983600
PRJ3-01885,0.0043,-24,0,0,0,0.9957,1.0291,Complete,2022-08-05,80659800
PRJ3-01886,0.1682,12,1,0,1,0.856,0.9885,Complete,2026-10-28,152540000
PRJ3-01887,0.0774,-14,0,0,0,0.9281,1.0143,Complete,2026-12-13,85762200
PRJ3-01888,0.0663,72,0,1,1,0.9379,0.8639,Complete,2026-01-26,115913200
PRJ3-01889,-0.0061,7,0,0,0,1.0061,0.9926,Complete,2024-11-22,341076700
PRJ3-01890,0.0113,4,0,0,0,0.9888,0.9936,Complete,2025-11-04,53906400
PRJ3-01891,0.0166,25,0,0,0,0.9836,0.9533,Complete,2025-08-20,130080000
PRJ3-01892,0.0433,-16,0,0,0,0.9585,1.0256,Complete,2024-06-11,19535500
PRJ3-01893,0.1078,11,1,0,1,0.9027,0.9783,Complete,2022-04-09,40965900
PRJ3-01894,0.1574,-9,1,0,1,0.864,1.0131,Complete,2026-10-04,85974600
PRJ3-01895,0.1085,1,1,0,1,0.9022,0.9988,Complete,2020-06-06,133875800
PRJ3-01896,0.1597,12,1,0,1,0.8623,0.9866,Complete,2025-08-16,99152100
PRJ3-01897,0.1715,62,1,1,1,0.8536,0.921,Complete,2024-03-14,62846300
PRJ3-01898,0.044,-16,0,0,0,0.9579,1.0124,Complete,2024-12-20,259333000
PRJ3-01899,0.0617,34,0,1,1,0.9419,0.9511,Complete,2021-05-19,83105900
PRJ3-01900,-0.0138,-18,0,0,0,1.014,1.0265,Complete,2025-11-23,45464700
PRJ3-01901,0.0233,5,0,0,0,0.9772,0.9936,Complete,2021-10-22,278868800
PRJ3-01902,0.1155,15,1,0,1,0.8964,0.9872,Complete,2022-02-24,196761800
PRJ3-01903,0.0646,41,0,1,1,0.9393,0.9542,Complete,2026-02-19,55012800
PRJ3-01904,0.1478,2,1,0,1,0.8712,0.9977,Complete,2024-12-17,91890700
PRJ3-01905,0.0853,-18,0,0,0,0.9214,1.0224,Complete,2023-12-24,132957400
PRJ3-01906,0.142,38,1,1,1,0.8757,0.9576,Complete,2026-10-04,193004000
PRJ3-01907,0.1176,10,1,0,1,0.8948,0.9894,Complete,2027-01-04,117863100
PRJ3-01908,0.071,-20,0,0,0,0.9337,1.0398,Complete,2024-07-24,41392400
PRJ3-01909,0.0531,4,0,0,0,0.9496,0.9955,Complete,2026-10-10,149460700
PRJ3-01910,0.1259,8,1,0,1,0.8881,0.9877,Complete,2022-01-21,116130800
PRJ3-01911,0.0303,-25,0,0,0,0.9705,1.0341,Complete,2023-11-15,73759500
PRJ3-01912,0.027,0,0,0,0,0.9737,1.0,Complete,2024-05-29,170019000
PRJ3-01913,0.0746,-15,0,0,0,0.9306,1.0184,Complete,2022-04-21,211927900
PRJ3-01914,0.1304,12,1,0,1,0.8846,0.9818,Complete,2020-06-28,374947800
PRJ3-01915,0.0881,18,0,0,0,0.919,0.9751,Complete,2020-08-27,67919100
PRJ3-01916,0.0392,-18,0,0,0,0.9623,1.0425,Complete,2020-06-16,28397900
PRJ3-01917,0.0355,28,0,0,0,0.9657,0.952,Complete,2025-12-08,45862500
PRJ3-01918,0.0226,18,0,0,0,0.9779,0.9841,Complete,2023-08-01,183852000
PRJ3-01919,0.1753,15,1,0,1,0.8509,0.983,Complete,2026-04-22,16106200
PRJ3-01920,0.2534,85,1,1,1,0.7979,0.9227,Complete,2022-04-27,109427600
PRJ3-01921,0.0956,37,0,1,1,0.9127,0.9562,Complete,2021-08-09,156597900
PRJ3-01922,0.0975,21,0,0,0,0.9111,0.9659,Complete,2022-03-02,64698000
PRJ3-01923,-0.0137,-25,0,0,0,1.0139,1.0246,Complete,2024-06-23,328365000
PRJ3-01924,0.1704,44,1,1,1,0.8544,0.9487,Complete,2022-05-29,218130100
PRJ3-01925,0.2436,24,1,0,1,0.8041,0.9827,Complete,2027-07-26,498889900
PRJ3-01926,0.0272,15,0,0,0,0.9735,0.9862,Complete,2024-08-01,112880200
PRJ3-01927,0.0683,26,0,0,0,0.9361,0.9795,Complete,2022-06-01,314563000
PRJ3-01928,-0.0157,34,0,1,1,1.016,0.9423,Complete,2022-08-05,34774500
PRJ3-01929,-0.0294,22,0,0,0,1.0303,0.9795,Complete,2024-10-22,151961100
PRJ3-01930,0.0108,20,0,0,0,0.9893,0.9784,Complete,2024-08-21,109710400
PRJ3-01931,0.0094,-25,0,0,0,0.9906,1.043,Complete,2023-11-25,35933100
PRJ3-01932,0.0443,-8,0,0,0,0.9576,1.0088,Complete,2025-02-08,142617500
PRJ3-01933,0.0983,23,0,0,0,0.9105,0.977,Complete,2025-10-16,126013000
PRJ3-01934,0.1235,50,1,1,1,0.8901,0.9438,Complete,2024-09-11,81688900
PRJ3-01935,0.0505,-21,0,0,0,0.9519,1.0375,Complete,2025-04-02,39941000
PRJ3-01936,0.0447,14,0,0,0,0.9572,0.9882,Complete,2027-12-06,181872600
PRJ3-01937,-0.0036,3,0,0,0,1.0036,0.9938,Complete,2022-04-14,31679600
PRJ3-01938,-0.0237,-9,0,0,0,1.0242,1.0114,Complete,2027-01-12,196920100
PRJ3-01939,0.0527,-6,0,0,0,0.95,1.0072,Complete,2022-06-13,137854000
PRJ3-01940,0.0379,1,0,0,0,0.9635,0.999,Complete,2021-05-23,130448600
PRJ3-01941,0.0357,14,0,0,0,0.9656,0.9837,Complete,2021-10-08,41048500
PRJ3-01942,0.0842,-5,0,0,0,0.9223,1.0034,Complete,2023-09-28,241727100
PRJ3-01943,0.077,-9,0,0,0,0.9285,1.0112,Complete,2026-08-02,179651100
PRJ3-01944,-0.0482,-8,0,0,0,1.0506,1.0072,Complete,2025-09-05,383380600
PRJ3-01945,0.1141,50,1,1,1,0.8976,0.9648,Complete,2027-02-09,203054800
PRJ3-01946,0.066,28,0,0,0,0.9381,0.9355,Complete,2023-12-29,77167800
PRJ3-01947,0.0634,23,0,0,0,0.9404,0.9657,Complete,2021-01-20,69580100
PRJ3-01948,0.0934,18,0,0,0,0.9146,0.9818,Complete,2026-07-30,71639500
PRJ3-01949,0.0977,-12,0,0,0,0.911,1.0099,Complete,2021-06-04,264888600
PRJ3-01950,0.1633,63,1,1,1,0.8596,0.9446,Complete,2024-06-28,54227900
PRJ3-01951,0.0732,-7,0,0,0,0.9318,1.0101,Complete,2026-01-30,65991400
PRJ3-01952,0.0735,-18,0,0,0,0.9316,1.0309,Complete,2021-12-10,120854000
PRJ3-01953,0.0975,-2,0,0,0,0.9112,1.0031,Complete,2024-12-17,80237700
PRJ3-01954,0.0334,14,0,0,0,0.9677,0.9783,Complete,2022-01-08,122760300
PRJ3-01955,0.0745,-25,0,0,0,0.9307,1.0305,Complete,2020-03-08,51237000
PRJ3-01956,0.2266,88,1,1,1,0.8153,0.9173,Complete,2024-09-14,191394900
PRJ3-01957,0.0735,-24,0,0,0,0.9315,1.0485,Complete,2022-11-14,51508100
PRJ3-01958,0.1901,46,1,1,1,0.8403,0.9091,Complete,2021-11-10,32981600
PRJ3-01959,0.0235,19,0,0,0,0.977,0.981,Complete,2027-01-20,89055400
PRJ3-01960,0.0569,-10,0,0,0,0.9462,1.0149,Complete,2020-05-09,90652100
PRJ3-01961,0.1007,32,1,1,1,0.9085,0.9557,Complete,2020-09-15,69955700
PRJ3-01962,0.0547,2,0,0,0,0.9481,0.9981,Complete,2021-07-16,169805500
PRJ3-01963,0.0278,-14,0,0,0,0.973,1.0159,Complete,2025-07-07,389886300
PRJ3-01964,0.1248,7,1,0,1,0.8891,0.9921,Complete,2020-09-20,68411800
PRJ3-01965,-0.0084,-25,0,0,0,1.0084,1.0221,Complete,2024-02-11,152367200
PRJ3-01966,0.2022,57,1,1,1,0.8318,0.9354,Complete,2023-01-25,534288700
PRJ3-01967,-0.0181,35,0,1,1,1.0184,0.9698,Complete,2023-09-24,178404400
PRJ3-01968,0.0268,-5,0,0,0,0.9739,1.0041,Complete,2025-07-30,224987000
PRJ3-01969,0.0205,-25,0,0,0,0.9799,1.0405,Complete,2022-11-10,67052700
PRJ3-01970,0.1046,-25,1,0,1,0.9053,1.044,Complete,2026-01-28,81488600
PRJ3-01971,-0.0147,-3,0,0,0,1.0149,1.004,Complete,2022-03-22,115731400
PRJ3-01972,0.0982,12,0,0,0,0.9105,0.9896,Complete,2026-07-05,261806000
PRJ3-01973,0.0845,31,0,1,1,0.9221,0.9585,Complete,2026-10-26,154372200
PRJ3-01975,0.0095,1,0,0,0,0.9906,0.9993,Complete,2024-11-29,326032400
PRJ3-01976,0.0641,32,0,1,1,0.9398,0.9682,Complete,2023-02-03,290257200
PRJ3-01977,0.2056,29,1,0,1,0.8294,0.9811,Complete,2022-02-14,237951500
PRJ3-01978,0.1187,31,1,1,1,0.8939,0.9523,Complete,2022-02-22,21352300
PRJ3-01979,0.0043,11,0,0,0,0.9957,0.9798,Complete,2025-09-28,18930900
PRJ3-01980,0.0713,14,0,0,0,0.9334,0.9874,Complete,2023-09-05,320699100
PRJ3-01981,0.1337,35,1,1,1,0.8821,0.9672,Complete,2026-09-08,301624800
PRJ3-01982,0.0557,9,0,0,0,0.9472,0.9847,Complete,2026-03-18,34360400
PRJ3-01983,-0.0367,-25,0,0,0,1.0382,1.0271,Complete,2021-10-30,165805700
PRJ3-01984,0.0577,19,0,0,0,0.9455,0.958,Complete,2024-02-19,43717800
PRJ3-01985,0.1443,55,1,1,1,0.8739,0.9306,Complete,2021-07-25,112551200
PRJ3-01986,0.0365,33,0,1,1,0.9648,0.9592,Complete,2026-12-23,31638100
PRJ3-01987,0.0173,-25,0,0,0,0.983,1.0206,Complete,2027-10-06,142972900
PRJ3-01988,0.1479,6,1,0,1,0.8711,0.9918,Complete,2025-06-17,186635700
PRJ3-01989,0.0621,6,0,0,0,0.9415,0.9917,Complete,2026-07-13,55114500
PRJ3-01990,-0.0569,13,0,0,0,1.0604,0.984,Complete,2023-06-13,65065000
PRJ3-01991,0.0108,54,0,1,1,0.9893,0.9441,Complete,2026-05-30,213663200
PRJ3-01992,0.0938,10,0,0,0,0.9142,0.9927,Complete,2025-05-14,162621600
PRJ3-01993,-0.0796,24,0,0,0,1.0864,0.9768,Complete,2027-06-15,128421300
PRJ3-01994,0.0466,11,0,0,0,0.9554,0.9855,Complete,2022-10-15,28522200
PRJ3-01995,0.0424,39,0,1,1,0.9593,0.9613,Complete,2026-03-22,243667200
PRJ3-01996,0.003,0,0,0,0,0.997,1.0,Complete,2027-11-21,88774900
PRJ3-01997,0.1969,33,1,1,1,0.8355,0.9654,Complete,2025-11-15,71550600
PRJ3-01998,0.1565,20,1,0,1,0.8647,0.9741,Complete,2022-06-19,131337300
PRJ3-01999,0.0254,-8,0,0,0,0.9752,1.0073,Complete,2024-07-16,338483400
PRJ3-02000,0.0428,-2,0,0,0,0.959,1.0018,Complete,2023-05-25,154285100
PRJ3-02001,-0.0004,-20,0,0,0,1.0004,1.015,Complete,2024-11-09,43259000
PRJ3-02002,0.1297,52,1,1,1,0.8852,0.9458,Complete,2027-07-01,117575200
PRJ3-02003,0.074,34,0,1,1,0.9311,0.9577,Complete,2023-12-30,59080100
PRJ3-02004,0.0365,8,0,0,0,0.9648,0.9873,Complete,2024-11-24,130834800
PRJ3-02005,0.0521,-15,0,0,0,0.9505,1.0242,Complete,2024-09-19,83993500
PRJ3-02006,-0.0161,33,0,1,1,1.0163,0.9717,Complete,2026-07-22,241734600
PRJ3-02007,0.0117,2,0,0,0,0.9884,0.9978,Complete,2026-01-01,253814800
PRJ3-02008,-0.0132,-3,0,0,0,1.0133,1.0036,Complete,2025-12-12,133658700
PRJ3-02009,0.0611,34,0,1,1,0.9424,0.9063,Complete,2021-03-05,40628300
PRJ3-02010,0.0603,-3,0,0,0,0.9432,1.0028,Complete,2021-05-06,162405200
PRJ3-02012,0.0057,10,0,0,0,0.9944,0.9855,Complete,2024-12-01,136385600
PRJ3-02013,0.0087,61,0,1,1,0.9913,0.9498,Complete,2023-11-16,253900400
PRJ3-02014,0.0398,11,0,0,0,0.9617,0.9704,Complete,2020-07-23,21033400
PRJ3-02015,0.0028,-11,0,0,0,0.9972,1.015,Complete,2026-12-22,114597200
PRJ3-02016,0.0593,1,0,0,0,0.944,0.9986,Complete,2024-09-09,37795100
PRJ3-02017,0.0873,-25,0,0,0,0.9197,1.0292,Complete,2024-11-22,97076100
PRJ3-02018,0.2344,-1,1,0,1,0.8101,1.0016,Complete,2026-12-30,92873000
PRJ3-02019,0.0656,42,0,1,1,0.9385,0.9354,Complete,2026-09-22,39019100
PRJ3-02020,0.1042,54,1,1,1,0.9057,0.9588,Complete,2021-09-09,226115600
PRJ3-02021,0.0646,29,0,0,0,0.9393,0.9688,Complete,2023-06-09,82269000
PRJ3-02022,0.0146,-17,0,0,0,0.9856,1.039,Complete,2023-04-14,33917400
PRJ3-02023,0.0967,-25,0,0,0,0.9118,1.0348,Complete,2023-05-04,233272400
PRJ3-02024,0.0903,1,0,0,0,0.9172,0.9991,Complete,2026-06-02,312158900
PRJ3-02025,0.0927,-6,0,0,0,0.9152,1.0109,Complete,2024-08-24,99856400
PRJ3-02026,0.0415,11,0,0,0,0.9601,0.9801,Complete,2023-10-22,88215800
PRJ3-02027,0.2113,33,1,1,1,0.8256,0.9666,Complete,2026-05-18,251792500
PRJ3-02028,-0.0093,-25,0,0,0,1.0094,1.0538,Complete,2022-11-18,39788800
PRJ3-02029,0.0912,19,0,0,0,0.9164,0.9841,Complete,2020-12-08,180280200
PRJ3-02030,0.1051,20,1,0,1,0.9049,0.9852,Complete,2025-10-23,489386300
PRJ3-02031,0.0115,-25,0,0,0,0.9886,1.0417,Complete,2023-09-02,123206700
PRJ3-02032,0.1057,18,1,0,1,0.9044,0.9819,Complete,2020-11-02,572669400
PRJ3-02033,0.0911,4,0,0,0,0.9165,0.9942,Complete,2022-02-17,18159200
PRJ3-02034,0.0239,-15,0,0,0,0.9767,1.0285,Complete,2026-08-06,52257900
PRJ3-02035,0.0179,-25,0,0,0,0.9824,1.0342,Complete,2024-10-17,72627300
PRJ3-02036,0.0827,18,0,0,0,0.9236,0.9832,Complete,2024-01-20,566745200
PRJ3-02037,0.031,14,0,0,0,0.9699,0.9776,Complete,2026-02-21,446630400
PRJ3-02038,0.0732,15,0,0,0,0.9318,0.9813,Complete,2026-08-22,91634100
PRJ3-02039,0.101,26,1,0,1,0.9083,0.9764,Complete,2024-07-26,143238900
PRJ3-02040,0.0466,48,0,1,1,0.9555,0.9468,Complete,2024-05-22,46754200
PRJ3-02041,0.0387,-14,0,0,0,0.9628,1.0164,Complete,2023-11-10,24786600
PRJ3-02042,0.0947,29,0,0,0,0.9135,0.9796,Complete,2023-04-09,106687800
PRJ3-02043,0.0956,-7,0,0,0,0.9127,1.0053,Complete,2027-06-05,207106500
PRJ3-02044,0.0435,-12,0,0,0,0.9583,1.0175,Complete,2022-03-11,82421400
PRJ3-02045,0.0851,-25,0,0,0,0.9216,1.0548,Complete,2023-01-05,52752500
PRJ3-02046,0.0837,17,0,0,0,0.9227,0.9834,Complete,2021-06-13,201455100
PRJ3-02047,0.0733,-11,0,0,0,0.9317,1.0171,Complete,2020-09-19,16610100
PRJ3-02048,-0.0413,-10,0,0,0,1.0431,1.0189,Complete,2022-09-20,46880100
PRJ3-02049,0.0603,-1,0,0,0,0.9431,1.0009,Complete,2027-01-28,124891200
PRJ3-02050,0.0277,44,0,1,1,0.9731,0.8451,Complete,2019-11-25,42078900
PRJ3-02051,-0.0547,-25,0,0,0,1.0579,1.08,Complete,2023-11-10,86188600
PRJ3-02052,0.0522,-5,0,0,0,0.9504,1.0063,Complete,2022-12-17,90584900
PRJ3-02053,0.0081,6,0,0,0,0.992,0.9938,Complete,2025-08-11,51353400
PRJ3-02054,0.0284,-14,0,0,0,0.9724,1.029,Complete,2020-05-06,58317500
PRJ3-02055,0.2381,19,1,0,1,0.8077,0.969,Complete,2020-03-22,100984000
PRJ3-02056,0.0914,-15,0,0,0,0.9162,1.0211,Complete,2020-01-02,77591100
PRJ3-02057,0.0194,-2,0,0,0,0.9809,1.0033,Complete,2026-04-05,40972400
PRJ3-02058,0.0955,30,0,1,1,0.9128,0.9394,Complete,2021-01-18,39908100
PRJ3-02059,0.0364,25,0,0,0,0.9648,0.9806,Complete,2023-03-18,327282200
PRJ3-02060,0.025,-19,0,0,0,0.9756,1.0212,Complete,2025-05-18,94801500
PRJ3-02061,-0.0192,5,0,0,0,1.0196,0.9956,Complete,2023-07-17,200807700
PRJ3-02062,0.047,5,0,0,0,0.9551,0.9955,Complete,2026-10-04,201819700
PRJ3-02063,0.1075,0,1,0,1,0.903,1.0,Complete,2023-07-30,102927000
PRJ3-02064,0.1886,11,1,0,1,0.8413,0.9808,Complete,2020-08-05,26473500
PRJ3-02065,0.0582,-4,0,0,0,0.945,1.0074,Complete,2021-10-08,63870500
PRJ3-02066,0.0738,-10,0,0,0,0.9312,1.0136,Complete,2023-04-09,91525200
PRJ3-02067,0.0883,28,0,0,0,0.9189,0.9241,Complete,2024-03-16,33914400
PRJ3-02068,0.212,21,1,0,1,0.8251,0.9807,Complete,2021-06-04,163561900
PRJ3-02069,0.1256,51,1,1,1,0.8884,0.9354,Complete,2026-07-20,119111200
PRJ3-02070,0.0031,-17,0,0,0,0.997,1.019,Complete,2026-03-21,47904500
PRJ3-02071,0.0301,-19,0,0,0,0.9708,1.0213,Complete,2024-01-20,294939900
PRJ3-02072,0.0674,39,0,1,1,0.9368,0.9631,Complete,2027-03-04,299777900
PRJ3-02073,0.0573,11,0,0,0,0.9458,0.9894,Complete,2026-03-22,275647800
PRJ3-02074,0.0717,29,0,0,0,0.9331,0.9534,Complete,2024-02-04,28208800
PRJ3-02075,0.1226,14,1,0,1,0.8908,0.9895,Complete,2025-08-15,891778000
PRJ3-02076,0.0495,37,0,1,1,0.9528,0.9634,Complete,2026-10-10,422568100
PRJ3-02077,0.1108,4,1,0,1,0.9003,0.9961,Complete,2023-04-21,92403400
PRJ3-02079,0.1665,73,1,1,1,0.8573,0.9309,Complete,2022-05-07,149959100
PRJ3-02080,0.0159,2,0,0,0,0.9843,0.9972,Complete,2022-09-29,55764100
PRJ3-02081,0.0003,27,0,0,0,0.9997,0.9708,Complete,2023-06-24,216930200
PRJ3-02082,0.1066,-7,1,0,1,0.9037,1.0108,Complete,2022-04-26,134633000
PRJ3-02083,-0.0662,-3,0,0,0,1.0709,1.0029,Complete,2021-10-07,361927000
PRJ3-02084,0.0981,20,0,0,0,0.9107,0.9728,Complete,2026-12-25,134573200
PRJ3-02085,-0.0484,-13,0,0,0,1.0509,1.0204,Complete,2024-07-09,41921700
PRJ3-02086,0.1538,22,1,0,1,0.8667,0.9757,Complete,2024-11-09,123287800
PRJ3-02087,0.1336,-7,1,0,1,0.8821,1.0101,Complete,2026-05-04,143341300
PRJ3-02088,0.0392,-15,0,0,0,0.9623,1.0305,Complete,2024-07-25,112509100
PRJ3-02089,0.1604,25,1,0,1,0.8618,0.9682,Complete,2021-02-26,175180400
PRJ3-02090,0.0355,45,0,1,1,0.9657,0.9485,Complete,2023-02-16,171653100
PRJ3-02091,0.0393,45,0,1,1,0.9622,0.9607,Complete,2023-07-29,210958300
PRJ3-02092,0.0522,21,0,0,0,0.9504,0.9837,Complete,2024-08-28,192061500
PRJ3-02093,0.1212,5,1,0,1,0.8919,0.9955,Complete,2025-02-08,63210100
PRJ3-02094,0.1861,-23,1,0,1,0.8431,1.0216,Complete,2026-05-28,1126822800
PRJ3-02095,0.0702,10,0,0,0,0.9344,0.9929,Complete,2026-06-17,153247600
PRJ3-02096,0.0708,-25,0,0,0,0.9339,1.0282,Complete,2020-12-14,163434900
PRJ3-02097,0.0235,41,0,1,1,0.9771,0.9638,Complete,2027-03-21,335327100
PRJ3-02098,-0.0423,8,0,0,0,1.0442,0.989,Complete,2026-04-19,109645700
PRJ3-02099,0.0716,-11,0,0,0,0.9331,1.0128,Complete,2023-08-07,46591000
PRJ3-02100,0.0541,12,0,0,0,0.9487,0.9886,Complete,2024-03-15,281675300
PRJ3-02101,0.1568,-19,1,0,1,0.8645,1.0149,Complete,2027-04-29,265917200
PRJ3-02102,-0.08,-3,0,0,0,1.087,1.003,Complete,2021-04-11,44803900
PRJ3-02103,0.0256,35,0,1,1,0.9751,0.9673,Complete,2025-02-19,233798000
PRJ3-02104,0.1562,47,1,1,1,0.8649,0.9604,Complete,2027-03-22,241188900
PRJ3-02105,0.0791,51,0,1,1,0.9267,0.9666,Complete,2026-09-18,260701900
PRJ3-02106,0.0741,-25,0,0,0,0.931,1.041,Complete,2024-10-02,189268600
PRJ3-02107,0.1974,-5,1,0,1,0.8351,1.006,Complete,2025-12-04,162341400
PRJ3-02108,0.1346,-6,1,0,1,0.8814,1.0056,Complete,2025-07-14,51613500
PRJ3-02109,0.0814,0,0,0,0,0.9248,1.0,Complete,2026-11-29,128577200
PRJ3-02110,0.1166,-25,1,0,1,0.8956,1.0299,Complete,2022-01-07,121579300
PRJ3-02111,0.0204,33,0,1,1,0.98,0.9376,Complete,2021-05-16,80141700
PRJ3-02112,-0.0026,-25,0,0,0,1.0026,1.0295,Complete,2023-07-03,84949900
PRJ3-02113,0.0967,21,0,0,0,0.9119,0.9839,Complete,2023-11-05,335967300
PRJ3-02114,0.1567,59,1,1,1,0.8645,0.9542,Complete,2025-11-01,667343900
PRJ3-02115,0.0173,-25,0,0,0,0.983,1.0456,Complete,2024-09-23,100211500
PRJ3-02116,0.1362,75,1,1,1,0.8802,0.954,Complete,2023-12-28,725683900
PRJ3-02117,0.0481,-25,0,0,0,0.9541,1.0209,Complete,2026-09-14,275245300
PRJ3-02118,0.1055,15,1,0,1,0.9046,0.9846,Complete,2024-11-13,240806500
PRJ3-02119,0.0508,-25,0,0,0,0.9517,1.0244,Complete,2026-02-08,186189400
PRJ3-02120,0.1897,-8,1,0,1,0.8406,1.0116,Complete,2025-05-04,51349700
PRJ3-02121,0.0518,7,0,0,0,0.9508,0.9895,Complete,2020-12-25,20763200
PRJ3-02122,0.0437,-13,0,0,0,0.9581,1.0123,Complete,2022-10-07,136775000
PRJ3-02123,0.1078,12,1,0,1,0.9027,0.9823,Complete,2022-06-13,66043400
PRJ3-02124,0.1435,5,1,0,1,0.8745,0.9952,Complete,2024-10-20,582998900
PRJ3-02125,-0.0504,23,0,0,0,1.0531,0.9696,Complete,2020-03-22,148955300
PRJ3-02126,0.0631,55,0,1,1,0.9407,0.9205,Complete,2020-04-14,94361500
PRJ3-02127,-0.0168,41,0,1,1,1.017,0.9686,Complete,2027-01-04,260489400
PRJ3-02128,-0.0284,4,0,0,0,1.0293,0.9923,Complete,2026-05-10,58930100
PRJ3-02129,0.0798,12,0,0,0,0.9261,0.9918,Complete,2023-02-25,207678400
PRJ3-02130,0.0914,-18,0,0,0,0.9163,1.0373,Complete,2024-10-01,138735000
PRJ3-02131,0.1909,-4,1,0,1,0.8397,1.0071,Complete,2026-10-18,159441000
PRJ3-02132,0.0447,-6,0,0,0,0.9572,1.0096,Complete,2023-11-04,96017700
PRJ3-02133,0.0267,31,0,1,1,0.974,0.9665,Complete,2026-02-15,399461800
PRJ3-02134,0.0622,-5,0,0,0,0.9414,1.008,Complete,2026-06-28,95382100
PRJ3-02135,0.0161,25,0,0,0,0.9841,0.9739,Complete,2023-01-16,139435400
PRJ3-02136,0.0388,21,0,0,0,0.9626,0.9566,Complete,2023-04-18,44276700
PRJ3-02137,0.04,55,0,1,1,0.9616,0.8807,Complete,2026-06-12,216764600
PRJ3-02138,0.0448,-6,0,0,0,0.9571,1.0067,Complete,2026-12-09,119975000
PRJ3-02139,-0.0428,-12,0,0,0,1.0447,1.0186,Complete,2023-03-15,56825400
PRJ3-02140,0.0233,-25,0,0,0,0.9772,1.0298,Complete,2020-03-31,106960000
PRJ3-02141,0.0255,20,0,0,0,0.9751,0.9788,Complete,2024-06-05,78803700
PRJ3-02142,0.0998,22,0,0,0,0.9093,0.9671,Complete,2024-09-01,62105100
PRJ3-02143,0.0801,42,0,1,1,0.9259,0.9594,Complete,2022-02-19,21998200
PRJ3-02144,0.077,-17,0,0,0,0.9285,1.0193,Complete,2024-01-08,144945600
PRJ3-02145,0.1218,-1,1,0,1,0.8915,1.0009,Complete,2024-05-03,413897700
PRJ3-02146,0.0751,-13,0,0,0,0.9301,1.0212,Complete,2026-03-28,140338200
PRJ3-02147,0.0608,0,0,0,0,0.9427,1.0,Complete,2026-07-08,33314300
PRJ3-02148,0.0803,37,0,1,1,0.9256,0.9679,Complete,2027-01-27,557811600
PRJ3-02149,0.1774,39,1,1,1,0.8493,0.9408,Complete,2021-01-25,53574500
PRJ3-02150,0.1431,49,1,1,1,0.8748,0.9006,Complete,2021-08-08,30053700
PRJ3-02151,0.1564,1,1,0,1,0.8647,0.9989,Complete,2026-05-29,48491900
PRJ3-02152,0.0281,-19,0,0,0,0.9727,1.0213,Complete,2021-09-22,164212200
PRJ3-02153,0.0463,3,0,0,0,0.9558,0.9972,Complete,2025-07-26,217241700
PRJ3-02154,0.1316,29,1,0,1,0.8837,0.9648,Complete,2022-12-26,100527700
PRJ3-02155,0.0357,8,0,0,0,0.9656,0.988,Complete,2026-04-18,120835800
PRJ3-02156,0.1701,26,1,0,1,0.8547,0.9784,Complete,2023-06-24,406695200
PRJ3-02157,-0.025,0,0,0,0,1.0257,1.0,Complete,2026-02-22,392359800
PRJ3-02159,0.1046,-23,1,0,1,0.9053,1.0168,Complete,2027-11-27,131040600
PRJ3-02160,0.0402,16,0,0,0,0.9614,0.9735,Complete,2025-02-26,101771600
PRJ3-02161,0.1264,36,1,1,1,0.8878,0.9723,Complete,2026-11-29,190843600
PRJ3-02162,0.0696,21,0,0,0,0.9349,0.972,Complete,2023-03-06,224213900
PRJ3-02163,0.0271,-4,0,0,0,0.9736,1.0043,Complete,2023-01-05,97153900
PRJ3-02164,0.0394,-8,0,0,0,0.9621,1.0061,Complete,2023-02-27,506506900
PRJ3-02165,0.0568,-5,0,0,0,0.9462,1.005,Complete,2024-07-30,140687700
PRJ3-02167,0.1188,86,1,1,1,0.8938,0.8867,Complete,2022-12-21,63759800
PRJ3-02168,0.0191,-15,0,0,0,0.9813,1.0212,Complete,2022-12-01,128952800
PRJ3-02169,-0.0339,-17,0,0,0,1.0351,1.0178,Complete,2021-05-24,159950300
PRJ3-02170,0.0127,0,0,0,0,0.9875,1.0,Complete,2023-11-09,123506200
PRJ3-02171,0.1102,-8,1,0,1,0.9007,1.0076,Complete,2024-03-21,534497400
PRJ3-02172,0.0682,15,0,0,0,0.9362,0.9831,Complete,2022-01-05,380671700
PRJ3-02173,0.024,11,0,0,0,0.9766,0.9905,Complete,2021-09-01,394355800
PRJ3-02174,-0.0165,-1,0,0,0,1.0168,1.0011,Complete,2020-12-08,293698400
PRJ3-02175,0.0902,6,0,0,0,0.9173,0.9926,Complete,2023-11-27,95638200
PRJ3-02176,0.093,-9,0,0,0,0.9149,1.0124,Complete,2024-06-07,159038900
PRJ3-02177,0.081,-13,0,0,0,0.925,1.0206,Complete,2023-04-05,89321200
PRJ3-02178,0.0204,-12,0,0,0,0.98,1.0196,Complete,2024-02-07,39756400
PRJ3-02179,-0.023,-16,0,0,0,1.0236,1.0236,Complete,2026-01-19,66142700
PRJ3-02180,0.0392,36,0,1,1,0.9623,0.9478,Complete,2023-02-19,52972300
PRJ3-02181,0.1565,59,1,1,1,0.8647,0.9599,Complete,2022-09-24,425272500
PRJ3-02182,0.0425,26,0,0,0,0.9593,0.9782,Complete,2021-04-05,158500900
PRJ3-02183,0.0101,11,0,0,0,0.99,0.9865,Complete,2021-01-11,70800800
PRJ3-02184,0.0297,65,0,1,1,0.9711,0.9437,Complete,2024-07-04,243173700
PRJ3-02185,0.0415,-2,0,0,0,0.9602,1.0022,Complete,2024-03-18,55121200
PRJ3-02186,0.0512,0,0,0,0,0.9513,1.0,Complete,2024-10-13,34206800
PRJ3-02187,0.0752,-25,0,0,0,0.9301,1.0225,Complete,2027-02-23,1021433900
PRJ3-02188,0.0703,27,0,0,0,0.9344,0.9471,Complete,2025-09-15,63401500
PRJ3-02189,0.0389,-3,0,0,0,0.9626,1.0028,Complete,2026-07-09,147203000
PRJ3-02190,0.0349,33,0,1,1,0.9663,0.9652,Complete,2024-05-10,186976000
PRJ3-02191,-0.0332,25,0,0,0,1.0344,0.9685,Complete,2027-02-18,357747200
PRJ3-02192,0.0529,0,0,0,0,0.9497,1.0,Complete,2020-12-24,217257300
PRJ3-02193,0.0197,19,0,0,0,0.9807,0.9859,Complete,2027-09-19,113547100
PRJ3-02194,0.0341,-7,0,0,0,0.967,1.0078,Complete,2025-02-03,116876700
PRJ3-02195,0.0708,8,0,0,0,0.9339,0.9846,Complete,2021-09-16,20607000
PRJ3-02196,0.0794,-10,0,0,0,0.9264,1.0101,Complete,2027-03-26,110456000
PRJ3-02197,0.1062,-25,1,0,1,0.904,1.0424,Complete,2026-07-21,117747000
PRJ3-02198,0.1552,50,1,1,1,0.8656,0.9623,Complete,2022-04-13,96166500
PRJ3-02199,0.1267,35,1,1,1,0.8875,0.9658,Complete,2024-04-25,375442400
PRJ3-02200,0.0904,43,0,1,1,0.9171,0.9534,Complete,2025-04-25,280664800
PRJ3-02201,-0.0664,38,0,1,1,1.0712,0.9447,Complete,2025-01-10,83233900
PRJ3-02202,0.0952,22,0,0,0,0.9131,0.9823,Complete,2025-05-30,178035100
PRJ3-02203,-0.0064,-25,0,0,0,1.0065,1.0538,Complete,2022-02-02,93233100
PRJ3-02204,0.1894,18,1,0,1,0.8408,0.9818,Complete,2026-08-25,228701900
PRJ3-02206,0.1564,73,1,1,1,0.8648,0.9471,Complete,2027-02-15,400920100
PRJ3-02207,-0.0083,-25,0,0,0,1.0083,1.0346,Complete,2025-06-05,48702700
PRJ3-02208,0.0521,44,0,1,1,0.9505,0.9667,Complete,2026-11-27,771448500
PRJ3-02209,0.0324,21,0,0,0,0.9686,0.9759,Complete,2025-04-11,93001900
PRJ3-02210,-0.0087,30,0,1,1,1.0088,0.9654,Complete,2025-03-24,163586500
PRJ3-02211,0.0478,10,0,0,0,0.9544,0.9885,Complete,2024-04-19,30841500
PRJ3-02212,0.0163,33,0,1,1,0.984,0.9711,Complete,2023-12-10,66534700
PRJ3-02213,0.0223,-25,0,0,0,0.9782,1.0424,Complete,2026-09-16,71922500
PRJ3-02214,0.0424,5,0,0,0,0.9593,0.996,Complete,2024-12-21,89235300
PRJ3-02215,0.1206,18,1,0,1,0.8923,0.9671,Complete,2026-05-24,42094700
PRJ3-02216,0.1612,19,1,0,1,0.8612,0.9806,Complete,2023-03-29,219814000
PRJ3-02217,0.1527,-25,1,0,1,0.8675,1.0246,Complete,2024-12-28,479619200
PRJ3-02218,-0.002,11,0,0,0,1.002,0.988,Complete,2020-12-26,122769200
PRJ3-02219,-0.0022,-25,0,0,0,1.0022,1.0419,Complete,2026-05-28,109897800
PRJ3-02220,0.1055,51,1,1,1,0.9046,0.9025,Complete,2025-05-09,58335200
PRJ3-02221,0.0556,14,0,0,0,0.9474,0.9848,Complete,2023-04-13,372431500
PRJ3-02222,0.1416,37,1,1,1,0.876,0.9181,Complete,2020-05-30,56361900
PRJ3-02223,0.1379,26,1,0,1,0.8788,0.9743,Complete,2022-12-26,179022700
PRJ3-02224,0.0478,13,0,0,0,0.9544,0.9874,Complete,2023-06-03,222557000
PRJ3-02225,-0.003,-25,0,0,0,1.003,1.0767,Complete,2026-05-06,103231000
PRJ3-02226,0.033,8,0,0,0,0.9681,0.9917,Complete,2024-03-06,731697800
PRJ3-02227,0.1197,17,1,0,1,0.8931,0.981,Complete,2021-12-15,161406100
PRJ3-02228,0.0729,-8,0,0,0,0.932,1.0076,Complete,2023-02-22,51345000
PRJ3-02229,-0.0358,11,0,0,0,1.0371,0.9771,Complete,2024-03-11,40310600
PRJ3-02230,0.1148,6,1,0,1,0.897,0.9946,Complete,2027-04-01,105276200
PRJ3-02231,0.0709,8,0,0,0,0.9338,0.9917,Complete,2025-04-29,138323300
PRJ3-02232,0.2352,23,1,0,1,0.8096,0.97,Complete,2025-04-07,125153600
PRJ3-02233,0.0326,-25,0,0,0,0.9684,1.0266,Complete,2025-02-08,93762700
PRJ3-02234,0.1666,15,1,0,1,0.8572,0.9794,Complete,2023-09-24,61660300
PRJ3-02235,0.1679,-4,1,0,1,0.8562,1.0033,Complete,2027-02-09,210528500
PRJ3-02236,-0.041,-7,0,0,0,1.0427,1.0096,Complete,2023-09-26,94752500
PRJ3-02237,0.1412,43,1,1,1,0.8762,0.9604,Complete,2027-01-29,129753300
PRJ3-02238,0.0961,53,0,1,1,0.9123,0.9316,Complete,2026-03-07,45654300
PRJ3-02239,0.1323,0,1,0,1,0.8832,1.0,Complete,2027-01-29,101961200
PRJ3-02240,0.0559,-25,0,0,0,0.947,1.0384,Complete,2025-05-24,314915400
PRJ3-02241,0.0426,37,0,1,1,0.9592,0.9428,Complete,2021-07-11,61434100
PRJ3-02242,0.0424,-25,0,0,0,0.9593,1.0668,Complete,2025-07-25,32103200
PRJ3-02243,0.129,-8,1,0,1,0.8857,1.0083,Complete,2025-12-15,184490300
PRJ3-02244,0.0619,-21,0,0,0,0.9417,1.0293,Complete,2020-06-21,62121400
PRJ3-02245,0.0443,-25,0,0,0,0.9576,1.0329,Complete,2022-03-09,202451500
PRJ3-02246,0.1226,39,1,1,1,0.8908,0.9536,Complete,2022-10-21,47758800
PRJ3-02247,0.0371,2,0,0,0,0.9642,0.998,Complete,2027-02-11,93030100
PRJ3-02248,0.1006,-8,1,0,1,0.9086,1.0075,Complete,2025-11-02,341657000
PRJ3-02249,0.1003,63,1,1,1,0.9089,0.936,Complete,2021-09-24,123710000
PRJ3-02250,0.0517,-25,0,0,0,0.9508,1.0287,Complete,2022-07-05,125386600
PRJ3-02251,0.0754,9,0,0,0,0.9299,0.9894,Complete,2024-04-13,96773800
PRJ3-02252,0.0636,18,0,0,0,0.9402,0.9858,Complete,2026-02-10,259315500
PRJ3-02253,-0.0476,-23,0,0,0,1.05,1.0554,Complete,2025-08-08,113450400
PRJ3-02254,0.1255,4,1,0,1,0.8885,0.9967,Complete,2023-06-16,170773200
PRJ3-02256,0.021,15,0,0,0,0.9794,0.9803,Complete,2025-06-07,83016600
PRJ3-02257,0.0714,41,0,1,1,0.9333,0.9639,Complete,2024-05-12,469407200
PRJ3-02258,-0.079,-25,0,0,0,1.0858,1.0381,Complete,2023-07-12,33310600
PRJ3-02259,0.1433,-4,1,0,1,0.8746,1.0033,Complete,2026-02-23,219981100
PRJ3-02260,0.0674,-25,0,0,0,0.9368,1.0387,Complete,2026-12-22,47156100
PRJ3-02261,0.0725,-14,0,0,0,0.9324,1.0111,Complete,2025-11-12,129123400
PRJ3-02262,0.041,-25,0,0,0,0.9606,1.0463,Complete,2024-04-01,28533800
PRJ3-02263,0.045,12,0,0,0,0.9569,0.9809,Complete,2020-08-11,43993800
PRJ3-02264,-0.019,-25,0,0,0,1.0193,1.0224,Complete,2026-06-11,364994300
PRJ3-02265,0.0687,-12,0,0,0,0.9357,1.0107,Complete,2021-07-17,397512700
PRJ3-02266,-0.0128,-18,0,0,0,1.0129,1.0453,Complete,2020-12-22,15544500
PRJ3-02267,-0.0162,1,0,0,0,1.0165,0.9987,Complete,2023-07-15,94967100
PRJ3-02268,0.0244,-7,0,0,0,0.9762,1.0107,Complete,2025-08-28,61189600
PRJ3-02269,0.0991,-7,0,0,0,0.9098,1.01,Complete,2026-03-12,131961700
PRJ3-02270,0.1238,-12,1,0,1,0.8899,1.0183,Complete,2022-08-18,112329700
PRJ3-02271,0.0595,-17,0,0,0,0.9439,1.0214,Complete,2026-07-10,24095700
PRJ3-02272,0.022,-22,0,0,0,0.9785,1.0452,Complete,2020-06-23,122970400
PRJ3-02273,-0.0312,4,0,0,0,1.0322,0.9927,Complete,2024-06-23,162350700
PRJ3-02274,0.049,19,0,0,0,0.9533,0.9735,Complete,2025-06-10,305426400
PRJ3-02275,0.0686,27,0,0,0,0.9358,0.9791,Complete,2022-01-18,107462700
PRJ3-02276,0.0996,45,0,1,1,0.9094,0.9432,Complete,2025-09-14,293056300
PRJ3-02277,-0.0074,-6,0,0,0,1.0075,1.0117,Complete,2025-06-19,224511500
PRJ3-02278,0.0888,-3,0,0,0,0.9184,1.0033,Complete,2026-09-21,297775500
PRJ3-02279,0.053,15,0,0,0,0.9497,0.9831,Complete,2026-01-11,139138600
PRJ3-02280,0.1488,32,1,1,1,0.8705,0.9717,Complete,2021-11-23,123752500
PRJ3-02281,0.0217,-4,0,0,0,0.9788,1.0038,Complete,2024-12-12,203882300
PRJ3-02282,0.0847,52,0,1,1,0.9219,0.9408,Complete,2022-12-18,120191200
PRJ3-02283,-0.0024,-9,0,0,0,1.0024,1.0195,Complete,2024-01-26,156780700
PRJ3-02284,0.0795,-2,0,0,0,0.9263,1.0021,Complete,2027-03-16,185587200
PRJ3-02285,-0.0081,31,0,1,1,1.0081,0.972,Complete,2023-01-05,372881600
PRJ3-02286,0.0117,4,0,0,0,0.9884,0.9972,Complete,2024-07-17,662439700
PRJ3-02287,-0.0224,3,0,0,0,1.023,0.9948,Complete,2021-10-10,90489300
PRJ3-02288,0.1235,-1,1,0,1,0.8901,1.0011,Complete,2025-03-08,269008800
PRJ3-02289,0.06,-10,0,0,0,0.9434,1.0091,Complete,2027-11-21,152851300
PRJ3-02290,0.0091,6,0,0,0,0.991,0.9899,Complete,2026-01-26,63413800
PRJ3-02291,0.1024,59,1,1,1,0.9071,0.9519,Complete,2024-08-10,301648000
PRJ3-02292,0.0901,-6,0,0,0,0.9173,1.0071,Complete,2020-06-21,187209900
PRJ3-02293,-0.0656,27,0,0,0,1.0702,0.9767,Complete,2023-02-16,80653000
PRJ3-02294,-0.0153,2,0,0,0,1.0156,0.9973,Complete,2023-07-04,272249000
PRJ3-02295,0.1141,22,1,0,1,0.8976,0.9774,Complete,2021-10-03,90887300
PRJ3-02296,0.1258,27,1,0,1,0.8883,0.975,Complete,2026-11-02,321555700
PRJ3-02297,0.0274,38,0,1,1,0.9733,0.9697,Complete,2025-01-15,209426900
PRJ3-02298,0.0839,43,0,1,1,0.9226,0.9542,Complete,2021-11-20,165261400
PRJ3-02299,0.1426,49,1,1,1,0.8752,0.9357,Complete,2022-01-02,97842700
PRJ3-02300,0.0392,44,0,1,1,0.9622,0.9621,Complete,2024-09-06,259669100
PRJ3-02301,0.1015,-25,1,0,1,0.9078,1.0426,Complete,2023-10-31,84009100
PRJ3-02302,0.0266,-25,0,0,0,0.9741,1.0481,Complete,2025-05-22,221828600
PRJ3-02303,0.0738,-12,0,0,0,0.9312,1.0162,Complete,2023-04-13,59055600
PRJ3-02304,0.1521,4,1,0,1,0.868,0.9957,Complete,2023-11-05,162353900
PRJ3-02305,0.0367,-12,0,0,0,0.9646,1.0152,Complete,2025-03-10,83895400
PRJ3-02306,0.0619,19,0,0,0,0.9417,0.9782,Complete,2027-01-31,90131000
PRJ3-02308,0.1669,22,1,0,1,0.857,0.9786,Complete,2021-11-04,135866300
PRJ3-02309,0.0952,12,0,0,0,0.9131,0.9874,Complete,2023-10-21,71715600
PRJ3-02310,0.0015,-25,0,0,0,0.9985,1.0291,Complete,2024-12-13,153585200
PRJ3-02311,0.1671,47,1,1,1,0.8568,0.9582,Complete,2024-01-10,342108100
PRJ3-02312,0.0746,30,0,1,1,0.9306,0.9784,Complete,2024-03-02,321824800
PRJ3-02313,-0.0331,-10,0,0,0,1.0342,1.0133,Complete,2025-10-02,34882700
PRJ3-02314,0.0955,5,0,0,0,0.9128,0.9914,Complete,2023-05-13,91211700
PRJ3-02315,0.0635,30,0,1,1,0.9403,0.9735,Complete,2024-04-08,183688100
PRJ3-02316,0.0015,13,0,0,0,0.9985,0.9825,Complete,2026-08-23,39297300
PRJ3-02317,0.0488,-25,0,0,0,0.9535,1.0575,Complete,2025-05-04,49037500
PRJ3-02318,0.0529,28,0,0,0,0.9498,0.9749,Complete,2022-04-05,159233600
PRJ3-02319,0.0356,0,0,0,0,0.9656,1.0,Complete,2023-06-25,124758900
PRJ3-02320,0.0126,17,0,0,0,0.9876,0.9764,Complete,2023-06-09,165840700
PRJ3-02321,0.0583,18,0,0,0,0.9449,0.9833,Complete,2020-07-02,181117400
PRJ3-02322,0.0022,24,0,0,0,0.9978,0.9672,Complete,2023-11-09,106965100
PRJ3-02323,0.1343,-9,1,0,1,0.8816,1.0075,Complete,2025-10-10,340976500
PRJ3-02324,0.0365,11,0,0,0,0.9648,0.9754,Complete,2024-08-05,49976900
PRJ3-02325,0.0324,-25,0,0,0,0.9686,1.0373,Complete,2026-07-17,96778300
PRJ3-02326,0.1017,11,1,0,1,0.9077,0.981,Complete,2021-08-22,129449000
PRJ3-02327,-0.017,35,0,1,1,1.0173,0.9392,Complete,2026-05-12,133815700
PRJ3-02328,0.038,-11,0,0,0,0.9633,1.0266,Complete,2024-04-18,195229200
PRJ3-02329,0.0546,19,0,0,0,0.9482,0.9827,Complete,2022-11-10,125005500
PRJ3-02330,0.0359,-12,0,0,0,0.9653,1.0097,Complete,2027-08-10,98877800
PRJ3-02331,0.0575,1,0,0,0,0.9456,0.999,Complete,2026-08-11,157013800
PRJ3-02332,0.0144,5,0,0,0,0.9858,0.9939,Complete,2025-06-04,73084000
PRJ3-02333,0.0176,14,0,0,0,0.9827,0.989,Complete,2021-07-23,140346700
PRJ3-02334,0.1059,4,1,0,1,0.9042,0.9955,Complete,2024-08-17,369161500
PRJ3-02335,0.0228,27,0,0,0,0.9777,0.9638,Complete,2024-03-23,76639300
PRJ3-02336,0.0406,17,0,0,0,0.9609,0.9748,Complete,2025-04-17,50317700
PRJ3-02337,0.0611,7,0,0,0,0.9424,0.9888,Complete,2026-03-29,138822600
PRJ3-02338,0.1427,41,1,1,1,0.8751,0.9163,Complete,2026-03-14,42617700
PRJ3-02339,0.0674,35,0,1,1,0.9369,0.9504,Complete,2026-03-17,70421500
PRJ3-02340,0.0355,15,0,0,0,0.9657,0.9782,Complete,2022-09-22,66764100
PRJ3-02341,0.0372,23,0,0,0,0.9641,0.9492,Complete,2024-03-08,27369700
PRJ3-02342,0.1936,64,1,1,1,0.8378,0.938,Complete,2022-08-03,113111300
PRJ3-02343,0.0344,19,0,0,0,0.9667,0.9743,Complete,2023-08-14,48483800
PRJ3-02344,-0.0263,-14,0,0,0,1.027,1.0174,Complete,2022-11-01,39826400
PRJ3-02345,0.0656,-17,0,0,0,0.9384,1.0157,Complete,2022-08-06,235381100
PRJ3-02346,0.0719,16,0,0,0,0.9329,0.9873,Complete,2021-06-19,185154500
PRJ3-02347,0.0861,18,0,0,0,0.9207,0.9778,Complete,2025-11-24,65802700
PRJ3-02348,0.1219,14,1,0,1,0.8914,0.9849,Complete,2024-06-24,157911200
PRJ3-02349,0.0881,-25,0,0,0,0.9191,1.0234,Complete,2022-12-21,188312600
PRJ3-02350,0.009,33,0,1,1,0.9911,0.8866,Complete,2022-12-03,143414100
PRJ3-02351,0.0424,-25,0,0,0,0.9594,1.0313,Complete,2020-06-12,94189000
PRJ3-02352,0.0707,19,0,0,0,0.9339,0.9836,Complete,2027-05-24,176147300
PRJ3-02353,0.0386,22,0,0,0,0.9629,0.9451,Complete,2025-11-14,55333100
PRJ3-02354,0.1483,5,1,0,1,0.8709,0.9945,Complete,2026-06-22,368589900
PRJ3-02355,0.0058,3,0,0,0,0.9942,0.9956,Complete,2025-04-24,548905900
PRJ3-02356,0.0627,29,0,0,0,0.941,0.9655,Complete,2024-11-17,150843700
PRJ3-02357,0.091,-14,0,0,0,0.9166,1.012,Complete,2021-09-15,220249600
PRJ3-02358,0.1765,17,1,0,1,0.85,0.9781,Complete,2023-05-04,153150500
PRJ3-02359,0.0875,-10,0,0,0,0.9195,1.0106,Complete,2027-03-10,188190100
PRJ3-02360,0.1675,16,1,0,1,0.8565,0.9818,Complete,2020-06-13,95286600
PRJ3-02361,0.0715,10,0,0,0,0.9333,0.9905,Complete,2025-02-02,338804300
PRJ3-02362,0.0588,5,0,0,0,0.9445,0.9937,Complete,2022-11-09,335121600
PRJ3-02363,0.0673,50,0,1,1,0.9369,0.9162,Complete,2020-09-29,66965900
PRJ3-02364,0.0748,16,0,0,0,0.9304,0.9861,Complete,2027-07-07,85853800
PRJ3-02365,0.0628,51,0,1,1,0.941,0.927,Complete,2021-10-04,51647400
PRJ3-02366,-0.0031,36,0,1,1,1.0031,0.9627,Complete,2022-10-05,239331100
PRJ3-02367,0.0422,55,0,1,1,0.9595,0.95,Complete,2025-05-28,238667100
PRJ3-02368,0.036,19,0,0,0,0.9652,0.982,Complete,2027-02-02,235419500
PRJ3-02369,0.1122,7,1,0,1,0.8991,0.9911,Complete,2023-05-19,60863900
PRJ3-02370,0.0807,2,0,0,0,0.9253,0.9969,Complete,2025-05-19,90566200
PRJ3-02371,0.1059,13,1,0,1,0.9042,0.9731,Complete,2020-02-27,72563700
PRJ3-02372,0.0836,49,0,1,1,0.9228,0.9469,Complete,2021-06-25,157765400
PRJ3-02373,0.1783,-5,1,0,1,0.8487,1.007,Complete,2026-02-18,240198900
PRJ3-02374,0.169,48,1,1,1,0.8555,0.9246,Complete,2020-09-09,44047600
PRJ3-02375,0.1498,-11,1,0,1,0.8697,1.0191,Complete,2025-10-29,52590300
PRJ3-02376,0.0472,-20,0,0,0,0.9549,1.0361,Complete,2020-05-17,353515100
PRJ3-02377,0.0605,3,0,0,0,0.943,0.9976,Complete,2027-08-21,132760500
PRJ3-02378,0.1035,20,1,0,1,0.9062,0.9632,Complete,2023-09-07,65750000
PRJ3-02379,0.119,-1,1,0,1,0.8937,1.0015,Complete,2023-12-08,105236000
PRJ3-02380,0.1478,32,1,1,1,0.8712,0.9573,Complete,2024-11-08,162205400
PRJ3-02381,0.0482,17,0,0,0,0.954,0.9875,Complete,2026-10-12,545445600
PRJ3-02382,0.0344,2,0,0,0,0.9668,0.9982,Complete,2023-02-09,414207000
PRJ3-02383,0.0614,-25,0,0,0,0.9421,1.0374,Complete,2021-08-19,234369900
PRJ3-02384,0.2162,78,1,1,1,0.8222,0.9274,Complete,2021-01-15,312031900
PRJ3-02385,0.0111,38,0,1,1,0.9891,0.9456,Complete,2026-05-04,145307300
PRJ3-02386,0.0973,22,0,0,0,0.9113,0.9805,Complete,2026-10-05,294444800
PRJ3-02387,0.0307,1,0,0,0,0.9702,0.9981,Complete,2022-06-24,135871600
PRJ3-02388,0.0942,-13,0,0,0,0.9139,1.0107,Complete,2022-12-06,78531000
PRJ3-02389,0.0361,6,0,0,0,0.9652,0.9931,Complete,2025-11-01,279107300
PRJ3-02390,0.0425,-7,0,0,0,0.9592,1.006,Complete,2026-07-23,357450900
PRJ3-02391,0.063,-9,0,0,0,0.9407,1.0074,Complete,2023-03-07,137431500
PRJ3-02392,-0.0366,17,0,0,0,1.038,0.9841,Complete,2022-07-11,170983900
PRJ3-02393,0.0731,-21,0,0,0,0.9319,1.0264,Complete,2026-10-04,165201800
PRJ3-02394,0.0166,10,0,0,0,0.9837,0.9879,Complete,2024-08-07,124968000
PRJ3-02395,0.0662,36,0,1,1,0.9379,0.9441,Complete,2021-10-25,56324900
PRJ3-02396,-0.056,18,0,0,0,1.0594,0.9754,Complete,2027-01-05,90786700
PRJ3-02397,-0.0243,10,0,0,0,1.0249,0.9859,Complete,2024-10-17,405472700
PRJ3-02398,0.1685,32,1,1,1,0.8558,0.9699,Complete,2026-09-29,114090000
PRJ3-02399,0.0733,24,0,0,0,0.9317,0.9756,Complete,2021-11-16,130660100
PRJ3-02400,0.1495,-2,1,0,1,0.8699,1.0036,Complete,2020-10-18,234941100
