Project_ID,Project_Name,Project_Type,Region,State,Client_Type,Contract_Type,Delivery_Method,Complexity_Level,Digital_Coordination_Level,Owner_Decision_Profile,Start_Date,Snapshot_Date,Snapshot_Year,Original_Budget,Planned_Duration_Days,Planned_Percent_Complete,Actual_Percent_Complete,CPI_Snapshot,SPI_Snapshot,Cost_Variance_Pct_Snapshot,Schedule_Variance_Days_Snapshot,Labor_Productivity_Index,Procurement_Delay_Days_to_Date,Weather_Impact_Days_to_Date,Safety_Incident_Rate_to_Date,Snapshot_Data_Completeness_Pct
PRJ3-00001,Northstar Office Campus 1,Commercial,Midwest,MO,Private,Lump Sum,IPD,Moderate,Low,Standard,2019-02-13,2019-09-27,2019,179343700,644,0.352,0.3522,0.9801,0.9963,-0.0066,0,0.9394,27,14,0.12,0.9589
PRJ3-00002,Summit Bridge Program 2,Heavy Civil,Southwest,TX,Private,Lump Sum,Design-Build,Moderate,High,Standard,2021-03-24,2022-07-23,2022,295846200,1031,0.472,0.4988,1.126,1.0422,-0.0661,-28,1.08,0,3,0.311,0.9759
PRJ3-00003,Copper Town Center 3,Mixed-Use,Northeast,CT,Public,Lump Sum,Design-Bid-Build,Very High,Moderate,Standard,2020-11-07,2021-10-26,2021,124592300,832,0.425,0.3854,0.946,0.911,0.0222,33,0.9992,35,22,1.019,0.9481
PRJ3-00004,Northstar Residences 4,Residential,Southeast,VA,Private,Lump Sum,Design-Build,High,Low,Fast,2023-09-20,2024-10-01,2024,57332900,785,0.481,0.4311,1.0281,0.9183,-0.011,39,0.8973,11,17,0.585,0.9661
PRJ3-00005,Liberty Earthworks Package 5,Heavy Civil,Southeast,VA,Private,Lump Sum,Design-Build,Low,High,Standard,2020-03-08,2021-05-28,2021,237166000,1069,0.418,0.435,1.0504,1.0362,-0.0165,-18,1.0485,26,10,0.351,0.9644
PRJ3-00006,Aspen Marketplace 6,Commercial,Southeast,NC,Private,Lump Sum,Design-Build,Low,Low,Standard,2023-09-08,2024-06-14,2024,119377400,619,0.453,0.4137,0.9916,0.9666,0.0038,24,0.9965,0,0,0.361,0.971
PRJ3-00007,Canyon Public Works Program 7,Infrastructure,Mountain,CO,Public,Cost Plus,Design-Bid-Build,Low,Moderate,Fast,2020-04-11,2021-11-23,2021,297967400,1131,0.523,0.5977,1.0222,1.12,-0.0201,-84,1.0369,7,16,0.279,0.9566
PRJ3-00008,Harbor Urban Village 8,Mixed-Use,West,WA,Public-Private Partnership,Lump Sum,Design-Build,Moderate,Moderate,Standard,2023-11-12,2024-10-11,2024,133566500,877,0.381,0.3648,0.9186,0.9552,0.0413,14,0.996,26,2,0.759,0.9491
PRJ3-00009,Crescent Medical Center 9,Institutional,Midwest,OH,Private,Unit Price,CMAR,Moderate,High,Standard,2019-07-26,2020-10-09,2020,204654400,1026,0.43,0.4773,1.0413,1.0888,-0.0158,-49,1.0264,2,22,0.769,0.9485
PRJ3-00011,Northstar Logistics Center 11,Industrial,Midwest,MN,Public,Lump Sum,CMAR,Moderate,High,Slow,2021-06-20,2022-06-14,2022,96090500,865,0.416,0.389,0.9705,0.9181,0.0124,23,1.0783,21,12,0.403,0.9596
PRJ3-00012,Mesa Water Program 12,Heavy Civil,Mountain,WY,Private,Lump Sum,Design-Build,Very High,High,Slow,2018-07-16,2020-05-16,2020,83257900,1290,0.52,0.5014,0.9633,0.9058,0.022,24,0.9504,14,18,0.649,0.9658
PRJ3-00013,Aspen Civic Complex 13,Institutional,Southeast,GA,Private,Cost Plus,Design-Bid-Build,Very High,Moderate,Fast,2024-02-25,2024-12-25,2024,144354900,822,0.37,0.3281,0.8704,0.936,0.0709,34,0.9068,17,22,1.2,0.9465
PRJ3-00014,Liberty Residences 14,Residential,Southeast,GA,Private,Unit Price,Design-Bid-Build,Very High,Low,Standard,2018-03-21,2019-01-16,2019,36517200,619,0.487,0.4637,0.8172,0.9512,0.1044,14,0.8585,30,26,1.044,0.9461
PRJ3-00015,Lakeview Residences 15,Residential,West,CA,Public,Lump Sum,IPD,Low,High,Slow,2020-03-02,2020-12-23,2020,9406600,629,0.471,0.5202,0.9583,1.0529,-0.0016,-31,1.001,23,6,0.354,0.9614
PRJ3-00016,Evergreen Education Center 16,Institutional,Midwest,OH,Public,Lump Sum,Design-Bid-Build,High,Moderate,Slow,2019-06-16,2020-04-12,2020,140073700,620,0.487,0.433,0.8707,0.9518,0.0601,33,0.9145,31,22,0.972,0.9474
PRJ3-00017,Liberty Transit-Oriented Development 17,Mixed-Use,Mountain,MT,Public,Lump Sum,CMAR,High,Moderate,Standard,2020-08-09,2021-12-22,2021,181743400,971,0.515,0.484,0.9188,0.9281,0.0637,30,0.9917,18,11,0.88,0.9548
PRJ3-00018,Crescent Utility Corridor 18,Infrastructure,Southwest,AZ,Private,Lump Sum,IPD,High,High,Slow,2019-12-13,2021-07-09,2021,94165600,1084,0.53,0.4546,0.8885,0.8437,0.0516,82,0.9276,0,15,0.746,0.9574
PRJ3-00019,Harbor Neighborhood 19,Residential,Midwest,OH,Private,Unit Price,Design-Bid-Build,Low,Low,Standard,2024-12-06,2025-08-19,2025,54464000,678,0.378,0.3157,0.8427,0.8147,0.0509,42,0.9626,0,19,0.766,0.9509
PRJ3-00020,Canyon Logistics Center 20,Industrial,Northeast,NY,Public,Lump Sum,CMAR,Moderate,Moderate,Slow,2022-03-11,2023-09-17,2023,94370000,971,0.572,0.548,0.9405,0.9263,0.0462,23,0.9328,11,19,1.046,0.9523
PRJ3-00021,Pioneer Research Facility 21,Institutional,Southeast,FL,Private,Guaranteed Maximum Price,Design-Bid-Build,High,High,Standard,2021-08-08,2022-10-19,2022,119545900,910,0.481,0.4477,1.0568,0.9333,-0.0128,30,0.8318,17,13,0.495,0.9573
PRJ3-00022,Redwood Apartments 22,Residential,Midwest,MN,Private,Guaranteed Maximum Price,Design-Build,High,Low,Slow,2022-01-16,2022-08-10,2022,26541300,448,0.461,0.37,0.8629,0.8534,0.0534,41,0.9253,8,19,0.603,0.9685
PRJ3-00023,Aspen Airport Improvements 23,Infrastructure,Midwest,OH,Public-Private Partnership,Lump Sum,Design-Bid-Build,Moderate,Low,Standard,2023-10-06,2024-12-26,2024,210228700,1253,0.357,0.3089,0.821,0.8552,0.0445,60,0.8028,24,12,0.906,0.9707
PRJ3-00024,Aspen Retail Center 24,Commercial,West,OR,Private,Guaranteed Maximum Price,CMAR,Low,Moderate,Standard,2021-08-24,2022-08-23,2022,59923000,630,0.578,0.56,1.039,0.9763,-0.0439,11,0.9605,14,9,0.372,0.9621
PRJ3-00025,Harbor Civic Complex 25,Institutional,Southeast,VA,Private,Guaranteed Maximum Price,CMAR,High,High,Standard,2025-01-23,2025-11-16,2025,113971800,825,0.361,0.3745,0.9389,1.0085,0.0116,-11,0.8955,21,12,0.377,0.9515
PRJ3-00026,Crescent Earthworks Package 26,Heavy Civil,Northeast,MA,Public,Guaranteed Maximum Price,Design-Build,Low,High,Slow,2021-12-20,2023-10-11,2023,89824400,1157,0.571,0.5474,1.031,0.9343,-0.0085,27,1.075,28,25,0.086,0.9559
PRJ3-00027,Horizon Distribution Hub 27,Industrial,West,WA,Public,Lump Sum,Design-Build,High,Low,Slow,2019-09-23,2020-08-04,2020,163339300,869,0.364,0.3019,0.8835,0.9193,0.0506,54,0.8858,10,8,0.826,0.9582
PRJ3-00028,Canyon Neighborhood 28,Residential,West,NV,Public,Lump Sum,Design-Build,High,Moderate,Fast,2020-10-06,2021-06-25,2021,43396500,553,0.475,0.4915,1.0522,1.027,-0.0316,-9,1.0023,17,0,0.718,0.9751
PRJ3-00029,Crescent Earthworks Package 29,Heavy Civil,Midwest,IL,Private,Unit Price,Design-Bid-Build,High,High,Slow,2022-05-01,2024-02-06,2024,186143700,1244,0.52,0.4598,0.9393,0.8835,0.0326,75,1.0187,17,9,0.803,0.9543
PRJ3-00030,Mesa Apartments 30,Residential,Midwest,MO,Private,Guaranteed Maximum Price,IPD,Moderate,Low,Standard,2024-09-01,2025-03-24,2025,92534900,534,0.383,0.3819,1.0305,0.9808,-0.0007,1,1.0443,19,8,0.456,0.9465
PRJ3-00031,Horizon Housing 31,Residential,West,CA,Private,Guaranteed Maximum Price,Design-Bid-Build,High,Moderate,Slow,2021-03-17,2021-09-19,2021,84284900,417,0.448,0.4049,0.9805,0.8985,0.0077,18,0.9083,7,4,0.758,0.9622
PRJ3-00032,Gateway Distribution Hub 32,Industrial,Mountain,ID,Public,Lump Sum,Design-Bid-Build,Very High,High,Fast,2023-02-24,2024-03-25,2024,580334300,867,0.456,0.4318,0.9021,0.9406,0.0504,21,0.9563,10,22,1.083,0.9732
PRJ3-00033,Evergreen Residences 33,Residential,Northeast,PA,Private,Lump Sum,Design-Build,Low,Low,Fast,2024-08-15,2025-04-19,2025,53542600,629,0.394,0.4185,0.9314,1.002,0.0175,-15,1.0222,0,17,0.609,0.9679
PRJ3-00034,Horizon Neighborhood 34,Residential,Southeast,TN,Private,Guaranteed Maximum Price,Design-Bid-Build,Very High,Low,Slow,2024-10-10,2025-08-16,2025,128946600,871,0.356,0.3425,0.9118,0.9217,0.0267,12,0.9685,38,27,0.918,0.9482
PRJ3-00035,Mesa Neighborhood 35,Residential,Southwest,NM,Private,Lump Sum,CMAR,Very High,High,Standard,2019-03-12,2019-11-27,2019,31174100,636,0.409,0.4341,1.0162,0.9807,-0.0148,-16,0.904,19,20,0.807,0.9817
PRJ3-00036,Liberty Distribution Hub 36,Industrial,Southeast,VA,Private,Lump Sum,Design-Build,Moderate,High,Standard,2020-09-21,2021-10-05,2021,78968800,932,0.407,0.414,0.9144,1.031,0.0448,-7,0.9926,0,10,0.975,0.9676
PRJ3-00037,Lakeview Apartments 37,Residential,Southeast,TN,Private,Lump Sum,IPD,Moderate,High,Slow,2023-11-15,2024-06-09,2024,31053000,540,0.384,0.4476,0.9401,1.1103,0.0293,-34,1.0238,0,5,0.401,0.9474
PRJ3-00038,Northstar Civic Complex 38,Institutional,Southeast,GA,Public,Unit Price,Design-Bid-Build,Low,High,Standard,2018-04-07,2019-02-25,2019,143930500,735,0.441,0.4258,0.9739,0.9512,0.0139,11,1.0659,2,9,0.362,0.9711
PRJ3-00039,Pioneer Distribution Hub 39,Industrial,Mountain,UT,Private,Unit Price,Design-Bid-Build,High,Moderate,Slow,2021-10-16,2022-08-17,2022,130350200,854,0.358,0.3083,0.7668,0.8115,0.0832,42,0.8654,21,4,0.907,0.9574
PRJ3-00040,Granite Bridge Program 40,Heavy Civil,Southwest,NM,Private,Cost Plus,Design-Build,Moderate,Moderate,Slow,2024-07-13,2025-05-19,2025,382453500,784,0.396,0.3773,0.8807,0.9496,0.034,15,0.9976,20,1,0.491,0.9316
PRJ3-00041,Copper Retail Center 41,Commercial,West,WA,Private,Lump Sum,Design-Bid-Build,Low,High,Standard,2022-05-04,2023-01-10,2023,102123600,597,0.422,0.42,0.9841,0.9663,0.0071,1,1.0359,4,14,0.471,0.9767
PRJ3-00042,Lakeview Earthworks Package 42,Heavy Civil,West,CA,Public,Guaranteed Maximum Price,CMAR,Moderate,High,Slow,2020-04-05,2021-06-26,2021,122393400,963,0.465,0.4165,1.014,0.9127,0.0185,47,0.9538,11,12,0.949,0.9473
PRJ3-00043,Granite Neighborhood 43,Residential,West,OR,Private,Cost Plus,Design-Bid-Build,Moderate,Moderate,Fast,2024-05-01,2025-05-28,2025,32850400,822,0.477,0.466,1.0006,0.9823,-0.0173,9,0.9274,5,12,0.61,0.9764
PRJ3-00044,Granite Neighborhood 44,Residential,Mountain,ID,Public,Guaranteed Maximum Price,CMAR,Moderate,Moderate,Standard,2024-07-12,2025-03-26,2025,50073000,621,0.414,0.4343,1.0437,1.0067,-0.0274,-13,1.034,0,0,0.712,0.9855
PRJ3-00045,Northstar Corporate Center 45,Commercial,West,OR,Public,Lump Sum,CMAR,Moderate,High,Fast,2021-10-08,2022-08-16,2022,46169500,555,0.563,0.5606,1.0749,0.9773,-0.0388,1,1.0281,0,12,0.436,0.999
PRJ3-00046,Lakeview Utility Corridor 46,Infrastructure,Mountain,CO,Public,Guaranteed Maximum Price,CMAR,Moderate,Moderate,Fast,2021-06-24,2023-08-19,2023,187488400,1335,0.589,0.6162,1.0362,0.999,-0.0172,-36,1.0579,16,15,0.771,0.9762
PRJ3-00047,Cedar Research Facility 47,Institutional,Southeast,TN,Public,Guaranteed Maximum Price,Design-Bid-Build,Low,Moderate,Fast,2019-01-22,2020-06-17,2020,134034300,875,0.586,0.5039,0.9931,0.8896,0.0037,72,0.9883,10,20,0.662,0.9743
PRJ3-00048,Northstar Distribution Hub 48,Industrial,Southeast,GA,Public-Private Partnership,Unit Price,Design-Bid-Build,High,High,Fast,2017-12-05,2019-01-10,2019,90239800,942,0.426,0.4244,0.9386,1.0149,0.0287,2,1.0748,12,13,0.277,0.9534
PRJ3-00049,Evergreen Apartments 49,Residential,Midwest,OH,Public-Private Partnership,Guaranteed Maximum Price,IPD,Moderate,Moderate,Standard,2021-11-19,2022-07-28,2022,16846000,498,0.506,0.4492,1.0503,0.9832,-0.0053,28,0.942,0,19,0.676,0.9791
PRJ3-00050,Gateway Earthworks Package 50,Heavy Civil,Midwest,MI,Private,Lump Sum,Design-Bid-Build,Moderate,Low,Standard,2020-05-08,2021-08-08,2021,172363300,1253,0.365,0.2937,0.8959,0.8819,0.0351,89,0.8699,39,9,0.597,0.9409
PRJ3-00051,Cedar Town Center 51,Mixed-Use,Southwest,NM,Public,Cost Plus,Design-Build,Moderate,Moderate,Standard,2022-02-12,2023-08-26,2023,107373300,950,0.59,0.5527,0.994,0.9963,-0.0141,35,1.0757,0,10,0.885,0.9613
PRJ3-00052,Cedar Office Campus 52,Commercial,West,NV,Public,Guaranteed Maximum Price,Design-Bid-Build,High,Low,Fast,2023-04-16,2024-03-13,2024,41602700,668,0.498,0.4646,0.9866,0.9303,0.0042,22,1.0723,27,5,0.866,0.9526
PRJ3-00053,Riverside Water Program 53,Heavy Civil,Southwest,TX,Private,Unit Price,CMAR,Moderate,High,Standard,2023-01-19,2024-08-22,2024,394699900,1181,0.492,0.4614,1.0159,0.887,-0.0119,36,1.1064,0,6,0.218,0.9686
PRJ3-00054,Summit Public Works Program 54,Infrastructure,West,WA,Private,Guaranteed Maximum Price,Design-Bid-Build,Moderate,High,Fast,2019-01-23,2020-07-07,2020,102186400,1418,0.375,0.4,1.0197,1.0604,-0.0135,-35,1.0251,0,6,0.695,0.9691
PRJ3-00055,Crescent Earthworks Package 55,Heavy Civil,West,NV,Private,Cost Plus,CMAR,High,Low,Slow,2019-12-18,2021-02-27,2021,73151900,1020,0.429,0.4344,0.9094,1.0031,0.0376,-6,0.9523,26,8,0.801,0.9705
PRJ3-00056,Canyon Transit Program 56,Infrastructure,Southeast,GA,Private,Lump Sum,Design-Build,Moderate,Moderate,Fast,2023-04-17,2025-02-20,2025,230732700,1434,0.471,0.4779,1.0149,1.0265,-0.0149,-10,0.9894,23,22,0.328,0.966
PRJ3-00057,Redwood Medical Center 57,Institutional,Southwest,TX,Private,Unit Price,CMAR,Low,Moderate,Fast,2023-06-15,2024-09-04,2024,166895500,819,0.546,0.5032,0.9935,0.9291,0.0138,35,1.0629,0,0,0.665,0.9833
PRJ3-00058,Cedar Marketplace 58,Commercial,Mountain,ID,Private,Lump Sum,Design-Build,Low,Moderate,Fast,2021-12-19,2022-08-04,2022,78232200,563,0.405,0.4142,1.0597,0.9976,-0.0261,-5,1.1144,0,18,0.491,0.9709
PRJ3-00059,Canyon Airport Improvements 59,Infrastructure,Northeast,MA,Private,Guaranteed Maximum Price,CMAR,High,Low,Standard,2023-05-10,2024-12-10,2024,198366700,1380,0.421,0.3424,0.8762,0.8573,0.0431,108,0.8608,42,20,0.755,0.9591
PRJ3-00060,Northstar Apartments 60,Residential,West,WA,Public,Cost Plus,Design-Build,Low,Moderate,Slow,2018-04-07,2019-02-25,2019,104450400,624,0.52,0.5238,0.9338,0.9952,0.03,-2,1.0572,13,5,0.377,0.9787
PRJ3-00061,Aspen Process Plant 61,Industrial,West,NV,Private,Lump Sum,CMAR,High,High,Standard,2020-11-07,2021-10-23,2021,266369500,820,0.427,0.4248,0.9408,0.9551,0.0447,2,0.9574,5,12,1.115,0.9658
PRJ3-00062,Copper Medical Center 62,Institutional,Southeast,GA,Public,Unit Price,Design-Build,Very High,Moderate,Standard,2023-06-25,2025-05-24,2025,118084300,1282,0.546,0.5014,0.9748,0.9474,0.0038,57,0.9383,29,20,0.402,0.9517
PRJ3-00063,Summit Public Works Program 63,Infrastructure,West,NV,Private,Lump Sum,Design-Build,High,Moderate,Standard,2019-02-10,2020-05-08,2020,550930600,1127,0.402,0.3394,0.9383,0.8888,0.0309,71,0.992,8,4,0.598,0.9601
PRJ3-00064,Gateway Office Campus 64,Commercial,Midwest,OH,Private,Lump Sum,IPD,Very High,Low,Standard,2024-03-24,2025-06-22,2025,111691000,781,0.583,0.5408,0.8762,0.955,0.0708,33,0.9769,13,17,0.411,0.951
PRJ3-00065,Cedar Residences 65,Residential,Southeast,NC,Public,Lump Sum,Design-Bid-Build,Moderate,Moderate,Standard,2024-08-16,2025-08-21,2025,74410300,791,0.469,0.5041,0.8886,1.0431,0.0738,-28,0.9488,14,20,0.538,0.9829
PRJ3-00066,Cedar Logistics Center 66,Industrial,West,OR,Public-Private Partnership,Guaranteed Maximum Price,Design-Bid-Build,High,High,Standard,2020-08-12,2021-09-17,2021,261704500,915,0.439,0.4509,0.9175,1.0205,0.0561,-11,0.9897,0,9,0.651,0.9938
PRJ3-00067,Canyon Town Center 67,Mixed-Use,Midwest,MN,Private,Lump Sum,Design-Build,Low,High,Fast,2020-05-16,2021-05-30,2021,213424800,856,0.443,0.4544,0.9575,1.0094,0.0295,-10,1.0564,22,11,0.485,0.9666
PRJ3-00068,Cedar Urban Village 68,Mixed-Use,Mountain,MT,Public-Private Partnership,Guaranteed Maximum Price,CMAR,Low,High,Fast,2019-08-20,2020-08-07,2020,178393000,869,0.407,0.4656,1.0391,1.0387,-0.0082,-51,1.0632,13,11,0.644,0.9872
PRJ3-00069,Cedar Residences 69,Residential,West,OR,Private,Lump Sum,IPD,High,Low,Standard,2018-05-31,2019-06-26,2019,40145300,712,0.55,0.5445,0.9787,1.0133,0.0088,4,0.9423,11,9,0.608,0.953
PRJ3-00070,Riverside Civic Complex 70,Institutional,Midwest,MI,Public,Cost Plus,Design-Build,High,Low,Standard,2021-03-07,2022-04-27,2022,136543100,991,0.42,0.4237,0.9265,0.9537,0.0089,-4,0.9355,33,12,0.392,0.9464
PRJ3-00071,Granite Distribution Hub 71,Industrial,Southeast,FL,Public,Guaranteed Maximum Price,IPD,High,Moderate,Standard,2021-05-04,2022-09-19,2022,112101600,996,0.506,0.5159,1.0242,1.0233,-0.0292,-10,0.9607,5,5,0.481,0.9465
PRJ3-00072,Evergreen Corporate Center 72,Commercial,Midwest,MI,Private,Lump Sum,CMAR,High,High,Standard,2024-09-19,2025-08-24,2025,162668200,720,0.472,0.4885,0.9788,1.0071,0.0239,-12,0.9843,18,10,0.408,0.9729
PRJ3-00073,Redwood Transit Program 73,Infrastructure,Mountain,CO,Private,Lump Sum,Design-Bid-Build,High,Low,Slow,2020-02-05,2021-05-13,2021,227632900,1236,0.375,0.3111,0.832,0.8562,0.065,79,0.8386,46,24,0.666,0.9547
PRJ3-00074,Northstar Airport Improvements 74,Infrastructure,Southeast,NC,Private,Guaranteed Maximum Price,IPD,Very High,Moderate,Slow,2022-11-26,2024-09-07,2024,198315600,1429,0.456,0.4112,1.0258,0.8938,0.0158,64,0.7948,23,18,0.791,0.9462
PRJ3-00075,Canyon Corporate Center 75,Commercial,Southeast,TN,Public,Unit Price,CMAR,Low,Moderate,Standard,2022-08-25,2023-02-08,2023,66837000,462,0.363,0.358,0.9866,1.0161,0.0083,2,1.0046,5,15,0.677,0.9607
PRJ3-00076,Summit Corporate Center 76,Commercial,West,NV,Public,Unit Price,Design-Bid-Build,Low,Low,Fast,2022-05-18,2023-06-05,2023,33468900,741,0.517,0.4922,1.0148,0.9735,-0.0039,18,1.0075,10,0,0.274,0.9631
PRJ3-00077,Pioneer Corporate Center 77,Commercial,Southwest,NM,Private,Lump Sum,Design-Bid-Build,Low,Moderate,Standard,2021-10-05,2022-07-23,2022,43048500,666,0.437,0.43,1.005,0.9858,-0.0061,5,1.0448,0,3,0.243,0.99
PRJ3-00078,Mesa Marketplace 78,Commercial,Northeast,NY,Public,Cost Plus,Design-Build,Low,High,Slow,2021-09-03,2022-05-19,2022,63067000,597,0.433,0.4329,1.1484,1.01,-0.0385,0,1.0783,32,15,0.556,0.9746
PRJ3-00079,Cedar Urban Village 79,Mixed-Use,Southeast,GA,Private,Guaranteed Maximum Price,Design-Build,Moderate,Low,Standard,2021-02-21,2022-01-28,2022,176528500,973,0.351,0.3492,0.9457,0.948,0.0104,2,0.9487,25,20,0.496,0.9689
PRJ3-00080,Aspen Process Plant 80,Industrial,Midwest,IL,Private,Guaranteed Maximum Price,CMAR,Moderate,Moderate,Slow,2023-08-05,2024-09-02,2024,109561300,865,0.456,0.3791,0.8913,0.9062,0.0356,66,0.9484,4,14,0.911,0.9741
PRJ3-00081,Lakeview Corporate Center 81,Commercial,West,CA,Private,Lump Sum,CMAR,Moderate,Low,Fast,2022-04-11,2023-03-08,2023,125470000,769,0.431,0.4548,0.9146,1.039,0.044,-18,0.9845,19,2,0.702,0.9777
PRJ3-00082,Evergreen Retail Center 82,Commercial,West,WA,Private,Guaranteed Maximum Price,CMAR,Moderate,Moderate,Standard,2019-01-23,2020-04-24,2020,177589600,957,0.478,0.4804,0.998,0.9881,-0.0222,-2,1.0865,18,8,0.364,0.9736
PRJ3-00083,Granite Airport Improvements 83,Infrastructure,West,NV,Public-Private Partnership,Guaranteed Maximum Price,IPD,Moderate,Low,Standard,2022-06-20,2024-03-26,2024,214617000,1147,0.563,0.5338,0.9283,0.9504,0.0427,33,0.9958,0,2,0.61,0.9498
PRJ3-00084,Gateway Earthworks Package 84,Heavy Civil,Midwest,OH,Private,Guaranteed Maximum Price,CMAR,High,Low,Standard,2024-12-24,2025-12-24,2025,96284900,996,0.367,0.3202,0.9282,0.877,0.0328,47,0.8914,48,5,0.948,0.9672
PRJ3-00085,Canyon Water Program 85,Heavy Civil,West,NV,Public,Guaranteed Maximum Price,Design-Build,Low,Low,Standard,2021-02-11,2022-03-28,2022,89357300,773,0.531,0.4964,1.0419,0.9612,-0.005,27,1.0213,0,0,0.429,0.9496
PRJ3-00086,Pioneer Bridge Program 86,Heavy Civil,Southwest,NM,Private,Unit Price,IPD,Moderate,Moderate,Fast,2024-01-09,2025-09-16,2025,210479200,1201,0.513,0.5247,0.9196,0.9871,0.0287,-14,1.0377,0,11,0.711,0.9742
PRJ3-00087,Canyon Research Facility 87,Institutional,West,OR,Public,Guaranteed Maximum Price,Design-Build,Moderate,Moderate,Slow,2020-01-21,2021-01-16,2021,127364300,637,0.567,0.4725,0.9797,0.8706,0.0072,60,1.0674,10,6,1.205,0.9563
PRJ3-00088,Harbor District 88,Mixed-Use,Southwest,AZ,Public,Cost Plus,Design-Bid-Build,Very High,Low,Fast,2024-03-17,2025-10-17,2025,112009700,1038,0.558,0.4826,0.839,0.8883,0.0902,78,0.8042,23,0,1.028,0.945
PRJ3-00089,Copper Medical Center 89,Institutional,West,NV,Private,Guaranteed Maximum Price,CMAR,Moderate,Moderate,Fast,2020-03-16,2021-08-16,2021,48383900,985,0.526,0.5239,1.0119,1.003,-0.0109,2,0.8799,6,9,0.551,0.9507
PRJ3-00090,Granite Transit Program 90,Infrastructure,Mountain,UT,Private,Cost Plus,Design-Bid-Build,Moderate,Moderate,Standard,2017-04-11,2019-09-28,2019,335872500,1513,0.595,0.5991,0.9093,1.0145,0.0416,-6,0.885,4,15,0.642,0.966
PRJ3-00091,Northstar Corporate Center 91,Commercial,Northeast,PA,Private,Cost Plus,Design-Bid-Build,Moderate,High,Standard,2024-07-02,2025-04-16,2025,60325300,696,0.415,0.4054,1.0158,1.0123,-0.0137,7,1.0984,4,13,0.284,0.9752
PRJ3-00092,Summit Medical Center 92,Institutional,Midwest,MN,Private,Lump Sum,Design-Bid-Build,Moderate,High,Slow,2023-02-02,2024-03-24,2024,111926300,782,0.533,0.4928,0.9722,0.9668,0.0185,31,0.8741,24,15,0.737,0.9681
PRJ3-00093,Pioneer Residences 93,Residential,Mountain,ID,Private,Unit Price,Design-Bid-Build,Very High,Moderate,Standard,2019-11-19,2020-12-11,2020,44671500,702,0.554,0.4984,0.9571,0.9475,0.0478,39,0.9139,35,14,1.117,0.9482
PRJ3-00094,Canyon Logistics Center 94,Industrial,Southwest,AZ,Private,Lump Sum,Design-Build,Very High,High,Slow,2019-03-15,2020-04-28,2020,196920200,948,0.433,0.4175,0.9136,0.9278,0.0446,15,0.9269,39,3,0.907,0.9712
PRJ3-00095,Harbor Transit-Oriented Development 95,Mixed-Use,Mountain,MT,Private,Guaranteed Maximum Price,CMAR,High,Low,Standard,2023-09-05,2025-02-13,2025,91607000,1187,0.444,0.4394,0.9645,0.9838,0.0228,5,0.9889,15,6,0.763,0.9585
PRJ3-00096,Harbor Education Center 96,Institutional,Mountain,CO,Private,Lump Sum,Design-Bid-Build,High,High,Standard,2022-06-07,2023-07-19,2023,144232200,936,0.435,0.4014,0.8356,0.9348,0.0652,31,0.9726,6,23,0.354,0.9513
PRJ3-00097,Crescent Bridge Program 97,Heavy Civil,West,NV,Private,Lump Sum,Design-Build,Low,Moderate,Fast,2024-07-06,2025-12-13,2025,151774500,1165,0.451,0.4573,1.0008,1.0433,-0.0099,-7,0.954,6,11,0,0.9834
PRJ3-00098,Aspen District 98,Mixed-Use,West,NV,Private,Lump Sum,CMAR,Very High,Moderate,Standard,2022-10-15,2023-10-09,2023,118153200,990,0.363,0.3181,0.915,0.9837,0.0314,44,0.8846,8,5,0.506,0.9587
PRJ3-00099,Pioneer Process Plant 99,Industrial,West,OR,Private,Guaranteed Maximum Price,CMAR,Moderate,Moderate,Fast,2019-01-16,2020-06-01,2020,124082000,921,0.546,0.57,1.009,1.0098,-0.0065,-22,0.9846,16,0,0.679,0.993
PRJ3-00100,Liberty Process Plant 100,Industrial,West,NV,Public,Lump Sum,Design-Bid-Build,High,Low,Standard,2021-05-18,2022-05-04,2022,791562200,894,0.393,0.4432,0.9842,1.041,0.019,-45,0.8463,35,19,0.44,0.9438
PRJ3-00101,Canyon Education Center 101,Institutional,Southwest,TX,Private,Guaranteed Maximum Price,CMAR,Low,Moderate,Fast,2022-09-23,2023-05-26,2023,99695700,582,0.422,0.4286,1.05,1.0159,0.0057,-4,1.0768,2,3,0.463,0.9821
PRJ3-00102,Summit Water Program 102,Heavy Civil,Mountain,ID,Private,Cost Plus,Design-Build,Moderate,Moderate,Standard,2021-12-10,2023-07-05,2023,139707100,1286,0.445,0.4591,0.9258,1.0576,0.0662,-18,0.9858,24,14,0.982,0.9729
PRJ3-00103,Summit Earthworks Package 103,Heavy Civil,West,WA,Public,Guaranteed Maximum Price,Design-Bid-Build,Low,Moderate,Standard,2022-09-18,2024-02-16,2024,296224200,914,0.565,0.5475,0.9667,1.0043,0.0297,16,1.0044,20,9,0.486,0.9781
PRJ3-00104,Summit Housing 104,Residential,Mountain,WY,Public,Lump Sum,Design-Bid-Build,Moderate,Low,Fast,2019-03-11,2019-10-18,2019,63047900,447,0.495,0.5259,1.0138,1.0353,-0.0119,-14,0.9747,8,17,0.654,0.9477
PRJ3-00105,Gateway Education Center 105,Institutional,Mountain,MT,Public,Cost Plus,Design-Bid-Build,Low,Low,Slow,2020-09-04,2021-07-25,2021,145867600,620,0.523,0.4403,0.8851,0.8441,0.0533,51,0.8278,15,19,0.548,0.9716
PRJ3-00106,Copper Transit Program 106,Infrastructure,Mountain,WY,Public,Guaranteed Maximum Price,Design-Build,Very High,Low,Standard,2022-11-02,2024-08-04,2024,190164000,1095,0.586,0.509,0.8739,0.8529,0.0645,84,0.9674,17,19,0.912,0.9508
PRJ3-00107,Evergreen Residences 107,Residential,Southeast,VA,Private,Guaranteed Maximum Price,CMAR,High,Low,Standard,2022-11-02,2023-06-29,2023,37838400,598,0.4,0.4057,0.8967,0.996,0.0344,-3,0.984,20,26,0.901,0.9687
PRJ3-00108,Evergreen Residences 108,Residential,Midwest,MO,Private,Lump Sum,CMAR,Moderate,Moderate,Standard,2021-02-17,2022-03-28,2022,63221700,756,0.535,0.5499,1.0503,0.9929,-0.0407,-11,1.0354,12,16,0.568,0.9632
PRJ3-00109,Evergreen District 109,Mixed-Use,West,OR,Public,Lump Sum,IPD,High,Moderate,Standard,2024-07-14,2025-08-28,2025,235779500,982,0.418,0.3478,1.0599,0.8663,-0.0091,69,1.0294,22,7,0.798,0.9487
PRJ3-00110,Crescent Earthworks Package 110,Heavy Civil,Mountain,CO,Private,Cost Plus,Design-Build,Moderate,Low,Fast,2022-03-05,2023-08-11,2023,258671500,1363,0.385,0.3874,1.0212,0.9383,-0.0107,-3,1.005,12,20,0.947,0.9535
PRJ3-00111,Riverside Earthworks Package 111,Heavy Civil,Midwest,MN,Private,Lump Sum,Design-Bid-Build,Moderate,High,Fast,2018-10-02,2020-07-03,2020,136751100,1187,0.54,0.5062,0.9565,0.9504,0.0286,40,1.0245,20,16,0.773,0.9724
PRJ3-00112,Pioneer Residences 112,Residential,Southwest,AZ,Public-Private Partnership,Unit Price,Design-Build,Low,Moderate,Standard,2025-02-18,2025-07-02,2025,44482800,369,0.365,0.4178,0.9392,1.1083,0.0286,-19,1.0132,3,12,0.287,0.9806
PRJ3-00113,Granite Transit-Oriented Development 113,Mixed-Use,Midwest,IL,Private,Unit Price,Design-Bid-Build,Moderate,High,Standard,2019-12-21,2020-09-27,2020,200958400,800,0.352,0.3446,1.0643,0.985,-0.0383,6,0.9798,8,16,0.469,0.9547
PRJ3-00114,Evergreen Town Center 114,Mixed-Use,West,CA,Public,Lump Sum,Design-Build,Very High,Low,Slow,2022-05-07,2023-07-01,2023,135151200,728,0.578,0.4844,0.845,0.8582,0.082,68,0.821,22,5,0.576,0.9518
PRJ3-00115,Crescent Civic Complex 115,Institutional,Southwest,AZ,Public,Lump Sum,Design-Bid-Build,Moderate,Low,Slow,2021-10-31,2023-04-03,2023,107214300,899,0.578,0.559,0.8399,0.9889,0.1076,17,0.9091,43,5,0.423,0.9725
PRJ3-00116,Horizon Town Center 116,Mixed-Use,Midwest,IL,Private,Cost Plus,Design-Bid-Build,High,High,Fast,2019-07-24,2021-04-15,2021,124768300,1072,0.589,0.5806,0.9637,1.0145,0.0069,9,1.0015,2,12,0.859,0.9456
PRJ3-00117,Evergreen Urban Village 117,Mixed-Use,Southeast,TN,Private,Unit Price,Design-Bid-Build,High,Moderate,Standard,2023-09-05,2024-12-04,2024,120887600,1095,0.417,0.4242,0.9787,0.9504,0.0219,-8,1.0284,14,4,0.85,0.9552
PRJ3-00118,Mesa Logistics Center 118,Industrial,Mountain,ID,Private,Unit Price,Design-Bid-Build,High,High,Fast,2020-09-18,2022-03-08,2022,168951800,929,0.577,0.6096,0.9331,1.0361,0.0367,-30,0.9547,0,13,0.753,0.9486
PRJ3-00119,Gateway Process Plant 119,Industrial,Midwest,OH,Private,Lump Sum,Design-Bid-Build,Moderate,Low,Standard,2024-05-18,2025-04-28,2025,208552400,937,0.369,0.3156,0.9037,0.8751,0.0529,50,0.9013,15,18,0.714,0.9621
PRJ3-00120,Canyon Neighborhood 120,Residential,Mountain,MT,Public,Lump Sum,Design-Bid-Build,Very High,Moderate,Fast,2023-04-09,2023-11-02,2023,52726100,577,0.359,0.3415,0.9206,0.9567,0.0263,10,0.9809,30,21,0.851,0.9691
PRJ3-00121,Aspen Medical Center 121,Institutional,Mountain,UT,Public-Private Partnership,Cost Plus,Design-Bid-Build,Moderate,Low,Slow,2019-10-17,2021-02-20,2021,114365500,986,0.499,0.4446,0.831,0.885,0.0901,54,0.8406,20,16,0.609,0.9601
PRJ3-00122,Copper Process Plant 122,Industrial,West,OR,Private,Unit Price,Design-Bid-Build,Moderate,High,Standard,2018-10-07,2020-04-11,2020,284355000,1044,0.529,0.5436,0.9067,1.0247,0.0503,-15,1.0392,24,6,0.615,0.976
PRJ3-00123,Summit Office Campus 123,Commercial,West,NV,Public-Private Partnership,Guaranteed Maximum Price,Design-Bid-Build,Moderate,Moderate,Standard,2021-10-20,2022-11-28,2022,53359700,677,0.597,0.5923,1.0693,0.981,-0.0422,3,1.0119,33,9,0.759,0.9631
PRJ3-00124,Pioneer Marketplace 124,Commercial,Mountain,WY,Private,Cost Plus,CMAR,Moderate,Moderate,Fast,2024-09-18,2025-06-09,2025,74195400,545,0.486,0.4542,1.1424,0.9695,-0.0446,17,1.0247,15,3,0.82,0.9859
PRJ3-00125,Mesa Office Campus 125,Commercial,Northeast,PA,Public,Cost Plus,Design-Bid-Build,Moderate,High,Standard,2020-10-06,2021-07-08,2021,115068500,603,0.457,0.4365,1.0039,0.9476,-0.0029,12,0.9036,5,24,0.456,0.9655
PRJ3-00126,Aspen Corporate Center 126,Commercial,West,NV,Private,Lump Sum,Design-Bid-Build,Moderate,Moderate,Standard,2025-01-10,2025-08-22,2025,29138300,429,0.524,0.5469,1.0014,1.0529,-0.0217,-10,1.0033,25,2,0.361,0.9696
PRJ3-00127,Horizon Utility Corridor 127,Infrastructure,Northeast,NJ,Private,Unit Price,CMAR,Moderate,Low,Standard,2018-10-10,2020-08-01,2020,171150800,1201,0.551,0.5087,0.8957,0.9448,0.0663,51,0.965,15,11,0.606,0.9539
PRJ3-00128,Liberty Corporate Center 128,Commercial,Mountain,MT,Private,Lump Sum,Design-Build,Moderate,Moderate,Standard,2024-08-09,2025-04-18,2025,62471600,666,0.379,0.3462,1.038,0.9288,-0.0087,22,0.9387,0,6,0.725,0.9632
PRJ3-00129,Canyon Corporate Center 129,Commercial,Northeast,NY,Public,Cost Plus,Design-Bid-Build,Low,Low,Fast,2023-11-20,2024-12-22,2024,46942600,693,0.575,0.5718,0.9897,0.9714,0.0218,2,1.0582,7,27,0.382,0.9667
PRJ3-00130,Copper Neighborhood 130,Residential,West,OR,Private,Lump Sum,Design-Bid-Build,High,Moderate,Slow,2019-11-26,2020-06-13,2020,118427400,556,0.361,0.3258,0.845,0.9346,0.0519,20,0.9605,16,11,0.695,0.9704
PRJ3-00131,Cedar Highway Improvements 131,Heavy Civil,Midwest,MI,Private,Cost Plus,CMAR,High,Moderate,Standard,2020-08-08,2022-07-18,2022,147683200,1234,0.575,0.5456,0.9339,0.9476,0.0446,36,1.0219,23,12,0.835,0.9711
PRJ3-00132,Liberty Water Program 132,Heavy Civil,Northeast,NJ,Private,Guaranteed Maximum Price,Design-Bid-Build,Moderate,High,Standard,2022-01-18,2023-02-07,2023,105889800,1019,0.378,0.4016,1.0338,1.0,-0.0079,-24,0.8961,0,8,0.558,0.9539
PRJ3-00133,Granite Airport Improvements 133,Infrastructure,Southeast,VA,Private,Guaranteed Maximum Price,Design-Build,Low,Moderate,Standard,2022-02-06,2023-11-05,2023,180855500,1320,0.483,0.4765,1.012,1.0295,0.0058,9,0.9856,9,5,0.341,0.9715
PRJ3-00135,Northstar Transit-Oriented Development 135,Mixed-Use,Mountain,MT,Private,Unit Price,CMAR,High,Moderate,Standard,2024-01-19,2025-09-14,2025,66774600,1013,0.597,0.5595,0.9914,0.9717,-0.0143,38,0.8805,10,17,0.852,0.9639
PRJ3-00136,Riverside Utility Corridor 136,Infrastructure,Northeast,CT,Public,Unit Price,CMAR,Moderate,High,Standard,2020-11-05,2022-02-10,2022,129443800,1191,0.388,0.3892,1.057,1.0004,-0.0435,-1,0.9145,39,21,0.867,0.9609
PRJ3-00137,Redwood Education Center 137,Institutional,Midwest,MI,Private,Unit Price,CMAR,Moderate,Low,Standard,2022-04-11,2023-02-28,2023,79503900,814,0.397,0.3765,0.8891,0.9368,0.0293,17,0.9938,0,11,0.61,0.9435
PRJ3-00138,Canyon Office Campus 138,Commercial,Mountain,WY,Private,Cost Plus,Design-Bid-Build,Very High,Moderate,Standard,2021-08-18,2022-08-16,2022,92157900,736,0.494,0.4879,0.864,0.9433,0.0869,5,1.0402,24,16,0.598,0.9781
PRJ3-00139,Summit Retail Center 139,Commercial,Mountain,WY,Private,Guaranteed Maximum Price,IPD,Moderate,Moderate,Standard,2022-06-02,2023-01-08,2023,63601900,427,0.517,0.5493,1.0104,1.0471,0.0014,-14,1.073,19,12,0.174,0.9747
PRJ3-00140,Lakeview Logistics Center 140,Industrial,Southwest,TX,Private,Cost Plus,IPD,Very High,Low,Standard,2018-10-23,2020-02-05,2020,225535100,958,0.491,0.4251,0.9446,0.8479,0.0235,63,0.9186,18,4,0.655,0.9727
PRJ3-00141,Evergreen Marketplace 141,Commercial,West,WA,Private,Unit Price,IPD,High,Low,Slow,2023-08-02,2024-05-19,2024,34887800,807,0.361,0.3399,0.8888,0.9466,0.0442,17,0.8746,16,4,0.542,0.9475
PRJ3-00142,Canyon Urban Village 142,Mixed-Use,Mountain,CO,Private,Unit Price,IPD,Moderate,Moderate,Standard,2021-01-05,2022-07-09,2022,164376500,968,0.569,0.5602,0.9297,0.979,0.0283,9,1.0949,4,7,0.374,0.9991
PRJ3-00143,Aspen Logistics Center 143,Industrial,Midwest,MI,Private,Guaranteed Maximum Price,Design-Bid-Build,Moderate,High,Fast,2024-09-05,2025-10-17,2025,109162100,870,0.468,0.4533,1.084,0.9646,-0.0509,13,0.9719,0,3,0.718,0.9641
PRJ3-00144,Granite Manufacturing Facility 144,Industrial,Southeast,TN,Public,Unit Price,Design-Build,High,High,Slow,2018-05-02,2019-05-07,2019,211895300,890,0.416,0.4217,1.0097,1.0093,0.0033,-5,0.9671,19,18,0.455,0.9677
PRJ3-00145,Summit Civic Complex 145,Institutional,Mountain,CO,Public-Private Partnership,Unit Price,Design-Build,Low,Moderate,Standard,2023-10-09,2024-07-27,2024,53330700,777,0.377,0.3479,0.9627,0.9936,-0.0038,23,1.0321,1,16,0.447,0.9769
PRJ3-00146,Evergreen Transit-Oriented Development 146,Mixed-Use,Southwest,NM,Private,Unit Price,Design-Bid-Build,Low,High,Slow,2020-05-13,2021-03-13,2021,208973200,638,0.478,0.4295,1.0212,0.9129,0.0027,31,0.9848,0,4,0.572,0.965
PRJ3-00147,Canyon Housing 147,Residential,Northeast,NY,Private,Cost Plus,IPD,High,Low,Standard,2019-09-11,2020-11-10,2020,27277500,859,0.497,0.483,0.9389,0.9947,0.0466,12,0.897,21,20,0.626,0.9891
PRJ3-00149,Copper Neighborhood 149,Residential,Southeast,GA,Private,Unit Price,Design-Build,Moderate,Low,Fast,2022-10-05,2023-03-10,2023,78972600,331,0.474,0.4951,1.0737,1.036,-0.0316,-7,1.018,16,20,0.445,0.98
PRJ3-00150,Mesa Public Works Program 150,Infrastructure,West,WA,Private,Lump Sum,Design-Build,High,Moderate,Standard,2023-02-22,2024-12-28,2024,335442800,1360,0.497,0.4802,0.7991,0.9976,0.1227,23,0.9411,6,6,0.962,0.942
PRJ3-00151,Gateway Bridge Program 151,Heavy Civil,Mountain,MT,Private,Guaranteed Maximum Price,Design-Bid-Build,High,Low,Standard,2022-06-02,2023-12-04,2023,518619300,1136,0.485,0.4462,0.9334,0.9337,0.0448,44,1.0081,30,6,0.94,0.9448
PRJ3-00152,Summit Retail Center 152,Commercial,Midwest,MN,Public,Cost Plus,Design-Build,Moderate,High,Standard,2024-07-13,2025-04-07,2025,47398200,588,0.456,0.5375,1.0291,1.12,-0.0147,-48,0.9641,4,15,0.515,0.9819
PRJ3-00153,Aspen Earthworks Package 153,Heavy Civil,West,OR,Public,Guaranteed Maximum Price,Design-Build,High,High,Standard,2017-06-08,2019-02-22,2019,267286800,1167,0.535,0.526,0.9049,0.97,0.068,11,0.9931,5,14,0.722,0.9673
PRJ3-00154,Mesa Neighborhood 154,Residential,West,NV,Public,Lump Sum,CMAR,Moderate,Low,Slow,2018-05-03,2019-01-23,2019,89570800,491,0.54,0.5375,0.8616,1.0304,0.0716,1,0.9453,21,10,0.254,0.9809
PRJ3-00155,Summit Marketplace 155,Commercial,West,OR,Private,Lump Sum,Design-Bid-Build,High,Moderate,Slow,2021-09-09,2023-02-04,2023,42176900,926,0.555,0.5042,0.8581,0.866,0.0729,47,0.9488,8,7,0.553,0.9688
PRJ3-00156,Evergreen Airport Improvements 156,Infrastructure,Southwest,NM,Private,Lump Sum,CMAR,High,Moderate,Standard,2023-07-26,2025-04-03,2025,204832300,1113,0.555,0.5142,0.951,0.9217,0.0041,45,1.0319,25,25,0.868,0.9641
PRJ3-00157,Granite Urban Village 157,Mixed-Use,Midwest,MO,Private,Guaranteed Maximum Price,CMAR,High,Moderate,Standard,2023-12-20,2024-11-25,2024,285275200,952,0.359,0.3704,0.9418,0.9403,0.026,-11,0.9289,17,16,0.948,0.9587
PRJ3-00158,Cedar Residences 158,Residential,Northeast,MA,Public,Lump Sum,CMAR,Low,Moderate,Standard,2021-07-12,2022-01-03,2022,11936000,475,0.37,0.4159,1.0311,1.12,-0.0159,-22,1.0692,13,12,0.452,0.9774
PRJ3-00159,Crescent Public Works Program 159,Infrastructure,Northeast,MA,Public,Guaranteed Maximum Price,CMAR,Moderate,Low,Slow,2022-12-10,2024-05-05,2024,362145400,997,0.514,0.5022,0.8641,0.9549,0.0994,12,0.982,41,24,0.645,0.9428
PRJ3-00160,Lakeview Medical Center 160,Institutional,Mountain,WY,Private,Guaranteed Maximum Price,Design-Bid-Build,High,High,Standard,2017-10-24,2019-01-15,2019,209208300,839,0.535,0.4502,0.9277,0.8832,0.0354,71,0.9678,32,17,0.852,0.9672
PRJ3-00161,Northstar Apartments 161,Residential,Mountain,MT,Public,Unit Price,Design-Build,Moderate,Moderate,Fast,2021-06-12,2022-03-15,2022,128227200,630,0.439,0.4329,0.9989,1.0215,-0.0112,4,0.9877,21,13,0.645,0.9931
PRJ3-00162,Lakeview Civic Complex 162,Institutional,West,NV,Private,Cost Plus,CMAR,High,Moderate,Standard,2021-10-23,2023-01-15,2023,116900700,807,0.557,0.5804,0.903,0.9762,0.0607,-19,0.9766,9,2,0.621,0.9838
PRJ3-00163,Riverside Urban Village 163,Mixed-Use,Northeast,NJ,Public,Lump Sum,CMAR,Low,Low,Slow,2020-10-06,2021-12-03,2021,221150800,1009,0.42,0.3804,0.9519,0.919,0.0195,40,0.9827,30,17,0.444,0.9687
PRJ3-00164,Harbor Urban Village 164,Mixed-Use,Mountain,UT,Public-Private Partnership,Lump Sum,IPD,Very High,Low,Fast,2023-01-02,2023-12-30,2023,123968500,982,0.369,0.3394,0.8183,0.8568,0.0645,29,0.9686,20,20,0.82,0.9446
PRJ3-00165,Summit Residences 165,Residential,Midwest,MI,Private,Guaranteed Maximum Price,Design-Bid-Build,High,High,Slow,2024-07-14,2025-12-08,2025,75255100,865,0.593,0.5326,1.0066,0.8953,-0.0052,52,0.9709,10,9,0.842,0.9609
PRJ3-00166,Cedar Transit-Oriented Development 166,Mixed-Use,Southwest,AZ,Private,Lump Sum,Design-Bid-Build,Low,Moderate,Fast,2023-11-14,2025-01-18,2025,477239200,936,0.461,0.4972,1.0324,1.028,-0.0062,-34,1.0817,0,10,0.354,0.972
PRJ3-00167,Liberty Apartments 167,Residential,Midwest,MI,Public,Unit Price,Design-Bid-Build,High,High,Standard,2020-09-07,2021-05-20,2021,52566800,619,0.412,0.4017,0.9614,0.9372,0.0439,6,1.0307,5,14,0.674,0.9838
PRJ3-00168,Pioneer Town Center 168,Mixed-Use,Northeast,MA,Public-Private Partnership,Unit Price,Design-Build,High,Low,Standard,2020-12-17,2022-04-14,2022,100547700,1025,0.472,0.463,0.9472,0.9964,0.0257,9,0.8993,19,18,0.708,0.9874
PRJ3-00169,Copper Retail Center 169,Commercial,Midwest,MI,Public,Unit Price,Design-Build,High,Moderate,Fast,2018-03-11,2019-01-02,2019,70155800,674,0.442,0.4772,0.9876,1.0481,0.0185,-24,1.0483,15,24,0.598,0.9786
PRJ3-00170,Crescent Public Works Program 170,Infrastructure,Mountain,UT,Private,Lump Sum,Design-Bid-Build,Moderate,High,Fast,2018-10-20,2020-04-21,2020,276521500,1179,0.466,0.4689,1.022,1.0128,-0.0062,-3,0.9804,0,13,0.588,0.9651
PRJ3-00171,Horizon Residences 171,Residential,Northeast,MA,Private,Unit Price,Design-Build,Very High,Moderate,Slow,2020-12-01,2021-10-18,2021,71028600,836,0.384,0.3513,0.9062,0.9198,0.0248,27,0.977,19,11,0.82,0.9556
PRJ3-00172,Riverside Town Center 172,Mixed-Use,Midwest,OH,Private,Unit Price,CMAR,Moderate,Moderate,Fast,2022-07-19,2023-11-20,2023,79727600,957,0.512,0.4916,0.938,0.9323,0.0491,19,1.0468,35,6,0.446,0.9603
PRJ3-00173,Aspen Marketplace 173,Commercial,Northeast,PA,Public-Private Partnership,Guaranteed Maximum Price,CMAR,Moderate,Moderate,Standard,2019-03-11,2020-05-02,2020,168927400,852,0.491,0.4466,1.0202,0.9231,-0.0021,38,1.0335,4,16,0.401,0.9789
PRJ3-00174,Crescent Corporate Center 174,Commercial,Mountain,WY,Private,Guaranteed Maximum Price,Design-Bid-Build,Moderate,Low,Standard,2022-11-19,2023-08-23,2023,121872900,675,0.411,0.3987,0.889,1.0485,0.0463,8,0.9602,21,14,0.609,0.9484
PRJ3-00175,Gateway Housing 175,Residential,Northeast,NY,Public,Unit Price,IPD,Moderate,Moderate,Standard,2021-05-23,2022-01-10,2022,62297400,622,0.374,0.4149,1.0159,1.0321,0.0016,-25,1.0037,0,24,0.007,0.9799
PRJ3-00176,Evergreen Distribution Hub 176,Industrial,Southeast,FL,Private,Lump Sum,Design-Bid-Build,High,High,Standard,2019-02-14,2020-03-28,2020,357010100,1110,0.368,0.3557,0.9474,0.9839,0.0058,14,0.8681,25,22,0.761,0.9779
PRJ3-00177,Aspen Manufacturing Facility 177,Industrial,Southwest,AZ,Private,Unit Price,CMAR,Low,High,Standard,2019-04-15,2020-01-14,2020,234424800,772,0.355,0.3535,0.9474,0.9402,0.0254,1,1.1055,21,0,0.134,0.9655
PRJ3-00178,Mesa Medical Center 178,Institutional,Mountain,UT,Private,Guaranteed Maximum Price,CMAR,Moderate,Low,Slow,2024-09-18,2025-11-28,2025,243331700,806,0.542,0.4713,0.9571,0.8778,0.0334,57,0.8918,33,23,0.985,0.9503
PRJ3-00179,Evergreen Residences 179,Residential,Midwest,MI,Public,Lump Sum,Design-Bid-Build,High,High,Standard,2023-06-15,2024-02-06,2024,40867800,525,0.45,0.4285,1.0176,0.953,-0.0021,11,0.9078,7,18,0.641,0.9687
PRJ3-00180,Copper Marketplace 180,Commercial,West,WA,Private,Guaranteed Maximum Price,CMAR,High,Moderate,Slow,2023-08-19,2024-12-03,2024,63541500,899,0.526,0.4554,0.8978,0.8569,0.045,63,1.0088,35,19,0.37,0.9684
PRJ3-00181,Granite Retail Center 181,Commercial,Southwest,AZ,Private,Cost Plus,Design-Bid-Build,Moderate,Moderate,Slow,2019-09-05,2020-05-07,2020,78054500,692,0.355,0.3036,0.8435,0.9065,0.0722,36,0.8381,26,3,0.515,0.9513
PRJ3-00182,Granite Corporate Center 182,Commercial,West,OR,Private,Guaranteed Maximum Price,Design-Build,Very High,High,Standard,2022-11-09,2024-01-24,2024,56571400,872,0.506,0.5188,1.0699,1.0081,-0.0323,-11,0.9116,0,11,0.575,0.9825
PRJ3-00183,Evergreen Highway Improvements 183,Heavy Civil,West,WA,Private,Cost Plus,Design-Bid-Build,Moderate,Moderate,Fast,2024-07-17,2025-11-20,2025,214895000,1111,0.442,0.4212,0.9447,0.992,-0.0067,23,0.9002,39,4,0,0.98
PRJ3-00184,Aspen Urban Village 184,Mixed-Use,Mountain,MT,Public,Lump Sum,CMAR,Very High,Moderate,Standard,2022-12-08,2024-04-20,2024,83016800,1249,0.4,0.357,0.9657,0.9161,0.0234,54,0.8835,2,22,0.288,0.944
PRJ3-00185,Riverside Apartments 185,Residential,West,WA,Private,Lump Sum,IPD,Moderate,Moderate,Standard,2019-09-19,2020-06-05,2020,48015000,541,0.482,0.4847,0.9372,1.0168,0.0366,-1,0.9841,0,4,0.468,0.9439
PRJ3-00186,Aspen Urban Village 186,Mixed-Use,Mountain,UT,Public-Private Partnership,Unit Price,Design-Bid-Build,High,High,Slow,2018-12-24,2019-10-06,2019,176776800,789,0.363,0.3379,0.7822,0.9572,0.1039,20,0.8435,30,17,0.695,0.9505
PRJ3-00187,Liberty District 187,Mixed-Use,West,NV,Private,Unit Price,CMAR,High,Moderate,Standard,2023-08-11,2025-01-03,2025,175235400,923,0.554,0.547,0.9587,1.0152,0.0337,6,1.0454,4,12,0.527,0.9707
PRJ3-00188,Gateway Residences 188,Residential,Midwest,IL,Private,Guaranteed Maximum Price,Design-Build,High,High,Fast,2023-01-18,2024-03-25,2024,77916500,731,0.592,0.5707,0.9924,0.9969,0.01,16,1.0322,0,20,0.593,0.9742
PRJ3-00189,Mesa Office Campus 189,Commercial,West,NV,Public-Private Partnership,Unit Price,CMAR,Low,Moderate,Standard,2021-12-24,2022-12-07,2022,62461900,632,0.551,0.5701,1.0743,0.98,-0.0235,-12,1.1226,16,9,0.636,0.9648
PRJ3-00190,Crescent Marketplace 190,Commercial,Mountain,MT,Private,Unit Price,CMAR,Moderate,Low,Fast,2023-06-16,2024-08-25,2024,100186300,764,0.571,0.5093,0.9241,0.9307,0.0393,47,0.8981,16,7,0.392,0.9819
PRJ3-00191,Copper Residences 191,Residential,Midwest,MO,Private,Cost Plus,Design-Build,Low,Low,Standard,2025-08-04,2025-12-15,2025,73639800,347,0.385,0.3927,0.9848,1.0048,0.0203,-3,0.9937,6,3,0.393,0.966
PRJ3-00192,Cedar Research Facility 192,Institutional,Midwest,MN,Public,Lump Sum,Design-Bid-Build,High,Moderate,Slow,2024-12-07,2025-12-22,2025,126790500,941,0.404,0.3223,0.8709,0.8478,0.0523,77,0.9235,4,25,0.693,0.9673
PRJ3-00193,Aspen District 193,Mixed-Use,Southeast,FL,Public,Lump Sum,Design-Bid-Build,High,Low,Standard,2018-03-14,2019-08-26,2019,145596400,1105,0.48,0.4517,0.9418,0.9193,0.0328,31,0.8789,29,18,0.365,0.9759
PRJ3-00194,Crescent Bridge Program 194,Heavy Civil,Southwest,AZ,Private,Guaranteed Maximum Price,Design-Bid-Build,High,Moderate,Slow,2020-04-07,2021-09-05,2021,411958000,896,0.577,0.5021,1.028,0.89,-0.0039,67,0.8485,37,12,0.75,0.9732
PRJ3-00195,Horizon Corporate Center 195,Commercial,Southwest,AZ,Private,Guaranteed Maximum Price,Design-Bid-Build,Very High,High,Fast,2023-12-18,2025-01-18,2025,71754800,770,0.516,0.5172,1.0055,1.0189,-0.0092,-1,1.0153,11,14,0.497,0.9435
PRJ3-00196,Northstar Civic Complex 196,Institutional,Southwest,NM,Private,Lump Sum,CMAR,Moderate,Moderate,Standard,2018-08-09,2019-11-28,2019,54323900,807,0.591,0.5221,1.0426,0.9089,-0.0265,56,0.9533,9,13,0.101,0.9487
PRJ3-00197,Granite Retail Center 197,Commercial,Mountain,UT,Private,Lump Sum,CMAR,Low,Low,Fast,2023-08-15,2024-06-20,2024,76136400,763,0.407,0.4178,1.0913,1.0326,-0.0254,-8,1.0751,7,29,0.74,0.9498
PRJ3-00198,Granite Manufacturing Facility 198,Industrial,Northeast,CT,Private,Cost Plus,CMAR,High,Moderate,Standard,2022-08-09,2023-11-28,2023,188289600,870,0.548,0.5666,0.8641,1.0592,0.1009,-16,0.8917,24,4,0.913,0.9753
PRJ3-00199,Horizon Residences 199,Residential,Southwest,AZ,Private,Guaranteed Maximum Price,IPD,Very High,Moderate,Standard,2020-11-03,2021-10-02,2021,110159300,772,0.432,0.3944,0.8014,0.9355,0.1017,29,1.1122,33,13,0.543,0.9535
PRJ3-00200,Gateway Housing 200,Residential,Northeast,CT,Private,Unit Price,CMAR,High,Moderate,Standard,2023-02-06,2023-12-09,2023,16141000,590,0.519,0.4568,0.8977,0.8721,0.0584,37,1.0186,21,12,0.804,0.9592
PRJ3-00201,Liberty Bridge Program 201,Heavy Civil,Midwest,IL,Public,Unit Price,Design-Build,Moderate,High,Fast,2021-04-05,2022-11-03,2022,65355400,1255,0.46,0.5037,0.9516,1.0792,-0.002,-55,1.0378,7,18,0.462,0.9766
PRJ3-00202,Canyon Town Center 202,Mixed-Use,Midwest,MN,Private,Unit Price,Design-Build,Moderate,High,Slow,2021-11-30,2023-05-18,2023,180586200,1046,0.511,0.441,0.9272,0.9219,0.0232,73,0.9391,7,15,0.787,0.9715
PRJ3-00203,Riverside Highway Improvements 203,Heavy Civil,Southeast,TN,Private,Unit Price,Design-Bid-Build,Very High,Moderate,Standard,2023-11-21,2025-02-06,2025,144884300,1029,0.431,0.4583,0.8855,0.9965,0.0592,-28,0.7823,41,9,0.895,0.951
PRJ3-00204,Summit Urban Village 204,Mixed-Use,Mountain,WY,Public,Lump Sum,CMAR,Moderate,Low,Slow,2017-03-21,2019-02-24,2019,274182800,1213,0.582,0.5161,0.9218,0.9274,0.0464,80,0.8886,22,19,0.701,0.95
PRJ3-00205,Aspen Water Program 205,Heavy Civil,Mountain,ID,Public,Guaranteed Maximum Price,CMAR,Very High,Moderate,Fast,2021-04-24,2022-09-08,2022,247437700,1168,0.43,0.4241,0.9258,0.9949,0.0399,7,0.9537,24,18,0.845,0.9652
PRJ3-00206,Mesa Retail Center 206,Commercial,Midwest,MI,Private,Guaranteed Maximum Price,Design-Bid-Build,Moderate,Moderate,Standard,2019-11-06,2020-09-21,2020,42432000,576,0.556,0.5307,0.9593,0.9147,0.0225,15,0.9028,10,27,0.48,0.9595
PRJ3-00207,Northstar Town Center 207,Mixed-Use,Southeast,GA,Private,Guaranteed Maximum Price,CMAR,High,Low,Standard,2023-10-21,2025-01-28,2025,308523400,1099,0.424,0.3598,0.9171,0.8579,0.0462,71,0.9641,33,19,0.634,0.9424
PRJ3-00208,Crescent Transit Program 208,Infrastructure,West,WA,Public,Unit Price,Design-Bid-Build,Moderate,Moderate,Standard,2024-01-23,2025-12-05,2025,343830500,1225,0.557,0.5993,0.8649,1.0515,0.1029,-52,0.928,15,9,0.209,0.9683
PRJ3-00209,Riverside Corporate Center 209,Commercial,West,OR,Private,Guaranteed Maximum Price,Design-Bid-Build,Very High,Moderate,Fast,2020-07-02,2021-03-19,2021,40393100,632,0.412,0.3511,0.8628,0.9179,0.0888,38,0.9624,36,11,0.873,0.9778
PRJ3-00210,Canyon Corporate Center 210,Commercial,Mountain,UT,Public,Guaranteed Maximum Price,IPD,High,Low,Slow,2021-06-07,2022-01-06,2022,57331800,575,0.372,0.3957,0.9145,0.9276,0.0243,-14,0.9149,11,16,1.119,0.9668
PRJ3-00211,Mesa Urban Village 211,Mixed-Use,Midwest,MN,Public,Guaranteed Maximum Price,Design-Build,High,Moderate,Fast,2022-04-11,2023-06-11,2023,380649000,925,0.461,0.4921,1.112,1.0226,-0.0394,-29,0.9641,20,19,0.609,0.9565
PRJ3-00212,Horizon Public Works Program 212,Infrastructure,Northeast,CT,Private,Cost Plus,CMAR,Moderate,High,Fast,2019-04-07,2021-01-09,2021,211078300,1114,0.578,0.5851,0.9661,0.9731,0.035,-8,1.1014,0,18,0.711,0.9707
PRJ3-00213,Redwood Transit-Oriented Development 213,Mixed-Use,West,NV,Private,Cost Plus,IPD,High,High,Standard,2020-02-16,2021-07-14,2021,149867700,1274,0.404,0.3809,1.0202,1.0098,-0.0289,29,1.0956,0,6,0.524,1.0
PRJ3-00214,Aspen Corporate Center 214,Commercial,Midwest,IL,Private,Guaranteed Maximum Price,Design-Bid-Build,High,High,Slow,2023-12-21,2025-02-08,2025,65792300,722,0.576,0.563,0.9346,0.976,0.0494,9,0.9327,29,20,0.471,0.9586
PRJ3-00215,Cedar Research Facility 215,Institutional,Southeast,GA,Private,Lump Sum,Design-Bid-Build,Moderate,Low,Slow,2023-02-07,2024-02-01,2024,58202200,822,0.437,0.4311,0.8523,0.9194,0.0979,5,0.9658,36,15,0.585,0.9354
PRJ3-00216,Aspen Neighborhood 216,Residential,Southeast,FL,Private,Lump Sum,Design-Bid-Build,High,Moderate,Slow,2020-12-17,2021-07-23,2021,35087500,552,0.395,0.3971,0.9582,1.0063,0.0425,-1,0.9533,17,16,0.572,0.951
PRJ3-00217,Lakeview Town Center 217,Mixed-Use,Mountain,CO,Public-Private Partnership,Unit Price,CMAR,Moderate,High,Fast,2019-10-06,2020-11-12,2020,112982500,925,0.436,0.4219,1.0029,1.0176,0.003,13,1.0918,2,15,0.275,0.9699
PRJ3-00218,Northstar Education Center 218,Institutional,Midwest,IL,Public,Unit Price,Design-Bid-Build,Moderate,High,Standard,2024-11-12,2025-12-12,2025,117156300,815,0.485,0.5471,0.975,1.071,-0.007,-51,1.0147,15,14,0.623,0.9872
PRJ3-00219,Canyon Housing 219,Residential,Northeast,NY,Public,Unit Price,CMAR,Moderate,Moderate,Standard,2023-02-08,2023-10-12,2023,22627500,695,0.355,0.3068,0.8815,0.8633,0.043,34,1.0263,9,20,0.526,0.963
PRJ3-00220,Granite Town Center 220,Mixed-Use,Southwest,TX,Private,Cost Plus,Design-Bid-Build,High,Moderate,Fast,2020-04-03,2021-07-27,2021,83495200,1087,0.442,0.4226,0.9573,1.0011,0.0106,21,0.9673,6,3,0.706,0.9627
PRJ3-00221,Mesa Apartments 221,Residential,Southwest,AZ,Private,Guaranteed Maximum Price,Design-Build,Moderate,High,Standard,2022-11-23,2023-06-05,2023,28719700,477,0.407,0.4064,1.0459,1.0576,-0.0165,0,1.0291,10,10,0.633,0.9799
PRJ3-00222,Pioneer Process Plant 222,Industrial,West,CA,Public-Private Partnership,Guaranteed Maximum Price,Design-Build,Low,Moderate,Fast,2024-09-22,2025-11-01,2025,95114300,947,0.428,0.4514,0.9671,1.0486,0.0128,-22,0.9904,2,3,0.274,1.0
PRJ3-00223,Gateway Civic Complex 223,Institutional,Southwest,TX,Public,Lump Sum,Design-Build,Low,Moderate,Fast,2021-05-13,2022-05-28,2022,239283300,709,0.536,0.4981,0.9868,0.9222,0.0215,27,1.09,0,12,0.409,0.9959
PRJ3-00224,Horizon Earthworks Package 224,Heavy Civil,Southeast,GA,Private,Guaranteed Maximum Price,Design-Bid-Build,High,High,Standard,2021-01-15,2022-05-14,2022,138600600,1211,0.4,0.3682,1.01,0.9199,-0.0003,38,0.9456,9,12,0.606,0.9686
PRJ3-00225,Redwood Office Campus 225,Commercial,Southeast,NC,Private,Lump Sum,CMAR,Moderate,Moderate,Standard,2020-01-02,2020-07-01,2020,285127600,469,0.386,0.4078,1.0294,1.0466,-0.0159,-10,1.0014,7,18,0.354,0.9787
PRJ3-00226,Canyon Neighborhood 226,Residential,Midwest,IL,Private,Lump Sum,Design-Build,Moderate,High,Fast,2024-06-24,2024-11-29,2024,47287700,438,0.363,0.3872,1.15,1.0625,-0.0338,-11,1.0738,26,13,0.507,0.9809
PRJ3-00227,Horizon Distribution Hub 227,Industrial,Mountain,UT,Private,Cost Plus,CMAR,High,High,Standard,2018-01-11,2019-04-14,2019,115684200,984,0.466,0.5012,0.9408,1.0433,0.0395,-35,0.9698,25,8,0.683,0.9614
PRJ3-00228,Gateway Retail Center 228,Commercial,Midwest,MO,Private,Lump Sum,Design-Build,Moderate,Low,Fast,2024-09-25,2025-06-15,2025,67442000,497,0.53,0.5136,0.9317,0.9934,0.0159,8,0.9502,10,14,0.889,0.9595
PRJ3-00229,Pioneer Retail Center 229,Commercial,Midwest,OH,Private,Cost Plus,Design-Build,High,Low,Standard,2020-04-02,2020-12-12,2020,54492300,632,0.402,0.3741,0.9824,0.8954,0.0116,18,1.073,4,15,0.863,0.966
PRJ3-00230,Lakeview Residences 230,Residential,Midwest,MI,Public,Guaranteed Maximum Price,Design-Bid-Build,Moderate,Low,Standard,2024-08-24,2025-02-09,2025,68299200,433,0.391,0.3433,0.9556,0.9348,0.0151,21,0.941,10,17,0.365,0.9756
PRJ3-00231,Gateway Medical Center 231,Institutional,Mountain,UT,Public,Guaranteed Maximum Price,CMAR,High,High,Fast,2020-05-11,2021-04-18,2021,72977200,904,0.379,0.3536,1.0578,0.9293,-0.0019,23,1.0758,6,1,0.734,0.9566
PRJ3-00232,Copper Residences 232,Residential,Mountain,ID,Public,Guaranteed Maximum Price,CMAR,High,Moderate,Fast,2024-09-19,2025-04-02,2025,25174400,517,0.378,0.3604,0.9862,1.034,0.0008,9,0.9908,0,23,0.94,0.9505
PRJ3-00233,Canyon Neighborhood 233,Residential,West,WA,Public,Guaranteed Maximum Price,Design-Bid-Build,Moderate,Moderate,Standard,2023-11-05,2024-06-22,2024,23189100,609,0.378,0.3531,1.004,0.9299,-0.0109,15,1.0199,13,0,0.318,0.9683
PRJ3-00234,Crescent Urban Village 234,Mixed-Use,Midwest,OH,Private,Guaranteed Maximum Price,Design-Bid-Build,Very High,Low,Fast,2023-11-11,2025-02-14,2025,120137700,983,0.469,0.4448,0.8533,0.9626,0.0666,24,0.8942,26,23,0.426,0.9328
PRJ3-00235,Pioneer Corporate Center 235,Commercial,Midwest,OH,Public,Guaranteed Maximum Price,Design-Bid-Build,Moderate,Low,Slow,2023-07-06,2024-04-28,2024,34987400,570,0.522,0.4567,0.8977,0.8689,0.0889,37,0.8662,21,12,0.583,0.9591
PRJ3-00236,Cedar Utility Corridor 236,Infrastructure,Southwest,TX,Private,Guaranteed Maximum Price,Design-Build,Moderate,High,Standard,2024-04-01,2025-09-12,2025,334075400,958,0.553,0.6056,0.9831,1.0703,-0.0031,-50,0.9729,0,6,0.438,0.964
PRJ3-00237,Northstar Research Facility 237,Institutional,Northeast,CT,Public,Lump Sum,Design-Build,High,Moderate,Fast,2021-02-04,2022-02-09,2022,191842300,826,0.448,0.4245,0.9247,1.0075,0.0376,19,0.9098,17,16,0.424,0.9538
PRJ3-00238,Northstar Residences 238,Residential,Southeast,VA,Public,Guaranteed Maximum Price,CMAR,High,Moderate,Standard,2020-09-08,2021-07-14,2021,61955000,632,0.49,0.4769,0.9392,0.9975,0.0228,8,1.0531,16,19,0.688,0.9465
PRJ3-00239,Crescent Medical Center 239,Institutional,Southeast,VA,Private,Cost Plus,CMAR,Moderate,High,Standard,2020-10-05,2021-11-16,2021,58879300,759,0.537,0.4899,0.9385,0.9281,0.0249,36,0.954,22,14,0.547,0.971
PRJ3-00240,Crescent Water Program 240,Heavy Civil,West,NV,Private,Guaranteed Maximum Price,Design-Bid-Build,Very High,Moderate,Standard,2018-04-17,2019-06-03,2019,467313300,835,0.494,0.4568,0.9545,0.9386,0.0254,31,0.8719,33,10,0.899,0.9589
PRJ3-00241,Pioneer Neighborhood 241,Residential,Southwest,NM,Private,Guaranteed Maximum Price,Design-Bid-Build,High,Moderate,Standard,2018-11-23,2019-11-08,2019,39379700,709,0.494,0.4606,0.997,0.9304,0.0228,24,0.8805,24,8,0.372,0.9785
PRJ3-00242,Liberty Apartments 242,Residential,Northeast,NJ,Private,Cost Plus,Design-Build,Very High,Low,Fast,2021-12-01,2022-05-28,2022,49591900,485,0.369,0.2911,0.9299,0.9043,0.0256,38,0.8651,19,31,0.479,0.9511
PRJ3-00243,Evergreen Manufacturing Facility 243,Industrial,Mountain,ID,Private,Cost Plus,Design-Build,Very High,Low,Standard,2017-12-31,2019-04-18,2019,222718200,1014,0.467,0.4269,0.8803,0.9206,0.0419,41,0.9445,35,11,0.823,0.949
PRJ3-00244,Horizon Urban Village 244,Mixed-Use,Southwest,TX,Public,Cost Plus,Design-Bid-Build,Moderate,Low,Fast,2023-08-17,2024-11-08,2024,56653000,939,0.479,0.4981,1.005,1.0503,0.002,-18,0.9943,21,5,0.544,0.9665
PRJ3-00245,Aspen Apartments 245,Residential,West,NV,Private,Guaranteed Maximum Price,Design-Build,High,Low,Fast,2023-12-04,2025-03-02,2025,50081800,827,0.549,0.6113,0.9387,1.12,0.0432,-52,1.047,2,7,0.614,0.9671
PRJ3-00246,Granite Water Program 246,Heavy Civil,Southwest,TX,Private,Guaranteed Maximum Price,Design-Bid-Build,Moderate,Low,Standard,2017-10-31,2019-02-03,2019,152563100,1184,0.389,0.3656,0.8742,0.8958,0.0419,28,0.9321,29,15,0.755,0.9562
PRJ3-00247,Harbor Corporate Center 247,Commercial,Midwest,MN,Public,Cost Plus,Design-Build,Very High,High,Fast,2019-11-25,2020-06-16,2020,50436300,531,0.385,0.4034,1.0696,1.0374,-0.0271,-10,1.0518,14,15,1.081,0.9699
PRJ3-00248,Cedar Residences 248,Residential,Southwest,AZ,Public,Lump Sum,Design-Bid-Build,High,Moderate,Slow,2025-05-07,2025-12-21,2025,47999900,477,0.48,0.4638,0.8081,0.9246,0.1052,8,0.9332,24,11,0.426,0.9763
PRJ3-00249,Horizon Education Center 249,Institutional,West,OR,Private,Lump Sum,Design-Build,Moderate,High,Standard,2021-11-19,2022-06-26,2022,81102200,606,0.362,0.3659,0.9775,1.0253,-0.0075,-2,1.0953,7,3,0,0.9877
PRJ3-00250,Granite Retail Center 250,Commercial,Southwest,NM,Public,Cost Plus,CMAR,High,Moderate,Slow,2020-12-10,2022-05-04,2022,53428200,907,0.563,0.52,0.9744,0.9434,0.0233,39,0.8555,15,8,1.314,0.9619
PRJ3-00251,Aspen Urban Village 251,Mixed-Use,Southeast,VA,Private,Cost Plus,IPD,Very High,Low,Standard,2024-07-03,2025-11-21,2025,129550300,1308,0.387,0.3169,0.7901,0.8502,0.0759,92,0.9201,21,28,0.938,0.9453
PRJ3-00252,Northstar Manufacturing Facility 252,Industrial,Southeast,FL,Public,Lump Sum,IPD,Very High,Low,Standard,2023-07-02,2025-03-07,2025,105699800,1082,0.568,0.4871,0.9578,0.8939,0.0088,87,0.8848,23,11,0.728,0.9498
PRJ3-00253,Granite Residences 253,Residential,West,WA,Public,Cost Plus,Design-Bid-Build,High,High,Standard,2020-02-02,2021-02-16,2021,63692900,723,0.526,0.4908,0.9361,0.9431,0.0112,25,1.0016,19,17,0.452,0.9649
PRJ3-00254,Horizon Corporate Center 254,Commercial,Mountain,WY,Private,Cost Plus,Design-Bid-Build,Moderate,Moderate,Standard,2020-07-20,2021-03-28,2021,91156600,678,0.371,0.3225,0.8886,0.8975,0.0545,33,0.9727,2,17,0.226,0.9731
PRJ3-00255,Granite Medical Center 255,Institutional,Mountain,UT,Public-Private Partnership,Guaranteed Maximum Price,CMAR,Moderate,Moderate,Standard,2020-10-04,2022-01-01,2022,91750800,796,0.571,0.5825,0.9623,1.0307,0.0094,-9,0.928,17,12,0.629,0.9527
PRJ3-00256,Pioneer Civic Complex 256,Institutional,Mountain,WY,Private,Guaranteed Maximum Price,Design-Bid-Build,Moderate,Moderate,Fast,2018-11-15,2019-08-13,2019,91525100,706,0.384,0.3505,0.981,0.8899,0.0033,24,1.0688,14,20,0.521,0.9976
PRJ3-00257,Mesa Logistics Center 257,Industrial,Mountain,WY,Private,Unit Price,IPD,Low,Moderate,Slow,2022-06-01,2023-08-20,2023,286437400,749,0.595,0.5738,1.024,0.9315,-0.0393,16,1.1035,15,19,0.179,0.9739
PRJ3-00258,Summit Earthworks Package 258,Heavy Civil,West,NV,Private,Lump Sum,Design-Build,High,Low,Fast,2021-03-12,2022-05-14,2022,198365300,1055,0.406,0.4111,0.8738,0.9984,0.0573,-5,0.9707,33,15,0.661,0.9612
PRJ3-00259,Canyon Neighborhood 259,Residential,Midwest,IL,Private,Lump Sum,CMAR,High,High,Standard,2021-08-02,2022-05-28,2022,149394300,554,0.54,0.4875,0.9992,0.9375,0.014,29,1.0013,24,9,0.776,0.9733
PRJ3-00260,Riverside Bridge Program 260,Heavy Civil,Mountain,UT,Public-Private Partnership,Guaranteed Maximum Price,CMAR,High,Low,Slow,2024-05-22,2025-12-21,2025,168937400,1191,0.486,0.4256,0.8955,0.8653,0.0548,72,0.7576,27,25,0.451,0.9596
PRJ3-00261,Mesa Office Campus 261,Commercial,West,WA,Public,Lump Sum,Design-Bid-Build,High,Moderate,Fast,2021-11-24,2022-09-22,2022,41062500,666,0.454,0.5076,0.8749,1.039,0.0553,-36,0.9587,0,3,0.31,0.9661
PRJ3-00262,Mesa Distribution Hub 262,Industrial,West,OR,Private,Unit Price,Design-Bid-Build,High,High,Standard,2020-09-08,2021-09-26,2021,58686600,1061,0.361,0.3246,0.9985,0.8875,0.0281,39,0.9811,10,17,0.247,0.9396
PRJ3-00263,Granite Residences 263,Residential,Southeast,TN,Public,Lump Sum,Design-Bid-Build,High,Moderate,Standard,2021-10-15,2022-04-27,2022,125552800,554,0.351,0.3493,0.8395,1.0025,0.0821,1,0.9148,7,27,0.869,0.9596
PRJ3-00264,Harbor Earthworks Package 264,Heavy Civil,Midwest,MI,Public-Private Partnership,Lump Sum,CMAR,Very High,Moderate,Slow,2020-03-10,2021-09-03,2021,197512600,1200,0.452,0.3932,0.8825,0.8237,0.0517,71,0.8454,51,10,0.738,0.9504
PRJ3-00265,Horizon Corporate Center 265,Commercial,Southeast,VA,Private,Cost Plus,Design-Build,High,Moderate,Fast,2021-11-06,2022-05-23,2022,33496100,554,0.359,0.3715,0.9854,0.9689,-0.0102,-7,1.0182,5,12,0.617,0.9693
PRJ3-00266,Liberty Process Plant 266,Industrial,Southwest,AZ,Public,Guaranteed Maximum Price,Design-Bid-Build,High,Moderate,Standard,2020-05-19,2021-10-22,2021,227247100,1038,0.502,0.4974,0.9185,0.9607,0.046,5,0.9924,17,0,0.534,0.9465
PRJ3-00267,Granite Apartments 267,Residential,Southeast,NC,Private,Unit Price,Design-Bid-Build,Very High,Moderate,Standard,2020-07-05,2021-05-20,2021,36504500,599,0.533,0.5248,0.9833,0.959,0.0145,5,0.9912,17,11,0.568,0.9574
PRJ3-00268,Gateway Corporate Center 268,Commercial,Mountain,MT,Public,Lump Sum,CMAR,High,High,Slow,2024-03-19,2024-11-29,2024,145006600,554,0.461,0.4766,0.9059,1.0133,0.0559,-9,0.8806,35,15,0.527,0.9617
PRJ3-00269,Gateway Civic Complex 269,Institutional,Southeast,FL,Public-Private Partnership,Lump Sum,IPD,Very High,High,Standard,2020-03-20,2021-07-04,2021,109602100,1037,0.455,0.5171,1.0021,1.0955,0.0068,-64,0.9545,3,10,0.308,0.9663
PRJ3-00270,Northstar Distribution Hub 270,Industrial,West,OR,Private,Lump Sum,IPD,High,Moderate,Slow,2018-11-25,2020-02-02,2020,370162600,1128,0.385,0.3463,0.9748,0.9412,0.0097,44,1.0316,18,5,0.529,0.9509
PRJ3-00271,Harbor Apartments 271,Residential,Southwest,AZ,Private,Guaranteed Maximum Price,CMAR,Moderate,Moderate,Slow,2021-09-01,2022-03-18,2022,87234200,483,0.412,0.4075,1.0015,0.9641,0.006,2,0.8564,16,11,0.554,0.9737
PRJ3-00272,Summit Highway Improvements 272,Heavy Civil,Southwest,AZ,Public-Private Partnership,Unit Price,CMAR,High,High,Standard,2022-05-14,2023-11-25,2023,107534800,1019,0.55,0.567,1.0883,0.9958,-0.022,-17,0.8989,5,0,0.803,0.9583
PRJ3-00273,Summit Civic Complex 273,Institutional,Midwest,MO,Public,Guaranteed Maximum Price,CMAR,High,Moderate,Standard,2024-03-18,2025-05-11,2025,63838500,793,0.529,0.4496,0.942,0.8778,0.0226,63,0.9701,22,22,0.541,1.0
PRJ3-00274,Redwood Research Facility 274,Institutional,Northeast,PA,Private,Guaranteed Maximum Price,Design-Build,Very High,Moderate,Fast,2020-08-15,2022-04-23,2022,79147300,1034,0.596,0.5071,0.9751,0.8663,-0.0085,92,0.8448,19,20,0.841,0.9697
PRJ3-00275,Riverside Apartments 275,Residential,Mountain,MT,Private,Guaranteed Maximum Price,CMAR,Low,Low,Standard,2022-10-24,2023-03-31,2023,101876400,411,0.386,0.3521,0.9522,0.9812,0.0242,14,0.9723,12,21,0.835,0.9695
PRJ3-00276,Liberty Retail Center 276,Commercial,Southeast,FL,Private,Guaranteed Maximum Price,Design-Bid-Build,High,High,Fast,2024-04-11,2025-03-12,2025,76419400,837,0.401,0.4401,0.9588,1.0675,0.0295,-33,1.0252,7,16,1.02,0.9864
PRJ3-00277,Northstar Manufacturing Facility 277,Industrial,West,NV,Public,Guaranteed Maximum Price,Design-Bid-Build,High,High,Slow,2024-11-02,2025-09-02,2025,118438100,726,0.419,0.3972,0.9365,0.8909,0.0381,16,1.0076,27,2,0.685,0.9584
PRJ3-00278,Canyon Distribution Hub 278,Industrial,Mountain,MT,Public,Lump Sum,Design-Bid-Build,High,Moderate,Standard,2024-08-16,2025-11-16,2025,84999500,806,0.567,0.5412,0.9717,0.9465,0.0223,21,0.915,8,10,0.906,0.9639
PRJ3-00279,Lakeview Housing 279,Residential,Southwest,TX,Private,Unit Price,Design-Bid-Build,Low,Low,Standard,2024-01-17,2024-11-03,2024,42159600,505,0.577,0.5567,0.9436,0.9323,0.0322,10,0.9592,13,11,0.141,0.953
PRJ3-00280,Northstar Office Campus 280,Commercial,Southeast,FL,Public-Private Partnership,Unit Price,Design-Bid-Build,High,Low,Slow,2023-11-19,2024-10-26,2024,163723400,772,0.444,0.3765,0.8311,0.8853,0.0762,52,0.907,38,21,0.717,0.9496
PRJ3-00281,Canyon Office Campus 281,Commercial,West,WA,Private,Cost Plus,IPD,High,High,Slow,2023-06-07,2024-04-22,2024,38536100,684,0.469,0.4693,0.8282,0.9908,0.1022,0,0.9564,24,2,0.536,0.9728
PRJ3-00282,Cedar Marketplace 282,Commercial,West,WA,Private,Unit Price,IPD,High,Low,Standard,2023-12-19,2024-10-11,2024,90028500,642,0.464,0.4305,0.9209,0.9521,0.0505,21,0.893,3,7,0.641,0.9701
PRJ3-00283,Pioneer Residences 283,Residential,Northeast,MA,Public,Guaranteed Maximum Price,Design-Bid-Build,High,Moderate,Fast,2024-06-12,2025-01-29,2025,18589600,544,0.426,0.3987,1.0471,0.9371,-0.0228,15,1.0289,15,16,0.534,0.9754
PRJ3-00284,Granite Housing 284,Residential,Midwest,MI,Private,Unit Price,Design-Bid-Build,High,Moderate,Standard,2021-02-24,2021-10-18,2021,75234900,558,0.424,0.3838,0.8865,0.8708,0.0379,22,0.8169,3,8,0.842,0.9768
PRJ3-00285,Copper Office Campus 285,Commercial,Southwest,AZ,Private,Guaranteed Maximum Price,CMAR,Moderate,Low,Standard,2021-12-23,2022-10-08,2022,119780500,712,0.407,0.3348,0.9905,0.8863,0.0143,51,1.0907,8,12,0.513,0.9794
PRJ3-00286,Northstar Research Facility 286,Institutional,Northeast,MA,Private,Cost Plus,Design-Build,Low,High,Slow,2021-11-04,2022-12-22,2022,184902000,891,0.464,0.4556,0.9722,0.979,-0.0053,7,1.0234,7,15,0.571,0.9805
PRJ3-00287,Granite Office Campus 287,Commercial,West,NV,Public,Lump Sum,CMAR,Very High,Low,Standard,2024-12-05,2025-12-22,2025,87206300,657,0.582,0.4793,0.9916,0.8584,-0.0004,67,0.9403,8,12,0.795,0.9474
PRJ3-00288,Summit Distribution Hub 288,Industrial,Southwest,TX,Private,Guaranteed Maximum Price,Design-Bid-Build,Moderate,Moderate,Slow,2024-06-20,2025-05-02,2025,483316400,854,0.371,0.351,0.9035,0.9459,0.0273,17,0.9295,1,0,0.748,0.9469
PRJ3-00289,Pioneer Neighborhood 289,Residential,Mountain,MT,Public,Guaranteed Maximum Price,Design-Build,Moderate,High,Standard,2018-10-05,2019-08-01,2019,29564700,518,0.581,0.5524,1.0702,0.9527,-0.0324,15,1.1548,9,13,0.732,0.967
PRJ3-00290,Aspen Marketplace 290,Commercial,West,WA,Private,Unit Price,CMAR,Moderate,Low,Standard,2021-09-03,2022-06-09,2022,51645500,696,0.401,0.3693,0.9407,0.9341,0.0104,22,0.9547,27,7,0.559,0.9667
PRJ3-00291,Northstar Public Works Program 291,Infrastructure,Southeast,FL,Public,Unit Price,CMAR,Moderate,High,Slow,2022-10-12,2024-01-24,2024,132559200,1081,0.434,0.4324,0.9127,1.0245,0.0304,2,0.9482,48,22,0.509,0.9581
PRJ3-00292,Crescent Earthworks Package 292,Heavy Civil,Mountain,MT,Public,Guaranteed Maximum Price,CMAR,Moderate,Moderate,Slow,2023-01-04,2023-11-28,2023,84679800,833,0.394,0.359,0.9335,0.8575,0.0133,29,0.9081,29,18,0.911,0.9449
PRJ3-00293,Copper Logistics Center 293,Industrial,West,NV,Private,Guaranteed Maximum Price,IPD,Moderate,High,Slow,2018-11-23,2019-11-16,2019,778955900,949,0.378,0.3992,0.9709,1.0544,-0.0048,-20,0.9092,8,17,1.071,0.9599
PRJ3-00294,Redwood Corporate Center 294,Commercial,Southeast,VA,Private,Guaranteed Maximum Price,CMAR,Low,Moderate,Slow,2022-08-05,2023-04-10,2023,41339800,659,0.377,0.3819,0.9995,1.0627,0.0113,-3,0.9883,12,9,0,0.9816
PRJ3-00295,Pioneer Residences 295,Residential,Midwest,MN,Public,Lump Sum,CMAR,Moderate,Moderate,Fast,2019-12-04,2020-06-25,2020,68120300,466,0.438,0.3742,0.927,0.8783,0.0405,30,1.0319,0,11,0.559,0.9551
PRJ3-00296,Redwood Bridge Program 296,Heavy Civil,Mountain,MT,Public,Unit Price,Design-Build,Low,Moderate,Slow,2020-12-17,2022-05-06,2022,70374900,1101,0.459,0.4171,0.9749,0.9374,0.0276,46,0.9376,2,12,0,0.9561
PRJ3-00297,Granite Residences 297,Residential,Southeast,GA,Public,Guaranteed Maximum Price,Design-Build,High,Moderate,Fast,2020-01-11,2020-12-11,2020,40684300,605,0.554,0.5465,1.0825,0.9714,-0.0408,5,0.9751,12,16,0.636,0.9696
PRJ3-00298,Evergreen Neighborhood 298,Residential,Mountain,ID,Public,Lump Sum,Design-Bid-Build,Very High,Moderate,Standard,2022-02-10,2023-01-17,2023,62878600,584,0.585,0.5602,0.8197,0.9412,0.1083,14,0.8838,0,8,0.606,0.9477
PRJ3-00299,Lakeview Process Plant 299,Industrial,Southeast,GA,Private,Unit Price,Design-Bid-Build,Very High,High,Fast,2018-06-25,2020-06-11,2020,159340800,1248,0.575,0.589,0.9734,0.9917,0.0144,-17,0.9699,19,25,0.774,0.9617
PRJ3-00300,Crescent Transit Program 300,Infrastructure,Southeast,FL,Private,Guaranteed Maximum Price,Design-Bid-Build,Moderate,Moderate,Standard,2019-12-10,2022-03-14,2022,445365500,1424,0.58,0.5465,0.9968,0.9554,0.0291,48,1.0616,0,12,0.51,0.9576
PRJ3-00301,Crescent Housing 301,Residential,Southwest,NM,Public-Private Partnership,Guaranteed Maximum Price,Design-Build,Moderate,High,Fast,2023-01-13,2023-09-09,2023,39020500,460,0.521,0.5697,1.0543,1.0858,-0.0493,-22,0.9702,0,4,0.661,0.9865
PRJ3-00302,Cedar Neighborhood 302,Residential,West,WA,Private,Lump Sum,CMAR,Moderate,Low,Standard,2023-10-22,2024-04-22,2024,72985500,374,0.49,0.5607,0.9738,1.0963,0.0301,-26,0.918,11,3,0.213,0.9691
PRJ3-00303,Harbor Housing 303,Residential,West,WA,Public,Unit Price,Design-Build,Very High,Moderate,Slow,2020-09-20,2021-10-21,2021,46066300,676,0.587,0.5189,0.9455,0.9103,0.0129,46,0.8731,16,9,0.731,0.9549
PRJ3-00304,Lakeview Residences 304,Residential,Southeast,NC,Private,Unit Price,Design-Bid-Build,High,Moderate,Slow,2023-03-16,2023-11-02,2023,63271300,477,0.485,0.4902,0.873,1.0256,0.071,-2,0.8828,9,22,0.421,0.9631
PRJ3-00305,Canyon Earthworks Package 305,Heavy Civil,Midwest,IL,Private,Guaranteed Maximum Price,Design-Build,Low,Moderate,Standard,2023-07-16,2024-11-19,2024,175516200,1048,0.47,0.5079,1.0447,1.0285,0.0026,-40,1.027,0,20,0.702,0.9783
PRJ3-00306,Horizon Bridge Program 306,Heavy Civil,Mountain,UT,Public,Guaranteed Maximum Price,Design-Bid-Build,Moderate,High,Slow,2020-07-08,2021-11-21,2021,212612200,1124,0.446,0.4438,0.962,0.96,0.0156,2,0.9754,30,23,0.748,0.98
PRJ3-00307,Copper Education Center 307,Institutional,Midwest,IL,Private,Unit Price,IPD,Moderate,Low,Fast,2020-11-09,2021-10-22,2021,151466500,684,0.508,0.4843,1.0073,1.0005,0.0062,16,1.0049,19,17,0.625,0.981
PRJ3-00308,Crescent Logistics Center 308,Industrial,West,WA,Private,Guaranteed Maximum Price,Design-Build,Moderate,Moderate,Standard,2019-02-18,2019-11-17,2019,226164800,739,0.369,0.3638,1.0748,0.9715,-0.0419,4,0.9384,7,12,0.523,0.9615
PRJ3-00309,Pioneer Manufacturing Facility 309,Industrial,Southwest,TX,Private,Unit Price,IPD,Very High,Moderate,Slow,2020-08-13,2022-03-18,2022,77909100,1163,0.501,0.5129,0.8589,1.0032,0.071,-14,0.8409,36,11,0.734,0.952
PRJ3-00310,Northstar Process Plant 310,Industrial,Southwest,AZ,Public,Guaranteed Maximum Price,CMAR,High,Moderate,Standard,2019-03-08,2020-03-13,2020,349206000,974,0.381,0.3844,0.9997,0.9954,-0.0045,-3,0.9027,24,7,1.186,0.9552
PRJ3-00311,Mesa Civic Complex 311,Institutional,Mountain,CO,Public,Lump Sum,CMAR,Moderate,Low,Fast,2020-12-18,2021-07-19,2021,130974700,503,0.425,0.3777,0.8936,0.9279,0.0672,24,0.8631,17,14,0.499,0.9573
PRJ3-00312,Summit Apartments 312,Residential,Southwest,NM,Public,Lump Sum,Design-Bid-Build,Very High,Low,Fast,2020-03-04,2021-05-06,2021,60195300,841,0.51,0.4144,0.9894,0.8119,0.0029,80,0.9779,20,0,0.824,0.9564
PRJ3-00313,Mesa Civic Complex 313,Institutional,Mountain,UT,Private,Cost Plus,CMAR,Moderate,Moderate,Standard,2021-04-19,2022-05-17,2022,193868400,791,0.497,0.44,0.9768,0.8901,0.0062,45,0.9133,6,12,0.795,0.9779
PRJ3-00314,Lakeview Corporate Center 314,Commercial,Southwest,TX,Public-Private Partnership,Lump Sum,Design-Bid-Build,High,High,Fast,2023-01-01,2023-12-26,2023,51514600,740,0.486,0.468,1.0665,0.9661,-0.0369,13,0.9938,11,10,0.364,0.9546
PRJ3-00315,Evergreen Transit Program 315,Infrastructure,West,WA,Private,Guaranteed Maximum Price,Design-Bid-Build,High,Moderate,Standard,2021-06-13,2022-09-06,2022,414055100,835,0.54,0.5313,0.8629,0.9579,0.1026,7,0.9732,0,0,0.321,0.9433
PRJ3-00316,Cedar Retail Center 316,Commercial,Mountain,WY,Public,Unit Price,Design-Bid-Build,Moderate,Moderate,Fast,2024-12-24,2025-05-11,2025,32951700,266,0.521,0.4844,1.0667,0.9728,-0.023,10,0.9627,0,14,0.532,0.9737
PRJ3-00317,Pioneer Distribution Hub 317,Industrial,Southwest,TX,Private,Lump Sum,Design-Build,Moderate,High,Standard,2022-10-06,2024-09-21,2024,209014000,1206,0.594,0.6159,0.9031,1.0135,0.0653,-26,0.9528,0,1,0.118,0.9884
PRJ3-00318,Gateway Education Center 318,Institutional,Mountain,CO,Public,Unit Price,Design-Build,Very High,Low,Standard,2021-10-16,2022-10-19,2022,234872300,921,0.4,0.3548,1.0644,0.8883,-0.024,42,1.0294,27,20,0.908,0.9726
PRJ3-00319,Horizon Distribution Hub 319,Industrial,Southeast,VA,Private,Guaranteed Maximum Price,Design-Bid-Build,High,Low,Slow,2023-06-08,2024-06-28,2024,183349500,815,0.474,0.4408,0.808,0.8892,0.0993,27,0.7955,34,22,0.87,0.9512
PRJ3-00320,Northstar Water Program 320,Heavy Civil,Southwest,TX,Private,Lump Sum,CMAR,Moderate,Moderate,Standard,2020-11-15,2021-10-29,2021,226053400,940,0.371,0.3798,0.9729,1.0133,0.0305,-8,0.9048,22,0,0.669,0.9678
PRJ3-00321,Redwood Marketplace 321,Commercial,West,CA,Public,Guaranteed Maximum Price,Design-Bid-Build,Very High,High,Standard,2022-06-20,2023-08-30,2023,139754600,787,0.555,0.5117,0.9096,0.9406,0.0603,34,0.9119,19,0,1.118,0.9411
PRJ3-00322,Pioneer Distribution Hub 322,Industrial,West,OR,Private,Unit Price,Design-Bid-Build,Moderate,Moderate,Slow,2020-10-06,2022-06-14,2022,121235100,1080,0.571,0.5527,0.9256,0.954,0.0421,20,0.8864,21,5,0.652,0.9835
PRJ3-00323,Mesa Civic Complex 323,Institutional,Midwest,MN,Public,Unit Price,Design-Bid-Build,High,Low,Standard,2023-10-26,2024-12-05,2024,84260100,834,0.487,0.4436,0.8744,0.9143,0.0593,36,1.0358,28,19,0.853,0.9379
PRJ3-00324,Harbor Marketplace 324,Commercial,Mountain,UT,Public,Unit Price,Design-Build,High,High,Standard,2018-10-15,2019-11-24,2019,63722400,978,0.415,0.4246,0.957,1.0293,0.0514,-9,1.0398,0,16,0.674,0.9543
PRJ3-00325,Lakeview Public Works Program 325,Infrastructure,Midwest,MN,Public,Guaranteed Maximum Price,Design-Build,High,Moderate,Slow,2022-05-12,2024-02-14,2024,192349900,1249,0.515,0.4644,1.0047,0.9008,0.0142,63,0.9642,5,14,0.954,0.9502
PRJ3-00326,Granite Medical Center 326,Institutional,Northeast,PA,Public,Lump Sum,Design-Build,High,High,Slow,2019-03-10,2020-02-18,2020,100258400,755,0.458,0.4146,0.955,0.9504,0.0245,33,0.9633,10,20,0.456,0.9387
PRJ3-00327,Redwood Research Facility 327,Institutional,West,OR,Private,Lump Sum,IPD,High,Low,Fast,2024-04-06,2025-01-08,2025,175898500,762,0.364,0.343,0.891,0.9611,0.0208,16,1.0066,9,2,0,0.9582
PRJ3-00328,Riverside Civic Complex 328,Institutional,West,WA,Public,Guaranteed Maximum Price,Design-Build,Low,Moderate,Slow,2022-06-04,2023-08-30,2023,128117400,861,0.525,0.5446,0.9833,1.0338,0.0204,-17,0.9268,7,2,0.312,0.9776
PRJ3-00329,Gateway Marketplace 329,Commercial,West,WA,Private,Guaranteed Maximum Price,Design-Bid-Build,Low,High,Standard,2022-03-21,2022-09-04,2022,81072200,448,0.374,0.3394,1.0221,0.9332,-0.0124,15,1.001,15,1,0.418,0.9778
PRJ3-00330,Gateway Civic Complex 330,Institutional,Midwest,MI,Private,Guaranteed Maximum Price,Design-Bid-Build,High,Moderate,Fast,2018-09-03,2020-01-17,2020,60503600,895,0.56,0.4783,0.9719,0.8495,0.0044,73,1.0216,31,23,0.706,0.9647
PRJ3-00331,Mesa Neighborhood 331,Residential,Midwest,MN,Private,Guaranteed Maximum Price,Design-Build,Moderate,Moderate,Standard,2020-09-07,2021-08-01,2021,30557200,608,0.541,0.4862,0.9942,0.879,0.0011,33,0.9441,8,11,0.573,0.9805
PRJ3-00332,Granite Apartments 332,Residential,West,NV,Private,Cost Plus,Design-Build,Very High,Low,Slow,2018-02-17,2019-01-05,2019,58551200,801,0.403,0.3387,0.9614,0.8261,0.0034,52,0.9758,24,9,0.869,0.9472
PRJ3-00333,Gateway Airport Improvements 333,Infrastructure,West,WA,Private,Cost Plus,CMAR,High,Moderate,Standard,2023-02-25,2024-07-20,2024,180424900,1019,0.502,0.4606,0.9318,0.9018,0.0247,42,1.068,16,15,0.365,0.9604
PRJ3-00334,Lakeview Residences 334,Residential,West,OR,Private,Unit Price,Design-Build,Moderate,Low,Slow,2022-09-18,2023-01-31,2023,40114100,280,0.485,0.4904,0.9101,0.9831,0.0633,-2,0.9176,7,12,0.503,0.9327
PRJ3-00335,Canyon Airport Improvements 335,Infrastructure,West,OR,Private,Unit Price,Design-Build,Moderate,Moderate,Slow,2023-10-25,2025-08-08,2025,162553500,1244,0.525,0.5412,0.9001,0.9792,0.0519,-20,0.9293,29,0,0.435,0.9572
PRJ3-00336,Aspen Highway Improvements 336,Heavy Civil,Midwest,IL,Private,Guaranteed Maximum Price,Design-Build,High,High,Slow,2021-09-14,2023-06-16,2023,312407000,1071,0.598,0.5202,0.9524,0.8855,0.0145,83,0.907,4,26,0.948,0.9818
PRJ3-00337,Gateway Housing 337,Residential,West,WA,Private,Cost Plus,Design-Bid-Build,Moderate,Moderate,Fast,2018-03-24,2019-03-21,2019,34697400,632,0.574,0.5963,1.0367,1.0089,-0.0103,-14,0.9658,30,1,0.474,0.9896
PRJ3-00338,Mesa Retail Center 338,Commercial,Mountain,CO,Public,Guaranteed Maximum Price,Design-Build,High,Moderate,Slow,2021-07-24,2022-04-25,2022,61906000,689,0.4,0.3782,0.9124,0.9742,0.0327,15,0.9135,43,22,0.471,0.972
PRJ3-00339,Riverside Civic Complex 339,Institutional,Southeast,FL,Private,Lump Sum,Design-Bid-Build,High,Low,Standard,2021-06-14,2022-05-03,2022,89512500,806,0.401,0.3684,0.7974,0.9314,0.0979,26,0.919,15,15,0.626,0.9449
PRJ3-00340,Evergreen Process Plant 340,Industrial,Southwest,NM,Private,Unit Price,Design-Bid-Build,High,High,Standard,2023-12-04,2025-02-16,2025,161091000,742,0.594,0.5007,0.7752,0.8558,0.1432,69,0.9569,23,10,0.317,0.9558
PRJ3-00341,Cedar Research Facility 341,Institutional,West,NV,Private,Cost Plus,Design-Bid-Build,Moderate,Moderate,Fast,2024-04-15,2025-06-21,2025,188627200,757,0.571,0.5289,0.9853,0.8809,0.0069,32,0.9983,2,4,0.328,0.9775
PRJ3-00342,Lakeview Civic Complex 342,Institutional,Southwest,NM,Public,Guaranteed Maximum Price,CMAR,High,Low,Standard,2019-01-08,2019-09-09,2019,47723100,577,0.424,0.3693,0.9613,0.9135,0.0132,32,0.8524,25,9,0.376,0.9452
PRJ3-00343,Granite Transit Program 343,Infrastructure,Southeast,TN,Private,Unit Price,Design-Bid-Build,Low,High,Slow,2023-02-09,2024-08-20,2024,217954300,1214,0.46,0.5009,0.8786,1.0618,0.072,-50,0.9522,10,3,0.495,0.9534
PRJ3-00344,Copper Apartments 344,Residential,West,OR,Public,Lump Sum,Design-Build,High,High,Slow,2018-05-16,2019-03-19,2019,39319500,687,0.448,0.4523,0.9418,0.9534,0.0113,-3,0.9745,19,3,0.753,0.9629
PRJ3-00345,Evergreen Transit Program 345,Infrastructure,Northeast,NY,Private,Lump Sum,IPD,High,Moderate,Standard,2023-09-12,2025-09-05,2025,416533900,1336,0.542,0.4935,0.9074,0.94,0.0511,65,1.0477,4,11,0.466,0.9709
PRJ3-00346,Lakeview Earthworks Package 346,Heavy Civil,West,WA,Private,Lump Sum,CMAR,Low,Moderate,Standard,2022-03-22,2024-01-02,2024,176221300,1096,0.594,0.5566,0.9331,0.9383,0.0295,41,1.021,7,0,0.461,0.9801
PRJ3-00347,Horizon Urban Village 347,Mixed-Use,Southwest,TX,Public,Guaranteed Maximum Price,Design-Build,High,Moderate,Standard,2018-11-09,2020-02-25,2020,341458300,1107,0.428,0.4444,0.8464,1.0204,0.0742,-18,1.0154,53,5,0.802,0.9853
PRJ3-00348,Northstar Residences 348,Residential,West,CA,Public,Guaranteed Maximum Price,IPD,High,High,Standard,2024-09-06,2025-06-09,2025,33994400,670,0.412,0.429,0.9719,1.0737,-0.0017,-11,0.9794,7,10,0.761,0.97
PRJ3-00349,Harbor Corporate Center 349,Commercial,Northeast,NJ,Public,Guaranteed Maximum Price,CMAR,Moderate,Low,Slow,2022-05-14,2023-04-24,2023,94950200,656,0.527,0.4919,0.8866,0.8717,0.0724,23,0.8157,3,19,0.549,0.954
PRJ3-00350,Crescent Distribution Hub 350,Industrial,Southwest,TX,Public,Unit Price,Design-Build,Moderate,Moderate,Fast,2020-02-16,2021-11-16,2021,101612700,1073,0.596,0.579,0.9043,0.9726,0.0697,18,1.0356,16,8,0.531,0.9866
PRJ3-00351,Granite Office Campus 351,Commercial,Northeast,CT,Public,Guaranteed Maximum Price,Design-Bid-Build,Low,High,Slow,2022-06-15,2023-07-28,2023,22452200,770,0.531,0.5607,1.0103,1.0854,0.0051,-23,1.0199,16,9,0.388,0.9805
PRJ3-00352,Northstar Neighborhood 352,Residential,Northeast,NJ,Private,Guaranteed Maximum Price,CMAR,Moderate,Low,Standard,2022-09-30,2023-06-03,2023,92093200,520,0.474,0.4201,0.9748,0.908,-0.0013,28,0.9826,26,17,0.698,0.9623
PRJ3-00353,Lakeview Bridge Program 353,Heavy Civil,Southwest,NM,Private,Cost Plus,Design-Bid-Build,Moderate,High,Standard,2023-02-16,2024-11-23,2024,244981300,1203,0.537,0.5591,0.9361,0.9786,0.0402,-27,0.973,11,13,0.867,0.9575
PRJ3-00354,Liberty Distribution Hub 354,Industrial,West,CA,Private,Lump Sum,Design-Bid-Build,Moderate,Low,Fast,2023-11-16,2024-11-16,2024,169555900,755,0.485,0.3981,0.9551,0.8847,0.0155,66,0.9898,15,0,0.671,0.9421
PRJ3-00355,Lakeview Marketplace 355,Commercial,Southwest,NM,Private,Cost Plus,IPD,Very High,High,Standard,2019-02-10,2019-11-10,2019,66147600,752,0.364,0.3616,1.0377,1.0418,-0.021,2,0.969,20,9,0.508,0.9767
PRJ3-00356,Horizon Corporate Center 356,Commercial,Midwest,MN,Public,Lump Sum,CMAR,Very High,Moderate,Fast,2020-03-15,2020-11-04,2020,70100100,618,0.379,0.3306,0.8899,0.91,0.05,30,0.9843,30,19,0.409,0.9651
PRJ3-00357,Copper Medical Center 357,Institutional,Midwest,MN,Private,Guaranteed Maximum Price,Design-Build,Moderate,Moderate,Slow,2018-02-04,2019-03-27,2019,147735400,698,0.597,0.5259,1.0516,0.9476,-0.0053,50,1.0467,17,19,0.884,0.9706
PRJ3-00358,Canyon Distribution Hub 358,Industrial,Midwest,IL,Private,Unit Price,Design-Bid-Build,Moderate,Low,Standard,2021-08-13,2022-07-10,2022,92541700,928,0.357,0.3347,0.956,0.9022,-0.0037,21,0.9764,54,11,0.786,0.9478
PRJ3-00359,Mesa Logistics Center 359,Industrial,Southwest,NM,Public,Cost Plus,IPD,High,Moderate,Slow,2024-04-01,2025-07-23,2025,178176600,841,0.569,0.5032,0.8607,0.9319,0.0885,55,0.9089,18,13,0.789,0.9547
PRJ3-00360,Granite Town Center 360,Mixed-Use,West,NV,Private,Guaranteed Maximum Price,Design-Bid-Build,High,Low,Standard,2019-07-21,2020-09-28,2020,246417100,938,0.464,0.4319,0.842,0.9279,0.0947,30,0.9105,33,5,0.33,0.9481
PRJ3-00361,Canyon District 361,Mixed-Use,West,NV,Public,Cost Plus,IPD,Moderate,High,Fast,2022-07-12,2023-07-18,2023,442918800,1039,0.358,0.3534,0.9173,1.0444,0.0402,5,1.0496,8,0,0.718,0.9888
PRJ3-00362,Crescent Earthworks Package 362,Heavy Civil,Midwest,IL,Private,Guaranteed Maximum Price,Design-Bid-Build,Low,High,Fast,2019-03-18,2020-03-26,2020,129789700,869,0.431,0.4688,1.0704,1.0568,-0.0412,-33,1.043,0,12,0.277,0.9759
PRJ3-00363,Aspen Housing 363,Residential,West,WA,Private,Lump Sum,IPD,High,Moderate,Standard,2020-10-09,2021-08-03,2021,30308600,802,0.372,0.3508,0.9131,0.9641,0.0173,17,0.9612,15,15,0.658,0.9684
PRJ3-00364,Cedar Education Center 364,Institutional,Southwest,TX,Private,Unit Price,Design-Bid-Build,Moderate,Moderate,Fast,2022-06-03,2023-04-04,2023,167309900,682,0.448,0.4502,0.9653,1.0513,0.022,-1,0.9493,2,15,0.719,0.9718
PRJ3-00365,Liberty Transit-Oriented Development 365,Mixed-Use,Mountain,ID,Private,Unit Price,CMAR,Moderate,Low,Slow,2024-01-18,2024-12-30,2024,199581900,892,0.39,0.3601,0.922,0.934,0.025,27,0.8582,3,24,1.046,0.946
PRJ3-00366,Cedar Medical Center 366,Institutional,West,OR,Private,Unit Price,IPD,Very High,Moderate,Slow,2020-12-08,2021-12-06,2021,116211200,830,0.438,0.3928,0.8902,0.9402,0.0691,37,1.0018,26,16,1.11,0.9621
PRJ3-00367,Gateway Residences 367,Residential,Northeast,PA,Public,Guaranteed Maximum Price,Design-Build,Moderate,Low,Standard,2021-01-13,2022-01-16,2022,48477100,626,0.588,0.6344,0.9694,1.0384,0.0529,-29,0.9512,20,13,0.569,0.9663
PRJ3-00368,Lakeview Earthworks Package 368,Heavy Civil,West,WA,Private,Lump Sum,IPD,High,Moderate,Standard,2020-07-17,2021-10-09,2021,164662800,1117,0.402,0.3403,0.9378,0.8245,0.0223,69,1.0556,10,6,0.541,0.9594
PRJ3-00369,Granite Earthworks Package 369,Heavy Civil,Northeast,PA,Private,Guaranteed Maximum Price,CMAR,Very High,Moderate,Fast,2022-04-18,2024-04-23,2024,214316500,1275,0.578,0.57,0.9203,0.9829,0.0353,10,1.0165,40,29,1.083,0.9678
PRJ3-00370,Harbor Housing 370,Residential,Mountain,UT,Public,Guaranteed Maximum Price,CMAR,High,Low,Standard,2023-03-03,2023-11-23,2023,16690600,673,0.395,0.3705,0.8591,0.9955,0.0781,16,0.976,28,18,0.843,0.955
PRJ3-00371,Mesa Office Campus 371,Commercial,Southeast,VA,Private,Guaranteed Maximum Price,Design-Bid-Build,Moderate,Low,Slow,2024-04-03,2025-01-23,2025,97666100,624,0.474,0.4039,0.954,0.8813,0.0165,44,0.9667,25,17,0.442,0.9451
PRJ3-00372,Riverside Highway Improvements 372,Heavy Civil,Midwest,MI,Public,Lump Sum,Design-Bid-Build,High,Low,Standard,2021-02-13,2023-02-14,2023,226091500,1431,0.511,0.4455,0.7648,0.8441,0.1275,94,0.8873,36,4,0.723,0.9366
PRJ3-00373,Mesa Water Program 373,Heavy Civil,Midwest,OH,Private,Unit Price,CMAR,High,Low,Standard,2022-06-12,2023-07-05,2023,180464700,926,0.42,0.3542,0.8837,0.8344,0.047,61,0.981,22,12,0.226,0.9526
PRJ3-00374,Copper Education Center 374,Institutional,Southeast,GA,Private,Cost Plus,Design-Build,Very High,Moderate,Slow,2019-03-04,2020-04-09,2020,161816500,971,0.415,0.3502,0.8095,0.8322,0.0777,63,0.9519,28,19,0.63,0.9564
PRJ3-00375,Harbor District 375,Mixed-Use,Mountain,MT,Public,Cost Plus,IPD,Very High,High,Standard,2019-11-21,2021-02-08,2021,165071900,902,0.494,0.4501,0.888,0.9268,0.0557,40,0.9078,16,19,1.095,0.9679
PRJ3-00376,Pioneer Transit-Oriented Development 376,Mixed-Use,Northeast,NJ,Public,Guaranteed Maximum Price,Design-Bid-Build,Moderate,Low,Standard,2021-04-21,2022-06-28,2022,427310900,819,0.529,0.4505,0.9777,0.8276,0.0118,64,0.9744,37,20,0.84,0.9713
PRJ3-00377,Aspen Residences 377,Residential,West,NV,Public,Cost Plus,Design-Build,Moderate,Moderate,Standard,2021-03-09,2021-11-16,2021,17846400,469,0.538,0.4913,0.9732,0.9477,0.0351,22,0.9758,21,3,0.747,0.9615
PRJ3-00378,Cedar Earthworks Package 378,Heavy Civil,Midwest,OH,Public,Unit Price,IPD,High,Moderate,Fast,2020-09-22,2022-08-02,2022,166954000,1158,0.587,0.587,0.8249,1.0291,0.1357,0,1.151,0,15,0.944,0.9521
PRJ3-00379,Copper Corporate Center 379,Commercial,Southeast,FL,Private,Guaranteed Maximum Price,CMAR,Low,Low,Standard,2022-08-22,2023-07-16,2023,40974100,573,0.573,0.6042,0.9756,1.0372,0.0074,-18,1.0197,16,14,0.45,0.9726
PRJ3-00380,Redwood Neighborhood 380,Residential,West,WA,Private,Unit Price,Design-Bid-Build,Very High,Low,Slow,2023-02-19,2023-12-05,2023,24119400,562,0.516,0.4322,0.8701,0.8097,0.0825,47,0.8227,36,10,0.655,0.9458
PRJ3-00381,Harbor Water Program 381,Heavy Civil,Midwest,MN,Public-Private Partnership,Guaranteed Maximum Price,Design-Bid-Build,Moderate,Low,Slow,2017-09-17,2019-06-06,2019,178199400,1233,0.509,0.4194,0.8694,0.8683,0.0656,111,0.9234,0,10,0.639,0.9532
PRJ3-00382,Harbor Earthworks Package 382,Heavy Civil,Southwest,TX,Private,Lump Sum,Design-Bid-Build,High,Moderate,Standard,2021-06-01,2022-07-17,2022,117259100,1142,0.36,0.2965,0.8862,0.9327,0.0204,73,0.952,24,7,0.839,0.9606
PRJ3-00383,Lakeview Bridge Program 383,Heavy Civil,Midwest,OH,Public,Guaranteed Maximum Price,CMAR,Moderate,Moderate,Slow,2022-08-23,2023-11-22,2023,233691400,1024,0.446,0.4442,1.041,1.0131,-0.0157,2,0.976,8,24,0.884,0.9651
PRJ3-00384,Aspen Manufacturing Facility 384,Industrial,Midwest,MO,Public,Lump Sum,Design-Bid-Build,Low,Low,Standard,2019-06-12,2020-08-27,2020,286032100,892,0.496,0.4589,1.0414,0.9285,-0.0193,33,0.9332,13,7,0.423,0.9443
PRJ3-00385,Liberty Retail Center 385,Commercial,Midwest,MI,Private,Unit Price,Design-Build,Very High,Low,Fast,2024-12-07,2025-12-11,2025,85489400,677,0.546,0.5486,0.9736,0.9844,0.0065,-2,0.8903,19,17,0.929,0.9839
PRJ3-00386,Aspen Neighborhood 386,Residential,Southeast,FL,Public,Cost Plus,Design-Bid-Build,Moderate,Low,Standard,2024-12-21,2025-07-26,2025,76700800,559,0.389,0.3846,0.9328,0.9743,0.0203,2,1.0281,22,20,0.321,0.9476
PRJ3-00387,Gateway Retail Center 387,Commercial,West,NV,Public-Private Partnership,Guaranteed Maximum Price,CMAR,High,Moderate,Fast,2018-12-24,2020-01-01,2020,34933200,681,0.548,0.4823,0.928,0.9175,-0.0056,45,0.9638,30,7,0.666,0.9709
PRJ3-00388,Canyon Earthworks Package 388,Heavy Civil,Midwest,OH,Public-Private Partnership,Lump Sum,CMAR,Very High,Moderate,Fast,2022-08-20,2024-01-28,2024,40256300,1133,0.465,0.4786,0.9113,0.948,0.042,-15,0.8628,19,9,0.999,0.9535
PRJ3-00389,Pioneer Bridge Program 389,Heavy Civil,Southeast,TN,Private,Lump Sum,Design-Bid-Build,Very High,Low,Fast,2019-03-05,2020-03-23,2020,209966300,1057,0.364,0.3591,0.8538,0.9102,0.0765,5,0.8958,30,18,1.113,0.9379
PRJ3-00390,Lakeview Manufacturing Facility 390,Industrial,Northeast,MA,Public,Lump Sum,Design-Build,Moderate,High,Fast,2018-04-03,2019-10-16,2019,141430900,941,0.597,0.6136,1.0624,0.9953,-0.0385,-16,1.031,31,20,0.522,0.952
PRJ3-00391,Crescent Apartments 391,Residential,Southwest,AZ,Private,Guaranteed Maximum Price,CMAR,Moderate,Low,Slow,2023-07-17,2024-02-02,2024,18455900,500,0.4,0.3927,0.9877,0.9146,0.0112,4,0.8892,11,13,0.301,0.9716
PRJ3-00392,Pioneer Urban Village 392,Mixed-Use,Northeast,PA,Private,Guaranteed Maximum Price,Design-Bid-Build,Moderate,Moderate,Standard,2019-03-12,2020-05-13,2020,178778500,1092,0.392,0.345,0.9506,0.9466,0.0073,51,1.0501,12,13,0.345,0.9568
PRJ3-00393,Crescent Research Facility 393,Institutional,Mountain,WY,Private,Guaranteed Maximum Price,CMAR,Very High,Moderate,Fast,2021-11-22,2022-12-19,2022,258631300,1111,0.353,0.3081,0.9499,0.8293,0.0299,50,0.9867,38,18,0.773,0.9676
PRJ3-00394,Liberty Urban Village 394,Mixed-Use,Midwest,MN,Public,Unit Price,Design-Build,High,Moderate,Slow,2019-01-09,2020-02-14,2020,393734000,969,0.414,0.3784,0.9622,0.9003,0.018,35,0.9983,26,12,0.715,0.9745
PRJ3-00395,Redwood Urban Village 395,Mixed-Use,West,NV,Public,Guaranteed Maximum Price,Design-Bid-Build,Moderate,Low,Fast,2018-11-06,2020-01-11,2020,99691000,801,0.539,0.54,0.952,0.9629,0.0317,-1,0.9256,15,13,0.633,0.9694
PRJ3-00396,Riverside Airport Improvements 396,Infrastructure,Northeast,NY,Public,Lump Sum,IPD,Low,Moderate,Slow,2020-01-09,2021-03-19,2021,781543200,935,0.466,0.4446,0.9069,0.9879,0.0347,20,0.9983,20,7,0.33,0.9784
PRJ3-00397,Harbor Apartments 397,Residential,Northeast,CT,Private,Cost Plus,Design-Bid-Build,Very High,High,Fast,2023-08-24,2024-06-26,2024,82897500,760,0.405,0.4395,1.0438,1.0259,-0.0139,-26,0.9613,12,20,0.562,0.9661
PRJ3-00398,Lakeview Earthworks Package 398,Heavy Civil,Southwest,TX,Public,Cost Plus,CMAR,Very High,Moderate,Standard,2022-11-19,2024-05-03,2024,126579800,1227,0.433,0.3662,0.8724,0.8623,0.0482,82,0.933,12,4,0.698,0.9439
PRJ3-00399,Canyon Apartments 399,Residential,Southeast,GA,Private,Lump Sum,IPD,Moderate,Moderate,Fast,2024-09-22,2025-09-20,2025,43349600,644,0.564,0.5457,0.9533,1.0124,0.0321,12,1.0307,7,13,0.537,0.9662
PRJ3-00400,Crescent Urban Village 400,Mixed-Use,Mountain,ID,Public,Unit Price,Design-Build,High,Low,Standard,2022-12-13,2024-06-11,2024,231673200,1063,0.514,0.5007,1.0175,0.9651,-0.0399,14,0.9922,21,17,0.857,0.9628
PRJ3-00401,Horizon Bridge Program 401,Heavy Civil,Mountain,MT,Public,Unit Price,Design-Bid-Build,Very High,Low,Fast,2021-09-03,2022-11-18,2022,212322400,1114,0.396,0.3059,0.865,0.8014,0.0433,100,0.9539,0,18,0.73,0.9582
PRJ3-00402,Granite Highway Improvements 402,Heavy Civil,Mountain,CO,Private,Guaranteed Maximum Price,Design-Build,High,Low,Slow,2020-04-04,2021-12-03,2021,268427100,1116,0.545,0.5162,0.9064,0.9284,0.0463,32,0.8872,13,6,0.911,0.9505
PRJ3-00403,Copper Public Works Program 403,Infrastructure,Midwest,OH,Private,Lump Sum,IPD,Very High,Low,Fast,2021-01-21,2022-09-30,2022,208266000,1189,0.519,0.4198,0.9112,0.8026,0.053,118,0.968,6,21,0.487,0.9542
PRJ3-00404,Cedar Logistics Center 404,Industrial,West,NV,Public-Private Partnership,Unit Price,CMAR,High,High,Slow,2024-03-01,2025-06-28,2025,121734100,952,0.509,0.4807,0.8649,0.9689,0.0774,27,0.9534,33,9,0.841,0.9695
PRJ3-00405,Horizon Manufacturing Facility 405,Industrial,Mountain,UT,Private,Guaranteed Maximum Price,IPD,High,Low,Fast,2019-06-14,2020-12-12,2020,333343200,971,0.564,0.5432,0.9785,0.9786,0.0015,20,0.9541,0,15,0.672,0.9548
PRJ3-00406,Cedar Neighborhood 406,Residential,West,NV,Public,Lump Sum,CMAR,High,High,Standard,2018-10-14,2019-10-19,2019,48871000,647,0.573,0.6238,1.0586,1.0596,-0.0255,-33,0.991,12,7,0.636,0.969
PRJ3-00407,Northstar District 407,Mixed-Use,Midwest,MN,Public-Private Partnership,Unit Price,CMAR,Low,Low,Standard,2018-03-08,2019-02-06,2019,199762800,764,0.439,0.4608,0.9196,1.037,0.0348,-17,0.9152,0,3,0.168,0.9354
PRJ3-00408,Copper Marketplace 408,Commercial,Mountain,UT,Private,Lump Sum,CMAR,High,High,Fast,2023-02-03,2024-04-02,2024,209801300,742,0.572,0.5687,1.0651,0.986,-0.0412,2,1.0227,8,9,0.764,0.9908
PRJ3-00409,Harbor Neighborhood 409,Residential,Southwest,AZ,Public,Guaranteed Maximum Price,Design-Bid-Build,Moderate,Moderate,Standard,2021-01-02,2021-08-19,2021,28841100,504,0.455,0.4616,0.9297,0.9738,0.0025,-3,1.0573,12,8,0.708,0.9787
PRJ3-00410,Aspen Education Center 410,Institutional,Midwest,OH,Public,Unit Price,IPD,Moderate,Moderate,Slow,2024-07-22,2025-09-22,2025,399973900,785,0.544,0.5291,0.9956,1.0016,0.0261,12,0.9484,30,4,0.654,0.9762
PRJ3-00411,Cedar Utility Corridor 411,Infrastructure,Southeast,VA,Private,Guaranteed Maximum Price,CMAR,Moderate,Low,Standard,2020-08-16,2022-06-21,2022,134917100,1251,0.539,0.4096,0.9536,0.8061,0.0368,162,0.9003,6,8,0.816,0.9519
PRJ3-00412,Copper Public Works Program 412,Infrastructure,West,NV,Public,Guaranteed Maximum Price,Design-Build,Very High,Moderate,Slow,2021-08-02,2023-10-21,2023,251305600,1373,0.59,0.561,0.9764,0.9219,0.0097,40,0.9139,54,17,1.332,0.9517
PRJ3-00413,Lakeview Transit Program 413,Infrastructure,West,NV,Private,Guaranteed Maximum Price,CMAR,High,Low,Slow,2021-03-19,2022-12-17,2022,203078600,1171,0.545,0.447,0.8052,0.8033,0.0925,115,0.8774,19,6,0.878,0.9382
PRJ3-00414,Liberty Apartments 414,Residential,Midwest,MN,Private,Cost Plus,Design-Build,High,High,Slow,2022-08-31,2023-06-03,2023,42990600,468,0.59,0.5058,0.967,0.8592,0.0223,39,0.8957,12,17,0.777,0.9576
PRJ3-00415,Horizon Transit Program 415,Infrastructure,Midwest,MI,Public,Lump Sum,Design-Bid-Build,Low,Moderate,Fast,2021-12-17,2023-07-11,2023,212958400,954,0.599,0.5447,1.0323,0.9747,-0.0186,52,0.988,12,21,0.209,0.9822
PRJ3-00416,Copper Manufacturing Facility 416,Industrial,Midwest,MN,Public,Lump Sum,CMAR,High,High,Slow,2023-05-24,2024-03-12,2024,280215600,762,0.385,0.3571,0.9275,0.9663,0.0013,21,0.8639,31,16,0.344,0.9637
PRJ3-00417,Crescent Apartments 417,Residential,Midwest,MO,Public,Cost Plus,CMAR,High,High,Standard,2020-09-25,2021-06-18,2021,48083000,632,0.421,0.3916,1.0271,1.0407,-0.0164,19,0.9993,10,16,0.509,0.9632
PRJ3-00418,Aspen Education Center 418,Institutional,West,OR,Private,Unit Price,Design-Build,Moderate,Moderate,Fast,2022-12-03,2024-06-06,2024,106076000,1090,0.506,0.5533,1.0443,1.089,-0.0229,-52,0.9385,6,0,0.991,0.9672
PRJ3-00419,Copper Civic Complex 419,Institutional,Mountain,MT,Public,Lump Sum,Design-Bid-Build,Moderate,Low,Standard,2022-02-14,2023-03-02,2023,99261200,730,0.523,0.5256,0.9156,1.0397,0.0448,-2,0.9025,14,20,0.627,0.9455
PRJ3-00420,Mesa Residences 420,Residential,Southeast,FL,Public,Lump Sum,Design-Bid-Build,Moderate,Moderate,Fast,2023-01-01,2023-06-17,2023,53315600,469,0.357,0.3444,0.9359,0.963,0.0358,6,1.005,0,20,0.79,0.9745
PRJ3-00421,Liberty Apartments 421,Residential,West,WA,Private,Unit Price,Design-Bid-Build,High,Moderate,Slow,2019-12-18,2020-07-03,2020,21789700,507,0.391,0.379,0.8743,0.9639,0.046,6,0.8788,19,9,0.692,0.9283
PRJ3-00422,Crescent Residences 422,Residential,West,CA,Private,Lump Sum,CMAR,Low,High,Fast,2022-06-22,2022-12-20,2022,113091500,420,0.433,0.4464,0.9311,1.0198,0.0215,-6,1.0843,18,2,0.314,0.9658
PRJ3-00423,Harbor Apartments 423,Residential,West,NV,Public,Cost Plus,Design-Build,Moderate,Moderate,Standard,2021-04-13,2022-04-28,2022,114452100,643,0.592,0.5715,1.0231,1.0242,-0.0134,13,0.9995,0,9,0.577,0.969
PRJ3-00424,Riverside Transit Program 424,Infrastructure,Southwest,TX,Public,Unit Price,IPD,Very High,Moderate,Slow,2023-07-03,2025-01-21,2025,161358100,1266,0.449,0.3605,0.9984,0.8391,-0.0066,112,0.804,0,10,0.673,0.9294
PRJ3-00425,Cedar Retail Center 425,Commercial,Mountain,MT,Private,Unit Price,Design-Bid-Build,Low,Moderate,Slow,2022-05-12,2023-01-18,2023,94424400,545,0.462,0.4556,0.9788,1.0071,0.0167,3,0.9146,27,13,0.386,0.954
PRJ3-00426,Horizon Office Campus 426,Commercial,West,CA,Public,Lump Sum,IPD,Moderate,High,Standard,2018-11-13,2019-07-29,2019,84867200,588,0.44,0.4323,1.0208,1.0051,-0.0045,5,1.069,0,6,0.557,0.9586
PRJ3-00427,Canyon Airport Improvements 427,Infrastructure,Mountain,WY,Private,Cost Plus,Design-Build,High,Low,Fast,2020-02-10,2021-04-23,2021,415368900,1163,0.377,0.3357,0.8989,0.9123,0.0363,48,0.9701,25,9,0.5,0.9597
PRJ3-00428,Liberty Distribution Hub 428,Industrial,Southeast,VA,Public-Private Partnership,Lump Sum,Design-Build,High,Moderate,Standard,2018-11-20,2019-11-22,2019,351560300,860,0.427,0.4262,0.9173,1.0464,0.0449,1,1.0256,0,14,0.522,0.9619
PRJ3-00429,Evergreen Medical Center 429,Institutional,Southeast,NC,Public,Unit Price,Design-Bid-Build,Moderate,Moderate,Standard,2021-08-04,2022-05-19,2022,54500800,815,0.354,0.3544,1.0102,1.0085,0.002,0,1.0179,0,9,0.83,0.9552
PRJ3-00430,Mesa Public Works Program 430,Infrastructure,West,NV,Public,Lump Sum,Design-Bid-Build,High,High,Slow,2020-12-17,2022-03-22,2022,220166600,814,0.566,0.5205,0.9605,0.884,0.0341,37,0.882,27,19,0.741,0.9456
PRJ3-00431,Granite Bridge Program 431,Heavy Civil,Mountain,MT,Private,Guaranteed Maximum Price,Design-Build,Very High,High,Slow,2022-10-13,2024-06-24,2024,118403500,1079,0.575,0.4911,0.9548,0.8542,0.0215,91,0.9353,27,17,1.118,0.9594
PRJ3-00433,Cedar Apartments 433,Residential,Southeast,GA,Private,Cost Plus,Design-Bid-Build,Very High,Moderate,Slow,2018-04-14,2019-01-28,2019,74585900,656,0.442,0.3458,0.7564,0.8086,0.122,63,0.8838,19,17,0.869,0.9379
PRJ3-00434,Lakeview Transit-Oriented Development 434,Mixed-Use,Southeast,FL,Private,Lump Sum,CMAR,High,Low,Standard,2018-12-15,2020-07-08,2020,493313400,973,0.587,0.477,1.0147,0.8314,0.0116,107,0.9976,35,18,0.781,0.9531
PRJ3-00435,Lakeview Housing 435,Residential,Mountain,WY,Public,Guaranteed Maximum Price,IPD,Moderate,High,Fast,2023-07-16,2024-06-19,2024,65919800,677,0.502,0.5198,1.0186,1.0171,-0.0102,-12,1.0984,0,12,0.291,0.9575
PRJ3-00436,Pioneer Neighborhood 436,Residential,Southeast,GA,Public,Unit Price,CMAR,High,Moderate,Standard,2021-12-09,2022-11-28,2022,135102100,664,0.534,0.5325,0.9758,0.9737,0.0015,1,0.9786,19,17,0.811,0.9561
PRJ3-00437,Pioneer District 437,Mixed-Use,Northeast,CT,Private,Guaranteed Maximum Price,Design-Bid-Build,High,High,Standard,2023-07-22,2024-10-28,2024,170817200,862,0.539,0.4915,0.9172,0.8855,0.0381,41,1.0308,27,32,0.517,0.9572
PRJ3-00438,Northstar Corporate Center 438,Commercial,Southwest,TX,Private,Guaranteed Maximum Price,IPD,Low,Low,Standard,2020-01-19,2021-03-06,2021,89507100,695,0.593,0.5752,0.9608,1.0025,0.0394,12,1.0444,16,5,0.528,0.9791
PRJ3-00439,Summit Neighborhood 439,Residential,West,NV,Private,Guaranteed Maximum Price,CMAR,High,Moderate,Slow,2020-08-20,2021-02-08,2021,40626900,463,0.372,0.4258,0.8955,1.0436,0.0366,-25,0.9174,23,10,0.468,0.9516
PRJ3-00440,Horizon Transit-Oriented Development 440,Mixed-Use,Northeast,MA,Public,Guaranteed Maximum Price,Design-Build,Low,High,Standard,2021-06-14,2022-07-05,2022,115250700,892,0.433,0.4303,0.9838,0.9979,0.0115,2,0.9807,0,9,0.316,0.991
PRJ3-00441,Lakeview Logistics Center 441,Industrial,Northeast,MA,Private,Guaranteed Maximum Price,IPD,Moderate,Low,Standard,2021-08-15,2022-12-28,2022,129541400,1015,0.493,0.4382,0.9656,0.8416,0.0416,56,1.0393,0,7,0.243,0.9624
PRJ3-00442,Evergreen Medical Center 442,Institutional,West,WA,Public-Private Partnership,Lump Sum,Design-Bid-Build,Very High,Moderate,Standard,2022-10-14,2023-12-24,2023,159637600,987,0.442,0.3773,0.8231,0.9377,0.0659,64,0.9362,11,7,0.841,0.9533
PRJ3-00443,Mesa Transit Program 443,Infrastructure,Midwest,MO,Private,Lump Sum,CMAR,Moderate,Low,Fast,2020-06-11,2022-02-26,2022,400947900,1055,0.593,0.6055,0.8649,1.0193,0.1061,-13,0.9713,10,17,0.829,0.9591
PRJ3-00444,Crescent Transit Program 444,Infrastructure,Northeast,NJ,Public-Private Partnership,Guaranteed Maximum Price,Design-Build,Moderate,Low,Fast,2022-04-15,2024-02-22,2024,144683000,1293,0.525,0.5179,1.0909,1.0308,-0.0462,9,1.0563,25,12,0.58,0.9785
PRJ3-00445,Riverside Airport Improvements 445,Infrastructure,Midwest,MI,Private,Unit Price,Design-Bid-Build,High,Moderate,Standard,2021-05-20,2022-09-24,2022,61708100,954,0.516,0.4678,0.9998,0.9322,-0.0054,46,0.9876,22,27,0.663,0.9655
PRJ3-00446,Crescent Utility Corridor 446,Infrastructure,West,CA,Public,Guaranteed Maximum Price,Design-Bid-Build,High,High,Fast,2023-11-14,2025-11-15,2025,342604300,1294,0.566,0.5093,1.0598,0.8976,-0.0253,73,0.9561,4,4,0.767,0.9718
PRJ3-00447,Liberty Housing 447,Residential,West,OR,Public,Unit Price,Design-Bid-Build,Very High,Moderate,Slow,2018-05-16,2019-01-25,2019,35718000,445,0.572,0.4247,0.8751,0.811,0.053,66,0.8491,49,0,1.101,0.9562
PRJ3-00448,Copper Neighborhood 448,Residential,Northeast,MA,Public,Unit Price,Design-Bid-Build,Moderate,Moderate,Standard,2019-01-23,2019-06-09,2019,61029700,240,0.574,0.6627,0.9878,1.0945,-0.0036,-21,0.9571,14,15,0.494,0.9765
PRJ3-00449,Redwood Neighborhood 449,Residential,West,NV,Private,Guaranteed Maximum Price,CMAR,Moderate,Moderate,Standard,2021-12-04,2022-09-12,2022,17121200,565,0.5,0.4829,1.072,0.945,-0.0344,10,1.0102,14,1,0.688,0.9705
PRJ3-00450,Canyon Transit-Oriented Development 450,Mixed-Use,Midwest,MI,Public,Guaranteed Maximum Price,Design-Build,Moderate,Low,Standard,2023-05-09,2024-08-01,2024,174438900,962,0.468,0.4481,0.8902,0.9077,0.0492,19,0.9573,18,15,0.368,0.9632
PRJ3-00451,Northstar Medical Center 451,Institutional,West,OR,Public,Guaranteed Maximum Price,CMAR,Moderate,Low,Fast,2023-11-21,2025-02-06,2025,206478600,778,0.57,0.5939,0.9862,1.0218,-0.0172,-19,1.0668,17,4,0.417,0.9428
PRJ3-00452,Crescent Medical Center 452,Institutional,West,CA,Private,Cost Plus,Design-Build,Low,High,Slow,2024-02-13,2025-02-09,2025,98500200,777,0.467,0.4768,1.0055,1.0188,0.0018,-8,1.0316,12,0,0.606,0.955
PRJ3-00453,Liberty Town Center 453,Mixed-Use,Southwest,NM,Private,Cost Plus,CMAR,Low,Low,Fast,2019-02-06,2020-07-24,2020,58622600,974,0.549,0.5134,1.0554,0.9612,-0.0058,35,0.9815,0,6,0.765,0.965
PRJ3-00454,Northstar Corporate Center 454,Commercial,West,NV,Public,Guaranteed Maximum Price,Design-Build,High,High,Standard,2021-06-09,2022-04-25,2022,67692800,710,0.451,0.4841,1.0488,1.0946,-0.0353,-24,1.0296,10,14,0.46,0.9575
PRJ3-00455,Summit Urban Village 455,Mixed-Use,Midwest,IL,Public,Unit Price,Design-Bid-Build,Moderate,High,Standard,2020-06-01,2021-12-10,2021,66101000,1010,0.552,0.5952,0.8843,1.0975,0.0914,-44,1.0592,34,17,0.502,0.9521
PRJ3-00456,Granite Education Center 456,Institutional,Midwest,MO,Private,Lump Sum,Design-Build,Very High,High,Standard,2024-10-05,2025-10-20,2025,205049100,950,0.401,0.38,0.9806,0.9985,0.0072,20,1.0022,12,26,0.429,0.9567
PRJ3-00457,Northstar Corporate Center 457,Commercial,West,WA,Private,Cost Plus,IPD,Moderate,Moderate,Standard,2021-10-17,2022-07-12,2022,61772400,732,0.367,0.393,1.0531,1.0174,-0.0239,-19,1.0056,0,4,0.571,0.9701
PRJ3-00458,Northstar Bridge Program 458,Heavy Civil,West,CA,Public-Private Partnership,Cost Plus,Design-Bid-Build,Moderate,High,Standard,2017-07-03,2019-01-28,2019,105248900,1128,0.509,0.5174,1.0628,0.9547,-0.0342,-9,1.0639,2,11,0.657,0.9686
PRJ3-00459,Horizon Distribution Hub 459,Industrial,Mountain,ID,Public,Lump Sum,CMAR,Moderate,Low,Slow,2021-05-05,2022-03-22,2022,178475300,785,0.41,0.3535,0.8005,0.8372,0.1061,44,0.9089,24,10,0.757,0.9473
PRJ3-00460,Canyon Housing 460,Residential,Northeast,NY,Public,Cost Plus,CMAR,Moderate,Moderate,Standard,2020-07-18,2021-03-01,2021,99049000,408,0.555,0.5347,0.9835,0.9384,0.0026,8,0.9309,1,12,0.656,0.9677
PRJ3-00461,Aspen Office Campus 461,Commercial,Southwest,NM,Public-Private Partnership,Guaranteed Maximum Price,CMAR,Moderate,Moderate,Standard,2022-07-13,2023-08-05,2023,52916900,835,0.465,0.4463,1.0361,0.9173,-0.0119,16,1.0154,5,10,0.957,0.9704
PRJ3-00462,Riverside Medical Center 462,Institutional,Southeast,GA,Public,Cost Plus,Design-Bid-Build,High,High,Fast,2019-12-05,2021-03-10,2021,95029900,983,0.469,0.4724,0.9467,1.0167,0.0232,-3,0.9731,28,15,0.804,0.9624
PRJ3-00463,Horizon Apartments 463,Residential,Southwest,AZ,Public,Cost Plus,Design-Bid-Build,High,Moderate,Standard,2019-06-11,2020-04-21,2020,52865700,662,0.477,0.4439,0.9541,0.9622,0.0255,22,0.9373,17,11,0.284,0.9696
PRJ3-00464,Cedar Corporate Center 464,Commercial,Northeast,PA,Private,Cost Plus,CMAR,Very High,High,Fast,2022-11-10,2023-11-18,2023,44848200,712,0.524,0.5524,0.8699,1.0551,0.0677,-20,1.1263,9,25,0.727,0.9764
PRJ3-00465,Copper Residences 465,Residential,Southwest,NM,Public,Unit Price,Design-Bid-Build,Very High,Moderate,Fast,2018-11-07,2019-04-14,2019,77895800,422,0.376,0.352,0.8418,0.9613,0.0624,10,0.8817,24,10,0.91,0.9595
PRJ3-00466,Canyon Civic Complex 466,Institutional,West,CA,Public-Private Partnership,Unit Price,Design-Build,Moderate,Moderate,Fast,2021-03-01,2022-03-17,2022,106722400,985,0.387,0.3851,0.9233,0.9641,0.0403,2,1.0531,0,8,0.73,0.9739
PRJ3-00467,Copper Office Campus 467,Commercial,Southwest,NM,Private,Cost Plus,Design-Build,High,Moderate,Slow,2023-08-02,2024-10-13,2024,75188300,848,0.517,0.5117,0.9469,0.9788,0.0178,5,0.98,28,23,0.678,0.9539
PRJ3-00468,Granite Apartments 468,Residential,Midwest,OH,Public-Private Partnership,Lump Sum,CMAR,High,Moderate,Fast,2018-11-17,2019-06-23,2019,42961200,510,0.428,0.4025,1.0696,0.9536,-0.0195,13,0.892,11,21,0.867,0.9482
PRJ3-00469,Mesa Marketplace 469,Commercial,Mountain,ID,Public-Private Partnership,Lump Sum,Design-Build,Very High,Moderate,Fast,2019-08-19,2020-05-28,2020,165956500,780,0.363,0.3704,1.0305,0.9994,-0.0092,-6,1.0308,29,14,0.611,0.9594
PRJ3-00470,Crescent Manufacturing Facility 470,Industrial,West,OR,Public,Cost Plus,IPD,Very High,Low,Slow,2019-09-19,2020-07-23,2020,150779700,834,0.37,0.3405,0.8582,0.7974,0.0519,25,0.8865,19,3,1.03,0.9633
PRJ3-00471,Copper Water Program 471,Heavy Civil,Southwest,TX,Public-Private Partnership,Guaranteed Maximum Price,Design-Build,High,Moderate,Slow,2022-05-12,2023-06-27,2023,139533400,1054,0.39,0.332,0.909,0.8756,0.0324,61,0.9426,19,12,0.698,0.9527
PRJ3-00472,Mesa Office Campus 472,Commercial,Southwest,AZ,Private,Lump Sum,Design-Bid-Build,High,Low,Standard,2021-11-08,2022-08-15,2022,163028800,581,0.482,0.3982,0.9094,0.8686,0.0661,49,0.9482,31,16,0.611,0.9656
PRJ3-00473,Mesa Corporate Center 473,Commercial,Southwest,AZ,Private,Cost Plus,Design-Build,Moderate,Low,Slow,2021-05-06,2022-02-23,2022,147972600,536,0.548,0.4938,0.8456,0.8835,0.08,29,0.8437,23,12,1.1,0.9644
PRJ3-00474,Summit Marketplace 474,Commercial,West,WA,Private,Lump Sum,Design-Build,Moderate,Low,Fast,2022-06-11,2023-04-05,2023,67505500,549,0.544,0.551,0.9637,1.0163,-0.0053,-4,0.9342,46,0,0.55,0.9678
PRJ3-00475,Evergreen Civic Complex 475,Institutional,Midwest,OH,Private,Cost Plus,CMAR,Moderate,Moderate,Standard,2022-08-03,2023-07-20,2023,108161200,813,0.432,0.3865,1.0822,0.8857,-0.0425,37,0.9473,18,14,0.745,0.9703
PRJ3-00476,Canyon Marketplace 476,Commercial,Southeast,TN,Public,Guaranteed Maximum Price,IPD,Moderate,High,Standard,2022-01-18,2022-12-15,2022,165268800,593,0.559,0.5656,1.0731,1.0404,-0.0589,-4,1.0394,25,14,0.22,0.9832
PRJ3-00477,Evergreen Distribution Hub 477,Industrial,Northeast,NY,Public,Cost Plus,Design-Bid-Build,Moderate,High,Slow,2018-06-11,2019-10-18,2019,96168000,997,0.496,0.4787,0.9425,0.9541,0.0275,17,1.0419,30,35,0.612,0.9757
PRJ3-00478,Crescent Highway Improvements 478,Heavy Civil,Midwest,MO,Private,Guaranteed Maximum Price,Design-Build,Low,High,Standard,2024-05-19,2025-11-08,2025,251245200,917,0.587,0.5957,1.0745,1.0094,-0.0375,-8,1.0271,11,2,0.41,0.9758
PRJ3-00479,Lakeview Research Facility 479,Institutional,Mountain,ID,Private,Guaranteed Maximum Price,IPD,Moderate,High,Standard,2019-05-19,2020-02-23,2020,106009400,589,0.476,0.48,1.0582,1.037,-0.0412,-2,1.0312,10,9,0.28,0.9633
PRJ3-00480,Liberty Apartments 480,Residential,Southwest,TX,Public-Private Partnership,Guaranteed Maximum Price,Design-Bid-Build,High,High,Standard,2020-07-16,2021-07-22,2021,162603500,819,0.454,0.4522,0.9389,0.9763,0.0287,1,1.005,1,23,0.725,0.9754
PRJ3-00481,Northstar Education Center 481,Institutional,Southeast,TN,Public,Guaranteed Maximum Price,Design-Build,High,High,Slow,2018-02-08,2019-04-05,2019,458938400,826,0.51,0.445,0.9035,0.9208,0.0482,54,0.9431,9,17,0.708,0.9793
PRJ3-00482,Harbor Residences 482,Residential,West,NV,Public-Private Partnership,Guaranteed Maximum Price,Design-Bid-Build,High,High,Standard,2021-05-01,2022-03-11,2022,68418800,537,0.586,0.5763,0.9431,0.9409,0.0333,5,1.0902,13,11,0.772,0.9572
PRJ3-00483,Northstar Retail Center 483,Commercial,Midwest,IL,Public,Unit Price,Design-Bid-Build,High,Moderate,Fast,2019-09-24,2020-11-22,2020,128393900,808,0.527,0.5135,0.9855,0.9422,-0.0034,11,0.9678,16,18,0.533,0.9564
PRJ3-00484,Gateway Civic Complex 484,Institutional,West,NV,Public,Cost Plus,Design-Build,Moderate,High,Slow,2023-06-09,2024-03-06,2024,101772100,652,0.417,0.4116,0.9936,0.9798,-0.0095,3,1.0262,10,14,0.604,0.9771
PRJ3-00485,Lakeview Water Program 485,Heavy Civil,West,WA,Public,Cost Plus,IPD,Very High,High,Standard,2018-03-08,2019-09-30,2019,415192400,1204,0.475,0.4848,0.9421,1.039,0.0432,-12,0.9845,17,0,0.781,0.9679
PRJ3-00486,Canyon Housing 486,Residential,Midwest,MI,Private,Unit Price,Design-Build,Moderate,Low,Fast,2024-07-09,2025-04-25,2025,45587600,718,0.405,0.4613,0.9427,1.079,0.0354,-40,1.0066,13,12,0.328,0.9698
PRJ3-00487,Northstar Logistics Center 487,Industrial,Southwest,TX,Public,Cost Plus,IPD,Moderate,High,Fast,2018-05-02,2019-04-22,2019,154300700,787,0.452,0.5163,0.978,1.12,0.0185,-51,1.0106,10,7,0.449,0.9792
PRJ3-00488,Canyon Research Facility 488,Institutional,Mountain,MT,Public,Lump Sum,IPD,Low,Moderate,Fast,2022-06-18,2023-08-17,2023,69562200,813,0.523,0.5446,1.1021,1.0212,-0.0374,-18,0.9665,0,13,0.512,0.9844
PRJ3-00489,Horizon Corporate Center 489,Commercial,Mountain,UT,Private,Unit Price,Design-Bid-Build,Low,Moderate,Fast,2022-02-16,2022-11-24,2022,37361900,536,0.525,0.5141,1.0233,0.9718,-0.0246,6,1.0371,37,6,0.506,0.9786
PRJ3-00490,Lakeview Marketplace 490,Commercial,Southeast,FL,Public,Lump Sum,IPD,High,Low,Fast,2022-10-07,2023-09-17,2023,63908700,615,0.562,0.5527,1.0055,0.9713,0.0274,6,0.9215,9,16,0.699,0.9735
PRJ3-00491,Mesa Education Center 491,Institutional,Southeast,TN,Private,Guaranteed Maximum Price,Design-Bid-Build,Low,Moderate,Slow,2020-11-09,2021-10-22,2021,265477300,729,0.476,0.4608,1.0609,0.9668,-0.0137,11,0.901,4,8,0.514,0.9765
PRJ3-00492,Cedar Research Facility 492,Institutional,West,CA,Private,Lump Sum,Design-Build,Very High,Moderate,Fast,2021-03-05,2022-04-05,2022,90118500,847,0.468,0.4452,0.9349,0.9378,0.0387,19,1.0961,16,7,0.893,0.9883
PRJ3-00493,Horizon Transit Program 493,Infrastructure,Northeast,CT,Private,Guaranteed Maximum Price,Design-Bid-Build,Moderate,High,Standard,2022-12-17,2024-08-18,2024,428901300,1098,0.556,0.5978,1.0806,1.0392,-0.0392,-46,0.9639,12,13,0.523,0.9704
PRJ3-00494,Copper Water Program 494,Heavy Civil,West,WA,Public,Guaranteed Maximum Price,Design-Build,High,Moderate,Slow,2024-05-23,2025-11-12,2025,88200400,1049,0.513,0.5059,0.9563,1.0101,0.0178,7,0.9375,24,9,0.714,0.972
PRJ3-00495,Summit Residences 495,Residential,Southwest,NM,Private,Guaranteed Maximum Price,Design-Build,High,Low,Standard,2023-04-22,2024-01-04,2024,142316700,501,0.513,0.5249,0.9842,0.9831,0.0106,-6,0.9051,24,16,0.683,0.9841
PRJ3-00496,Aspen Town Center 496,Mixed-Use,Mountain,WY,Private,Cost Plus,CMAR,Moderate,High,Standard,2021-07-07,2022-10-11,2022,65284700,998,0.462,0.4817,0.8699,1.0543,0.0807,-20,1.0494,15,17,0.42,0.9576
PRJ3-00497,Summit Airport Improvements 497,Infrastructure,Southwest,AZ,Public,Guaranteed Maximum Price,Design-Build,High,Low,Slow,2022-03-15,2024-04-13,2024,371763800,1329,0.572,0.4639,0.902,0.8508,0.0454,144,0.8534,10,15,0.73,0.9452
PRJ3-00498,Mesa Airport Improvements 498,Infrastructure,Northeast,PA,Public,Unit Price,Design-Build,Moderate,Moderate,Slow,2022-10-07,2024-01-15,2024,251212300,1109,0.42,0.3878,0.9022,0.878,0.0365,36,1.0048,24,17,0.77,0.9801
PRJ3-00499,Aspen Highway Improvements 499,Heavy Civil,West,WA,Public,Unit Price,Design-Bid-Build,Very High,High,Slow,2020-03-13,2021-09-25,2021,194478100,1034,0.543,0.4698,0.88,0.8591,0.0642,76,0.7977,25,11,0.655,0.9637
PRJ3-00500,Evergreen Neighborhood 500,Residential,Midwest,MN,Public-Private Partnership,Guaranteed Maximum Price,CMAR,Moderate,High,Slow,2023-07-22,2024-07-27,2024,44720900,621,0.599,0.5213,0.9374,0.8885,0.0342,48,1.0128,14,12,0.628,0.9597
PRJ3-00501,Copper Highway Improvements 501,Heavy Civil,Northeast,NJ,Public-Private Partnership,Lump Sum,CMAR,High,High,Standard,2022-02-06,2023-07-28,2023,210475500,1135,0.474,0.4098,1.0422,0.9513,-0.0136,73,0.9455,24,19,0.736,0.9533
PRJ3-00502,Copper Education Center 502,Institutional,Southeast,TN,Public,Lump Sum,IPD,Moderate,Moderate,Standard,2023-02-14,2024-05-19,2024,183066200,888,0.519,0.534,1.038,1.011,-0.0211,-13,0.9712,12,10,0.56,0.9935
PRJ3-00503,Lakeview Transit Program 503,Infrastructure,West,OR,Private,Lump Sum,Design-Bid-Build,Moderate,Moderate,Standard,2020-04-09,2022-06-06,2022,135933900,1376,0.573,0.4928,0.9867,0.8519,0.0083,110,0.9527,16,9,0.449,0.9778
PRJ3-00504,Pioneer Logistics Center 504,Industrial,Mountain,UT,Private,Lump Sum,Design-Bid-Build,Very High,High,Standard,2023-07-12,2024-10-07,2024,80736400,936,0.485,0.4043,0.9152,0.848,0.0108,76,0.8747,31,21,0.917,0.9425
PRJ3-00505,Aspen Transit Program 505,Infrastructure,Southwest,TX,Private,Lump Sum,Design-Bid-Build,High,Low,Fast,2024-07-18,2025-10-13,2025,201485200,1137,0.398,0.3662,0.9016,0.9144,0.0569,36,0.8787,13,0,0.666,0.9681
PRJ3-00506,Aspen Education Center 506,Institutional,Northeast,NJ,Public,Unit Price,Design-Build,Moderate,Moderate,Standard,2021-10-11,2022-09-10,2022,187899600,899,0.372,0.3707,0.957,1.0085,0.0295,1,1.022,19,12,0.493,0.9742
PRJ3-00507,Evergreen Transit-Oriented Development 507,Mixed-Use,Mountain,CO,Private,Unit Price,CMAR,High,Low,Fast,2020-10-03,2022-01-22,2022,403093500,802,0.594,0.5561,0.9575,0.959,0.0226,30,0.8498,31,15,0.309,0.9864
PRJ3-00508,Copper District 508,Mixed-Use,Southwest,NM,Private,Guaranteed Maximum Price,Design-Bid-Build,Low,Low,Slow,2025-01-06,2025-09-06,2025,135351800,659,0.37,0.3151,0.9258,0.9092,0.0368,36,0.9108,18,0,0.329,0.9572
PRJ3-00509,Riverside Apartments 509,Residential,West,WA,Private,Guaranteed Maximum Price,Design-Bid-Build,Moderate,Moderate,Standard,2022-07-18,2023-01-12,2023,202869400,460,0.388,0.3906,0.9913,1.0778,-0.0111,-1,0.9647,18,6,0.673,0.9597
PRJ3-00510,Aspen Housing 510,Residential,Mountain,MT,Public-Private Partnership,Unit Price,Design-Build,Moderate,Moderate,Slow,2019-01-17,2019-07-08,2019,92245800,422,0.409,0.4223,0.9841,1.0131,0.0057,-6,0.972,21,11,0.568,0.9823
PRJ3-00511,Granite Town Center 511,Mixed-Use,West,WA,Private,Lump Sum,Design-Bid-Build,High,High,Standard,2022-03-10,2023-07-18,2023,134667600,921,0.538,0.5816,0.9619,1.0135,0.0292,-40,1.0199,14,2,0.771,0.9557
PRJ3-00512,Granite Education Center 512,Institutional,Midwest,OH,Public,Lump Sum,IPD,Moderate,Moderate,Standard,2021-09-22,2023-03-19,2023,125949000,1025,0.53,0.5054,0.9386,0.9937,0.0188,25,0.8885,0,22,0.642,0.9721
PRJ3-00513,Gateway Corporate Center 513,Commercial,Southwest,AZ,Public-Private Partnership,Guaranteed Maximum Price,Design-Bid-Build,Very High,High,Standard,2022-02-01,2022-10-08,2022,61570900,673,0.37,0.361,0.9626,1.0377,0.0173,6,0.9766,26,14,0.223,0.9334
PRJ3-00515,Harbor Airport Improvements 515,Infrastructure,Mountain,ID,Public-Private Partnership,Unit Price,Design-Build,Moderate,Moderate,Standard,2022-04-11,2024-01-23,2024,267505900,1382,0.472,0.5172,0.9813,1.12,0.0169,-62,0.9936,14,9,0.471,0.9666
PRJ3-00516,Riverside Retail Center 516,Commercial,Southwest,AZ,Private,Cost Plus,Design-Bid-Build,Moderate,Moderate,Standard,2020-08-16,2021-05-17,2021,113313400,751,0.365,0.426,0.8877,1.097,0.084,-46,0.858,22,5,0.288,0.9592
PRJ3-00517,Crescent Corporate Center 517,Commercial,Mountain,UT,Private,Unit Price,Design-Bid-Build,Very High,Moderate,Fast,2018-02-01,2019-01-17,2019,103286000,840,0.417,0.4404,0.9668,1.0056,-0.0089,-20,0.9725,0,15,1.242,0.9512
PRJ3-00519,Canyon Transit Program 519,Infrastructure,Southwest,NM,Private,Cost Plus,Design-Build,Moderate,Moderate,Standard,2021-04-22,2022-05-24,2022,119197000,975,0.408,0.3604,1.0062,0.9708,0.0025,46,1.003,13,4,0.529,0.9693
PRJ3-00520,Northstar Highway Improvements 520,Heavy Civil,Midwest,OH,Public,Guaranteed Maximum Price,Design-Bid-Build,Moderate,Moderate,Standard,2021-07-21,2022-07-28,2022,163194600,866,0.43,0.3926,0.9064,0.9864,0.0418,32,1.0166,11,14,0.437,0.9479
PRJ3-00521,Canyon Town Center 521,Mixed-Use,Midwest,IL,Public,Guaranteed Maximum Price,Design-Build,Moderate,High,Slow,2021-10-01,2023-03-11,2023,327019400,1057,0.498,0.5168,0.9693,0.9681,0.0169,-20,1.0161,16,11,0.683,0.9631
PRJ3-00522,Canyon Urban Village 522,Mixed-Use,Southwest,TX,Public-Private Partnership,Cost Plus,CMAR,Moderate,Moderate,Slow,2022-07-17,2023-08-15,2023,137514900,866,0.456,0.4145,0.8547,0.9704,0.0894,36,0.95,20,8,0.882,0.9472
PRJ3-00523,Summit Housing 523,Residential,Northeast,PA,Private,Lump Sum,Design-Build,High,Low,Slow,2020-05-21,2021-01-18,2021,52563300,591,0.411,0.3407,0.7981,0.8158,0.0533,42,0.9277,30,7,0.578,0.9403
PRJ3-00524,Crescent Highway Improvements 524,Heavy Civil,Northeast,CT,Public,Guaranteed Maximum Price,Design-Build,Low,Low,Fast,2020-04-13,2022-04-15,2022,186975000,1233,0.594,0.5825,0.9721,1.0164,0.0424,14,0.8897,4,14,0.262,0.9894
PRJ3-00526,Northstar Urban Village 526,Mixed-Use,Southeast,FL,Private,Guaranteed Maximum Price,IPD,High,Moderate,Standard,2017-11-14,2019-03-05,2019,82689500,979,0.487,0.4812,1.0477,0.9794,-0.0282,6,1.0573,8,10,0.345,0.9689
PRJ3-00527,Granite Education Center 527,Institutional,Southeast,NC,Private,Cost Plus,Design-Bid-Build,High,High,Standard,2024-02-10,2025-06-18,2025,98917200,1080,0.458,0.5045,1.0055,1.1104,0.0033,-50,0.978,16,10,0.636,0.9577
PRJ3-00528,Cedar Retail Center 528,Commercial,Southeast,GA,Private,Guaranteed Maximum Price,IPD,Moderate,High,Slow,2022-04-09,2023-03-15,2023,47552700,743,0.458,0.4483,1.0204,0.9656,-0.0151,7,1.0169,15,19,0.799,0.9684
PRJ3-00529,Pioneer Transit-Oriented Development 529,Mixed-Use,Northeast,CT,Private,Lump Sum,Design-Bid-Build,Very High,Moderate,Slow,2018-11-07,2019-12-24,2019,180856300,872,0.473,0.3995,0.8635,0.8854,0.0639,64,0.8142,55,24,0.617,0.9419
PRJ3-00530,Crescent Housing 530,Residential,Mountain,WY,Public,Cost Plus,Design-Bid-Build,Low,High,Fast,2020-07-20,2021-05-05,2021,127199500,612,0.473,0.4716,1.1107,1.0741,-0.0317,1,1.1036,0,17,0.303,0.9852
PRJ3-00531,Harbor Urban Village 531,Mixed-Use,Southeast,FL,Public,Guaranteed Maximum Price,Design-Build,Moderate,Moderate,Standard,2020-01-21,2021-01-08,2021,234644700,914,0.387,0.4286,0.9092,1.1089,0.0444,-38,0.9631,25,8,0.03,0.9747
PRJ3-00532,Pioneer Civic Complex 532,Institutional,West,WA,Private,Cost Plus,Design-Build,Low,Moderate,Fast,2018-10-23,2019-09-22,2019,227406500,731,0.458,0.4353,1.0415,0.9619,-0.0151,17,1.084,0,15,0.591,0.9823
PRJ3-00533,Canyon Residences 533,Residential,Southeast,TN,Private,Lump Sum,Design-Build,Moderate,Moderate,Fast,2022-03-01,2022-09-26,2022,44056300,554,0.379,0.3942,0.9605,0.9948,0.0303,-8,1.0327,9,10,0.476,0.9635
PRJ3-00534,Redwood Research Facility 534,Institutional,Mountain,UT,Private,Guaranteed Maximum Price,IPD,Moderate,High,Fast,2021-03-10,2022-03-14,2022,248848100,727,0.508,0.4893,1.1118,1.0208,-0.0422,14,1.019,13,0,0.694,0.9793
PRJ3-00535,Canyon Retail Center 535,Commercial,Southeast,FL,Public-Private Partnership,Guaranteed Maximum Price,Design-Bid-Build,High,High,Standard,2021-06-23,2022-05-20,2022,45517200,632,0.525,0.4981,1.0099,0.8806,-0.0195,17,0.9955,16,11,0.4,0.9435
PRJ3-00536,Cedar Apartments 536,Residential,West,NV,Public,Guaranteed Maximum Price,Design-Bid-Build,High,Moderate,Slow,2020-01-12,2020-07-06,2020,22557400,432,0.408,0.3875,0.9379,0.9684,0.0378,9,0.9813,9,9,0.806,0.9556
PRJ3-00537,Redwood Bridge Program 537,Heavy Civil,West,WA,Private,Cost Plus,CMAR,High,High,Standard,2021-05-19,2022-08-28,2022,201802400,1233,0.378,0.3955,0.8928,1.0028,0.0582,-22,1.0247,5,0,0.621,0.9544
PRJ3-00538,Lakeview Neighborhood 538,Residential,Midwest,OH,Public,Guaranteed Maximum Price,Design-Bid-Build,Moderate,Moderate,Standard,2021-04-04,2022-01-20,2022,211725100,600,0.485,0.4682,1.0376,1.0181,-0.0217,10,0.9457,7,8,0.748,0.9617
PRJ3-00539,Aspen Public Works Program 539,Infrastructure,West,WA,Public,Guaranteed Maximum Price,Design-Build,High,Moderate,Standard,2022-12-08,2024-05-02,2024,218894300,1115,0.459,0.4843,0.9542,1.0703,0.054,-28,0.9754,23,7,0.689,0.9523
PRJ3-00540,Pioneer Civic Complex 540,Institutional,Midwest,OH,Private,Lump Sum,IPD,Moderate,Moderate,Slow,2018-01-12,2019-03-25,2019,180833700,852,0.514,0.496,0.9793,0.9559,0.0266,15,0.9863,0,15,0.556,0.9659
PRJ3-00541,Canyon Town Center 541,Mixed-Use,Southwest,AZ,Private,Lump Sum,Design-Build,Very High,High,Standard,2017-08-31,2019-01-11,2019,950000000,894,0.558,0.569,0.9209,1.0392,0.0358,-10,0.9366,0,13,0.463,0.9541
PRJ3-00542,Cedar Corporate Center 542,Commercial,West,NV,Public,Unit Price,Design-Bid-Build,Very High,High,Standard,2020-12-25,2021-08-11,2021,105447200,551,0.416,0.4039,0.9454,0.945,0.0335,7,0.855,17,14,0.708,0.9641
PRJ3-00543,Lakeview Distribution Hub 543,Industrial,Northeast,NY,Private,Unit Price,CMAR,Very High,Low,Standard,2023-09-20,2024-10-31,2024,52970800,967,0.421,0.3673,0.8315,0.8292,0.0782,52,0.884,23,16,0.576,0.9642
PRJ3-00544,Northstar Education Center 544,Institutional,Mountain,CO,Public,Lump Sum,IPD,Moderate,Moderate,Standard,2024-12-02,2025-10-22,2025,210522000,750,0.433,0.4152,0.9385,0.9702,0.0432,13,1.0248,3,11,0.611,1.0
PRJ3-00545,Crescent Retail Center 545,Commercial,Southeast,GA,Private,Lump Sum,CMAR,Moderate,Moderate,Fast,2022-10-14,2023-11-06,2023,71617200,832,0.467,0.514,1.0203,1.12,-0.0188,-39,1.0104,1,14,0.51,0.9649
PRJ3-00546,Copper Apartments 546,Residential,Mountain,UT,Public,Unit Price,Design-Bid-Build,Very High,High,Slow,2023-09-13,2024-08-21,2024,12644000,598,0.574,0.4925,1.0691,0.8944,-0.0171,49,0.9682,30,9,0.745,0.9481
PRJ3-00547,Cedar Highway Improvements 547,Heavy Civil,Northeast,NY,Public-Private Partnership,Lump Sum,Design-Build,Low,High,Standard,2022-08-20,2024-04-04,2024,178629500,1042,0.57,0.6008,0.9761,1.0196,0.0065,-32,1.0438,0,12,0.493,0.9746
PRJ3-00548,Summit Highway Improvements 548,Heavy Civil,Southeast,FL,Public,Unit Price,Design-Bid-Build,High,High,Standard,2022-05-09,2023-12-11,2023,254933100,1204,0.483,0.4915,1.0099,0.9993,-0.0067,-10,0.9301,8,5,0.795,0.9564
PRJ3-00549,Northstar Research Facility 549,Institutional,Southwest,AZ,Private,Guaranteed Maximum Price,Design-Build,High,High,Standard,2022-09-06,2023-08-28,2023,63632800,693,0.515,0.5208,0.8076,1.0446,0.1037,-4,1.0627,19,6,0.782,0.9745
PRJ3-00550,Copper Office Campus 550,Commercial,Southwest,TX,Private,Cost Plus,CMAR,Very High,High,Fast,2019-05-17,2020-04-28,2020,217073600,746,0.466,0.5078,0.9882,1.0778,0.0062,-31,0.9731,12,7,0.686,0.9676
PRJ3-00552,Cedar Housing 552,Residential,Mountain,WY,Public,Cost Plus,Design-Build,Moderate,Moderate,Slow,2020-12-05,2022-01-20,2022,36196400,774,0.532,0.4929,0.9209,0.9258,0.0411,30,0.996,19,14,0.38,0.9662
PRJ3-00553,Granite Logistics Center 553,Industrial,Mountain,MT,Public,Guaranteed Maximum Price,IPD,Very High,Moderate,Standard,2023-03-10,2024-01-13,2024,350098900,841,0.368,0.3556,0.9953,0.9678,0.0166,10,1.0144,0,22,0.697,0.9532
PRJ3-00554,Gateway District 554,Mixed-Use,Southwest,NM,Private,Cost Plus,CMAR,High,High,Slow,2020-07-03,2021-08-18,2021,56729000,981,0.419,0.3633,0.8774,0.8816,0.0509,55,0.9724,4,5,0.726,0.9517
PRJ3-00555,Mesa Distribution Hub 555,Industrial,Mountain,WY,Public,Cost Plus,Design-Build,High,Moderate,Fast,2020-06-21,2021-07-07,2021,139620100,949,0.402,0.3988,0.9931,0.9825,0.0023,3,0.9746,20,14,0.347,0.9431
PRJ3-00556,Redwood Medical Center 556,Institutional,Mountain,UT,Private,Cost Plus,Design-Build,Moderate,High,Fast,2024-10-04,2025-09-13,2025,98732100,833,0.413,0.468,0.9947,1.1085,0.0301,-46,1.0281,0,10,0.322,0.9604
PRJ3-00557,Granite Earthworks Package 557,Heavy Civil,West,NV,Public,Cost Plus,CMAR,Moderate,Low,Standard,2023-01-21,2024-02-13,2024,820939800,785,0.495,0.4458,0.9842,0.931,0.0257,39,0.9832,17,9,0.49,0.9494
PRJ3-00558,Liberty Apartments 558,Residential,Southwest,NM,Private,Guaranteed Maximum Price,Design-Bid-Build,Low,Low,Standard,2019-09-18,2020-08-19,2020,20397100,677,0.497,0.537,1.0269,1.0699,-0.0087,-27,1.0123,4,3,0.547,0.9612
PRJ3-00559,Gateway Logistics Center 559,Industrial,West,NV,Private,Cost Plus,Design-Bid-Build,High,Low,Fast,2023-10-08,2024-08-28,2024,56293200,793,0.411,0.4175,0.9402,0.9354,0.0462,-5,1.0539,36,10,0.651,0.9542
PRJ3-00560,Northstar Marketplace 560,Commercial,Southwest,AZ,Public,Unit Price,Design-Build,Very High,Moderate,Standard,2021-08-18,2022-07-14,2022,40992400,568,0.581,0.5844,1.0622,1.0104,-0.06,-2,0.9834,10,17,0.872,0.9613
PRJ3-00561,Pioneer Public Works Program 561,Infrastructure,Mountain,ID,Private,Unit Price,Design-Bid-Build,High,Moderate,Fast,2020-04-07,2021-10-20,2021,501035400,1202,0.467,0.4327,1.003,0.9654,-0.0221,41,1.0272,26,7,0.321,0.9477
PRJ3-00562,Horizon Residences 562,Residential,Southeast,NC,Private,Lump Sum,Design-Build,Moderate,Moderate,Fast,2022-01-23,2023-03-20,2023,17030800,726,0.581,0.528,0.983,0.9018,0.008,39,1.0376,0,12,0.42,0.9869
PRJ3-00563,Cedar Marketplace 563,Commercial,Midwest,MN,Private,Unit Price,Design-Build,Moderate,High,Standard,2024-08-12,2025-06-14,2025,24866100,672,0.456,0.5217,1.0128,1.12,0.0001,-44,1.0611,8,14,0.483,0.9811
PRJ3-00564,Horizon Urban Village 564,Mixed-Use,Midwest,MO,Public-Private Partnership,Unit Price,Design-Build,Moderate,Moderate,Slow,2020-06-19,2021-09-15,2021,133135900,776,0.584,0.5423,0.9353,0.9239,0.0254,32,1.0377,11,18,0.603,0.9809
PRJ3-00565,Mesa Water Program 565,Heavy Civil,West,WA,Public,Guaranteed Maximum Price,CMAR,Very High,Moderate,Slow,2018-09-01,2020-03-11,2020,217185600,1127,0.495,0.4605,0.8464,0.8738,0.0824,39,0.9039,28,0,1.261,0.9604
PRJ3-00566,Summit Airport Improvements 566,Infrastructure,Northeast,MA,Private,Guaranteed Maximum Price,CMAR,Moderate,High,Standard,2024-04-15,2025-09-19,2025,376410900,1244,0.42,0.4654,1.0294,1.0623,-0.0193,-56,0.9695,0,11,0.242,0.9744
PRJ3-00567,Summit Utility Corridor 567,Infrastructure,Midwest,OH,Public,Guaranteed Maximum Price,CMAR,Very High,High,Standard,2024-03-08,2025-12-08,2025,242942400,1392,0.46,0.4405,1.014,0.9468,0.0283,27,0.9573,33,22,1.04,0.9578
PRJ3-00568,Riverside Bridge Program 568,Heavy Civil,Mountain,ID,Private,Cost Plus,Design-Build,High,High,Slow,2023-08-04,2025-03-16,2025,294196000,1200,0.492,0.4208,0.8329,0.8792,0.0903,85,0.9692,29,10,0.966,0.9508
PRJ3-00569,Horizon Education Center 569,Institutional,Midwest,MI,Public,Guaranteed Maximum Price,Design-Bid-Build,Very High,Moderate,Standard,2022-10-20,2023-12-05,2023,126389100,1096,0.375,0.3379,0.7961,0.9817,0.0956,41,0.9487,21,22,0.819,0.9602
PRJ3-00570,Harbor Transit-Oriented Development 570,Mixed-Use,Mountain,UT,Public,Guaranteed Maximum Price,CMAR,Moderate,Moderate,Standard,2020-04-04,2020-12-04,2020,143919700,668,0.366,0.3203,0.9916,0.9052,0.0054,31,0.9342,24,14,0.934,0.9658
PRJ3-00571,Mesa Marketplace 571,Commercial,Midwest,MN,Private,Guaranteed Maximum Price,Design-Bid-Build,Moderate,Low,Standard,2018-07-11,2019-05-01,2019,143994500,599,0.491,0.5268,0.9382,1.0273,0.0511,-21,0.9741,4,18,0.837,0.9505
PRJ3-00572,Riverside Utility Corridor 572,Infrastructure,Midwest,MO,Public,Unit Price,IPD,Moderate,High,Slow,2024-02-13,2025-08-19,2025,86975600,1191,0.465,0.4127,0.97,0.8921,0.0011,62,1.0596,16,19,0.734,0.9863
PRJ3-00573,Aspen Earthworks Package 573,Heavy Civil,Mountain,UT,Private,Lump Sum,CMAR,High,Moderate,Standard,2024-04-18,2025-08-23,2025,263758500,1166,0.422,0.3689,0.9571,0.8997,0.0174,62,0.9296,28,13,0.501,0.9749
PRJ3-00574,Harbor Water Program 574,Heavy Civil,Southwest,TX,Private,Lump Sum,Design-Build,Very High,Moderate,Fast,2021-12-04,2023-08-21,2023,169823200,1092,0.573,0.5494,0.9875,0.9342,0.01,26,0.8477,18,22,0.893,0.981
PRJ3-00575,Copper Airport Improvements 575,Infrastructure,West,CA,Public,Lump Sum,CMAR,High,Moderate,Standard,2020-06-01,2022-01-24,2022,199923000,1307,0.461,0.4117,0.7987,0.9124,0.0999,64,1.0315,24,7,0.432,0.9767
PRJ3-00576,Lakeview Housing 576,Residential,Northeast,NY,Public,Guaranteed Maximum Price,CMAR,Moderate,Low,Standard,2025-05-09,2025-12-18,2025,35671800,405,0.551,0.537,0.879,1.0168,0.055,6,1.0036,0,18,0.693,0.9618
PRJ3-00577,Gateway Transit-Oriented Development 577,Mixed-Use,Southeast,NC,Public,Unit Price,Design-Bid-Build,High,Moderate,Standard,2019-05-21,2020-04-21,2020,186039800,927,0.363,0.3535,0.8906,0.9487,0.0512,9,0.9409,21,17,1.128,0.9478
PRJ3-00578,Cedar Office Campus 578,Commercial,Mountain,UT,Public-Private Partnership,Lump Sum,Design-Bid-Build,High,Moderate,Fast,2024-11-10,2025-12-20,2025,74335500,696,0.583,0.5297,0.982,0.9177,-0.003,37,1.0378,22,25,0.642,0.9469
PRJ3-00579,Liberty Residences 579,Residential,Southwest,NM,Private,Cost Plus,Design-Bid-Build,Moderate,Low,Standard,2020-05-09,2021-02-14,2021,93873200,633,0.444,0.428,0.9819,0.9387,0.0037,10,0.9015,21,5,0.472,0.9762
PRJ3-00580,Northstar Utility Corridor 580,Infrastructure,Southeast,NC,Private,Cost Plus,CMAR,Very High,Moderate,Slow,2022-01-14,2023-09-20,2023,491058200,1331,0.462,0.4176,1.036,0.8729,-0.0317,59,0.9548,18,20,1.324,0.9424
PRJ3-00581,Canyon Transit Program 581,Infrastructure,Mountain,CO,Private,Guaranteed Maximum Price,Design-Bid-Build,Moderate,Low,Standard,2020-08-18,2022-05-01,2022,310532000,1136,0.547,0.4891,0.9034,0.8865,0.0477,66,0.9401,0,23,0.843,0.97
PRJ3-00582,Liberty Transit-Oriented Development 582,Mixed-Use,Midwest,MN,Private,Guaranteed Maximum Price,CMAR,High,High,Fast,2019-05-01,2020-04-04,2020,200722900,948,0.358,0.3485,0.962,0.97,0.0127,9,0.9231,14,12,0.647,0.9598
PRJ3-00583,Northstar Town Center 583,Mixed-Use,Mountain,WY,Private,Cost Plus,CMAR,Moderate,Moderate,Standard,2019-09-10,2021-01-11,2021,164789100,1009,0.485,0.453,0.9605,0.9278,-0.0027,32,0.9888,17,20,0.905,0.9751
PRJ3-00584,Cedar Office Campus 584,Commercial,West,WA,Private,Lump Sum,IPD,Very High,Moderate,Slow,2020-11-06,2021-12-21,2021,68808100,910,0.451,0.3951,0.9191,0.8891,0.0489,51,0.9214,10,6,0.848,0.9536
PRJ3-00585,Harbor Process Plant 585,Industrial,Southeast,GA,Private,Guaranteed Maximum Price,Design-Bid-Build,High,Moderate,Fast,2021-08-04,2022-07-13,2022,60144000,978,0.351,0.33,0.8995,0.9909,0.0579,21,0.9594,0,6,0.451,0.9595
PRJ3-00586,Granite Transit-Oriented Development 586,Mixed-Use,Mountain,MT,Private,Guaranteed Maximum Price,CMAR,High,Moderate,Standard,2020-02-01,2021-06-11,2021,131548700,1149,0.432,0.4186,0.9332,0.9584,0.0541,15,0.9619,24,19,0.916,0.9612
PRJ3-00587,Cedar Water Program 587,Heavy Civil,Mountain,ID,Private,Guaranteed Maximum Price,CMAR,Low,Moderate,Standard,2024-04-21,2025-05-25,2025,266346100,942,0.424,0.4174,1.0493,1.0121,-0.022,6,0.9811,10,6,0.505,0.99
PRJ3-00588,Mesa Transit-Oriented Development 588,Mixed-Use,Mountain,WY,Public,Lump Sum,Design-Bid-Build,Moderate,Moderate,Standard,2023-05-01,2023-12-03,2023,62351900,618,0.351,0.3309,0.9394,0.9516,0.0068,12,0.9556,30,17,0.7,0.9602
PRJ3-00589,Mesa Office Campus 589,Commercial,West,CA,Public-Private Partnership,Guaranteed Maximum Price,Design-Build,Low,Moderate,Fast,2018-12-14,2019-09-06,2019,64620000,689,0.387,0.4409,0.9948,1.0545,-0.0012,-37,1.1275,5,5,0.43,0.9758
PRJ3-00590,Lakeview Marketplace 590,Commercial,Northeast,CT,Public-Private Partnership,Guaranteed Maximum Price,CMAR,Moderate,Moderate,Fast,2023-10-21,2024-06-23,2024,121687000,478,0.515,0.5044,0.9635,0.993,0.0042,5,0.9864,0,4,0.55,0.9458
PRJ3-00591,Crescent Highway Improvements 591,Heavy Civil,Southeast,FL,Public,Guaranteed Maximum Price,Design-Build,Moderate,Moderate,Slow,2023-08-03,2025-02-20,2025,381081400,1180,0.481,0.3964,0.9848,0.8295,0.0186,100,0.9283,0,10,0.797,0.9499
PRJ3-00592,Harbor Retail Center 592,Commercial,West,CA,Private,Lump Sum,CMAR,Low,Low,Standard,2019-12-12,2020-09-28,2020,45966500,708,0.412,0.3954,1.0005,0.9616,-0.0211,12,0.9148,36,6,0.565,0.9571
PRJ3-00593,Liberty Bridge Program 593,Heavy Civil,Southwest,TX,Private,Guaranteed Maximum Price,Design-Bid-Build,High,High,Standard,2018-04-13,2020-02-17,2020,548337900,1139,0.593,0.5809,1.0047,1.0038,-0.0025,14,0.799,17,6,0.867,0.9589
PRJ3-00594,Riverside Distribution Hub 594,Industrial,West,WA,Private,Unit Price,CMAR,High,Low,Standard,2020-08-24,2021-09-11,2021,332228900,778,0.493,0.443,0.9621,0.9258,0.0008,39,0.9101,39,2,0.31,0.9438
PRJ3-00595,Gateway Medical Center 595,Institutional,West,WA,Private,Cost Plus,Design-Build,High,High,Fast,2019-01-20,2020-03-26,2020,87418400,1119,0.386,0.4156,0.9247,1.0567,0.021,-33,0.9659,24,0,0.626,0.9826
PRJ3-00596,Liberty Town Center 596,Mixed-Use,West,WA,Public-Private Partnership,Unit Price,Design-Build,High,Moderate,Standard,2022-11-15,2024-05-24,2024,71517700,1052,0.529,0.5291,0.9323,1.0107,0.0227,0,0.9734,41,0,0.65,0.9764
PRJ3-00597,Mesa Medical Center 597,Institutional,Midwest,MO,Private,Guaranteed Maximum Price,Design-Bid-Build,Low,Moderate,Slow,2019-02-23,2020-02-27,2020,111923400,1015,0.364,0.3425,0.9625,0.9829,0.0017,22,0.9312,11,4,0.524,0.9695
PRJ3-00598,Northstar Neighborhood 598,Residential,Northeast,CT,Public,Unit Price,CMAR,Low,Moderate,Slow,2019-04-16,2020-02-20,2020,58546400,570,0.545,0.5278,0.8529,0.9929,0.0773,10,0.827,12,19,0.26,0.9724
PRJ3-00599,Riverside Research Facility 599,Institutional,Southwest,TX,Private,Guaranteed Maximum Price,Design-Bid-Build,Moderate,High,Standard,2023-11-08,2024-11-05,2024,182001900,994,0.366,0.3011,0.9568,0.8455,0.0215,65,0.8879,26,8,0.237,0.9636
PRJ3-00600,Aspen Transit-Oriented Development 600,Mixed-Use,West,NV,Private,Lump Sum,CMAR,Moderate,Moderate,Standard,2022-07-05,2023-10-18,2023,285736800,821,0.573,0.5844,1.0084,0.9656,-0.0017,-9,0.9023,22,15,0.497,0.9571
PRJ3-00601,Aspen Housing 601,Residential,West,CA,Private,Lump Sum,Design-Build,Moderate,Moderate,Standard,2019-02-12,2019-09-03,2019,42247800,565,0.36,0.361,1.0203,0.9826,-0.0012,-1,0.9927,16,6,0.476,0.9842
PRJ3-00602,Riverside District 602,Mixed-Use,Northeast,NJ,Private,Lump Sum,CMAR,Moderate,Moderate,Slow,2024-12-24,2025-12-12,2025,137283000,885,0.399,0.3666,0.8446,0.9865,0.0619,29,0.8661,21,26,0.759,0.9387
PRJ3-00603,Horizon Office Campus 603,Commercial,West,NV,Private,Cost Plus,Design-Build,High,Moderate,Standard,2019-12-15,2021-02-15,2021,52189400,1032,0.415,0.4223,0.9755,0.9007,0.0064,-7,0.9931,22,8,0.906,0.9532
PRJ3-00604,Liberty Corporate Center 604,Commercial,Southeast,FL,Private,Lump Sum,CMAR,Very High,Moderate,Slow,2023-05-14,2024-05-03,2024,184164300,606,0.586,0.5209,0.8526,0.8754,0.0932,39,0.8577,4,22,0.737,0.9478
PRJ3-00605,Liberty Logistics Center 605,Industrial,West,WA,Public,Cost Plus,IPD,Low,High,Standard,2020-02-10,2021-06-17,2021,218858200,849,0.581,0.6265,0.9908,1.0555,0.0023,-39,1.0789,7,0,0.344,0.991
PRJ3-00606,Mesa Logistics Center 606,Industrial,Mountain,MT,Private,Cost Plus,CMAR,High,Moderate,Standard,2020-05-24,2021-10-24,2021,151922100,958,0.541,0.5379,0.9137,1.0059,0.0398,3,1.0024,29,11,0.977,0.9556
PRJ3-00607,Redwood Neighborhood 607,Residential,Mountain,UT,Private,Lump Sum,IPD,Moderate,Low,Standard,2020-05-25,2021-04-20,2021,34349000,708,0.467,0.4493,0.9987,0.9853,-0.0035,13,0.99,20,11,0.788,0.9541
PRJ3-00608,Aspen Retail Center 608,Commercial,Northeast,NJ,Private,Unit Price,CMAR,Very High,Moderate,Fast,2023-06-06,2024-06-27,2024,45312500,793,0.489,0.4355,0.9661,0.9422,0.0124,42,1.0353,4,22,0.942,0.9679
PRJ3-00609,Evergreen Office Campus 609,Commercial,West,WA,Private,Guaranteed Maximum Price,CMAR,Moderate,High,Fast,2022-09-05,2023-08-05,2023,134072900,675,0.496,0.55,1.0691,1.0293,-0.0475,-36,1.052,0,1,0.094,0.9696
PRJ3-00610,Harbor Corporate Center 610,Commercial,West,OR,Public,Unit Price,IPD,High,Low,Fast,2023-05-03,2024-05-23,2024,68437800,760,0.509,0.4705,0.9012,0.9472,0.0454,29,0.9801,0,9,0.671,0.9666
PRJ3-00611,Pioneer Retail Center 611,Commercial,West,OR,Public,Guaranteed Maximum Price,IPD,Moderate,Moderate,Fast,2025-05-14,2025-12-25,2025,85384800,535,0.421,0.4636,0.9012,1.0571,0.0378,-23,1.0405,4,5,0.583,0.9769
PRJ3-00612,Granite Education Center 612,Institutional,West,OR,Private,Cost Plus,CMAR,High,High,Fast,2020-05-22,2021-05-10,2021,112898300,960,0.368,0.3413,1.0255,0.92,-0.0215,26,1.0393,14,12,0.139,0.9648
PRJ3-00613,Evergreen Airport Improvements 613,Infrastructure,Midwest,MO,Private,Lump Sum,Design-Build,Low,Moderate,Fast,2021-12-16,2024-01-07,2024,141081500,1309,0.575,0.5867,0.9961,1.0204,0.0041,-15,1.0977,10,21,0.221,0.9793
PRJ3-00614,Gateway Research Facility 614,Institutional,Midwest,MN,Private,Cost Plus,IPD,Very High,High,Fast,2019-04-17,2020-07-03,2020,70469500,776,0.572,0.5511,0.9981,1.0107,0.0182,16,1.0194,24,20,0.676,0.9828
PRJ3-00615,Lakeview Earthworks Package 615,Heavy Civil,Mountain,CO,Public,Guaranteed Maximum Price,IPD,Moderate,Moderate,Standard,2023-10-11,2025-06-28,2025,302222300,1211,0.517,0.4293,0.9237,0.8999,0.0364,106,0.997,3,13,0.474,0.955
PRJ3-00616,Crescent Residences 616,Residential,Southwest,AZ,Private,Lump Sum,Design-Build,Very High,Moderate,Slow,2022-04-13,2023-04-06,2023,16041200,731,0.49,0.4299,0.9429,0.8818,0.0306,44,0.9431,12,9,0.578,0.9639
PRJ3-00617,Pioneer Office Campus 617,Commercial,Mountain,UT,Private,Lump Sum,Design-Build,Moderate,Moderate,Standard,2020-05-11,2021-06-03,2021,196261800,776,0.5,0.5284,1.0029,0.9822,-0.0003,-22,1.0226,19,13,0.704,0.9486
PRJ3-00618,Horizon Neighborhood 618,Residential,West,OR,Public,Guaranteed Maximum Price,Design-Bid-Build,Moderate,High,Standard,2018-09-12,2019-05-02,2019,10581300,626,0.372,0.3467,1.1033,0.9062,-0.0337,16,1.0175,2,7,0.36,0.9703
PRJ3-00619,Horizon Transit-Oriented Development 619,Mixed-Use,West,OR,Public-Private Partnership,Lump Sum,CMAR,Moderate,Low,Fast,2019-03-25,2020-05-12,2020,188989800,910,0.455,0.3988,0.9617,0.9317,0.0077,51,0.8534,18,0,0.327,0.9977
PRJ3-00620,Evergreen Marketplace 620,Commercial,West,CA,Public,Lump Sum,Design-Build,High,Low,Standard,2024-06-22,2025-02-04,2025,257507500,644,0.353,0.2793,0.961,0.8073,0.0113,47,1.0325,0,11,0.294,0.9594
PRJ3-00621,Copper Utility Corridor 621,Infrastructure,Mountain,UT,Private,Cost Plus,Design-Build,Moderate,Moderate,Standard,2024-04-03,2025-08-19,2025,108989600,1163,0.433,0.425,0.9138,0.9849,0.069,9,0.9268,24,17,0.313,0.9708
PRJ3-00622,Liberty Logistics Center 622,Industrial,West,OR,Public,Cost Plus,Design-Bid-Build,High,Moderate,Standard,2022-04-08,2023-05-28,2023,231084700,1166,0.356,0.3295,0.8416,0.9453,0.0737,31,0.8723,26,8,0.503,0.9621
PRJ3-00623,Riverside Apartments 623,Residential,Northeast,NJ,Private,Unit Price,IPD,Moderate,Moderate,Slow,2022-06-02,2023-09-28,2023,63880000,811,0.596,0.5931,1.0442,0.9268,-0.0154,2,0.9714,29,22,0.342,0.9677
PRJ3-00624,Cedar Medical Center 624,Institutional,West,NV,Private,Unit Price,Design-Bid-Build,Very High,Moderate,Standard,2017-09-10,2019-03-16,2019,136261800,1235,0.447,0.4114,0.9122,0.9231,0.0656,44,0.8618,27,12,0.881,0.958
PRJ3-00625,Aspen Manufacturing Facility 625,Industrial,West,WA,Public-Private Partnership,Guaranteed Maximum Price,Design-Bid-Build,Moderate,High,Fast,2023-07-15,2024-12-24,2024,75840300,1022,0.517,0.5267,1.0466,0.9915,-0.0208,-10,1.0764,29,4,0.698,0.9751
PRJ3-00626,Gateway Neighborhood 626,Residential,Southeast,NC,Private,Guaranteed Maximum Price,Design-Build,Moderate,Low,Fast,2018-09-22,2019-02-28,2019,81635000,320,0.497,0.4805,0.9057,0.9373,0.0412,5,0.8816,12,10,0.457,0.9715
PRJ3-00627,Pioneer Earthworks Package 627,Heavy Civil,West,WA,Private,Lump Sum,CMAR,Very High,Moderate,Slow,2021-11-16,2023-10-17,2023,106798100,1307,0.536,0.5439,0.8373,0.9511,0.1077,-10,0.9107,42,2,1.025,0.9628
PRJ3-00628,Crescent Process Plant 628,Industrial,Northeast,NY,Public,Lump Sum,IPD,High,Moderate,Slow,2020-02-23,2021-02-27,2021,127505300,790,0.469,0.4114,0.8597,0.8841,0.0713,46,0.933,10,17,0.436,0.9431
PRJ3-00629,Canyon Corporate Center 629,Commercial,Mountain,CO,Public,Guaranteed Maximum Price,Design-Bid-Build,High,Moderate,Standard,2025-01-05,2025-08-07,2025,59594400,597,0.36,0.2849,0.9973,0.8503,0.0054,45,0.9335,10,16,0.395,0.9531
PRJ3-00630,Horizon Logistics Center 630,Industrial,West,CA,Public,Cost Plus,Design-Build,Moderate,Moderate,Standard,2018-05-21,2019-05-01,2019,288455300,863,0.4,0.4048,0.9894,1.0153,0.0261,-4,1.0232,0,6,0.299,0.9763
PRJ3-00631,Crescent Water Program 631,Heavy Civil,Midwest,MI,Public,Guaranteed Maximum Price,Design-Bid-Build,High,Moderate,Standard,2020-08-10,2022-03-09,2022,257103900,1167,0.494,0.4155,0.8659,0.8581,0.0705,92,1.0423,34,21,1.032,0.9471
PRJ3-00632,Mesa Medical Center 632,Institutional,West,WA,Private,Guaranteed Maximum Price,Design-Bid-Build,Moderate,Low,Fast,2018-11-23,2020-01-08,2020,213825500,900,0.457,0.4088,1.0137,0.9104,-0.0108,43,0.995,12,13,0.665,0.9452
PRJ3-00633,Evergreen Residences 633,Residential,Mountain,UT,Public,Guaranteed Maximum Price,IPD,High,Low,Slow,2024-05-22,2024-10-31,2024,37646700,462,0.352,0.3508,0.9257,0.9893,0.0225,1,0.945,20,10,0.656,0.9398
PRJ3-00634,Gateway Distribution Hub 634,Industrial,West,CA,Public,Guaranteed Maximum Price,Design-Build,Moderate,Moderate,Standard,2022-06-02,2023-06-20,2023,97549700,947,0.405,0.3832,0.9488,0.9209,0.036,21,0.9783,11,7,0.824,0.9659
PRJ3-00635,Harbor Retail Center 635,Commercial,West,NV,Private,Guaranteed Maximum Price,Design-Bid-Build,Low,High,Standard,2024-09-08,2025-07-12,2025,72184800,598,0.515,0.5405,0.951,1.0292,0.024,-15,1.1359,18,0,0.465,0.9918
PRJ3-00636,Redwood District 636,Mixed-Use,Mountain,ID,Private,Lump Sum,Design-Bid-Build,Very High,High,Standard,2022-06-15,2024-02-21,2024,269157000,1116,0.552,0.4927,0.9174,0.8798,0.0409,66,0.8952,34,9,0.978,0.9546
PRJ3-00637,Redwood Apartments 637,Residential,Southwest,AZ,Private,Cost Plus,CMAR,Low,Moderate,Standard,2022-10-23,2023-06-25,2023,43654500,449,0.547,0.5462,0.9758,0.9771,0.0082,0,1.0637,13,11,1.002,0.9767
PRJ3-00638,Crescent Urban Village 638,Mixed-Use,Midwest,IL,Private,Unit Price,Design-Bid-Build,Low,Moderate,Fast,2024-09-22,2025-08-17,2025,335405400,896,0.368,0.3852,1.1075,1.0822,-0.0329,-15,0.9745,13,12,0.602,0.9836
PRJ3-00639,Aspen Transit-Oriented Development 639,Mixed-Use,Midwest,MI,Private,Guaranteed Maximum Price,Design-Build,Moderate,High,Slow,2021-03-14,2022-10-24,2022,243630200,1066,0.553,0.5337,0.9705,0.9435,0.0355,21,1.0068,12,13,0.432,0.9843
PRJ3-00640,Redwood Apartments 640,Residential,Northeast,CT,Private,Lump Sum,Design-Build,Very High,Low,Slow,2020-04-20,2021-05-02,2021,61279800,640,0.59,0.506,0.8826,0.8344,0.0781,54,0.8405,32,2,0.43,0.96
PRJ3-00641,Canyon Retail Center 641,Commercial,Southwest,NM,Private,Guaranteed Maximum Price,Design-Bid-Build,High,Moderate,Slow,2024-12-20,2025-08-22,2025,32840600,675,0.363,0.3209,0.8747,0.9503,0.0595,28,0.8573,31,16,0.804,0.9629
PRJ3-00642,Harbor Apartments 642,Residential,West,OR,Public,Guaranteed Maximum Price,IPD,Very High,Low,Standard,2021-01-04,2021-10-30,2021,64586100,622,0.481,0.4689,0.9586,0.9547,0.0099,8,0.8819,0,14,0.922,0.9607
PRJ3-00643,Harbor Corporate Center 643,Commercial,West,WA,Public-Private Partnership,Cost Plus,IPD,High,High,Standard,2024-03-11,2025-07-15,2025,49529700,834,0.589,0.6814,1.0381,1.12,-0.044,-77,1.0103,14,0,0.597,0.9689
PRJ3-00644,Riverside Residences 644,Residential,West,WA,Private,Lump Sum,Design-Build,Low,High,Fast,2023-05-15,2023-10-04,2023,21814900,396,0.36,0.3613,0.9542,1.0689,0.008,-1,1.0943,4,0,0.687,0.9759
PRJ3-00645,Granite Town Center 645,Mixed-Use,Northeast,NJ,Private,Guaranteed Maximum Price,CMAR,Very High,High,Fast,2019-01-05,2020-08-11,2020,479200900,1038,0.563,0.544,1.0033,0.976,-0.0017,20,0.9551,24,29,0.622,0.9773
PRJ3-00646,Granite Bridge Program 646,Heavy Civil,West,CA,Public,Lump Sum,CMAR,High,Moderate,Standard,2024-07-10,2025-10-08,2025,66297600,1286,0.354,0.334,1.0015,0.9216,0.0003,26,0.9916,27,0,0.439,0.9446
PRJ3-00647,Mesa Residences 647,Residential,West,OR,Public,Cost Plus,Design-Bid-Build,Moderate,Low,Standard,2020-11-22,2021-11-29,2021,13210900,677,0.55,0.519,0.8733,0.9163,0.0784,21,0.891,0,2,0.802,0.9638
PRJ3-00648,Cedar Civic Complex 648,Institutional,West,CA,Public,Unit Price,Design-Build,High,Low,Slow,2023-01-22,2024-04-13,2024,85920800,939,0.477,0.4542,0.9013,0.9193,0.0382,21,0.9259,31,0,0.316,0.9523
PRJ3-00649,Liberty Office Campus 649,Commercial,Mountain,ID,Public,Lump Sum,Design-Build,Moderate,Low,Standard,2023-03-19,2023-11-04,2023,271673300,548,0.42,0.4239,0.9109,0.931,0.0584,-2,0.8847,24,16,0.587,0.9558
PRJ3-00650,Cedar Water Program 650,Heavy Civil,Mountain,WY,Public,Lump Sum,CMAR,Moderate,Moderate,Standard,2021-03-20,2022-07-25,2022,184938600,1178,0.418,0.4503,0.9423,1.0704,0.0361,-38,0.9966,13,5,0.695,0.9803
PRJ3-00651,Redwood Marketplace 651,Commercial,West,NV,Private,Lump Sum,Design-Build,Moderate,Low,Standard,2023-10-16,2024-08-08,2024,81236700,496,0.599,0.554,1.0952,0.9081,-0.0448,22,0.9703,15,3,0.914,0.9797
PRJ3-00652,Horizon Retail Center 652,Commercial,Northeast,CT,Public,Guaranteed Maximum Price,Design-Bid-Build,Moderate,High,Slow,2019-08-11,2020-09-04,2020,71977700,762,0.512,0.4807,1.0371,0.9075,-0.0054,24,0.9635,0,20,0.397,0.9607
PRJ3-00653,Granite Retail Center 653,Commercial,Mountain,UT,Private,Lump Sum,Design-Build,High,Moderate,Standard,2018-04-24,2019-04-25,2019,206026500,746,0.491,0.4471,1.0194,0.914,-0.0182,33,0.9004,0,13,0.811,0.9801
PRJ3-00654,Evergreen Highway Improvements 654,Heavy Civil,West,NV,Private,Cost Plus,Design-Bid-Build,Moderate,Moderate,Standard,2022-02-15,2023-05-22,2023,270529300,1131,0.408,0.39,0.9758,0.9335,0.005,20,1.0297,0,0,0.827,0.9884
PRJ3-00655,Granite Neighborhood 655,Residential,Southwest,TX,Private,Guaranteed Maximum Price,Design-Build,High,Moderate,Slow,2018-09-12,2019-09-02,2019,61181600,813,0.437,0.445,0.9448,0.9687,0.0225,-7,0.9164,19,16,0.506,0.9679
PRJ3-00656,Crescent Transit Program 656,Infrastructure,Midwest,OH,Private,Lump Sum,Design-Bid-Build,Very High,High,Fast,2022-07-07,2024-03-13,2024,315794900,1151,0.535,0.5005,0.863,0.9847,0.0865,40,0.9369,23,28,1.227,0.9649
PRJ3-00657,Aspen Office Campus 657,Commercial,Southwest,TX,Private,Cost Plus,CMAR,Low,Moderate,Standard,2020-07-06,2021-05-15,2021,55977000,756,0.415,0.4028,1.1091,0.9462,-0.0596,9,1.0363,11,1,0.427,0.9775
PRJ3-00658,Evergreen Housing 658,Residential,West,OR,Public,Guaranteed Maximum Price,Design-Bid-Build,High,High,Slow,2022-01-08,2022-10-10,2022,72828200,715,0.385,0.3724,0.9753,0.9679,-0.0051,9,0.9898,0,0,1.035,0.9659
PRJ3-00659,Redwood Bridge Program 659,Heavy Civil,Northeast,NJ,Private,Cost Plus,Design-Build,Moderate,High,Standard,2022-04-08,2023-07-02,2023,233389300,895,0.503,0.5061,1.0483,1.0471,-0.0204,-3,0.9541,2,17,0.298,1.0
PRJ3-00660,Lakeview Office Campus 660,Commercial,West,WA,Private,Cost Plus,Design-Bid-Build,Very High,Moderate,Standard,2020-08-22,2021-09-01,2021,47826300,772,0.486,0.4391,0.8136,0.8643,0.1094,36,0.9714,30,4,1.028,0.9425
PRJ3-00661,Harbor Corporate Center 661,Commercial,Southwest,AZ,Public,Guaranteed Maximum Price,Design-Bid-Build,High,Low,Fast,2022-02-04,2022-08-21,2022,80644400,435,0.457,0.4352,0.9296,0.993,0.0378,9,0.9508,41,4,1.043,0.9554
PRJ3-00662,Gateway Highway Improvements 662,Heavy Civil,West,WA,Private,Cost Plus,CMAR,Moderate,Moderate,Standard,2018-10-20,2019-10-12,2019,262378000,893,0.4,0.4068,1.0204,0.9719,-0.0113,-6,0.9566,3,3,0.909,0.9782
PRJ3-00663,Canyon Bridge Program 663,Heavy Civil,Southeast,GA,Private,Guaranteed Maximum Price,Design-Build,High,Moderate,Standard,2020-12-23,2022-04-02,2022,109772100,995,0.468,0.5023,1.0068,1.062,-0.0151,-34,0.9779,1,9,0.792,0.9743
PRJ3-00664,Aspen Logistics Center 664,Industrial,Northeast,NJ,Public-Private Partnership,Cost Plus,CMAR,Very High,High,Standard,2024-08-15,2025-09-09,2025,253190200,959,0.407,0.4013,0.9745,0.9644,0.0069,5,0.9995,20,17,0.692,0.9864
PRJ3-00665,Canyon Water Program 665,Heavy Civil,West,NV,Public,Guaranteed Maximum Price,Design-Build,High,Moderate,Standard,2019-07-03,2021-02-03,2021,258648800,1443,0.403,0.3494,0.9222,0.9261,0.0435,77,1.0029,0,9,0.934,0.9786
PRJ3-00666,Crescent Earthworks Package 666,Heavy Civil,Southwest,TX,Public,Lump Sum,CMAR,Low,Moderate,Standard,2018-10-16,2020-04-28,2020,136997500,1110,0.505,0.4714,0.9591,0.9738,0.0136,37,0.8845,10,6,0.713,0.9753
PRJ3-00667,Harbor Utility Corridor 667,Infrastructure,West,CA,Public,Unit Price,IPD,Moderate,Moderate,Standard,2018-09-21,2019-10-25,2019,265072300,1032,0.387,0.3802,1.019,0.9994,0.003,7,1.0601,11,0,0.435,0.9729
PRJ3-00668,Riverside Water Program 668,Heavy Civil,Southeast,NC,Private,Lump Sum,CMAR,Moderate,Moderate,Standard,2023-07-10,2024-08-14,2024,167543400,1070,0.375,0.3624,0.9492,0.9309,0.0329,14,0.9678,19,17,0.177,0.9703
PRJ3-00669,Horizon Marketplace 669,Commercial,Northeast,NY,Private,Lump Sum,Design-Bid-Build,Moderate,Moderate,Fast,2025-01-16,2025-10-23,2025,91204700,672,0.417,0.4386,1.0129,1.0213,0.0083,-15,1.0617,17,18,0.712,1.0
PRJ3-00670,Canyon Utility Corridor 670,Infrastructure,Southwest,TX,Public,Cost Plus,IPD,High,Moderate,Standard,2023-03-25,2024-11-19,2024,296847100,1085,0.558,0.5457,1.0076,0.9927,0.0033,13,0.9842,18,1,0.872,0.972
PRJ3-00672,Liberty Corporate Center 672,Commercial,Midwest,MN,Private,Lump Sum,Design-Build,Low,Low,Slow,2024-10-18,2025-06-13,2025,42670600,633,0.377,0.3224,0.9226,0.8765,0.0214,35,0.9442,14,26,0.261,0.9761
PRJ3-00673,Redwood Distribution Hub 673,Industrial,Midwest,MN,Private,Unit Price,Design-Bid-Build,Moderate,High,Slow,2021-11-08,2022-10-24,2022,61234800,745,0.471,0.492,1.0421,1.0137,0.0032,-16,0.995,18,16,1.097,0.9692
PRJ3-00674,Harbor Water Program 674,Heavy Civil,West,CA,Public-Private Partnership,Guaranteed Maximum Price,Design-Build,High,Low,Standard,2019-07-06,2020-10-20,2020,106471100,1164,0.406,0.3746,0.8833,0.9135,0.0368,37,0.983,15,4,0.435,0.9593
PRJ3-00675,Summit Marketplace 675,Commercial,West,WA,Private,Guaranteed Maximum Price,Design-Build,Moderate,High,Fast,2019-11-06,2020-06-19,2020,81641700,509,0.445,0.4723,1.107,1.0763,-0.0188,-14,1.0009,0,4,0.589,0.9802
PRJ3-00676,Redwood Housing 676,Residential,West,CA,Private,Guaranteed Maximum Price,CMAR,Moderate,Moderate,Slow,2018-11-19,2019-07-01,2019,27217600,484,0.463,0.4482,0.9178,0.9581,0.0433,7,0.9724,2,6,0.515,0.972
PRJ3-00677,Horizon Water Program 677,Heavy Civil,Southwest,NM,Private,Cost Plus,CMAR,Moderate,Moderate,Standard,2021-10-13,2023-01-10,2023,351145800,1092,0.416,0.3827,0.9949,0.9201,-0.0049,36,0.9458,16,4,0.194,0.9503
PRJ3-00678,Summit Logistics Center 678,Industrial,West,NV,Public,Guaranteed Maximum Price,Design-Bid-Build,Moderate,Moderate,Fast,2022-09-16,2023-10-06,2023,45644800,737,0.523,0.5325,1.022,1.042,-0.0183,-7,0.9552,5,8,0.421,0.9582
PRJ3-00679,Horizon Process Plant 679,Industrial,West,CA,Public-Private Partnership,Unit Price,CMAR,High,Moderate,Fast,2023-06-26,2024-10-01,2024,260539100,966,0.48,0.4909,0.8708,0.9812,0.0811,-11,0.9874,26,15,0.583,0.9852
PRJ3-00680,Mesa Transit Program 680,Infrastructure,Mountain,UT,Private,Lump Sum,Design-Build,High,Moderate,Standard,2020-02-11,2021-09-20,2021,188600000,1511,0.389,0.3588,0.9695,0.9319,0.0032,46,1.0203,16,17,0.239,0.9521
PRJ3-00681,Riverside Town Center 681,Mixed-Use,Mountain,UT,Public,Cost Plus,Design-Build,Moderate,Moderate,Slow,2017-12-21,2019-04-21,2019,164429300,1062,0.458,0.3672,0.8347,0.8086,0.0475,96,0.8519,0,17,0.406,0.9362
PRJ3-00682,Copper Public Works Program 682,Infrastructure,Southeast,VA,Private,Cost Plus,CMAR,Very High,Moderate,Fast,2019-08-02,2021-08-01,2021,257904500,1443,0.506,0.3927,0.9425,0.8216,0.0242,164,0.8767,28,19,0.797,0.9549
PRJ3-00683,Northstar Medical Center 683,Institutional,Mountain,WY,Private,Unit Price,Design-Build,Low,Low,Slow,2018-04-08,2019-05-12,2019,80028500,787,0.508,0.4657,0.9425,0.9145,0.0575,33,0.9631,27,12,0.494,0.9658
PRJ3-00684,Canyon Retail Center 684,Commercial,Southeast,GA,Private,Lump Sum,Design-Bid-Build,Low,High,Standard,2022-10-02,2023-08-15,2023,48043400,540,0.588,0.5903,1.0128,1.027,-0.003,-1,1.1596,15,15,0.38,0.9868
PRJ3-00685,Crescent Public Works Program 685,Infrastructure,Northeast,NJ,Private,Guaranteed Maximum Price,CMAR,Moderate,Low,Fast,2022-12-16,2024-05-18,2024,372092400,1255,0.414,0.3868,1.0111,0.9211,-0.0026,34,0.9502,20,18,0.311,0.9807
PRJ3-00686,Copper Distribution Hub 686,Industrial,Southeast,GA,Private,Cost Plus,CMAR,High,Moderate,Slow,2021-12-07,2023-01-01,2023,161975600,905,0.431,0.4019,0.7775,0.9081,0.1277,26,0.9577,12,2,0.007,0.9573
PRJ3-00687,Evergreen Marketplace 687,Commercial,Midwest,MI,Private,Guaranteed Maximum Price,Design-Bid-Build,Low,Moderate,Standard,2022-02-15,2023-01-28,2023,35446600,700,0.496,0.5324,1.0886,1.081,-0.0415,-25,1.0209,16,14,0.53,0.9817
PRJ3-00688,Redwood Medical Center 688,Institutional,Northeast,NY,Private,Unit Price,IPD,High,Moderate,Standard,2020-04-02,2021-08-11,2021,140922100,885,0.561,0.5707,0.9328,0.9816,0.0257,-9,0.9241,46,22,0.609,0.9745
PRJ3-00689,Harbor Highway Improvements 689,Heavy Civil,Midwest,MN,Public-Private Partnership,Guaranteed Maximum Price,Design-Bid-Build,High,Low,Standard,2023-03-05,2024-10-24,2024,295515600,1360,0.441,0.4017,0.9244,0.9244,0.0245,53,0.8959,36,18,0.516,0.976
PRJ3-00690,Copper Distribution Hub 690,Industrial,Midwest,MO,Public,Unit Price,CMAR,Moderate,High,Standard,2019-11-07,2021-01-26,2021,408088800,870,0.513,0.515,0.9838,0.9799,-0.0167,-2,0.9013,29,18,0.645,0.968
PRJ3-00691,Horizon Corporate Center 691,Commercial,West,WA,Public-Private Partnership,Cost Plus,Design-Bid-Build,Low,Moderate,Slow,2020-05-05,2021-06-18,2021,68032000,781,0.524,0.5563,0.8664,1.0116,0.0619,-25,0.9872,11,3,0.057,0.9573
PRJ3-00692,Gateway Marketplace 692,Commercial,Southeast,VA,Private,Guaranteed Maximum Price,CMAR,Very High,High,Slow,2019-07-22,2020-03-03,2020,58984400,544,0.415,0.3598,0.9104,0.962,0.0299,30,0.9143,22,15,1.061,0.9388
PRJ3-00693,Liberty Housing 693,Residential,Mountain,UT,Private,Unit Price,CMAR,Very High,Low,Slow,2020-04-08,2021-02-02,2021,26319300,764,0.393,0.3602,0.9585,0.8941,0.0198,25,0.9143,29,16,0.952,0.9384
PRJ3-00694,Evergreen Research Facility 694,Institutional,Mountain,CO,Public,Guaranteed Maximum Price,Design-Build,High,Low,Fast,2020-07-25,2022-02-13,2022,37340600,1089,0.522,0.5283,1.0053,0.9905,-0.0085,-7,0.9292,29,16,0.487,0.956
PRJ3-00695,Northstar Town Center 695,Mixed-Use,Southeast,GA,Private,Unit Price,Design-Build,Moderate,Moderate,Standard,2019-10-06,2021-06-16,2021,187353200,1048,0.591,0.6234,0.9105,0.9962,0.0599,-34,0.9613,0,11,0.716,0.9521
PRJ3-00696,Summit Neighborhood 696,Residential,Mountain,MT,Private,Unit Price,CMAR,Moderate,High,Standard,2021-07-25,2022-07-14,2022,24634700,611,0.581,0.5642,0.9857,1.0195,0.0051,10,1.0097,12,13,0.14,0.9701
PRJ3-00697,Evergreen Public Works Program 697,Infrastructure,West,CA,Private,Unit Price,Design-Bid-Build,Low,High,Fast,2023-04-14,2024-12-28,2024,244811700,1187,0.526,0.4733,1.0464,0.9445,-0.0303,63,1.0671,3,1,0.824,0.9495
PRJ3-00698,Canyon Neighborhood 698,Residential,Mountain,CO,Public,Cost Plus,Design-Bid-Build,High,Moderate,Standard,2018-09-24,2019-08-17,2019,70121000,624,0.525,0.4678,0.9498,0.9139,-0.0047,36,0.9853,30,4,0.249,0.9522
PRJ3-00699,Harbor Process Plant 699,Industrial,Southeast,FL,Public,Guaranteed Maximum Price,CMAR,Moderate,Moderate,Standard,2023-02-05,2024-02-26,2024,176058000,774,0.499,0.436,1.0026,0.956,0.0058,49,0.9972,20,10,0.612,0.9712
PRJ3-00700,Summit Office Campus 700,Commercial,Mountain,CO,Private,Cost Plus,Design-Bid-Build,Moderate,Moderate,Standard,2023-01-19,2023-08-10,2023,59533800,394,0.516,0.5172,0.8795,0.9827,0.0776,0,0.9734,12,5,0.8,0.9741
PRJ3-00701,Northstar Neighborhood 701,Residential,Midwest,MN,Private,Guaranteed Maximum Price,Design-Bid-Build,High,Low,Standard,2020-08-16,2021-11-04,2021,59463300,752,0.593,0.5231,0.8336,0.896,0.1079,53,0.915,40,20,0.604,0.9552
PRJ3-00702,Aspen Corporate Center 702,Commercial,Northeast,NY,Private,Guaranteed Maximum Price,Design-Bid-Build,High,Low,Slow,2024-10-02,2025-05-30,2025,58733900,546,0.44,0.367,0.8606,0.9066,0.0697,40,0.9087,39,5,1.22,0.9406
PRJ3-00703,Northstar Highway Improvements 703,Heavy Civil,West,CA,Public,Guaranteed Maximum Price,CMAR,Moderate,Moderate,Slow,2017-11-23,2019-05-12,2019,137741700,1085,0.494,0.4936,0.9375,0.949,0.0312,0,0.9867,36,17,0.396,0.9609
PRJ3-00704,Pioneer Apartments 704,Residential,Southwest,AZ,Private,Guaranteed Maximum Price,Design-Bid-Build,Moderate,Moderate,Standard,2018-10-13,2019-06-12,2019,128475600,424,0.573,0.5838,1.0243,1.0586,-0.0027,-5,0.9305,3,3,0.225,0.9373
PRJ3-00705,Copper Utility Corridor 705,Infrastructure,Northeast,PA,Private,Guaranteed Maximum Price,CMAR,High,Low,Slow,2018-03-05,2019-09-27,2019,165262100,1171,0.488,0.4802,0.8448,0.9374,0.0803,9,0.8257,38,19,0.452,0.9692
PRJ3-00706,Canyon Neighborhood 706,Residential,Southeast,GA,Private,Guaranteed Maximum Price,Design-Build,Moderate,Moderate,Slow,2022-01-19,2022-12-20,2022,28731700,674,0.498,0.5019,0.9682,1.0185,0.0275,-3,0.969,24,23,0.518,0.9719
PRJ3-00707,Gateway Airport Improvements 707,Infrastructure,Southeast,VA,Public,Guaranteed Maximum Price,CMAR,High,High,Fast,2018-02-19,2019-07-15,2019,395095100,948,0.54,0.5319,1.0116,1.015,-0.0407,8,1.018,10,15,0.866,0.9644
PRJ3-00708,Horizon Process Plant 708,Industrial,West,NV,Private,Unit Price,Design-Bid-Build,Moderate,Low,Slow,2019-02-10,2020-01-11,2020,256256200,913,0.368,0.3037,0.8158,0.8754,0.0707,59,0.923,45,1,0.486,0.9441
PRJ3-00709,Cedar Utility Corridor 709,Infrastructure,Midwest,MO,Private,Guaranteed Maximum Price,Design-Bid-Build,High,High,Standard,2022-12-03,2024-08-28,2024,180423400,1200,0.529,0.4451,0.913,0.8326,0.0274,101,0.9367,25,12,1.032,0.9431
PRJ3-00710,Lakeview Neighborhood 710,Residential,Southwest,AZ,Public-Private Partnership,Unit Price,Design-Build,Moderate,Low,Slow,2020-12-13,2021-07-15,2021,54430000,471,0.456,0.4394,0.9037,0.9567,0.0526,8,0.9899,19,15,0.837,0.9657
PRJ3-00711,Northstar Research Facility 711,Institutional,West,NV,Private,Unit Price,CMAR,Moderate,High,Standard,2021-07-22,2022-08-28,2022,48594500,694,0.58,0.5136,0.9596,0.9507,0.0099,46,1.0451,0,8,0.788,0.9519
PRJ3-00712,Copper Residences 712,Residential,Southwest,AZ,Public,Cost Plus,Design-Build,Very High,High,Standard,2021-08-22,2022-01-04,2022,41054800,280,0.484,0.5151,0.8476,1.036,0.0931,-9,1.0207,3,24,0.685,0.9809
PRJ3-00713,Evergreen Distribution Hub 713,Industrial,West,WA,Private,Unit Price,Design-Bid-Build,Moderate,Low,Standard,2023-07-21,2024-11-11,2024,173654000,803,0.597,0.6477,0.9177,1.1015,0.0614,-41,0.955,29,5,0.967,0.9635
PRJ3-00714,Horizon Neighborhood 714,Residential,Southwest,AZ,Private,Cost Plus,Design-Build,Very High,Moderate,Standard,2018-09-04,2019-06-26,2019,84591600,783,0.378,0.3058,0.9521,0.9082,0.0255,57,1.0178,2,6,1.013,0.9513
PRJ3-00715,Liberty Logistics Center 715,Industrial,Mountain,ID,Public,Unit Price,Design-Bid-Build,Moderate,High,Fast,2021-11-20,2023-08-04,2023,221108800,1069,0.582,0.5793,1.0053,0.9967,-0.0129,3,1.0631,29,5,0.407,0.9858
PRJ3-00716,Evergreen Process Plant 716,Industrial,West,WA,Private,Lump Sum,Design-Build,High,Moderate,Standard,2019-09-22,2021-01-25,2021,225818900,840,0.585,0.6148,0.9452,0.9943,0.0439,-25,0.8961,13,12,0.739,0.9609
PRJ3-00717,Aspen Marketplace 717,Commercial,Southwest,NM,Public,Lump Sum,Design-Build,Moderate,Moderate,Fast,2019-09-23,2020-03-11,2020,123021600,288,0.591,0.6106,1.0609,1.0513,-0.0163,-6,0.9399,14,22,0.653,0.9882
PRJ3-00718,Liberty Earthworks Package 718,Heavy Civil,Southeast,FL,Private,Guaranteed Maximum Price,Design-Bid-Build,High,High,Fast,2023-05-05,2024-06-22,2024,247487400,1017,0.408,0.3917,0.9234,0.9916,0.0328,17,0.9035,15,25,0.5,0.9589
PRJ3-00719,Crescent Retail Center 719,Commercial,Midwest,MN,Private,Cost Plus,IPD,Moderate,Moderate,Fast,2024-05-01,2024-12-09,2024,83983500,525,0.423,0.4624,1.0704,1.0644,-0.0096,-21,1.0739,24,11,0.082,0.9801
PRJ3-00720,Crescent Water Program 720,Heavy Civil,Midwest,MI,Public,Cost Plus,Design-Build,High,High,Fast,2018-10-07,2020-01-24,2020,246632000,1271,0.373,0.355,1.043,0.9718,-0.0196,23,0.9849,0,5,0.622,0.9833
PRJ3-00721,Mesa Corporate Center 721,Commercial,Northeast,NY,Private,Guaranteed Maximum Price,Design-Build,Moderate,High,Standard,2023-11-26,2024-10-25,2024,76528300,655,0.511,0.5471,1.0591,1.019,-0.0177,-24,1.0529,15,30,0.39,0.9743
PRJ3-00722,Cedar District 722,Mixed-Use,Midwest,MI,Public,Lump Sum,Design-Bid-Build,High,Low,Standard,2020-01-16,2021-05-24,2021,221019700,1061,0.466,0.4097,0.8888,0.9106,0.0384,60,0.9715,7,18,0.586,0.9635
PRJ3-00723,Harbor Research Facility 723,Institutional,West,WA,Private,Guaranteed Maximum Price,Design-Bid-Build,Very High,Low,Standard,2024-06-05,2025-06-13,2025,118717300,937,0.399,0.3283,0.8833,0.8694,0.0338,66,0.7858,24,2,0.566,0.9566
PRJ3-00724,Lakeview Residences 724,Residential,Southeast,VA,Private,Guaranteed Maximum Price,IPD,Low,Moderate,Standard,2020-07-08,2021-02-11,2021,176359700,422,0.517,0.5142,1.0243,0.9623,-0.0088,1,1.1122,0,15,0.984,0.9675
PRJ3-00725,Canyon Transit Program 725,Infrastructure,Southeast,NC,Private,Lump Sum,Design-Build,Moderate,Moderate,Standard,2021-07-01,2022-09-26,2022,734090300,1285,0.352,0.3964,1.029,1.0473,-0.0296,-57,0.9366,10,9,0.616,0.9433
PRJ3-00726,Harbor Residences 726,Residential,Northeast,PA,Private,Lump Sum,Design-Bid-Build,Moderate,Moderate,Slow,2019-03-05,2020-03-18,2020,65613300,769,0.493,0.4768,0.8989,0.9906,0.0616,12,0.9347,14,15,0.587,0.9852
PRJ3-00727,Lakeview Transit Program 727,Infrastructure,Mountain,CO,Public,Unit Price,CMAR,Moderate,Low,Slow,2022-10-20,2024-04-28,2024,176745000,1176,0.473,0.4213,0.9107,0.91,0.0435,61,0.9223,5,7,0.504,0.9621
PRJ3-00728,Riverside Civic Complex 728,Institutional,West,NV,Private,Unit Price,Design-Bid-Build,Moderate,Low,Fast,2024-03-19,2025-05-09,2025,173779000,720,0.578,0.5722,0.9508,0.984,0.043,4,1.008,6,2,0.788,0.978
PRJ3-00729,Evergreen Office Campus 729,Commercial,Southeast,FL,Public-Private Partnership,Guaranteed Maximum Price,Design-Build,Moderate,Moderate,Fast,2023-12-26,2025-04-08,2025,96850300,784,0.599,0.564,0.9802,0.926,0.0277,27,1.0951,17,10,0.332,0.9681
PRJ3-00730,Pioneer Residences 730,Residential,Southwest,TX,Private,Cost Plus,CMAR,Moderate,Moderate,Slow,2023-06-23,2024-01-14,2024,47092100,444,0.463,0.4301,0.9675,0.9594,0.0302,15,0.9047,8,12,0.496,0.949
PRJ3-00731,Evergreen Distribution Hub 731,Industrial,West,CA,Private,Guaranteed Maximum Price,Design-Bid-Build,Moderate,Low,Standard,2020-03-13,2021-08-06,2021,188064900,936,0.546,0.5129,0.8549,0.9568,0.0824,31,0.9429,20,0,0.431,0.9522
PRJ3-00733,Lakeview Town Center 733,Mixed-Use,West,CA,Private,Guaranteed Maximum Price,Design-Bid-Build,Moderate,High,Slow,2025-01-02,2025-10-01,2025,64291700,702,0.388,0.3558,0.9592,0.9054,-0.002,23,0.9681,27,3,0.378,0.9663
PRJ3-00734,Copper Medical Center 734,Institutional,Midwest,MO,Private,Lump Sum,Design-Bid-Build,Low,High,Standard,2021-04-25,2022-07-25,2022,127946100,849,0.538,0.5053,1.0396,0.9877,-0.0211,28,1.04,0,5,0.246,0.9565
PRJ3-00735,Aspen Water Program 735,Heavy Civil,Southwest,AZ,Private,Lump Sum,IPD,High,Low,Standard,2023-07-14,2024-12-04,2024,466964200,1221,0.417,0.3533,0.8659,0.8601,0.0672,78,0.9095,17,7,0.814,0.9606
PRJ3-00736,Pioneer Civic Complex 736,Institutional,Southeast,GA,Public,Cost Plus,Design-Build,Low,Moderate,Slow,2022-02-16,2022-12-09,2022,84233300,658,0.451,0.446,0.9431,1.0238,0.0213,3,0.9995,15,6,0.282,0.9773
PRJ3-00737,Evergreen Process Plant 737,Industrial,Midwest,MI,Private,Lump Sum,Design-Build,High,Moderate,Standard,2022-06-18,2023-09-19,2023,187084300,1025,0.447,0.5051,0.8968,1.0351,0.0556,-60,1.0127,16,32,0.836,0.9649
PRJ3-00738,Summit Bridge Program 738,Heavy Civil,Southeast,GA,Private,Guaranteed Maximum Price,Design-Build,Very High,Low,Standard,2019-06-10,2020-10-04,2020,165500200,1119,0.431,0.3728,0.7929,0.919,0.0897,65,0.96,20,29,0.75,0.9718
PRJ3-00739,Mesa Marketplace 739,Commercial,Midwest,IL,Private,Unit Price,Design-Build,Moderate,Low,Standard,2018-06-04,2019-04-16,2019,76749200,556,0.57,0.4945,0.993,0.8936,0.0113,42,0.9395,20,12,0.385,0.9796
PRJ3-00740,Liberty Water Program 740,Heavy Civil,Southwest,TX,Public,Lump Sum,Design-Build,Low,Moderate,Fast,2018-12-25,2020-02-06,2020,312110400,874,0.467,0.4925,0.9232,1.0115,0.0335,-22,1.0449,0,7,0.32,0.9905
PRJ3-00741,Horizon Research Facility 741,Institutional,West,CA,Public,Unit Price,CMAR,Moderate,Low,Standard,2024-07-24,2025-08-05,2025,244703700,902,0.418,0.4204,0.949,0.9753,0.0272,-2,0.9312,34,6,0.833,0.9698
PRJ3-00742,Summit Town Center 742,Mixed-Use,Northeast,PA,Private,Unit Price,Design-Bid-Build,Low,High,Standard,2024-06-23,2025-09-13,2025,378195000,764,0.586,0.6235,1.0088,1.0018,0.0005,-29,1.1415,16,13,0.169,0.9625
PRJ3-00743,Riverside Earthworks Package 743,Heavy Civil,Southeast,VA,Public,Unit Price,Design-Bid-Build,Moderate,Low,Standard,2024-01-18,2025-04-23,2025,136516500,1145,0.403,0.3957,0.8431,0.9309,0.088,8,0.9872,16,17,0.732,0.9558
PRJ3-00744,Summit Office Campus 744,Commercial,Southeast,NC,Private,Unit Price,Design-Build,Moderate,Moderate,Slow,2022-10-31,2023-07-23,2023,55876700,678,0.392,0.4161,1.0192,1.0149,-0.0172,-16,0.9447,20,21,0.618,0.9746
PRJ3-00746,Mesa Housing 746,Residential,Northeast,NJ,Private,Guaranteed Maximum Price,Design-Build,High,Moderate,Standard,2022-02-15,2022-09-26,2022,59662600,566,0.394,0.3746,0.8938,1.0156,0.0489,11,0.9776,10,15,0.86,0.9839
PRJ3-00748,Summit Transit Program 748,Infrastructure,Southwest,NM,Private,Unit Price,Design-Bid-Build,High,Low,Slow,2022-12-06,2024-05-17,2024,258027300,1244,0.425,0.3469,0.8481,0.8715,0.0667,97,0.8212,37,5,0.611,0.948
PRJ3-00749,Gateway Research Facility 749,Institutional,West,OR,Private,Unit Price,Design-Bid-Build,Low,High,Standard,2018-04-19,2019-05-17,2019,150244400,713,0.552,0.5624,1.1143,1.0194,-0.0891,-7,1.0673,0,0,0.229,0.9657
PRJ3-00750,Gateway Apartments 750,Residential,Southeast,VA,Public,Lump Sum,Design-Bid-Build,Low,Moderate,Fast,2020-09-21,2021-08-26,2021,42876600,580,0.586,0.5646,0.9874,0.9093,0.0144,12,1.0935,18,13,0.769,0.9694
PRJ3-00751,Harbor Housing 751,Residential,West,NV,Private,Guaranteed Maximum Price,Design-Build,High,Moderate,Standard,2021-04-07,2022-05-16,2022,127803000,697,0.581,0.6253,0.9395,1.0868,0.0298,-31,1.0455,11,10,0.757,0.9883
PRJ3-00752,Horizon Corporate Center 752,Commercial,Northeast,PA,Private,Guaranteed Maximum Price,Design-Bid-Build,Moderate,High,Slow,2025-03-17,2025-08-11,2025,67357900,376,0.393,0.3624,0.8632,0.9319,0.0487,12,0.9879,12,13,0.839,0.9675
PRJ3-00753,Riverside Public Works Program 753,Infrastructure,Northeast,NJ,Private,Lump Sum,Design-Bid-Build,Low,High,Slow,2024-02-05,2025-04-21,2025,280381100,973,0.454,0.3962,0.9614,0.8806,0.0283,56,1.0416,12,13,0.899,0.9745
PRJ3-00754,Lakeview Apartments 754,Residential,Mountain,WY,Private,Guaranteed Maximum Price,CMAR,High,High,Standard,2024-01-09,2024-12-03,2024,45745400,678,0.486,0.5367,0.9718,1.0443,0.0275,-34,0.9774,0,9,1.082,0.9758
PRJ3-00755,Pioneer Neighborhood 755,Residential,Southeast,FL,Private,Cost Plus,Design-Bid-Build,Moderate,Moderate,Standard,2019-10-07,2020-08-26,2020,31299200,782,0.415,0.4089,1.0581,0.9784,-0.0185,5,0.9783,5,15,0.648,0.9559
PRJ3-00756,Northstar Process Plant 756,Industrial,Mountain,UT,Public,Cost Plus,CMAR,High,Low,Standard,2019-10-13,2021-02-26,2021,131917300,997,0.504,0.4836,0.9613,0.9454,0.0105,20,0.8728,29,9,0.519,0.9549
PRJ3-00757,Riverside Highway Improvements 757,Heavy Civil,West,OR,Private,Lump Sum,CMAR,Moderate,High,Fast,2023-12-06,2025-05-28,2025,90635900,1048,0.515,0.5495,0.9941,1.0577,0.0067,-36,1.0475,1,9,0.869,0.9776
PRJ3-00758,Lakeview Retail Center 758,Commercial,West,OR,Private,Guaranteed Maximum Price,IPD,Moderate,Low,Standard,2025-05-24,2025-10-09,2025,33062300,359,0.386,0.3913,0.9789,1.0053,0.0051,-2,0.926,16,1,0.771,0.9669
PRJ3-00759,Riverside Marketplace 759,Commercial,Southwest,AZ,Public,Guaranteed Maximum Price,Design-Bid-Build,High,Moderate,Fast,2024-04-02,2025-04-20,2025,89103000,693,0.554,0.5805,1.0329,1.059,-0.0283,-18,1.0785,8,7,0.46,0.968
PRJ3-00760,Aspen Neighborhood 760,Residential,West,WA,Public,Guaranteed Maximum Price,Design-Bid-Build,Very High,Low,Slow,2020-01-22,2020-12-12,2020,45878600,561,0.58,0.4071,0.918,0.72,0.0294,97,0.8535,27,14,1.004,0.948
PRJ3-00761,Granite Retail Center 761,Commercial,Northeast,MA,Private,Guaranteed Maximum Price,Design-Build,High,Moderate,Standard,2020-02-23,2020-11-17,2020,40538900,608,0.442,0.427,1.0055,0.927,-0.0141,9,0.9149,14,24,0.631,0.9771
PRJ3-00762,Cedar Education Center 762,Institutional,Southeast,NC,Private,Cost Plus,IPD,High,Low,Standard,2023-09-16,2024-07-05,2024,80418900,771,0.381,0.3962,0.9082,0.9808,0.0576,-12,0.9132,33,19,0.552,0.9488
PRJ3-00763,Lakeview Town Center 763,Mixed-Use,West,CA,Private,Guaranteed Maximum Price,Design-Bid-Build,Moderate,Moderate,Standard,2020-05-22,2021-08-11,2021,57359000,1070,0.417,0.4378,0.8508,1.0109,0.0786,-22,0.9739,9,5,0.604,0.9537
PRJ3-00764,Harbor Airport Improvements 764,Infrastructure,Southwest,NM,Public,Lump Sum,IPD,Moderate,Low,Standard,2019-06-10,2021-02-08,2021,76080600,1381,0.441,0.446,0.9839,0.9867,0.0044,-7,1.0731,8,1,0.243,0.9659
PRJ3-00765,Summit Marketplace 765,Commercial,West,OR,Public-Private Partnership,Guaranteed Maximum Price,CMAR,Moderate,Moderate,Slow,2020-05-22,2021-12-17,2021,80869900,979,0.587,0.6652,0.9354,1.0484,0.0316,-77,0.9922,27,3,0.342,0.9602
PRJ3-00766,Crescent Earthworks Package 766,Heavy Civil,Mountain,WY,Public,Lump Sum,Design-Build,High,High,Standard,2021-01-21,2023-03-28,2023,98989100,1327,0.6,0.5485,0.977,0.9102,0.0053,68,1.0169,6,7,0.622,0.9546
PRJ3-00767,Liberty Retail Center 767,Commercial,West,WA,Private,Cost Plus,CMAR,Low,Moderate,Standard,2018-10-18,2019-07-20,2019,183298100,642,0.429,0.4105,0.9545,1.0132,0.0144,12,1.0016,30,7,0.328,0.9801
PRJ3-00768,Liberty Residences 768,Residential,Southeast,TN,Private,Cost Plus,Design-Build,High,Moderate,Slow,2024-06-13,2025-01-13,2025,58426200,496,0.432,0.4609,0.9324,1.0354,0.0431,-14,0.9545,13,12,0.859,0.9741
PRJ3-00769,Northstar Urban Village 769,Mixed-Use,Midwest,MN,Public,Guaranteed Maximum Price,IPD,Low,Moderate,Slow,2021-11-12,2022-11-02,2022,277727000,900,0.395,0.41,0.9754,1.087,0.0173,-13,0.9731,29,6,0.546,0.9825
PRJ3-00770,Copper Urban Village 770,Mixed-Use,Mountain,CO,Public,Unit Price,Design-Build,High,Low,Standard,2024-02-01,2025-01-02,2025,87207400,810,0.416,0.381,0.9372,0.9014,0.0389,28,0.9237,23,10,0.725,0.9645
PRJ3-00771,Horizon Water Program 771,Heavy Civil,Southeast,FL,Private,Cost Plus,IPD,Moderate,Moderate,Slow,2023-10-10,2025-01-27,2025,134426400,1086,0.438,0.3997,0.9059,0.9511,0.0572,42,0.9475,25,14,0.759,0.9396
PRJ3-00772,Liberty Airport Improvements 772,Infrastructure,Midwest,MO,Private,Lump Sum,IPD,Moderate,Low,Standard,2020-03-18,2021-10-23,2021,517697200,1193,0.49,0.4353,0.9368,0.9148,0.0327,65,1.0065,7,21,0.463,0.9659
PRJ3-00773,Granite Public Works Program 773,Infrastructure,West,CA,Private,Lump Sum,Design-Bid-Build,Very High,High,Slow,2018-12-18,2020-04-18,2020,181674000,1380,0.353,0.3442,0.9234,0.9237,0.0281,12,0.8737,5,5,0.779,0.9696
PRJ3-00774,Riverside District 774,Mixed-Use,Southwest,TX,Private,Guaranteed Maximum Price,Design-Build,Moderate,High,Standard,2020-02-20,2021-06-28,2021,86654900,945,0.523,0.4801,0.966,0.9567,0.0102,41,1.0094,0,18,0.33,0.9804
PRJ3-00775,Northstar Urban Village 775,Mixed-Use,West,WA,Public,Lump Sum,Design-Bid-Build,Moderate,Moderate,Fast,2022-12-08,2024-03-23,2024,143977700,1080,0.437,0.4183,0.9286,0.9997,0.0017,20,1.0026,30,2,0.786,0.9686
PRJ3-00776,Riverside Town Center 776,Mixed-Use,Midwest,MI,Public-Private Partnership,Guaranteed Maximum Price,CMAR,Very High,Moderate,Standard,2022-08-06,2023-11-01,2023,92105800,1000,0.452,0.4232,0.9307,0.9781,0.0439,29,0.8544,18,18,0.66,0.9559
PRJ3-00777,Northstar District 777,Mixed-Use,Northeast,NJ,Private,Guaranteed Maximum Price,CMAR,High,Moderate,Standard,2024-01-21,2025-04-02,2025,351147100,1091,0.401,0.4001,0.92,0.9448,0.0367,1,0.9246,13,14,0.912,0.9573
PRJ3-00778,Riverside Residences 778,Residential,Southeast,TN,Private,Lump Sum,Design-Bid-Build,Moderate,Moderate,Fast,2023-05-05,2024-03-08,2024,80267900,579,0.533,0.5461,1.0264,1.0214,-0.0083,-8,0.9653,12,19,0.204,0.9575
PRJ3-00779,Horizon Medical Center 779,Institutional,West,CA,Private,Guaranteed Maximum Price,IPD,Moderate,Low,Standard,2017-12-05,2019-03-28,2019,146180100,955,0.501,0.463,1.0254,0.9638,-0.0046,36,0.9163,24,15,0.453,0.9952
PRJ3-00780,Evergreen Process Plant 780,Industrial,Northeast,CT,Private,Guaranteed Maximum Price,Design-Bid-Build,Low,High,Standard,2021-02-12,2022-04-10,2022,207056600,735,0.575,0.6041,1.0103,1.0379,0.0231,-21,0.9526,17,9,0.331,0.9737
PRJ3-00781,Liberty Airport Improvements 781,Infrastructure,Northeast,MA,Public,Guaranteed Maximum Price,IPD,High,Moderate,Standard,2023-02-14,2024-12-27,2024,326594200,1191,0.573,0.5496,0.9585,0.956,0.033,28,0.894,15,16,0.935,0.9713
PRJ3-00782,Evergreen Education Center 782,Institutional,Southwest,AZ,Private,Unit Price,IPD,High,High,Slow,2018-09-02,2019-11-26,2019,101560300,1001,0.45,0.4342,1.0408,0.9631,-0.046,16,0.9592,19,13,0.478,0.9609
PRJ3-00783,Crescent Apartments 783,Residential,Southeast,GA,Private,Cost Plus,Design-Bid-Build,Very High,Low,Slow,2023-07-19,2024-04-06,2024,26750100,569,0.462,0.4214,0.9343,0.9246,0.031,23,0.859,23,17,0.947,0.9457
PRJ3-00784,Pioneer Urban Village 784,Mixed-Use,Southeast,FL,Private,Lump Sum,IPD,High,Moderate,Standard,2022-09-11,2023-10-07,2023,283688600,1055,0.371,0.3616,0.996,0.987,-0.0067,10,0.8541,0,26,0.652,0.9604
PRJ3-00785,Redwood Corporate Center 785,Commercial,Southeast,GA,Private,Cost Plus,IPD,Low,Moderate,Slow,2022-07-12,2023-05-06,2023,19433200,644,0.463,0.4179,0.9451,0.9057,-0.0148,29,1.0212,12,10,0.568,0.9671
PRJ3-00786,Cedar Retail Center 786,Commercial,Southeast,GA,Private,Cost Plus,Design-Bid-Build,Moderate,High,Fast,2021-04-09,2022-01-21,2022,202646200,646,0.445,0.4975,1.01,1.0889,-0.0009,-34,1.039,17,16,0.728,0.9857
PRJ3-00787,Redwood Highway Improvements 787,Heavy Civil,Mountain,UT,Private,Guaranteed Maximum Price,IPD,Moderate,Low,Fast,2023-09-20,2025-03-28,2025,46415300,1095,0.507,0.5223,0.9939,1.0362,0.0088,-17,1.0999,5,5,0.462,0.9868
PRJ3-00788,Evergreen Manufacturing Facility 788,Industrial,Mountain,MT,Public-Private Partnership,Lump Sum,Design-Bid-Build,Very High,High,Standard,2024-06-01,2025-05-14,2025,73952700,914,0.38,0.3713,0.9073,0.9108,0.0525,8,0.9663,10,23,1.006,0.9689
PRJ3-00789,Evergreen District 789,Mixed-Use,Southeast,VA,Private,Cost Plus,CMAR,Moderate,Moderate,Fast,2024-05-08,2025-05-15,2025,190293300,730,0.51,0.4517,0.9693,0.8849,0.016,43,1.0537,31,14,0.346,0.9683
PRJ3-00790,Crescent Retail Center 790,Commercial,Northeast,CT,Public,Lump Sum,CMAR,Low,High,Fast,2019-08-18,2020-04-23,2020,77724500,533,0.468,0.4672,1.15,1.0391,-0.0475,0,1.0317,0,18,0.243,0.9702
PRJ3-00791,Summit Apartments 791,Residential,West,OR,Public,Lump Sum,IPD,Moderate,Low,Slow,2023-02-04,2023-08-23,2023,44015500,392,0.512,0.5082,0.9429,0.9763,0.0186,1,0.8423,13,5,0.004,0.9695
PRJ3-00792,Cedar Neighborhood 792,Residential,West,OR,Public,Lump Sum,CMAR,High,Moderate,Standard,2020-06-25,2021-03-27,2021,77960300,673,0.41,0.3651,0.9958,0.9103,-0.0101,30,0.9803,25,0,0.542,0.967
PRJ3-00793,Copper Education Center 793,Institutional,Southwest,NM,Private,Lump Sum,CMAR,Very High,High,Standard,2022-06-20,2023-03-18,2023,59985200,770,0.352,0.2898,0.9441,0.9408,0.0376,48,0.9256,31,6,0.399,0.9652
PRJ3-00794,Aspen Neighborhood 794,Residential,West,NV,Public,Cost Plus,CMAR,Moderate,Moderate,Fast,2019-03-08,2020-04-17,2020,95147500,816,0.498,0.5242,1.0482,1.0054,-0.0165,-21,1.0327,0,0,0.652,0.9574
PRJ3-00795,Gateway Education Center 795,Institutional,Northeast,NJ,Private,Lump Sum,Design-Bid-Build,Low,High,Standard,2019-05-16,2020-06-16,2020,73508400,904,0.44,0.4083,1.1047,0.9045,-0.0737,29,1.0325,7,15,0.729,0.9721
PRJ3-00796,Cedar Civic Complex 796,Institutional,Southwest,TX,Private,Guaranteed Maximum Price,Design-Build,Very High,Moderate,Fast,2020-10-09,2021-10-14,2021,97550600,921,0.402,0.3523,0.9786,0.8976,0.009,46,0.912,11,5,0.76,0.9616
PRJ3-00797,Pioneer Education Center 797,Institutional,Mountain,UT,Private,Lump Sum,IPD,High,Low,Fast,2023-12-24,2024-11-12,2024,466015000,846,0.383,0.4142,0.9164,1.0484,0.047,-26,0.9967,11,7,0.672,0.967
PRJ3-00798,Crescent Education Center 798,Institutional,Mountain,CO,Public,Unit Price,Design-Build,Moderate,High,Standard,2022-06-17,2023-11-12,2023,131564000,884,0.581,0.6014,1.0005,1.0534,0.0055,-18,1.0783,3,13,0.795,0.9692
PRJ3-00799,Mesa Urban Village 799,Mixed-Use,Mountain,WY,Public,Guaranteed Maximum Price,Design-Bid-Build,Low,Low,Fast,2019-11-02,2021-01-14,2021,202417600,1030,0.427,0.4104,0.9181,1.0011,0.0467,17,1.0576,19,19,0.601,0.9659
PRJ3-00800,Horizon Highway Improvements 800,Heavy Civil,Southeast,TN,Private,Lump Sum,CMAR,Very High,High,Fast,2020-12-01,2022-09-14,2022,182576800,1234,0.529,0.4647,0.9703,0.9334,0.0006,79,0.9744,10,25,0.456,0.9912
PRJ3-00801,Riverside Urban Village 801,Mixed-Use,Mountain,CO,Public,Guaranteed Maximum Price,Design-Build,Moderate,Low,Standard,2021-06-20,2022-12-31,2022,107358300,961,0.582,0.5574,0.9493,0.9887,0.0328,24,0.9997,13,25,0.717,0.9534
PRJ3-00802,Mesa Public Works Program 802,Infrastructure,Midwest,MN,Private,Unit Price,Design-Build,High,Low,Fast,2022-03-04,2023-11-14,2023,170545200,1207,0.514,0.4321,0.9162,0.8337,0.0426,99,0.9724,27,20,0.482,0.9636
PRJ3-00803,Lakeview Marketplace 803,Commercial,Mountain,WY,Public,Lump Sum,Design-Bid-Build,Moderate,Moderate,Standard,2018-06-25,2019-02-05,2019,117649300,617,0.366,0.3792,0.9727,1.0048,0.0212,-8,0.9319,21,14,0.278,0.9745
PRJ3-00804,Riverside Public Works Program 804,Infrastructure,Northeast,MA,Private,Guaranteed Maximum Price,Design-Bid-Build,Moderate,High,Fast,2021-10-14,2022-11-11,2022,241186600,812,0.484,0.5097,1.0204,0.994,-0.0085,-21,0.9665,0,26,0.446,0.9786
PRJ3-00805,Liberty Transit Program 805,Infrastructure,West,CA,Private,Guaranteed Maximum Price,Design-Bid-Build,Moderate,Moderate,Standard,2019-06-24,2020-11-17,2020,550246300,1195,0.429,0.3969,0.8679,0.9481,0.0611,38,1.0062,15,8,0.685,0.9595
PRJ3-00806,Granite Logistics Center 806,Industrial,Southeast,FL,Private,Unit Price,IPD,High,Low,Slow,2020-03-02,2021-06-27,2021,262557700,1203,0.401,0.3543,0.9085,0.798,0.0364,56,0.9229,14,19,0.711,0.9706
PRJ3-00807,Canyon Education Center 807,Institutional,Mountain,MT,Private,Unit Price,CMAR,Moderate,Low,Fast,2018-03-06,2019-03-15,2019,51788100,887,0.422,0.4325,0.9941,1.026,0.016,-9,0.9027,0,5,0,0.9594
PRJ3-00808,Gateway Residences 808,Residential,Southeast,TN,Private,Guaranteed Maximum Price,Design-Bid-Build,High,Moderate,Standard,2019-12-09,2021-03-19,2021,112418700,790,0.591,0.544,0.9719,0.9308,0.004,37,0.9971,15,13,0.972,0.9568
PRJ3-00809,Aspen Housing 809,Residential,Midwest,OH,Private,Guaranteed Maximum Price,Design-Bid-Build,Moderate,Moderate,Fast,2020-07-18,2021-01-06,2021,20438200,430,0.402,0.3922,1.0655,0.9093,-0.0111,4,1.0735,9,6,0.202,0.9763
PRJ3-00811,Granite Transit-Oriented Development 811,Mixed-Use,Mountain,MT,Public,Lump Sum,CMAR,Very High,High,Fast,2018-01-15,2019-07-26,2019,545465300,1058,0.527,0.5518,0.9725,1.0835,0.0293,-26,0.9664,16,21,0.93,0.9554
PRJ3-00812,Crescent Housing 812,Residential,Midwest,MO,Private,Unit Price,Design-Bid-Build,Moderate,Low,Fast,2022-05-16,2023-03-21,2023,55695000,597,0.518,0.4591,1.0101,0.8729,-0.0055,35,0.9298,13,10,0.67,0.9523
PRJ3-00813,Pioneer Office Campus 813,Commercial,Midwest,MI,Private,Unit Price,Design-Bid-Build,Very High,High,Standard,2022-07-31,2023-12-11,2023,101240800,938,0.531,0.4703,0.9881,0.9147,-0.0169,57,0.9632,11,20,0.731,0.9729
PRJ3-00814,Cedar Highway Improvements 814,Heavy Civil,Midwest,MN,Public-Private Partnership,Guaranteed Maximum Price,Design-Bid-Build,High,Moderate,Fast,2017-05-15,2019-01-08,2019,210858500,1161,0.52,0.4155,1.026,0.8376,-0.0104,121,0.9225,26,23,0.659,0.9619
PRJ3-00815,Redwood Logistics Center 815,Industrial,Mountain,WY,Private,Lump Sum,IPD,Low,Moderate,Standard,2022-09-16,2023-10-11,2023,190433100,685,0.57,0.6148,1.0701,1.0651,-0.0145,-31,0.9354,0,27,0.359,0.9687
PRJ3-00816,Aspen Apartments 816,Residential,West,NV,Public-Private Partnership,Cost Plus,Design-Build,High,Moderate,Standard,2021-07-14,2022-05-27,2022,32624100,683,0.465,0.4108,0.911,0.8973,0.0312,37,1.0244,20,11,0.58,1.0
PRJ3-00817,Aspen Town Center 817,Mixed-Use,West,NV,Public,Cost Plus,CMAR,Moderate,Low,Standard,2022-11-18,2024-02-21,2024,119022400,839,0.549,0.5204,0.9055,0.9511,0.0535,24,1.0249,38,10,0.686,0.9788
PRJ3-00818,Riverside Distribution Hub 818,Industrial,West,OR,Private,Guaranteed Maximum Price,Design-Build,Moderate,High,Standard,2021-09-07,2022-06-08,2022,106415500,725,0.379,0.3807,1.15,1.0248,-0.0485,-1,1.1097,2,0,0.976,0.9435
PRJ3-00819,Copper Housing 819,Residential,Mountain,ID,Public,Guaranteed Maximum Price,CMAR,High,Moderate,Slow,2024-05-17,2025-03-16,2025,27399000,775,0.392,0.3437,1.0217,0.9785,-0.0045,37,0.9886,11,7,0.624,0.9642
PRJ3-00820,Granite Medical Center 820,Institutional,Northeast,NY,Public-Private Partnership,Unit Price,IPD,Moderate,Moderate,Standard,2024-01-19,2025-01-28,2025,70899300,677,0.555,0.6321,0.946,1.12,0.0257,-52,1.1002,10,11,0.485,0.9933
PRJ3-00821,Riverside Housing 821,Residential,West,WA,Public-Private Partnership,Lump Sum,CMAR,Moderate,Moderate,Standard,2023-11-17,2024-08-25,2024,20187700,561,0.503,0.5393,1.0236,1.0554,-0.0043,-20,1.0033,0,0,0.447,0.9935
PRJ3-00822,Aspen Water Program 822,Heavy Civil,Southeast,TN,Private,Guaranteed Maximum Price,Design-Bid-Build,Very High,Moderate,Fast,2019-08-15,2020-12-27,2020,219764600,1085,0.461,0.3965,0.8292,0.8445,0.0826,70,0.9444,17,23,0.555,0.9803
PRJ3-00823,Evergreen Apartments 823,Residential,Midwest,IL,Public,Cost Plus,Design-Bid-Build,High,Moderate,Slow,2020-05-13,2020-10-02,2020,45686800,321,0.444,0.4063,0.8715,0.9644,0.0339,12,0.9337,15,20,0.46,0.9433
PRJ3-00824,Liberty Office Campus 824,Commercial,Southwest,AZ,Private,Unit Price,CMAR,Very High,Low,Slow,2019-09-18,2020-08-31,2020,68309700,879,0.396,0.3065,0.8393,0.8012,0.0483,79,0.8572,31,16,0.902,0.9557
PRJ3-00825,Horizon Neighborhood 825,Residential,Mountain,WY,Public,Lump Sum,Design-Bid-Build,High,Moderate,Fast,2019-12-21,2020-12-20,2020,40241900,709,0.515,0.5012,0.8828,0.9218,0.0851,10,0.9667,14,9,0.929,0.9554
PRJ3-00826,Aspen Transit-Oriented Development 826,Mixed-Use,West,WA,Public-Private Partnership,Cost Plus,Design-Build,High,Moderate,Standard,2019-02-07,2020-04-17,2020,97062500,946,0.46,0.3917,0.9815,0.8941,0.0016,65,0.9499,43,6,0.755,0.9553
PRJ3-00827,Evergreen District 827,Mixed-Use,Southwest,TX,Private,Cost Plus,Design-Bid-Build,High,Low,Standard,2024-05-19,2025-09-23,2025,233093500,1085,0.454,0.3817,0.9018,0.8801,0.0239,78,0.8987,14,8,0.372,0.9599
PRJ3-00828,Liberty Town Center 828,Mixed-Use,Mountain,MT,Public,Cost Plus,Design-Bid-Build,High,High,Slow,2020-06-10,2021-08-01,2021,175152200,898,0.465,0.4428,0.9372,0.9164,0.0236,20,0.817,23,15,0.55,0.9352
PRJ3-00829,Lakeview Housing 829,Residential,Southeast,VA,Public-Private Partnership,Cost Plus,Design-Build,Low,Low,Standard,2022-07-04,2023-02-01,2023,76143500,445,0.478,0.4581,0.9036,1.0016,0.0396,9,0.9821,27,9,0.486,0.9766
PRJ3-00830,Canyon District 830,Mixed-Use,West,NV,Private,Cost Plus,IPD,Moderate,Moderate,Fast,2022-05-15,2023-05-02,2023,208756500,886,0.398,0.4195,1.0765,1.0162,-0.0217,-19,0.9676,5,14,0.854,0.9942
PRJ3-00831,Summit Urban Village 831,Mixed-Use,Midwest,OH,Private,Lump Sum,CMAR,Moderate,Moderate,Fast,2024-11-01,2025-10-02,2025,158131700,684,0.491,0.4727,0.9903,1.0457,-0.003,13,1.0021,0,6,0.776,0.9737
PRJ3-00832,Riverside Research Facility 832,Institutional,Southwest,TX,Public-Private Partnership,Lump Sum,CMAR,Moderate,Moderate,Standard,2018-03-13,2019-05-12,2019,246607500,762,0.558,0.5143,0.9251,0.931,0.0472,33,1.0323,23,10,0.833,0.9576
PRJ3-00833,Copper Logistics Center 833,Industrial,Mountain,UT,Private,Unit Price,CMAR,High,High,Fast,2022-03-03,2023-03-18,2023,214957200,844,0.451,0.4777,0.9904,1.0676,0.0056,-23,0.8653,27,13,0.731,0.9741
PRJ3-00834,Cedar Process Plant 834,Industrial,West,CA,Private,Lump Sum,Design-Build,Moderate,High,Fast,2022-02-12,2023-03-06,2023,203740300,864,0.448,0.4681,1.024,1.0135,-0.001,-17,1.058,9,0,0.144,0.9862
PRJ3-00835,Liberty Medical Center 835,Institutional,Southeast,TN,Private,Lump Sum,Design-Build,Moderate,Moderate,Standard,2021-07-09,2022-03-18,2022,76891300,608,0.416,0.4032,1.052,0.9421,-0.0293,8,1.0567,15,7,0.758,0.9702
PRJ3-00836,Redwood Distribution Hub 836,Industrial,Southwest,NM,Private,Guaranteed Maximum Price,CMAR,High,Moderate,Standard,2023-12-25,2024-12-15,2024,231078700,665,0.536,0.5396,1.0409,1.0258,-0.0175,-2,1.0174,0,16,0.804,0.9642
PRJ3-00837,Gateway Research Facility 837,Institutional,Mountain,MT,Public,Cost Plus,IPD,Moderate,Moderate,Fast,2018-10-11,2020-01-27,2020,188118600,827,0.572,0.5817,0.9549,1.0544,0.0228,-8,1.0214,11,20,0.676,1.0
PRJ3-00838,Copper Medical Center 838,Institutional,Mountain,ID,Private,Lump Sum,Design-Build,Low,Low,Slow,2020-08-13,2021-06-25,2021,56154000,679,0.466,0.4637,0.8704,0.9789,0.0615,2,1.0066,26,23,0.642,0.9598
PRJ3-00839,Mesa Manufacturing Facility 839,Industrial,Mountain,MT,Private,Lump Sum,Design-Bid-Build,Moderate,Moderate,Fast,2024-05-24,2025-06-02,2025,573884200,852,0.44,0.4527,0.9388,0.9756,0.0388,-11,0.9544,0,16,0.627,0.9516
PRJ3-00840,Horizon Public Works Program 840,Infrastructure,Northeast,CT,Public-Private Partnership,Cost Plus,Design-Build,High,Moderate,Standard,2023-11-08,2025-11-19,2025,263875300,1275,0.582,0.5633,0.948,0.9549,0.0223,24,0.9474,2,19,1.044,0.9635
PRJ3-00841,Lakeview Town Center 841,Mixed-Use,Midwest,IL,Private,Cost Plus,CMAR,Moderate,Moderate,Fast,2022-04-01,2023-05-05,2023,101994000,1046,0.382,0.3632,1.0026,0.9496,-0.0022,20,1.0509,10,18,0.252,0.9719
PRJ3-00842,Redwood Neighborhood 842,Residential,Mountain,UT,Public,Guaranteed Maximum Price,IPD,Very High,Moderate,Fast,2023-04-24,2023-10-22,2023,41286800,506,0.359,0.3814,0.9974,1.0335,0.0001,-11,0.9685,13,21,0.723,0.9563
PRJ3-00843,Pioneer Office Campus 843,Commercial,Northeast,CT,Public,Cost Plus,Design-Build,Very High,Low,Slow,2021-11-22,2023-02-13,2023,102215400,836,0.537,0.468,0.8422,0.8606,0.1026,58,0.8375,20,15,0.832,0.9498
PRJ3-00844,Aspen Highway Improvements 844,Heavy Civil,Midwest,MN,Public,Unit Price,Design-Bid-Build,High,Moderate,Standard,2024-02-10,2025-12-28,2025,81424900,1169,0.588,0.5447,0.9353,0.9315,0.0338,51,0.9287,15,12,0.541,0.9639
PRJ3-00845,Cedar Apartments 845,Residential,Northeast,PA,Private,Unit Price,Design-Build,Low,Moderate,Standard,2023-08-19,2024-07-15,2024,44334200,564,0.587,0.6018,1.0027,1.0415,0.004,-8,1.0718,29,22,0.415,0.9779
PRJ3-00846,Gateway Residences 846,Residential,Midwest,MI,Private,Cost Plus,IPD,High,Moderate,Standard,2022-01-07,2022-10-11,2022,53273800,500,0.554,0.5495,1.0093,1.011,0.0292,2,1.0093,6,29,0.56,0.9741
PRJ3-00847,Aspen Residences 847,Residential,Southeast,FL,Public-Private Partnership,Cost Plus,CMAR,Very High,Low,Fast,2022-03-31,2023-03-17,2023,38595900,911,0.386,0.344,0.8547,0.839,0.0763,38,0.9004,10,12,0.914,0.9705
PRJ3-00848,Mesa Urban Village 848,Mixed-Use,Mountain,WY,Private,Unit Price,CMAR,Very High,Moderate,Standard,2023-12-11,2025-02-28,2025,265444400,992,0.449,0.3841,0.8997,0.8884,0.0528,64,0.9628,25,13,0.775,0.9665
PRJ3-00849,Redwood Process Plant 849,Industrial,West,CA,Private,Cost Plus,Design-Build,High,High,Slow,2022-02-13,2023-03-26,2023,133568700,1156,0.352,0.3241,0.848,0.9968,0.0623,32,0.8504,16,17,0.75,0.9661
PRJ3-00850,Lakeview Transit-Oriented Development 850,Mixed-Use,Midwest,OH,Public,Unit Price,Design-Bid-Build,High,Moderate,Standard,2021-03-04,2022-06-12,2022,200576600,1061,0.439,0.4428,0.9295,0.9843,0.0338,-4,1.0121,5,5,0.565,0.9394
PRJ3-00851,Harbor Medical Center 851,Institutional,Mountain,ID,Private,Cost Plus,Design-Bid-Build,High,Moderate,Standard,2022-05-24,2023-09-11,2023,145693400,1019,0.467,0.4442,1.0278,0.9607,-0.0142,23,0.9752,7,13,0.912,0.9464
PRJ3-00852,Redwood Retail Center 852,Commercial,Midwest,OH,Private,Cost Plus,Design-Bid-Build,High,Low,Standard,2023-11-10,2024-10-11,2024,45011300,631,0.533,0.4871,0.958,0.8568,0.0069,29,0.9339,13,19,0.698,0.969
PRJ3-00853,Lakeview Transit-Oriented Development 853,Mixed-Use,West,OR,Private,Lump Sum,Design-Bid-Build,High,Moderate,Standard,2022-08-18,2023-11-13,2023,178566800,1073,0.422,0.4013,0.866,0.9232,0.0538,22,1.0158,17,14,0.815,0.9483
PRJ3-00854,Liberty Manufacturing Facility 854,Industrial,West,NV,Public,Guaranteed Maximum Price,Design-Bid-Build,Moderate,Moderate,Fast,2020-03-04,2021-07-01,2021,129088400,930,0.521,0.4799,1.0081,0.9576,-0.0097,38,1.0326,13,0,0.893,0.9705
PRJ3-00855,Riverside Residences 855,Residential,West,OR,Public,Guaranteed Maximum Price,Design-Bid-Build,High,High,Slow,2020-03-11,2020-11-01,2020,64098900,458,0.515,0.4757,0.9323,0.9444,0.0435,18,1.0645,24,9,0.529,0.9639
PRJ3-00856,Northstar Neighborhood 856,Residential,Mountain,MT,Public,Guaranteed Maximum Price,CMAR,Low,Moderate,Slow,2021-08-09,2022-01-17,2022,23190000,445,0.362,0.3474,0.9383,1.0003,0.0199,6,0.9713,2,15,0.664,0.9622
PRJ3-00857,Redwood Retail Center 857,Commercial,Southeast,GA,Private,Lump Sum,Design-Bid-Build,Very High,Low,Slow,2020-11-09,2022-02-25,2022,84238000,810,0.584,0.4661,0.7979,0.8438,0.1329,96,0.8272,27,28,1.121,0.9854
PRJ3-00858,Crescent Neighborhood 858,Residential,Northeast,PA,Private,Cost Plus,Design-Build,Moderate,Moderate,Standard,2022-11-18,2023-11-20,2023,67702200,625,0.588,0.5782,1.0351,1.0039,-0.008,6,1.0219,22,22,0.438,0.9773
PRJ3-00859,Summit Process Plant 859,Industrial,West,NV,Private,Cost Plus,Design-Build,Very High,Low,Standard,2024-05-16,2025-09-01,2025,159957700,938,0.505,0.449,0.9213,0.8762,0.044,53,1.0088,31,10,0.763,0.96
PRJ3-00860,Summit Residences 860,Residential,Mountain,UT,Public-Private Partnership,Unit Price,Design-Build,High,Moderate,Standard,2023-06-23,2024-02-21,2024,45467300,560,0.435,0.3885,1.068,0.9474,-0.0351,26,0.9974,25,16,1.191,0.9789
PRJ3-00861,Cedar Process Plant 861,Industrial,Southeast,GA,Private,Lump Sum,CMAR,Very High,Moderate,Standard,2017-09-06,2019-04-04,2019,110289100,1003,0.574,0.5062,0.9734,0.8973,0.0202,68,0.929,11,0,0.946,0.9476
PRJ3-00862,Mesa Apartments 862,Residential,West,OR,Private,Unit Price,Design-Build,Moderate,High,Standard,2019-01-14,2019-09-12,2019,14228400,647,0.374,0.3852,1.0133,1.0141,-0.0105,-7,0.986,8,9,0.473,0.9935
PRJ3-00863,Northstar Neighborhood 863,Residential,Southeast,NC,Private,Unit Price,Design-Build,High,Moderate,Fast,2020-08-06,2021-01-08,2021,50369400,344,0.452,0.4918,0.9592,1.0583,0.0262,-14,1.0235,20,9,0.758,0.9995
PRJ3-00864,Horizon Town Center 864,Mixed-Use,Midwest,OH,Private,Guaranteed Maximum Price,IPD,Very High,Moderate,Standard,2021-05-18,2022-07-11,2022,205577400,826,0.508,0.503,0.9788,0.9396,0.0242,4,0.9771,16,15,0.876,0.9439
PRJ3-00865,Riverside Water Program 865,Heavy Civil,Midwest,MI,Private,Lump Sum,Design-Build,Moderate,Moderate,Slow,2020-10-21,2022-04-01,2022,325880700,953,0.554,0.4919,0.8716,0.8983,0.057,59,0.9622,27,12,0.334,0.9593
PRJ3-00866,Horizon Apartments 866,Residential,Midwest,MN,Private,Cost Plus,Design-Build,High,Moderate,Standard,2023-08-15,2024-03-08,2024,34933400,516,0.4,0.382,0.9385,0.9681,0.013,9,0.996,35,9,0.337,0.9931
PRJ3-00867,Evergreen Airport Improvements 867,Infrastructure,Mountain,CO,Private,Cost Plus,IPD,Moderate,Low,Standard,2017-05-18,2019-02-16,2019,196869200,1142,0.56,0.5455,0.9369,0.9449,0.0408,17,1.0087,28,7,0.846,0.9868
PRJ3-00868,Northstar Transit Program 868,Infrastructure,Midwest,MN,Private,Lump Sum,Design-Build,Moderate,High,Slow,2019-03-03,2020-07-21,2020,163008500,1254,0.404,0.3918,1.061,0.9715,-0.0206,15,0.8785,0,19,0.176,0.9613
PRJ3-00869,Mesa Corporate Center 869,Commercial,Southeast,TN,Private,Lump Sum,IPD,Very High,High,Fast,2023-07-23,2024-12-25,2024,41281600,897,0.581,0.5978,1.0633,1.0138,-0.0362,-15,0.9203,0,11,0.416,0.9536
PRJ3-00870,Northstar Apartments 870,Residential,Mountain,CO,Public,Unit Price,IPD,High,Low,Slow,2022-10-13,2023-11-03,2023,90817100,709,0.545,0.4814,0.9047,0.8997,0.049,45,0.8431,17,20,1.072,0.9599
PRJ3-00871,Granite Corporate Center 871,Commercial,Mountain,UT,Private,Lump Sum,Design-Build,High,Low,Fast,2020-06-22,2021-05-01,2021,76185600,668,0.469,0.4413,1.0398,0.963,-0.0042,18,0.9685,12,7,1.246,0.9454
PRJ3-00872,Gateway Residences 872,Residential,Midwest,MI,Private,Lump Sum,Design-Build,Very High,Low,Slow,2019-01-20,2019-09-03,2019,84986800,537,0.422,0.4147,0.7967,0.9578,0.0886,4,0.9294,37,21,1.311,0.9551
PRJ3-00873,Copper Distribution Hub 873,Industrial,West,NV,Public,Lump Sum,Design-Bid-Build,High,High,Standard,2021-03-09,2022-01-07,2022,211506300,764,0.399,0.4013,1.0067,0.9894,-0.0074,-2,0.9571,24,3,0.546,0.9708
PRJ3-00874,Summit Earthworks Package 874,Heavy Civil,West,NV,Private,Guaranteed Maximum Price,CMAR,Very High,High,Standard,2022-01-14,2023-05-30,2023,441304500,1032,0.486,0.5189,0.9883,0.9858,0.0111,-34,0.9626,19,15,0.463,0.9511
PRJ3-00875,Pioneer Residences 875,Residential,Midwest,MI,Private,Guaranteed Maximum Price,Design-Build,Moderate,Moderate,Fast,2020-08-21,2021-06-23,2021,16566500,568,0.539,0.614,1.1111,1.0791,-0.0529,-43,1.0398,5,7,0.424,0.9639
PRJ3-00876,Lakeview District 876,Mixed-Use,Southeast,VA,Public-Private Partnership,Cost Plus,CMAR,Moderate,Moderate,Standard,2024-05-05,2025-09-28,2025,96433000,938,0.545,0.5388,0.854,0.9746,0.0915,6,1.0807,15,10,0.674,0.9847
PRJ3-00877,Harbor Transit-Oriented Development 877,Mixed-Use,Southwest,NM,Public,Guaranteed Maximum Price,IPD,Moderate,Low,Standard,2017-09-18,2019-04-14,2019,259958700,1010,0.568,0.5249,0.9055,0.9077,0.0436,44,0.9547,23,0,0.519,0.9557
PRJ3-00878,Cedar Marketplace 878,Commercial,West,OR,Private,Guaranteed Maximum Price,Design-Build,High,Moderate,Standard,2018-10-14,2019-11-09,2019,59128200,773,0.507,0.4927,1.0096,0.9562,-0.0162,11,0.9705,6,2,0.139,0.9517
PRJ3-00879,Granite Residences 879,Residential,Northeast,PA,Public,Unit Price,Design-Build,High,Moderate,Fast,2020-08-19,2021-01-18,2021,40048900,420,0.362,0.3311,1.041,0.9013,-0.0236,13,1.1209,5,11,0.537,0.9664
PRJ3-00880,Canyon Apartments 880,Residential,Southeast,TN,Private,Unit Price,Design-Bid-Build,High,Low,Slow,2024-02-22,2024-10-13,2024,38460100,405,0.58,0.5418,0.867,0.8879,0.0651,15,0.8453,14,21,0.787,0.9373
PRJ3-00881,Cedar Residences 881,Residential,Southeast,GA,Public,Lump Sum,Design-Bid-Build,Very High,High,Standard,2024-09-02,2025-10-06,2025,157118700,680,0.588,0.5891,0.8921,0.9796,0.0511,-1,0.9463,3,6,0.425,0.9629
PRJ3-00882,Redwood Town Center 882,Mixed-Use,West,WA,Public,Lump Sum,CMAR,Moderate,High,Standard,2022-05-12,2023-10-20,2023,128025400,935,0.563,0.5591,1.0519,1.0266,-0.0245,4,1.0245,5,5,0.406,0.9655
PRJ3-00883,Liberty Residences 883,Residential,Mountain,UT,Private,Lump Sum,CMAR,High,Moderate,Standard,2020-06-25,2021-04-24,2021,31910200,520,0.583,0.5819,0.9448,0.9977,0.0352,1,0.9261,8,20,0.644,0.9794
PRJ3-00884,Liberty Urban Village 884,Mixed-Use,Midwest,MI,Private,Cost Plus,Design-Bid-Build,Low,Moderate,Fast,2018-03-14,2019-06-10,2019,75612200,896,0.506,0.535,0.9862,1.0287,-0.0091,-26,1.0386,1,19,0.61,0.9765
PRJ3-00885,Copper Apartments 885,Residential,Southeast,GA,Public,Lump Sum,CMAR,Very High,High,Fast,2022-04-21,2023-01-17,2023,26872900,697,0.389,0.3784,0.9681,0.9918,0.0303,7,0.9692,3,18,0.562,0.9551
PRJ3-00886,Aspen Process Plant 886,Industrial,West,WA,Private,Unit Price,CMAR,Very High,High,Standard,2022-09-23,2024-01-14,2024,123369500,1012,0.473,0.3944,0.959,0.8433,0.0038,80,0.8729,9,7,0.54,0.9685
PRJ3-00887,Northstar Highway Improvements 887,Heavy Civil,West,WA,Private,Lump Sum,Design-Bid-Build,Low,High,Standard,2024-07-04,2025-10-05,2025,238638000,1119,0.41,0.4369,1.0,1.0414,-0.0199,-30,1.0699,14,0,0.317,0.971
PRJ3-00888,Granite Transit-Oriented Development 888,Mixed-Use,West,CA,Public,Guaranteed Maximum Price,IPD,Very High,High,Standard,2022-04-23,2023-06-10,2023,63470100,1145,0.361,0.2969,0.9513,0.9334,0.0021,73,0.9808,10,17,0.616,0.9487
PRJ3-00889,Crescent Process Plant 889,Industrial,Northeast,NJ,Private,Guaranteed Maximum Price,Design-Build,High,Low,Fast,2024-09-10,2025-11-04,2025,162969900,1051,0.4,0.4208,0.977,1.0287,0.003,-22,0.9868,12,22,0.558,0.9732
PRJ3-00890,Pioneer Process Plant 890,Industrial,Mountain,UT,Private,Guaranteed Maximum Price,Design-Bid-Build,High,Moderate,Fast,2024-03-08,2025-05-28,2025,79500600,1054,0.424,0.4506,0.9297,0.9447,0.0356,-28,1.0079,33,21,0.467,0.9735
PRJ3-00891,Harbor Water Program 891,Heavy Civil,Southeast,FL,Public,Cost Plus,CMAR,High,Low,Standard,2018-12-21,2020-05-28,2020,99125400,1037,0.506,0.4404,0.8686,0.887,0.0723,68,0.941,29,17,0.674,0.95
PRJ3-00892,Riverside Medical Center 892,Institutional,Southeast,FL,Public,Unit Price,Design-Bid-Build,High,Low,Standard,2020-09-08,2022-03-04,2022,83125800,1093,0.496,0.4181,0.9353,0.8116,0.0123,85,0.9092,31,12,0.921,0.9487
PRJ3-00893,Aspen Public Works Program 893,Infrastructure,West,CA,Private,Lump Sum,Design-Build,Low,Moderate,Slow,2019-08-03,2021-07-18,2021,302941000,1258,0.569,0.5212,0.8456,0.9291,0.0804,60,0.941,10,16,0.347,0.9541
PRJ3-00894,Lakeview Neighborhood 894,Residential,West,CA,Private,Lump Sum,Design-Build,High,Moderate,Standard,2020-04-04,2020-10-22,2020,16263100,461,0.438,0.4322,1.02,0.9883,-0.02,3,1.0052,22,1,0.587,0.973
PRJ3-00895,Evergreen Neighborhood 895,Residential,Southwest,AZ,Private,Cost Plus,IPD,High,High,Standard,2022-12-10,2023-06-20,2023,35717800,484,0.398,0.3485,0.9595,0.9705,-0.0032,24,1.0332,0,10,0.408,0.9877
PRJ3-00896,Riverside Neighborhood 896,Residential,Southwest,TX,Private,Cost Plus,CMAR,Low,Low,Standard,2023-03-12,2023-10-09,2023,71172300,478,0.442,0.4368,0.9465,0.9964,0.0145,2,0.9468,18,9,0.645,0.9495
PRJ3-00897,Aspen Medical Center 897,Institutional,Northeast,NY,Private,Guaranteed Maximum Price,Design-Bid-Build,Moderate,High,Standard,2022-02-02,2022-12-24,2022,282250000,706,0.461,0.4303,1.0048,0.9396,-0.0201,22,1.0589,11,17,0.399,0.9812
PRJ3-00898,Aspen Highway Improvements 898,Heavy Civil,Midwest,IL,Private,Guaranteed Maximum Price,Design-Build,Moderate,Moderate,Fast,2021-06-09,2022-10-28,2022,347923800,940,0.539,0.5683,0.8812,0.9732,0.0914,-28,1.0185,0,9,0.392,0.9674
PRJ3-00899,Pioneer Process Plant 899,Industrial,Mountain,WY,Private,Guaranteed Maximum Price,IPD,Moderate,Moderate,Standard,2021-11-16,2023-05-25,2023,362043700,996,0.558,0.5667,1.0324,1.0394,-0.0186,-9,1.002,5,11,0.465,0.9528
PRJ3-00900,Granite Housing 900,Residential,Mountain,UT,Public,Guaranteed Maximum Price,Design-Bid-Build,Moderate,High,Standard,2024-01-02,2024-12-01,2024,55649400,601,0.556,0.499,1.018,0.9367,0.0119,34,0.9585,15,22,0.162,0.9555
PRJ3-00901,Granite Neighborhood 901,Residential,West,NV,Public,Guaranteed Maximum Price,Design-Build,Moderate,Moderate,Standard,2024-12-16,2025-08-08,2025,39314300,497,0.474,0.4697,0.9823,0.947,-0.002,2,1.1051,0,4,0.493,0.9554
PRJ3-00902,Riverside Office Campus 902,Commercial,Midwest,OH,Private,Lump Sum,IPD,High,Moderate,Fast,2024-09-21,2025-05-22,2025,48558300,597,0.408,0.4528,0.8961,1.0999,0.0744,-27,0.9918,8,21,1.215,0.9532
PRJ3-00903,Summit Highway Improvements 903,Heavy Civil,Southeast,TN,Private,Lump Sum,CMAR,Very High,Low,Standard,2022-10-07,2023-11-15,2023,124840900,1017,0.398,0.3226,0.9154,0.8218,0.0257,77,0.9676,32,18,0.948,0.9528
PRJ3-00904,Riverside Medical Center 904,Institutional,Mountain,CO,Public,Lump Sum,Design-Build,Low,Low,Fast,2024-04-12,2025-09-26,2025,125269500,927,0.574,0.6082,0.9169,1.0395,0.0355,-32,0.9508,7,3,0.223,0.9788
PRJ3-00905,Lakeview Civic Complex 905,Institutional,West,OR,Public,Unit Price,CMAR,Moderate,High,Standard,2021-12-09,2022-12-28,2022,150134800,746,0.516,0.5055,0.9715,0.975,0.0204,8,0.912,26,11,0.591,0.9755
PRJ3-00906,Cedar Marketplace 906,Commercial,Midwest,MN,Private,Guaranteed Maximum Price,Design-Build,High,Moderate,Standard,2024-03-22,2025-01-14,2025,63028500,654,0.456,0.4387,0.9556,0.95,0.0332,11,0.9836,10,17,0.664,0.9676
PRJ3-00907,Horizon Neighborhood 907,Residential,Mountain,MT,Private,Cost Plus,Design-Bid-Build,Low,Moderate,Fast,2021-12-18,2022-06-26,2022,42006700,544,0.351,0.3662,1.0045,0.9822,0.0151,-8,1.0257,0,16,0.448,0.9612
PRJ3-00908,Northstar Residences 908,Residential,Mountain,ID,Private,Cost Plus,IPD,High,High,Fast,2025-04-02,2025-11-29,2025,25843100,498,0.485,0.4797,0.9929,1.0178,0.0095,3,1.0299,19,19,0.795,0.9878
PRJ3-00909,Mesa Housing 909,Residential,Midwest,MN,Private,Unit Price,Design-Bid-Build,Moderate,Low,Standard,2022-09-19,2023-11-15,2023,76260000,708,0.597,0.5886,0.9017,0.9416,0.0605,6,0.9156,35,8,0.666,0.969
PRJ3-00910,Pioneer Marketplace 910,Commercial,Northeast,CT,Private,Lump Sum,Design-Build,Very High,Moderate,Fast,2021-02-12,2021-11-06,2021,96560500,608,0.44,0.4844,1.0387,1.0763,-0.0033,-27,1.0168,2,15,0.313,0.9658
PRJ3-00912,Aspen Process Plant 912,Industrial,Mountain,WY,Public-Private Partnership,Guaranteed Maximum Price,Design-Bid-Build,High,High,Slow,2020-05-07,2021-02-17,2021,99000800,796,0.36,0.3252,0.9409,0.9582,0.0029,28,0.9561,32,8,1.208,0.9495
PRJ3-00913,Summit Housing 913,Residential,Midwest,MN,Private,Lump Sum,CMAR,High,High,Slow,2020-07-15,2021-03-28,2021,40808200,472,0.543,0.4673,0.8913,0.9247,0.0731,36,1.0041,2,11,0.695,0.975
PRJ3-00914,Copper Education Center 914,Institutional,Southeast,VA,Private,Lump Sum,Design-Build,High,Moderate,Slow,2021-05-09,2022-03-27,2022,110838400,810,0.398,0.3799,0.9263,0.9513,0.0223,15,0.963,17,22,0.531,0.9587
PRJ3-00915,Lakeview Corporate Center 915,Commercial,Midwest,OH,Private,Guaranteed Maximum Price,Design-Build,Low,Moderate,Standard,2018-11-29,2019-07-28,2019,111182100,514,0.469,0.4419,1.0453,0.9684,-0.0156,14,1.1004,0,13,0.508,0.9576
PRJ3-00916,Redwood Corporate Center 916,Commercial,Mountain,CO,Public,Cost Plus,Design-Build,Moderate,High,Standard,2021-12-03,2022-10-23,2022,81469600,742,0.438,0.4519,1.0202,1.0915,-0.0077,-10,1.0316,14,20,0.531,0.9804
PRJ3-00917,Pioneer Logistics Center 917,Industrial,Mountain,ID,Private,Cost Plus,Design-Bid-Build,Moderate,Low,Standard,2024-07-22,2025-03-28,2025,263709100,695,0.359,0.3519,0.9969,1.0257,-0.0033,5,0.919,39,3,0.741,0.9684
PRJ3-00918,Gateway Highway Improvements 918,Heavy Civil,West,NV,Private,Unit Price,Design-Build,Moderate,High,Fast,2017-04-07,2019-02-04,2019,173636700,1372,0.487,0.4879,0.9941,1.039,0.0019,-1,0.9192,8,6,0.844,0.9935
PRJ3-00919,Mesa Logistics Center 919,Industrial,Southeast,FL,Private,Unit Price,CMAR,High,Moderate,Slow,2022-09-19,2023-10-11,2023,133107100,906,0.428,0.3378,0.9972,0.8366,0.014,82,0.8198,16,23,0.816,0.9511
PRJ3-00920,Liberty Apartments 920,Residential,Southwest,AZ,Public,Cost Plus,Design-Build,Moderate,Moderate,Standard,2021-04-16,2021-12-13,2021,38047400,447,0.54,0.5246,0.9939,0.9871,-0.0095,7,1.0255,0,3,0.906,0.974
PRJ3-00921,Granite Research Facility 921,Institutional,Southeast,NC,Private,Lump Sum,IPD,High,Moderate,Slow,2018-08-20,2019-03-28,2019,91754100,547,0.403,0.3731,0.9221,0.9041,0.0464,16,0.9338,34,17,0.698,0.9494
PRJ3-00922,Gateway Residences 922,Residential,Northeast,NY,Public,Cost Plus,Design-Build,Moderate,Low,Standard,2022-03-12,2023-04-22,2023,52898500,720,0.564,0.5548,0.9475,0.9703,0.0151,7,1.0232,12,11,0.588,0.9695
PRJ3-00923,Harbor Utility Corridor 923,Infrastructure,Mountain,MT,Public,Unit Price,CMAR,Moderate,High,Slow,2017-09-10,2019-01-18,2019,294148800,1115,0.444,0.4975,0.9785,1.0438,0.0034,-60,1.0525,11,15,0.627,0.9828
PRJ3-00924,Evergreen Process Plant 924,Industrial,Northeast,NY,Private,Unit Price,Design-Bid-Build,Low,Low,Standard,2024-02-11,2025-01-24,2025,322411300,786,0.444,0.4236,0.9278,0.9911,0.0331,16,0.865,15,10,0.405,0.9616
PRJ3-00925,Mesa Distribution Hub 925,Industrial,Southwest,NM,Public-Private Partnership,Guaranteed Maximum Price,Design-Build,Very High,High,Fast,2018-08-05,2019-10-03,2019,64638600,1043,0.407,0.3468,0.9495,0.8463,0.0385,63,0.9381,20,21,0.521,0.9762
PRJ3-00926,Liberty Retail Center 926,Commercial,Northeast,NJ,Public,Lump Sum,Design-Bid-Build,High,Moderate,Fast,2024-05-16,2025-05-07,2025,164951100,712,0.501,0.4479,1.0354,0.8786,-0.0287,38,1.0598,32,18,0.951,0.9784
PRJ3-00927,Copper Public Works Program 927,Infrastructure,Mountain,CO,Public,Lump Sum,CMAR,Moderate,High,Slow,2018-03-05,2019-11-09,2019,238922400,1194,0.515,0.5188,0.9275,1.0122,0.0342,-5,1.0137,0,12,0.531,0.9721
PRJ3-00928,Liberty Neighborhood 928,Residential,Midwest,MN,Public-Private Partnership,Cost Plus,Design-Build,High,High,Slow,2018-09-19,2019-03-01,2019,90134400,364,0.45,0.3576,0.9224,0.8096,0.0556,34,1.0455,12,17,0.441,0.9689
PRJ3-00929,Liberty District 929,Mixed-Use,Northeast,NJ,Public,Unit Price,Design-Bid-Build,High,Low,Slow,2024-01-02,2025-02-13,2025,155594300,939,0.435,0.3547,0.8568,0.855,0.0311,75,0.9197,21,18,0.614,0.9505
PRJ3-00930,Lakeview Housing 930,Residential,Southeast,VA,Private,Guaranteed Maximum Price,CMAR,Low,Moderate,Standard,2019-06-18,2019-11-05,2019,29701500,360,0.39,0.4098,0.9281,1.0721,0.0305,-7,0.9755,26,21,0.551,0.9778
PRJ3-00931,Aspen Residences 931,Residential,Southwest,TX,Private,Cost Plus,CMAR,Moderate,Low,Slow,2021-08-06,2022-06-21,2022,20026600,569,0.561,0.495,0.9406,0.9478,0.0422,38,0.887,14,7,0.282,0.9612
PRJ3-00932,Gateway Earthworks Package 932,Heavy Civil,Northeast,CT,Private,Guaranteed Maximum Price,IPD,Very High,High,Standard,2022-03-01,2023-10-28,2023,291529200,1391,0.436,0.4404,0.9056,1.0468,0.0448,-6,0.8867,31,30,0.691,0.9884
PRJ3-00933,Aspen Water Program 933,Heavy Civil,West,WA,Public,Guaranteed Maximum Price,CMAR,Moderate,Moderate,Standard,2023-11-12,2024-11-13,2024,431252400,943,0.39,0.3477,0.9407,0.9293,0.023,40,1.0024,23,6,0.09,0.9759
PRJ3-00934,Harbor Civic Complex 934,Institutional,Southwest,TX,Public-Private Partnership,Cost Plus,IPD,Moderate,Low,Standard,2023-02-23,2023-11-27,2023,120606400,754,0.368,0.3697,1.0224,0.957,-0.0274,-1,0.9849,33,0,0.572,0.9668
PRJ3-00935,Harbor Medical Center 935,Institutional,West,NV,Public,Guaranteed Maximum Price,CMAR,Moderate,High,Fast,2024-11-06,2025-10-25,2025,105426000,712,0.496,0.4787,1.0252,0.9986,-0.0134,12,1.0772,0,0,0.326,0.9866
PRJ3-00936,Northstar Urban Village 936,Mixed-Use,West,NV,Public,Unit Price,Design-Bid-Build,Low,High,Fast,2021-12-16,2022-11-25,2022,87219000,920,0.374,0.4056,1.0885,1.0462,-0.0318,-29,1.0726,0,0,0.495,0.9834
PRJ3-00937,Evergreen Manufacturing Facility 937,Industrial,Southeast,FL,Private,Unit Price,CMAR,High,High,Fast,2019-07-02,2020-10-25,2020,90196500,974,0.494,0.4689,0.9147,0.9247,0.0504,24,1.0239,11,19,0.858,0.9688
PRJ3-00938,Canyon Public Works Program 938,Infrastructure,Southwest,AZ,Private,Lump Sum,Design-Bid-Build,Moderate,Low,Slow,2019-10-09,2021-03-28,2021,395279500,1080,0.497,0.4313,0.7837,0.9374,0.1182,71,0.811,19,10,0.727,0.9612
PRJ3-00939,Crescent Distribution Hub 939,Industrial,West,OR,Public,Cost Plus,IPD,Moderate,High,Standard,2021-01-18,2022-01-08,2022,216747300,811,0.438,0.4761,1.15,1.0242,-0.0704,-31,1.0448,15,2,0.348,0.9944
PRJ3-00940,Evergreen Manufacturing Facility 940,Industrial,Northeast,NJ,Private,Lump Sum,Design-Bid-Build,Moderate,Moderate,Fast,2019-06-17,2020-09-02,2020,135956600,940,0.472,0.4867,0.9371,0.9851,0.0227,-14,1.0586,0,14,1.103,0.9587
PRJ3-00941,Canyon Office Campus 941,Commercial,Mountain,MT,Private,Lump Sum,Design-Bid-Build,High,High,Fast,2019-10-11,2020-09-29,2020,84206500,601,0.59,0.5856,0.9056,0.9856,0.0586,3,1.0025,7,29,0.688,0.9676
PRJ3-00942,Redwood Corporate Center 942,Commercial,Midwest,MN,Private,Lump Sum,Design-Build,Moderate,High,Slow,2024-07-02,2025-06-19,2025,179584400,788,0.447,0.4063,1.0299,0.9666,-0.0187,32,0.9799,6,18,0.548,0.962
PRJ3-00943,Northstar Apartments 943,Residential,West,WA,Public,Lump Sum,Design-Bid-Build,Low,High,Fast,2019-08-03,2020-05-27,2020,31289200,599,0.499,0.5683,1.1206,1.0964,-0.0508,-42,1.1247,0,0,0.509,0.9691
PRJ3-00944,Gateway Water Program 944,Heavy Civil,Southeast,FL,Private,Cost Plus,IPD,Low,Moderate,Standard,2022-11-23,2024-02-17,2024,172353200,1099,0.411,0.3914,0.9842,0.9553,0.0103,21,1.0263,13,0,0,0.9616
PRJ3-00945,Liberty Transit Program 945,Infrastructure,Mountain,MT,Private,Cost Plus,CMAR,High,High,Slow,2018-09-22,2019-11-20,2019,198972200,1002,0.424,0.4052,0.9111,0.9473,0.0285,19,0.994,20,11,0.689,0.9672
PRJ3-00946,Crescent Utility Corridor 946,Infrastructure,Southwest,NM,Private,Unit Price,Design-Bid-Build,High,Moderate,Fast,2022-01-14,2024-01-07,2024,397395700,1344,0.538,0.4811,1.0124,0.9353,-0.0209,77,0.9892,25,12,0.427,0.9881
PRJ3-00947,Mesa Neighborhood 947,Residential,Mountain,ID,Public-Private Partnership,Guaranteed Maximum Price,CMAR,High,Moderate,Standard,2025-03-21,2025-10-03,2025,49318100,381,0.516,0.4987,0.9861,0.9882,-0.0071,7,1.005,17,14,0.729,0.9571
PRJ3-00948,Redwood Logistics Center 948,Industrial,Southeast,FL,Private,Guaranteed Maximum Price,Design-Bid-Build,Low,High,Standard,2021-01-08,2021-10-29,2021,66411700,821,0.359,0.3843,0.9511,1.0307,0.0274,-21,1.104,13,5,0.239,0.9583
PRJ3-00949,Crescent Office Campus 949,Commercial,West,CA,Public,Guaranteed Maximum Price,Design-Bid-Build,Moderate,Low,Standard,2024-07-03,2025-05-28,2025,154448000,658,0.5,0.4559,0.8475,0.9185,0.0816,29,1.0893,24,10,1.227,0.9716
PRJ3-00950,Summit Housing 950,Residential,West,WA,Private,Lump Sum,Design-Build,Low,Moderate,Standard,2018-11-09,2019-08-03,2019,79253600,506,0.528,0.5901,0.9966,1.1158,0.005,-31,1.0656,11,10,0.642,0.988
PRJ3-00951,Granite Medical Center 951,Institutional,Northeast,PA,Public,Guaranteed Maximum Price,CMAR,Moderate,Moderate,Standard,2022-11-21,2024-01-02,2024,170876200,783,0.52,0.5525,1.0184,1.0619,-0.0107,-25,1.0259,5,19,0.713,0.966
PRJ3-00952,Evergreen Highway Improvements 952,Heavy Civil,Southwest,AZ,Public,Unit Price,Design-Bid-Build,High,Moderate,Fast,2023-05-22,2024-07-23,2024,154029000,1019,0.421,0.4228,0.8948,0.956,0.0502,-2,0.9252,10,16,1.055,0.9626
PRJ3-00953,Pioneer Housing 953,Residential,Mountain,MT,Private,Cost Plus,CMAR,Moderate,Moderate,Fast,2020-07-21,2021-02-14,2021,58563000,560,0.373,0.3925,1.1368,1.0695,-0.0348,-11,0.9322,0,12,0.313,0.9713
PRJ3-00954,Pioneer Transit Program 954,Infrastructure,Southeast,NC,Private,Cost Plus,CMAR,Moderate,Moderate,Standard,2022-10-16,2024-02-28,2024,252552300,1383,0.362,0.3885,1.0651,1.12,-0.0499,-37,1.0267,1,15,0.908,0.9355
PRJ3-00955,Northstar Apartments 955,Residential,Northeast,NY,Public,Lump Sum,Design-Bid-Build,Moderate,High,Standard,2025-02-12,2025-08-08,2025,18485600,478,0.371,0.3597,1.0466,1.0023,-0.001,5,0.9181,0,7,0.145,0.9756
PRJ3-00956,Riverside Transit-Oriented Development 956,Mixed-Use,Southeast,GA,Private,Cost Plus,Design-Build,Very High,Moderate,Standard,2023-04-06,2024-07-25,2024,193966000,938,0.508,0.5682,0.8868,1.0343,0.0827,-56,0.8989,19,21,0.709,0.958
PRJ3-00957,Gateway Apartments 957,Residential,West,NV,Public,Lump Sum,Design-Build,High,Moderate,Slow,2021-10-25,2022-12-19,2022,39778000,794,0.529,0.4462,0.8342,0.8985,0.0787,66,0.9059,12,6,0.298,0.9689
PRJ3-00958,Harbor Earthworks Package 958,Heavy Civil,West,WA,Public,Guaranteed Maximum Price,Design-Bid-Build,Very High,Low,Slow,2019-09-16,2021-11-21,2021,270975000,1458,0.547,0.4846,0.8335,0.8998,0.0863,91,0.8207,56,1,1.088,0.9414
PRJ3-00959,Northstar District 959,Mixed-Use,Southeast,VA,Private,Lump Sum,CMAR,High,High,Fast,2020-12-06,2022-01-14,2022,308534100,967,0.418,0.4186,1.0019,0.9789,-0.0161,-1,1.0015,4,10,0.605,0.9641
PRJ3-00960,Summit Distribution Hub 960,Industrial,Mountain,WY,Private,Cost Plus,Design-Bid-Build,High,High,Slow,2020-10-20,2021-08-13,2021,82225500,766,0.389,0.3347,0.9163,0.8811,0.0024,42,0.8176,33,17,0.808,0.9679
PRJ3-00961,Harbor Civic Complex 961,Institutional,Midwest,MO,Private,Lump Sum,Design-Bid-Build,Moderate,Low,Fast,2023-03-04,2024-06-07,2024,202207300,816,0.565,0.5711,1.0358,0.9189,-0.0175,-5,1.0712,7,16,0.709,0.9865
PRJ3-00962,Liberty Process Plant 962,Industrial,Mountain,MT,Private,Lump Sum,Design-Build,High,High,Standard,2019-03-04,2020-10-20,2020,170297500,1130,0.528,0.5178,0.9784,0.9769,0.0225,12,0.9952,0,11,0.709,0.9741
PRJ3-00963,Aspen Distribution Hub 963,Industrial,Mountain,UT,Public,Unit Price,CMAR,Low,Moderate,Standard,2023-08-01,2024-09-06,2024,72076500,812,0.496,0.4852,1.0025,1.0112,0.019,9,0.9651,16,9,0.093,0.9593
PRJ3-00964,Mesa Town Center 964,Mixed-Use,Southeast,TN,Public,Guaranteed Maximum Price,CMAR,High,High,Standard,2020-12-02,2022-02-02,2022,178829400,1152,0.371,0.3873,0.9558,0.9828,0.0238,-19,0.9553,30,17,0.8,0.9707
PRJ3-00965,Riverside Corporate Center 965,Commercial,Northeast,MA,Private,Cost Plus,IPD,High,High,Standard,2023-07-22,2024-07-25,2024,37850300,667,0.554,0.4824,1.0088,0.8601,0.0186,48,0.9977,0,26,0.346,0.9727
PRJ3-00966,Crescent Housing 966,Residential,West,NV,Public,Guaranteed Maximum Price,CMAR,High,Low,Fast,2020-06-17,2020-10-17,2020,54854600,244,0.503,0.5158,1.0342,1.0157,-0.0109,-3,0.982,7,0,0.74,0.9824
PRJ3-00967,Lakeview Office Campus 967,Commercial,West,WA,Public,Guaranteed Maximum Price,IPD,Low,Low,Fast,2019-07-06,2020-06-09,2020,78052400,702,0.484,0.5616,1.0006,1.0964,-0.0123,-54,0.9768,0,8,0.247,0.9865
PRJ3-00968,Mesa Water Program 968,Heavy Civil,West,WA,Private,Cost Plus,Design-Build,High,Moderate,Slow,2019-06-19,2021-01-04,2021,419934000,971,0.582,0.497,0.8727,0.879,0.0794,82,0.9211,22,16,0.539,0.9635
PRJ3-00969,Riverside Retail Center 969,Commercial,Midwest,IL,Private,Guaranteed Maximum Price,CMAR,Moderate,High,Standard,2018-08-14,2019-02-20,2019,118924200,392,0.485,0.5005,1.0385,0.9891,-0.0095,-6,1.0607,33,7,0.789,0.9627
PRJ3-00970,Northstar Airport Improvements 970,Infrastructure,West,NV,Public,Guaranteed Maximum Price,Design-Bid-Build,Moderate,Moderate,Slow,2022-05-23,2023-08-15,2023,107170300,1007,0.446,0.3634,0.9644,0.8081,0.0208,83,0.9308,39,9,0.564,0.9672
PRJ3-00971,Liberty Water Program 971,Heavy Civil,Northeast,MA,Public,Unit Price,CMAR,Low,Moderate,Standard,2022-03-07,2023-09-02,2023,429068400,1061,0.513,0.4509,1.0862,0.9345,-0.0265,66,0.9665,16,32,0.52,0.9816
PRJ3-00972,Copper Marketplace 972,Commercial,West,NV,Private,Guaranteed Maximum Price,Design-Bid-Build,Very High,High,Slow,2022-05-05,2022-11-17,2022,146088900,554,0.354,0.3137,0.8494,0.839,0.0499,22,0.8572,39,8,0.925,0.9763
PRJ3-00974,Pioneer Research Facility 974,Institutional,West,OR,Private,Lump Sum,CMAR,Moderate,Moderate,Slow,2022-08-03,2023-07-11,2023,211991100,644,0.532,0.5073,1.0353,1.0324,-0.0305,16,0.9842,25,1,0.651,0.967
PRJ3-00975,Northstar Earthworks Package 975,Heavy Civil,Northeast,MA,Private,Unit Price,Design-Build,Moderate,High,Standard,2018-03-04,2019-07-18,2019,237905500,1205,0.416,0.458,0.991,1.011,-0.0069,-51,1.0311,11,18,0.156,0.9648
PRJ3-00976,Horizon Research Facility 976,Institutional,Southwest,AZ,Public-Private Partnership,Lump Sum,Design-Build,Very High,Moderate,Standard,2020-11-13,2021-11-19,2021,106134000,925,0.402,0.3669,0.9842,0.9394,0.0012,32,0.9464,15,6,0.814,0.9482
PRJ3-00977,Riverside Marketplace 977,Commercial,Southwest,AZ,Public,Cost Plus,Design-Bid-Build,Very High,Low,Standard,2023-06-04,2024-08-02,2024,88062000,833,0.511,0.4921,0.8246,0.9409,0.1133,16,0.8935,37,2,0.753,0.9852
PRJ3-00978,Pioneer Apartments 978,Residential,Southwest,TX,Private,Guaranteed Maximum Price,Design-Bid-Build,Moderate,Low,Standard,2020-12-24,2022-01-25,2022,19052500,748,0.531,0.4545,0.9583,0.8749,0.024,57,0.9757,16,10,0.703,0.9362
PRJ3-00979,Aspen Office Campus 979,Commercial,West,WA,Public,Cost Plus,Design-Build,Very High,Moderate,Standard,2025-04-25,2025-11-30,2025,36420300,543,0.404,0.3642,0.9827,0.9377,0.0014,22,0.8958,9,9,0.333,0.9853
PRJ3-00980,Canyon Residences 980,Residential,Mountain,CO,Public,Unit Price,IPD,Moderate,High,Standard,2020-09-19,2021-06-19,2021,21056000,512,0.535,0.5029,1.0081,0.9977,-0.0018,16,1.0633,19,14,0.968,0.978
PRJ3-00981,Harbor Airport Improvements 981,Infrastructure,Southwest,TX,Public,Guaranteed Maximum Price,Design-Bid-Build,Moderate,Moderate,Slow,2019-09-07,2021-04-01,2021,232017700,1463,0.391,0.3676,0.9076,0.9455,0.0433,34,0.9421,15,0,1.068,0.9672
PRJ3-00982,Granite Transit-Oriented Development 982,Mixed-Use,Southeast,TN,Private,Guaranteed Maximum Price,Design-Bid-Build,Low,Moderate,Standard,2020-03-04,2021-06-21,2021,195917200,948,0.5,0.4747,0.9549,0.9642,0.0204,24,0.9644,18,19,0.939,0.9669
PRJ3-00983,Summit Airport Improvements 983,Infrastructure,Southwest,TX,Private,Lump Sum,Design-Bid-Build,Moderate,Moderate,Standard,2023-03-03,2024-07-21,2024,495474600,876,0.578,0.4979,0.9492,0.884,0.0174,70,0.9601,26,8,0.461,0.9695
PRJ3-00984,Redwood Utility Corridor 984,Infrastructure,Southwest,TX,Public,Lump Sum,IPD,Low,Low,Fast,2023-10-11,2025-05-18,2025,217098300,1078,0.543,0.5691,1.0043,1.0443,-0.0029,-28,1.0402,23,1,0.808,0.9853
PRJ3-00985,Harbor Water Program 985,Heavy Civil,West,CA,Private,Lump Sum,CMAR,Moderate,High,Fast,2022-04-19,2023-06-19,2023,217240700,1119,0.381,0.3685,1.038,0.9956,-0.0038,14,1.1319,6,0,0.593,0.9691
PRJ3-00986,Canyon Education Center 986,Institutional,Southwest,AZ,Public-Private Partnership,Unit Price,Design-Bid-Build,Very High,High,Standard,2021-07-14,2022-09-23,2022,94162800,811,0.538,0.4214,0.9101,0.8456,0.0421,95,0.9583,23,8,0.652,0.9634
PRJ3-00987,Riverside Urban Village 987,Mixed-Use,West,NV,Private,Guaranteed Maximum Price,Design-Build,High,Moderate,Fast,2021-01-08,2022-04-04,2022,300736900,1061,0.426,0.4879,0.9582,1.0081,0.024,-66,1.0229,3,10,0.333,0.9709
PRJ3-00988,Pioneer Residences 988,Residential,Southeast,TN,Private,Unit Price,CMAR,Very High,Moderate,Standard,2020-11-12,2022-03-01,2022,16518300,816,0.581,0.5377,0.9269,0.9593,0.0433,35,0.9578,21,13,0.426,0.9569
PRJ3-00989,Gateway Housing 989,Residential,Northeast,CT,Private,Guaranteed Maximum Price,Design-Build,High,Moderate,Standard,2024-07-22,2025-07-03,2025,44911300,633,0.548,0.5492,1.0467,1.0018,-0.0403,-1,0.998,13,14,0.775,0.9706
PRJ3-00990,Granite Process Plant 990,Industrial,Mountain,ID,Public,Guaranteed Maximum Price,Design-Bid-Build,Low,High,Standard,2018-12-10,2020-01-13,2020,240266800,668,0.598,0.6003,0.9674,1.0142,0.0094,-2,1.0566,0,8,0.077,0.94
PRJ3-00991,Lakeview Residences 991,Residential,West,WA,Public,Cost Plus,Design-Build,Moderate,Low,Standard,2023-05-14,2024-01-23,2024,50168000,645,0.395,0.3957,0.9343,1.0276,0.0141,0,1.0393,13,0,0.518,0.9754
PRJ3-00992,Northstar Urban Village 992,Mixed-Use,Southwest,AZ,Public,Lump Sum,CMAR,Very High,Low,Slow,2020-07-19,2021-09-19,2021,139378700,1077,0.397,0.4078,0.8031,1.004,0.0974,-12,0.8374,38,4,0.702,0.9282
PRJ3-00993,Lakeview Highway Improvements 993,Heavy Civil,West,NV,Public,Lump Sum,Design-Build,Very High,Moderate,Fast,2024-01-23,2025-11-01,2025,259823700,1185,0.547,0.6139,0.8243,1.0665,0.1208,-79,0.8994,21,5,0.92,0.9648
PRJ3-00994,Horizon Transit-Oriented Development 994,Mixed-Use,Mountain,UT,Public,Guaranteed Maximum Price,IPD,Low,Moderate,Standard,2020-09-08,2021-11-15,2021,88601200,942,0.46,0.4438,1.0119,0.977,-0.0022,15,0.9951,18,2,0.751,0.9876
PRJ3-00995,Northstar Neighborhood 995,Residential,Mountain,MT,Public,Guaranteed Maximum Price,Design-Build,Low,Low,Standard,2021-08-14,2022-04-15,2022,17207200,528,0.464,0.4332,0.8722,0.9316,0.0735,16,0.9449,14,22,0.254,0.9526
PRJ3-00996,Gateway Medical Center 996,Institutional,Northeast,NY,Public,Cost Plus,Design-Build,High,Moderate,Slow,2018-03-02,2019-03-07,2019,82360200,886,0.418,0.4007,0.8875,0.8507,0.0437,15,0.9394,32,16,0.937,0.9613
PRJ3-00997,Crescent Retail Center 997,Commercial,Mountain,MT,Public,Lump Sum,CMAR,High,Moderate,Fast,2022-03-06,2023-02-24,2023,63471400,822,0.433,0.3677,0.8787,0.9274,0.0491,54,1.0221,0,15,0.791,0.9774
PRJ3-00998,Riverside Urban Village 998,Mixed-Use,Southwest,NM,Private,Lump Sum,CMAR,Moderate,Moderate,Fast,2019-12-08,2021-03-24,2021,88542800,837,0.564,0.5423,1.0708,0.9581,-0.0285,18,1.0246,8,4,0,0.9741
PRJ3-00999,Canyon Bridge Program 999,Heavy Civil,West,NV,Public,Guaranteed Maximum Price,Design-Bid-Build,Moderate,Moderate,Fast,2021-02-16,2022-08-07,2022,230450500,1028,0.523,0.5271,0.9882,1.001,-0.0084,-4,0.9592,28,3,0.71,0.9652
PRJ3-01000,Evergreen Housing 1000,Residential,Northeast,CT,Private,Lump Sum,Design-Bid-Build,Moderate,High,Slow,2024-08-21,2025-03-28,2025,121018800,563,0.389,0.3734,0.9504,0.9751,0.0206,9,0.9974,0,18,0.477,0.9384
PRJ3-01001,Cedar District 1001,Mixed-Use,Southeast,GA,Private,Lump Sum,Design-Build,Moderate,Low,Slow,2020-07-04,2021-10-26,2021,44007500,1051,0.456,0.3903,0.9216,0.8523,0.0496,69,0.9366,12,12,0.227,0.9579
PRJ3-01002,Summit Housing 1002,Residential,Southeast,NC,Private,Lump Sum,Design-Bid-Build,Moderate,Low,Slow,2024-09-16,2025-04-28,2025,31229800,471,0.476,0.4239,0.9969,0.927,-0.009,25,0.862,24,12,0.37,0.9468
PRJ3-01003,Crescent Research Facility 1003,Institutional,Northeast,NJ,Public,Lump Sum,IPD,High,Moderate,Standard,2023-08-13,2025-01-05,2025,62938200,983,0.52,0.5266,0.9969,1.0315,-0.007,-6,0.8941,13,14,0.774,0.95
PRJ3-01004,Mesa Highway Improvements 1004,Heavy Civil,Mountain,MT,Public,Unit Price,Design-Bid-Build,Moderate,Moderate,Standard,2017-10-08,2019-01-03,2019,299621000,1112,0.407,0.3719,0.986,0.933,0.0063,39,1.0329,9,8,0.166,0.9466
PRJ3-01005,Horizon Retail Center 1005,Commercial,Midwest,MI,Private,Guaranteed Maximum Price,IPD,High,High,Standard,2021-12-21,2023-03-22,2023,45690700,863,0.529,0.5365,1.0755,0.9735,-0.0369,-6,0.9676,0,12,0.561,0.9834
PRJ3-01006,Northstar Office Campus 1006,Commercial,Southwest,NM,Public,Cost Plus,Design-Bid-Build,Very High,Low,Standard,2019-03-14,2020-02-27,2020,25671600,773,0.453,0.3844,0.9372,0.9251,0.0432,53,0.9682,16,2,1.268,0.9766
PRJ3-01007,Copper Process Plant 1007,Industrial,Midwest,MO,Private,Lump Sum,Design-Bid-Build,High,Moderate,Standard,2022-10-24,2023-11-11,2023,215844800,1083,0.354,0.3356,0.8614,0.9657,0.0549,20,0.9219,17,12,0.953,0.9549
PRJ3-01008,Riverside Bridge Program 1008,Heavy Civil,Mountain,CO,Public,Cost Plus,Design-Build,Moderate,High,Slow,2019-08-26,2021-02-03,2021,141563500,932,0.566,0.584,1.0609,0.9924,-0.0232,-17,0.8927,0,13,0.565,0.9441
PRJ3-01009,Pioneer Corporate Center 1009,Commercial,Northeast,PA,Public,Lump Sum,CMAR,Moderate,Moderate,Standard,2024-10-16,2025-09-28,2025,54995200,637,0.546,0.5284,1.0472,0.9187,-0.0256,11,0.9272,18,11,0.763,0.9665
PRJ3-01010,Gateway Airport Improvements 1010,Infrastructure,Southeast,TN,Public,Lump Sum,Design-Build,Low,Moderate,Fast,2024-07-20,2025-12-09,2025,91149800,1295,0.392,0.4223,0.9183,1.0176,0.0291,-39,1.0776,0,23,0.526,0.9659
PRJ3-01011,Redwood Process Plant 1011,Industrial,West,WA,Public,Unit Price,Design-Build,Moderate,Moderate,Slow,2023-07-26,2024-09-16,2024,87112500,946,0.442,0.3736,0.9386,0.8803,0.0149,65,0.8926,24,8,0.121,0.954
PRJ3-01012,Redwood Highway Improvements 1012,Heavy Civil,West,OR,Public,Guaranteed Maximum Price,CMAR,High,Low,Slow,2020-08-11,2021-11-13,2021,308585800,861,0.534,0.4806,0.9059,0.881,0.0542,46,0.9162,18,0,1.114,0.9427
PRJ3-01013,Cedar Earthworks Package 1013,Heavy Civil,Mountain,MT,Private,Lump Sum,Design-Bid-Build,Low,Low,Fast,2019-12-11,2021-01-12,2021,225277100,911,0.437,0.423,0.9107,0.9315,0.0507,13,1.0366,28,3,0.395,0.9581
PRJ3-01014,Granite Manufacturing Facility 1014,Industrial,West,NV,Private,Unit Price,Design-Build,High,Moderate,Standard,2020-07-13,2021-12-01,2021,95828400,917,0.552,0.5573,0.984,0.9956,0.0202,-5,0.8572,10,20,0.679,0.9863
PRJ3-01016,Evergreen Process Plant 1016,Industrial,Midwest,MN,Private,Cost Plus,IPD,Moderate,High,Fast,2023-04-19,2025-01-15,2025,218915900,1074,0.594,0.6331,1.0945,1.0705,-0.0694,-42,1.0956,6,2,0.338,0.9753
PRJ3-01017,Granite Corporate Center 1017,Commercial,Southwest,NM,Public,Unit Price,Design-Build,Low,High,Slow,2024-12-19,2025-10-28,2025,80020500,577,0.543,0.6059,1.0017,1.0478,-0.0129,-36,0.9956,0,8,0.495,0.9906
PRJ3-01018,Lakeview Airport Improvements 1018,Infrastructure,Northeast,CT,Private,Lump Sum,Design-Build,High,Moderate,Slow,2020-07-06,2022-05-24,2022,148707100,1457,0.472,0.4614,0.9116,0.9425,0.0519,15,0.8874,29,25,0.613,0.9754
PRJ3-01019,Evergreen Airport Improvements 1019,Infrastructure,Southwest,TX,Public-Private Partnership,Guaranteed Maximum Price,Design-Build,Moderate,Moderate,Standard,2022-11-23,2025-02-19,2025,187635500,1558,0.526,0.5308,0.9667,1.0412,0.0142,-7,1.126,0,11,0.626,0.967
PRJ3-01020,Cedar Education Center 1020,Institutional,Midwest,MO,Public-Private Partnership,Cost Plus,Design-Bid-Build,Moderate,Moderate,Standard,2020-09-12,2022-02-24,2022,52137300,924,0.574,0.5924,0.9532,1.0874,0.021,-17,1.0001,3,9,0.654,0.9634
PRJ3-01021,Mesa Office Campus 1021,Commercial,Midwest,IL,Public,Lump Sum,Design-Bid-Build,Low,Moderate,Standard,2021-11-01,2022-07-12,2022,58160300,646,0.392,0.4399,1.0721,1.0621,-0.0441,-31,1.0332,12,12,0.043,0.9839
PRJ3-01022,Aspen Housing 1022,Residential,Northeast,NY,Public,Guaranteed Maximum Price,Design-Bid-Build,Low,Moderate,Standard,2023-11-20,2024-12-20,2024,47923900,748,0.53,0.4964,1.0606,0.9624,-0.0234,25,0.9782,13,24,0.398,0.9916
PRJ3-01023,Liberty Education Center 1023,Institutional,Southeast,TN,Public,Guaranteed Maximum Price,CMAR,Moderate,Low,Standard,2018-12-31,2020-02-10,2020,92532700,851,0.478,0.4496,0.8854,0.8961,0.0735,24,1.0559,25,14,0.45,0.954
PRJ3-01024,Cedar Manufacturing Facility 1024,Industrial,Midwest,OH,Private,Cost Plus,Design-Build,Very High,Moderate,Standard,2022-04-06,2023-01-24,2023,90371600,714,0.411,0.3262,0.946,0.8408,0.0201,61,0.9014,14,30,0.594,0.9808
PRJ3-01025,Pioneer Education Center 1025,Institutional,Southwest,AZ,Public,Unit Price,CMAR,Low,Moderate,Slow,2024-02-04,2025-08-08,2025,136293300,941,0.586,0.6221,0.9461,1.0256,0.0384,-34,0.9868,4,0,0.675,0.9863
PRJ3-01026,Harbor Transit-Oriented Development 1026,Mixed-Use,Southeast,FL,Public,Cost Plus,CMAR,High,Low,Standard,2018-07-15,2019-12-09,2019,136183200,1158,0.443,0.4099,1.0171,0.9245,-0.0075,38,0.92,18,13,0.927,0.9741
PRJ3-01027,Riverside Residences 1027,Residential,West,WA,Public,Lump Sum,IPD,Very High,Moderate,Fast,2020-01-11,2020-09-07,2020,44751200,554,0.434,0.4284,1.0224,0.9895,-0.0015,3,0.9552,7,11,0.621,0.966
PRJ3-01028,Gateway Retail Center 1028,Commercial,West,CA,Private,Guaranteed Maximum Price,Design-Build,Moderate,Moderate,Slow,2024-11-24,2025-09-20,2025,79484800,505,0.596,0.5139,0.9654,0.9166,0.0217,41,1.0446,0,1,0.389,0.9672
PRJ3-01029,Riverside Apartments 1029,Residential,Northeast,CT,Private,Unit Price,Design-Bid-Build,Moderate,High,Slow,2024-04-22,2024-12-05,2024,47349100,499,0.456,0.4258,0.9747,0.9423,0.0189,15,0.8782,27,15,0.81,0.9599
PRJ3-01030,Liberty Neighborhood 1030,Residential,Midwest,MN,Public,Cost Plus,Design-Build,Moderate,High,Slow,2024-07-09,2025-06-07,2025,49491400,624,0.534,0.5869,1.0342,1.0569,-0.0147,-33,0.9699,14,14,0.444,0.9884
PRJ3-01031,Copper Medical Center 1031,Institutional,Midwest,OH,Private,Lump Sum,Design-Build,Moderate,Moderate,Fast,2019-09-16,2020-06-17,2020,83555400,549,0.502,0.5053,0.9663,1.0605,0.0218,-2,0.9172,0,12,0.561,0.9851
PRJ3-01032,Aspen Town Center 1032,Mixed-Use,Southeast,NC,Public-Private Partnership,Guaranteed Maximum Price,IPD,High,Low,Slow,2017-09-20,2019-01-06,2019,83287400,1123,0.422,0.4032,0.889,0.965,0.0291,21,0.9472,43,12,1.044,0.9612
PRJ3-01033,Redwood Education Center 1033,Institutional,Northeast,CT,Private,Cost Plus,Design-Build,Low,Moderate,Slow,2022-08-13,2023-08-10,2023,238728000,610,0.594,0.6485,1.0073,1.0679,-0.0128,-33,0.9582,10,14,0.513,0.9714
PRJ3-01034,Mesa Research Facility 1034,Institutional,West,OR,Private,Lump Sum,Design-Bid-Build,Moderate,High,Slow,2023-06-21,2024-11-14,2024,103265100,967,0.53,0.4899,0.9491,0.8872,0.0222,39,1.0355,17,4,0.835,0.9755
PRJ3-01035,Copper Civic Complex 1035,Institutional,Midwest,MI,Public,Lump Sum,IPD,Moderate,Low,Standard,2018-02-12,2019-04-03,2019,139528800,895,0.464,0.4572,0.9354,0.966,0.0318,6,0.9741,0,1,0.113,0.9406
PRJ3-01036,Canyon Neighborhood 1036,Residential,Midwest,OH,Private,Guaranteed Maximum Price,Design-Bid-Build,Moderate,Moderate,Standard,2021-07-25,2022-06-25,2022,54062300,628,0.535,0.4529,0.9917,0.8289,0.0084,52,0.9383,1,5,0.747,0.9777
PRJ3-01037,Lakeview Neighborhood 1037,Residential,Southwest,AZ,Public-Private Partnership,Lump Sum,Design-Build,High,Moderate,Fast,2025-01-14,2025-12-18,2025,44480000,632,0.535,0.5004,1.0433,0.8939,-0.04,22,1.025,0,11,0.544,0.9589
PRJ3-01038,Copper Office Campus 1038,Commercial,Midwest,IL,Public-Private Partnership,Lump Sum,Design-Bid-Build,Low,Moderate,Standard,2023-09-19,2024-07-20,2024,41643800,573,0.533,0.4073,1.0328,0.8707,0.0116,72,0.9017,12,19,0.538,0.9894
PRJ3-01039,Riverside Residences 1039,Residential,West,CA,Public-Private Partnership,Guaranteed Maximum Price,Design-Bid-Build,Moderate,Moderate,Slow,2023-01-01,2023-12-19,2023,182773300,724,0.487,0.4844,0.8407,0.9628,0.1008,2,0.9197,9,1,0.555,0.9702
PRJ3-01040,Copper Public Works Program 1040,Infrastructure,Mountain,CO,Public,Unit Price,CMAR,Low,Low,Fast,2024-02-23,2025-02-27,2025,152911200,966,0.384,0.3942,0.9999,0.9292,-0.003,-10,1.0097,14,12,0.503,0.9715
PRJ3-01041,Crescent Water Program 1041,Heavy Civil,Southwest,AZ,Public,Guaranteed Maximum Price,CMAR,Moderate,High,Standard,2024-09-19,2025-12-23,2025,329092300,1040,0.443,0.3896,1.0175,0.9174,-0.0121,56,1.0809,0,5,0.193,0.989
PRJ3-01042,Cedar Logistics Center 1042,Industrial,Southeast,GA,Private,Lump Sum,CMAR,Moderate,Low,Slow,2021-09-16,2022-11-01,2022,277345600,768,0.536,0.4685,0.9199,0.8372,0.0367,52,0.9183,22,12,0.869,0.9684
PRJ3-01043,Liberty Town Center 1043,Mixed-Use,West,CA,Private,Guaranteed Maximum Price,Design-Bid-Build,Moderate,Low,Fast,2022-07-19,2023-12-12,2023,161093200,1038,0.493,0.4214,0.8842,0.8632,0.0475,74,0.9746,11,0,0.487,0.9872
PRJ3-01044,Riverside Retail Center 1044,Commercial,West,WA,Private,Guaranteed Maximum Price,Design-Build,Moderate,Moderate,Slow,2020-08-15,2021-03-02,2021,26147200,489,0.407,0.4429,0.8903,1.0399,0.0733,-18,0.9489,27,0,0.74,0.9779
PRJ3-01045,Cedar Utility Corridor 1045,Infrastructure,West,OR,Private,Guaranteed Maximum Price,Design-Bid-Build,Moderate,Moderate,Standard,2024-05-21,2025-12-11,2025,282734200,975,0.584,0.5702,0.9552,0.9565,0.0107,13,1.0023,30,7,0.979,0.9548
PRJ3-01046,Horizon Earthworks Package 1046,Heavy Civil,Mountain,MT,Private,Cost Plus,Design-Build,Low,High,Standard,2020-07-15,2021-11-03,2021,168072900,1076,0.443,0.4213,0.9615,0.9407,0.0138,23,1.0137,0,14,0.14,0.9855
PRJ3-01047,Riverside Corporate Center 1047,Commercial,Midwest,IL,Public,Unit Price,Design-Bid-Build,Low,Moderate,Standard,2019-07-16,2020-05-25,2020,62637000,641,0.49,0.5019,0.8948,1.0368,0.0556,-8,0.974,8,22,0.344,0.9772
PRJ3-01048,Pioneer Corporate Center 1048,Commercial,West,CA,Private,Cost Plus,CMAR,Moderate,Low,Standard,2023-12-15,2024-12-22,2024,21321800,803,0.465,0.4525,0.9785,0.9948,0.0096,10,1.0498,7,6,0.421,0.9637
PRJ3-01049,Lakeview Process Plant 1049,Industrial,Midwest,OH,Public-Private Partnership,Guaranteed Maximum Price,IPD,Moderate,High,Standard,2017-12-18,2019-03-14,2019,122206900,778,0.58,0.5899,0.9505,1.0409,0.0222,-8,0.9792,22,10,0.608,0.9666
PRJ3-01050,Northstar Distribution Hub 1050,Industrial,Midwest,MI,Private,Cost Plus,Design-Bid-Build,Low,Moderate,Standard,2020-06-04,2021-05-04,2021,92100700,761,0.44,0.4402,0.9075,0.921,0.0242,0,1.0506,6,22,0.858,0.9676
PRJ3-01051,Riverside Corporate Center 1051,Commercial,West,CA,Public,Lump Sum,Design-Bid-Build,High,High,Fast,2023-05-18,2024-05-05,2024,79901600,647,0.546,0.5754,0.9363,1.0331,0.0533,-19,0.9712,19,12,0.366,0.9416
PRJ3-01052,Summit Retail Center 1052,Commercial,Southeast,TN,Private,Lump Sum,CMAR,Moderate,Moderate,Standard,2022-04-08,2023-02-06,2023,59639000,664,0.458,0.4515,1.0868,0.9761,-0.0275,4,0.9734,1,6,0.323,0.9804
PRJ3-01053,Evergreen Marketplace 1053,Commercial,Midwest,MI,Private,Guaranteed Maximum Price,Design-Build,Very High,High,Fast,2020-08-10,2021-08-25,2021,127225400,822,0.463,0.4247,0.9235,0.9543,0.0282,31,0.929,25,18,0.88,0.9706
PRJ3-01054,Horizon Housing 1054,Residential,West,OR,Private,Guaranteed Maximum Price,Design-Build,Low,Low,Slow,2020-07-21,2021-02-27,2021,52682800,416,0.533,0.4907,0.8987,0.9443,0.0494,18,1.0291,0,0,0.536,0.9502
PRJ3-01055,Copper Civic Complex 1055,Institutional,Southeast,VA,Private,Lump Sum,Design-Build,High,Low,Fast,2023-06-05,2024-04-18,2024,98296400,703,0.453,0.4695,0.9596,0.9841,0.0164,-12,0.8791,24,8,1.132,0.9689
PRJ3-01056,Liberty Education Center 1056,Institutional,Midwest,IL,Private,Guaranteed Maximum Price,Design-Build,Moderate,Low,Standard,2023-08-08,2024-05-20,2024,197109800,760,0.377,0.3426,0.9716,0.9739,-0.0098,26,0.963,19,9,0.394,0.9629
PRJ3-01057,Redwood Education Center 1057,Institutional,Southeast,VA,Private,Guaranteed Maximum Price,Design-Build,Moderate,Moderate,Slow,2020-05-10,2021-07-28,2021,124108600,833,0.534,0.5346,0.9338,1.0303,0.0452,-1,0.8912,25,14,0.302,0.9834
PRJ3-01058,Granite Corporate Center 1058,Commercial,Mountain,CO,Public,Lump Sum,CMAR,High,Moderate,Standard,2020-09-11,2021-04-10,2021,230096100,509,0.416,0.4335,0.9613,1.039,0.0127,-9,0.8849,16,19,0.853,0.9618
PRJ3-01059,Summit Research Facility 1059,Institutional,Southeast,NC,Private,Guaranteed Maximum Price,Design-Bid-Build,Low,Moderate,Slow,2021-11-19,2022-12-30,2022,189293100,838,0.485,0.4971,1.0347,0.9543,-0.0341,-10,0.9892,29,5,0.569,0.9607
PRJ3-01060,Northstar Residences 1060,Residential,Mountain,MT,Private,Guaranteed Maximum Price,Design-Build,Moderate,Low,Fast,2018-09-16,2019-11-20,2019,32097300,799,0.539,0.5418,1.0026,1.0025,0.0028,-2,0.9249,8,14,0.705,0.9742
PRJ3-01061,Aspen Corporate Center 1061,Commercial,West,NV,Private,Unit Price,Design-Build,High,Moderate,Standard,2020-01-23,2020-11-28,2020,99243900,884,0.351,0.3525,0.9836,1.0419,0.0003,-1,0.9438,17,19,0.548,0.9482
PRJ3-01062,Liberty Civic Complex 1062,Institutional,Midwest,IL,Private,Guaranteed Maximum Price,Design-Bid-Build,Very High,Low,Standard,2023-01-05,2024-08-17,2024,40350500,1021,0.578,0.5114,1.021,0.8687,-0.007,68,0.8526,15,21,0.969,0.9622
PRJ3-01063,Pioneer Water Program 1063,Heavy Civil,West,OR,Public,Guaranteed Maximum Price,Design-Bid-Build,High,Low,Slow,2019-09-08,2021-02-11,2021,216457700,1181,0.442,0.3969,0.8936,0.86,0.0447,53,0.7606,30,20,0.82,0.9373
PRJ3-01064,Mesa Research Facility 1064,Institutional,Midwest,MI,Private,Guaranteed Maximum Price,IPD,High,Moderate,Slow,2019-03-18,2020-06-25,2020,172852300,791,0.589,0.545,0.8985,0.9406,0.0826,35,0.952,15,18,0.279,0.9577
PRJ3-01065,Redwood Utility Corridor 1065,Infrastructure,Mountain,WY,Private,Guaranteed Maximum Price,CMAR,Moderate,High,Standard,2021-09-05,2023-05-04,2023,338334200,1369,0.443,0.3845,0.9918,0.9549,0.0016,80,1.0059,11,4,1.036,0.9703
PRJ3-01066,Harbor Office Campus 1066,Commercial,Southeast,FL,Private,Guaranteed Maximum Price,Design-Build,Moderate,Moderate,Fast,2024-04-06,2024-11-09,2024,78725100,575,0.378,0.3733,1.1171,1.0086,-0.014,3,1.0128,0,16,0.253,0.9761
PRJ3-01067,Copper Neighborhood 1067,Residential,Southwest,AZ,Private,Unit Price,Design-Bid-Build,Low,High,Standard,2025-01-17,2025-08-21,2025,65080400,379,0.57,0.5724,0.9754,1.0156,0.0299,-1,1.1081,18,0,0.514,0.9609
PRJ3-01068,Harbor Transit Program 1068,Infrastructure,Mountain,UT,Private,Unit Price,Design-Bid-Build,High,Moderate,Standard,2021-03-13,2022-09-20,2022,242150200,1403,0.397,0.4001,0.8233,1.0083,0.09,-4,1.0065,33,23,0.654,0.9478
PRJ3-01069,Redwood Medical Center 1069,Institutional,Midwest,MI,Public,Unit Price,CMAR,High,High,Fast,2022-01-07,2023-01-15,2023,229416000,896,0.417,0.4603,1.0084,1.0544,-0.0117,-39,0.9488,7,13,0.602,0.9911
PRJ3-01070,Gateway Transit-Oriented Development 1070,Mixed-Use,West,OR,Private,Cost Plus,Design-Build,High,Low,Standard,2022-10-07,2023-10-21,2023,188814600,854,0.444,0.4282,0.9668,0.9581,0.0209,13,0.9558,18,8,0.651,0.9516
PRJ3-01071,Mesa Housing 1071,Residential,Northeast,PA,Public,Lump Sum,Design-Bid-Build,Low,Low,Fast,2023-01-02,2023-11-27,2023,32305500,707,0.466,0.4482,0.9797,0.976,0.0161,13,1.0394,13,8,0.261,0.9779
PRJ3-01072,Pioneer Research Facility 1072,Institutional,Midwest,IL,Private,Guaranteed Maximum Price,IPD,Moderate,Moderate,Standard,2023-02-18,2023-11-28,2023,41486300,570,0.498,0.479,1.0761,0.9686,-0.0308,11,1.1499,6,14,0.263,0.9527
PRJ3-01073,Lakeview Medical Center 1073,Institutional,Southeast,NC,Public-Private Partnership,Guaranteed Maximum Price,Design-Bid-Build,High,Low,Fast,2023-11-13,2025-06-02,2025,82907100,954,0.595,0.5395,0.8262,0.8795,0.1177,53,1.0111,29,5,0.752,0.9693
PRJ3-01074,Lakeview Residences 1074,Residential,Northeast,NJ,Public,Cost Plus,Design-Build,Low,Low,Standard,2022-01-17,2022-08-28,2022,32362200,455,0.492,0.5,0.9675,0.9589,0.0142,-4,0.9606,0,19,0.782,0.9892
PRJ3-01075,Canyon Bridge Program 1075,Heavy Civil,Mountain,UT,Private,Lump Sum,Design-Build,High,Moderate,Standard,2024-05-25,2025-08-18,2025,105945000,1210,0.372,0.3434,0.9919,0.8999,-0.0027,35,0.9491,31,21,0.703,0.9559
PRJ3-01076,Mesa Highway Improvements 1076,Heavy Civil,Midwest,MI,Private,Guaranteed Maximum Price,Design-Build,High,High,Standard,2020-10-20,2022-03-25,2022,300877200,1256,0.415,0.4275,1.0231,0.9762,-0.0046,-16,0.953,0,13,0.991,0.9645
PRJ3-01077,Copper Residences 1077,Residential,West,NV,Public,Unit Price,Design-Bid-Build,Moderate,Low,Slow,2022-04-23,2023-04-06,2023,65893200,755,0.461,0.3933,0.8405,0.8475,0.0578,51,0.9291,25,5,0.886,0.9705
PRJ3-01078,Redwood Airport Improvements 1078,Infrastructure,West,CA,Private,Guaranteed Maximum Price,CMAR,Very High,Low,Fast,2023-06-15,2024-11-13,2024,278217300,1467,0.353,0.3667,0.9709,0.9821,0.0253,-20,0.9492,45,0,0.88,0.9596
PRJ3-01079,Canyon Earthworks Package 1079,Heavy Civil,Northeast,PA,Public,Lump Sum,Design-Build,High,Low,Standard,2022-10-23,2024-09-09,2024,361262300,1206,0.57,0.4999,0.9369,0.9269,0.0116,85,0.9821,9,11,1.118,0.95
PRJ3-01080,Evergreen Office Campus 1080,Commercial,Northeast,NJ,Public,Guaranteed Maximum Price,Design-Build,High,High,Standard,2023-04-07,2024-01-13,2024,47728600,669,0.421,0.4186,1.0115,0.9318,0.0109,2,1.1296,8,17,0.567,0.9467
PRJ3-01081,Mesa Water Program 1081,Heavy Civil,Southwest,TX,Private,Unit Price,Design-Bid-Build,Moderate,High,Slow,2021-07-19,2023-01-28,2023,242047800,1135,0.492,0.4857,0.9624,0.9879,0.024,7,0.9805,21,5,0.766,0.9538
PRJ3-01082,Summit Residences 1082,Residential,Southeast,FL,Private,Guaranteed Maximum Price,Design-Bid-Build,High,Moderate,Fast,2023-06-16,2024-07-15,2024,64281200,703,0.562,0.4976,0.9031,0.9314,0.0571,45,0.9544,9,15,0.758,0.9804
PRJ3-01083,Mesa District 1083,Mixed-Use,Midwest,MN,Private,Cost Plus,Design-Bid-Build,Moderate,Low,Fast,2023-02-17,2024-09-28,2024,129362400,1079,0.546,0.4712,0.9369,0.8793,0.018,81,0.9247,12,16,0.183,0.9598
PRJ3-01084,Canyon Apartments 1084,Residential,Southeast,GA,Public,Lump Sum,IPD,Very High,Moderate,Slow,2023-12-13,2024-09-17,2024,50418000,564,0.496,0.3674,0.8701,0.8255,0.0563,73,0.998,15,17,0.705,0.9551
PRJ3-01085,Canyon Civic Complex 1085,Institutional,Midwest,IL,Public,Unit Price,Design-Bid-Build,Very High,High,Standard,2023-08-03,2024-11-29,2024,108497600,1034,0.469,0.3974,0.8473,0.8792,0.063,74,0.9311,35,20,0.777,0.9542
PRJ3-01086,Harbor Earthworks Package 1086,Heavy Civil,Southwest,AZ,Private,Guaranteed Maximum Price,Design-Build,Low,Moderate,Slow,2022-01-01,2023-04-22,2023,245939300,985,0.484,0.5187,0.9961,1.0843,0.0167,-34,1.0405,4,0,0.601,0.971
PRJ3-01087,Liberty Corporate Center 1087,Commercial,Midwest,MO,Private,Lump Sum,Design-Bid-Build,Very High,Low,Fast,2025-02-16,2025-10-23,2025,53030700,672,0.371,0.3521,0.8995,0.9567,0.0234,13,0.9289,23,21,0.72,0.9637
PRJ3-01088,Redwood Logistics Center 1088,Industrial,Southwest,AZ,Private,Unit Price,IPD,Low,Moderate,Standard,2024-01-24,2025-01-20,2025,189651700,832,0.436,0.4775,1.0227,1.12,-0.0313,-35,1.1155,14,13,0.449,0.9725
PRJ3-01089,Aspen Process Plant 1089,Industrial,Southwest,NM,Public,Cost Plus,CMAR,High,High,Standard,2021-07-06,2022-06-20,2022,185885800,974,0.359,0.3607,0.9515,0.9244,0.0232,-2,1.0372,17,0,1.084,0.969
PRJ3-01090,Evergreen Neighborhood 1090,Residential,Mountain,ID,Private,Unit Price,Design-Build,Moderate,Moderate,Fast,2019-02-03,2019-10-18,2019,57195100,459,0.561,0.5604,1.1383,0.9917,-0.0581,0,1.0311,0,12,0.549,0.9797
PRJ3-01091,Lakeview Logistics Center 1091,Industrial,Mountain,MT,Private,Lump Sum,Design-Bid-Build,Low,High,Fast,2020-09-15,2021-10-28,2021,71446200,751,0.544,0.6271,1.0008,1.1084,-0.0014,-62,1.0709,26,2,0.582,0.9896
PRJ3-01092,Horizon Logistics Center 1092,Industrial,Midwest,MN,Private,Guaranteed Maximum Price,Design-Build,Very High,High,Standard,2017-10-31,2019-04-23,2019,228468100,981,0.55,0.5191,1.0174,0.9642,-0.011,30,1.0093,34,19,0.715,0.9684
PRJ3-01093,Canyon Airport Improvements 1093,Infrastructure,Southeast,VA,Public-Private Partnership,Lump Sum,Design-Build,Moderate,Low,Fast,2019-07-26,2020-12-15,2020,365036600,1093,0.465,0.4722,0.9498,1.0462,0.0107,-8,1.0317,21,27,0.656,0.9697
PRJ3-01094,Horizon Public Works Program 1094,Infrastructure,Southeast,VA,Private,Unit Price,Design-Build,High,Moderate,Fast,2022-08-05,2024-02-10,2024,158702700,1281,0.433,0.3869,0.9593,0.9146,0.0234,59,0.9713,4,5,0.628,0.9877
PRJ3-01095,Pioneer Retail Center 1095,Commercial,West,NV,Public,Lump Sum,Design-Bid-Build,High,Moderate,Fast,2024-05-16,2025-04-13,2025,34117800,707,0.47,0.4389,0.9584,0.9237,0.0237,22,0.9465,0,22,0.608,0.9618
PRJ3-01096,Northstar Corporate Center 1096,Commercial,West,OR,Private,Unit Price,CMAR,Very High,High,Standard,2022-05-02,2023-05-15,2023,127983700,809,0.468,0.4778,0.9945,0.9617,0.0159,-8,0.9841,10,3,0.714,0.9756
PRJ3-01097,Redwood Apartments 1097,Residential,Northeast,PA,Private,Lump Sum,Design-Build,High,Moderate,Standard,2023-10-12,2024-06-11,2024,81713600,509,0.478,0.4313,0.9883,0.9069,0.0087,24,1.0376,1,15,0.621,0.9693
PRJ3-01098,Cedar Transit Program 1098,Infrastructure,Southeast,NC,Private,Cost Plus,Design-Build,Moderate,High,Standard,2020-01-03,2021-12-11,2021,119081300,1327,0.534,0.5183,0.9648,0.9665,0.0178,21,1.063,8,8,0.446,0.9941
PRJ3-01099,Summit Corporate Center 1099,Commercial,West,NV,Private,Guaranteed Maximum Price,Design-Bid-Build,Moderate,High,Fast,2020-01-07,2021-03-04,2021,46337100,713,0.592,0.6323,1.0984,1.0619,-0.0584,-29,1.0829,6,3,0.417,0.9479
PRJ3-01100,Redwood Apartments 1100,Residential,Southeast,NC,Private,Cost Plus,Design-Build,Very High,Low,Standard,2023-11-03,2024-05-27,2024,130029500,494,0.419,0.3947,0.8005,0.967,0.1032,12,0.9104,6,25,0.347,0.9508
PRJ3-01101,Riverside Water Program 1101,Heavy Civil,Midwest,MI,Private,Lump Sum,CMAR,Very High,Low,Standard,2021-07-11,2023-02-21,2023,104208500,1099,0.537,0.4927,0.8527,0.8701,0.0959,49,0.8272,27,12,0.669,0.9546
PRJ3-01102,Liberty Process Plant 1102,Industrial,West,OR,Private,Lump Sum,CMAR,High,Low,Standard,2019-12-18,2021-01-04,2021,81394100,1047,0.366,0.404,0.9423,0.9908,0.0289,-40,0.9851,34,11,0.66,0.9503
PRJ3-01103,Liberty Apartments 1103,Residential,Southeast,GA,Private,Cost Plus,Design-Build,Moderate,Moderate,Standard,2021-09-22,2022-07-07,2022,72796000,808,0.357,0.358,0.9611,0.9972,-0.0004,-1,1.0904,35,3,0.138,0.9815
PRJ3-01104,Horizon Airport Improvements 1104,Infrastructure,West,OR,Private,Guaranteed Maximum Price,Design-Bid-Build,High,High,Standard,2021-08-04,2022-12-06,2022,169609700,1235,0.396,0.4007,1.0247,1.0061,-0.01,-6,1.0385,8,1,0.548,0.9823
PRJ3-01105,Aspen Neighborhood 1105,Residential,West,OR,Public,Guaranteed Maximum Price,IPD,High,Low,Standard,2025-01-24,2025-11-25,2025,59208200,655,0.466,0.4049,0.9327,0.8957,0.0259,40,0.9633,19,9,0.485,0.9743
PRJ3-01106,Crescent Manufacturing Facility 1106,Industrial,Midwest,MO,Private,Unit Price,CMAR,Moderate,Moderate,Slow,2020-02-23,2021-01-31,2021,186500200,870,0.395,0.3679,1.074,0.9487,-0.0199,24,0.9569,11,2,0.421,0.9823
PRJ3-01107,Gateway Distribution Hub 1107,Industrial,Southwest,TX,Public-Private Partnership,Lump Sum,Design-Bid-Build,Very High,Low,Slow,2021-06-16,2022-10-18,2022,288396500,996,0.491,0.4316,0.8577,0.881,0.0755,59,0.8013,45,12,0.684,0.9347
PRJ3-01108,Northstar Neighborhood 1108,Residential,Southwest,AZ,Private,Lump Sum,IPD,High,Moderate,Fast,2019-07-06,2020-03-28,2020,52539700,507,0.525,0.5241,0.99,1.001,-0.0012,0,0.9794,6,5,0.494,0.9785
PRJ3-01109,Harbor Water Program 1109,Heavy Civil,West,NV,Public,Cost Plus,IPD,High,High,Standard,2020-10-07,2022-01-08,2022,338762700,1052,0.436,0.4428,1.0374,1.0152,-0.0114,-7,1.022,0,2,0.626,0.9807
PRJ3-01110,Gateway Marketplace 1110,Commercial,Southeast,VA,Private,Lump Sum,Design-Build,Low,Low,Slow,2018-07-16,2019-01-08,2019,195631000,346,0.51,0.4781,0.9808,0.9085,0.007,11,0.9504,30,24,0.663,0.9658
PRJ3-01111,Evergreen Urban Village 1111,Mixed-Use,Mountain,CO,Private,Lump Sum,CMAR,Low,High,Standard,2023-05-25,2024-09-04,2024,156474000,887,0.528,0.5199,1.065,0.9944,-0.0349,7,1.013,0,12,0.055,0.9863
PRJ3-01112,Copper Neighborhood 1112,Residential,Southwest,AZ,Public,Guaranteed Maximum Price,Design-Bid-Build,High,Low,Fast,2025-03-17,2025-11-18,2025,88413200,631,0.391,0.4115,0.8898,0.9715,0.052,-13,1.0098,6,11,0.529,0.9656
PRJ3-01113,Riverside Marketplace 1113,Commercial,Midwest,IL,Public-Private Partnership,Guaranteed Maximum Price,CMAR,Moderate,High,Slow,2024-01-18,2025-03-28,2025,47729600,848,0.514,0.5016,1.0,1.0759,-0.0019,11,0.9004,5,18,0.339,0.9841
PRJ3-01114,Canyon Corporate Center 1114,Commercial,West,NV,Public,Guaranteed Maximum Price,CMAR,Low,Low,Standard,2023-04-19,2024-03-25,2024,65407800,655,0.522,0.5363,1.0049,1.0147,-0.0144,-9,1.046,31,0,0.384,0.9563
PRJ3-01115,Summit Highway Improvements 1115,Heavy Civil,Midwest,MO,Public,Guaranteed Maximum Price,Design-Build,Very High,Low,Standard,2021-07-03,2022-12-04,2022,119438100,1175,0.442,0.4348,0.9082,0.8545,0.0302,8,0.88,33,27,1.083,0.9501
PRJ3-01116,Canyon Process Plant 1116,Industrial,Southeast,VA,Public,Guaranteed Maximum Price,CMAR,High,High,Fast,2022-02-13,2023-11-28,2023,366065200,1157,0.565,0.5568,1.0237,1.0268,-0.0053,9,1.0176,15,12,0.28,0.9581
PRJ3-01117,Lakeview Logistics Center 1117,Industrial,Mountain,CO,Public,Guaranteed Maximum Price,CMAR,Moderate,Moderate,Slow,2021-06-12,2022-11-21,2022,83287400,927,0.569,0.4741,1.0912,0.8088,-0.0551,88,1.0888,3,23,0.592,0.9444
PRJ3-01118,Canyon Transit-Oriented Development 1118,Mixed-Use,Northeast,MA,Public-Private Partnership,Guaranteed Maximum Price,CMAR,High,Moderate,Standard,2023-01-11,2024-07-16,2024,135504300,1270,0.435,0.4029,0.9108,0.9492,0.0389,41,1.0409,10,12,0.561,0.9615
PRJ3-01119,Gateway Retail Center 1119,Commercial,Southwest,AZ,Private,Guaranteed Maximum Price,CMAR,Moderate,Moderate,Standard,2023-03-23,2023-11-08,2023,76549400,629,0.367,0.3643,0.9565,1.001,0.0173,2,1.0895,10,5,0.572,0.9481
PRJ3-01120,Summit Airport Improvements 1120,Infrastructure,Northeast,NY,Public,Lump Sum,Design-Bid-Build,Moderate,Moderate,Standard,2023-01-16,2024-06-10,2024,85101300,1291,0.396,0.3746,0.91,0.9395,0.0191,28,0.9169,12,14,0.673,0.9717
PRJ3-01121,Lakeview Distribution Hub 1121,Industrial,Mountain,CO,Private,Cost Plus,Design-Build,High,Moderate,Standard,2021-12-01,2022-11-15,2022,137345900,799,0.437,0.4002,1.068,0.9245,-0.0137,29,0.956,23,19,0.615,0.9538
PRJ3-01122,Canyon Housing 1122,Residential,Mountain,ID,Public-Private Partnership,Lump Sum,Design-Build,Very High,Moderate,Standard,2021-03-04,2022-03-22,2022,336583400,722,0.531,0.5143,0.984,0.9985,0.0039,12,1.0467,17,21,1.088,0.9644
PRJ3-01123,Aspen Apartments 1123,Residential,Northeast,CT,Private,Guaranteed Maximum Price,CMAR,Moderate,Moderate,Fast,2021-04-24,2021-12-07,2021,38188000,471,0.483,0.5013,1.0699,1.0256,-0.0255,-9,0.9569,0,19,0.308,0.977
PRJ3-01124,Mesa Corporate Center 1124,Commercial,Southeast,FL,Public-Private Partnership,Guaranteed Maximum Price,Design-Bid-Build,High,Low,Slow,2020-08-10,2021-05-22,2021,131685600,573,0.498,0.4318,0.887,0.8769,0.0587,38,0.8953,18,13,0.851,0.979
PRJ3-01125,Copper Apartments 1125,Residential,Midwest,MN,Public,Lump Sum,Design-Bid-Build,Low,High,Slow,2024-06-07,2025-04-21,2025,44398200,539,0.59,0.5831,1.0207,1.0306,-0.0135,4,0.933,16,15,0.488,0.9517
PRJ3-01126,Horizon Education Center 1126,Institutional,Mountain,WY,Public-Private Partnership,Guaranteed Maximum Price,CMAR,Low,High,Fast,2021-12-05,2022-07-07,2022,78087600,525,0.409,0.4226,1.0354,1.0861,0.0018,-7,1.1219,0,9,0.367,0.9743
PRJ3-01127,Riverside Housing 1127,Residential,Northeast,CT,Private,Cost Plus,Design-Bid-Build,Low,High,Standard,2022-04-06,2022-12-30,2022,48494800,479,0.561,0.5854,1.0768,0.9932,-0.0358,-12,0.9844,0,10,0.532,0.9673
PRJ3-01128,Copper Town Center 1128,Mixed-Use,Midwest,MN,Public,Guaranteed Maximum Price,Design-Bid-Build,Moderate,Low,Fast,2024-01-24,2024-12-21,2024,134985700,864,0.385,0.3542,0.9159,0.9275,0.0184,27,1.0134,8,9,0.583,0.9664
PRJ3-01129,Summit Distribution Hub 1129,Industrial,Mountain,ID,Public,Unit Price,Design-Bid-Build,Moderate,High,Standard,2023-07-12,2024-12-24,2024,200627000,911,0.583,0.5424,1.044,0.9548,-0.0167,37,1.0495,18,12,0.332,0.9865
PRJ3-01130,Horizon Logistics Center 1130,Industrial,Southwest,AZ,Private,Cost Plus,Design-Build,High,Low,Fast,2024-07-23,2025-12-19,2025,89338800,1141,0.451,0.4504,0.9205,1.0481,0.0227,1,0.8972,27,6,0.272,0.9621
PRJ3-01131,Copper Education Center 1131,Institutional,Southwest,NM,Private,Guaranteed Maximum Price,CMAR,Moderate,Moderate,Fast,2020-11-13,2021-10-06,2021,346390100,712,0.46,0.49,1.015,1.0731,-0.0127,-21,1.1223,3,12,0.413,0.942
PRJ3-01132,Lakeview Civic Complex 1132,Institutional,Southeast,VA,Public,Guaranteed Maximum Price,Design-Bid-Build,High,Moderate,Standard,2024-07-21,2025-11-23,2025,77963800,898,0.546,0.5116,0.9959,0.9245,-0.011,31,0.9262,36,20,0.738,0.9745
PRJ3-01133,Northstar Process Plant 1133,Industrial,Southeast,TN,Private,Unit Price,IPD,High,Moderate,Fast,2022-01-05,2022-12-22,2022,71022200,782,0.449,0.4365,1.0212,1.0364,0.0094,10,0.9298,3,22,0.37,0.9729
PRJ3-01134,Mesa Neighborhood 1134,Residential,Northeast,NJ,Public,Guaranteed Maximum Price,Design-Build,High,High,Fast,2024-02-21,2025-02-21,2025,32382800,673,0.545,0.5548,1.0061,1.0479,-0.0203,-7,1.0791,27,20,0.291,0.9776
PRJ3-01135,Horizon Office Campus 1135,Commercial,West,OR,Public,Guaranteed Maximum Price,IPD,Very High,Moderate,Fast,2022-03-18,2023-07-04,2023,164126400,871,0.544,0.4679,0.9368,0.8919,0.0309,66,0.9322,20,0,0.307,0.9499
PRJ3-01136,Cedar Manufacturing Facility 1136,Industrial,West,WA,Public,Cost Plus,Design-Bid-Build,Moderate,Moderate,Standard,2025-02-16,2025-11-04,2025,107425800,733,0.357,0.2829,1.0371,0.9049,0.0072,54,1.0318,0,3,0.888,0.9553
PRJ3-01137,Harbor Medical Center 1137,Institutional,West,OR,Public,Guaranteed Maximum Price,IPD,Very High,Moderate,Slow,2022-08-22,2024-01-19,2024,70575700,1066,0.484,0.4421,0.8845,0.853,0.0424,45,0.822,40,0,0.792,0.9459
PRJ3-01138,Copper Civic Complex 1138,Institutional,Midwest,MN,Private,Guaranteed Maximum Price,Design-Bid-Build,Moderate,Low,Standard,2023-05-20,2024-03-27,2024,78121900,654,0.478,0.4435,0.8999,0.9652,0.0634,23,0.9106,20,20,0.753,0.9469
PRJ3-01139,Riverside District 1139,Mixed-Use,Mountain,MT,Private,Lump Sum,Design-Build,High,Moderate,Standard,2022-12-19,2023-09-28,2023,148556100,603,0.47,0.453,1.032,0.9692,-0.0173,10,0.9501,0,7,0.862,0.9749
PRJ3-01140,Aspen Education Center 1140,Institutional,Mountain,MT,Private,Guaranteed Maximum Price,Design-Build,High,Moderate,Standard,2024-08-04,2025-09-15,2025,93418400,855,0.477,0.502,0.9194,0.9902,0.0421,-21,0.9168,14,13,0.595,0.985
PRJ3-01141,Northstar Retail Center 1141,Commercial,West,CA,Private,Lump Sum,IPD,Very High,Moderate,Slow,2022-12-09,2024-01-24,2024,124833900,690,0.597,0.56,0.9313,0.9163,0.0486,26,0.991,44,10,0.76,0.9605
PRJ3-01142,Redwood District 1142,Mixed-Use,Midwest,IL,Public,Guaranteed Maximum Price,IPD,High,Moderate,Standard,2023-09-17,2025-01-28,2025,155351300,1021,0.489,0.5125,1.0459,1.0588,-0.0358,-24,0.9318,26,11,1.22,0.9766
PRJ3-01143,Redwood Neighborhood 1143,Residential,Mountain,UT,Public,Guaranteed Maximum Price,IPD,High,Low,Standard,2022-04-04,2022-12-26,2022,60196600,547,0.488,0.4643,0.9622,0.9071,0.0264,13,0.9496,0,7,0.39,0.976
PRJ3-01144,Redwood Retail Center 1144,Commercial,Midwest,MI,Public,Lump Sum,Design-Build,Moderate,High,Standard,2024-03-22,2024-10-17,2024,343068800,425,0.493,0.4666,1.0244,0.9477,0.0277,11,0.9447,2,8,0.334,0.9837
PRJ3-01145,Cedar Urban Village 1145,Mixed-Use,Mountain,WY,Public,Lump Sum,Design-Bid-Build,High,Low,Standard,2018-10-14,2019-10-18,2019,198195400,843,0.438,0.3837,0.844,0.8713,0.072,46,0.918,13,20,0.693,0.9724
PRJ3-01146,Crescent Civic Complex 1146,Institutional,Mountain,MT,Private,Lump Sum,Design-Bid-Build,Moderate,Low,Slow,2021-03-08,2021-12-28,2021,76101900,804,0.367,0.3462,0.9131,0.8929,0.0243,17,0.8649,22,10,0.677,0.9597
PRJ3-01147,Mesa Office Campus 1147,Commercial,Northeast,PA,Public,Guaranteed Maximum Price,Design-Build,Moderate,Moderate,Standard,2022-11-23,2023-08-03,2023,123764300,553,0.459,0.4515,1.0021,0.9508,-0.0201,4,0.9811,14,7,0.898,0.9724
PRJ3-01148,Summit Office Campus 1148,Commercial,Mountain,UT,Private,Guaranteed Maximum Price,Design-Bid-Build,Moderate,High,Standard,2019-07-22,2020-03-17,2020,55841400,446,0.538,0.4751,1.0075,0.8777,0.0058,28,0.9929,25,6,0.818,0.9817
PRJ3-01149,Mesa Town Center 1149,Mixed-Use,West,CA,Public,Cost Plus,Design-Build,Very High,Moderate,Standard,2020-04-24,2021-04-21,2021,118275000,949,0.382,0.3223,0.8495,0.867,0.0665,57,0.9103,19,9,1.038,0.9724
PRJ3-01150,Crescent District 1150,Mixed-Use,Mountain,ID,Private,Unit Price,Design-Build,Low,Moderate,Standard,2019-06-14,2020-10-05,2020,239417300,1033,0.464,0.4247,1.1263,0.944,-0.0501,41,0.9336,24,12,0.567,0.9561
PRJ3-01151,Northstar Transit-Oriented Development 1151,Mixed-Use,Southeast,VA,Private,Lump Sum,Design-Build,Low,Moderate,Fast,2020-01-25,2021-07-05,2021,150683600,945,0.558,0.5913,1.0422,1.0119,-0.0093,-31,1.0467,0,13,0.674,0.9798
PRJ3-01152,Liberty Highway Improvements 1152,Heavy Civil,Southeast,GA,Private,Cost Plus,Design-Build,Moderate,Moderate,Standard,2019-12-13,2021-02-18,2021,548219400,1123,0.386,0.4017,0.8678,0.9541,0.0709,-18,0.8973,27,18,0.445,0.9794
PRJ3-01153,Lakeview Residences 1153,Residential,Southeast,FL,Public,Guaranteed Maximum Price,Design-Build,High,Moderate,Standard,2024-10-05,2025-05-18,2025,73210100,490,0.461,0.4702,1.0075,1.0107,-0.0035,-5,0.9702,21,17,0.551,0.9754
PRJ3-01154,Horizon Civic Complex 1154,Institutional,Mountain,MT,Private,Cost Plus,Design-Bid-Build,Moderate,Low,Standard,2024-04-18,2024-12-30,2024,160022100,595,0.431,0.4181,0.9249,0.9074,0.0389,8,0.9107,10,10,0.659,0.9663
PRJ3-01155,Copper Education Center 1155,Institutional,Northeast,PA,Private,Lump Sum,CMAR,High,Low,Slow,2023-06-21,2025-04-21,2025,217259300,1233,0.544,0.4587,0.8989,0.8398,0.0229,105,0.8142,12,15,0.833,0.949
PRJ3-01156,Evergreen Transit-Oriented Development 1156,Mixed-Use,Southeast,GA,Private,Guaranteed Maximum Price,CMAR,Moderate,Moderate,Slow,2024-01-12,2025-03-24,2025,154492600,1051,0.416,0.4075,0.8526,0.9546,0.0615,9,0.8851,29,5,0.452,0.9594
PRJ3-01157,Aspen Water Program 1157,Heavy Civil,Southwest,AZ,Private,Guaranteed Maximum Price,Design-Bid-Build,Very High,Moderate,Standard,2022-04-22,2024-05-04,2024,169148300,1342,0.554,0.5058,1.0772,0.892,-0.007,65,0.8318,28,17,0.994,0.966
PRJ3-01158,Northstar Logistics Center 1158,Industrial,Mountain,ID,Private,Guaranteed Maximum Price,Design-Bid-Build,High,Moderate,Standard,2017-11-04,2019-04-17,2019,190924600,1074,0.493,0.4285,0.9396,0.8484,0.0291,69,0.9962,37,21,0.659,0.9538
PRJ3-01159,Pioneer Apartments 1159,Residential,Midwest,MO,Public,Lump Sum,Design-Bid-Build,Moderate,Moderate,Standard,2024-05-10,2025-02-03,2025,23788200,621,0.434,0.4342,1.0459,0.9364,-0.0146,0,0.9926,0,10,0.457,0.98
PRJ3-01160,Copper Medical Center 1160,Institutional,Mountain,MT,Public,Lump Sum,Design-Build,High,Moderate,Fast,2018-06-19,2019-06-22,2019,163766900,956,0.385,0.3611,1.0588,0.9623,-0.031,23,0.9797,24,10,0.596,0.9767
PRJ3-01161,Northstar Public Works Program 1161,Infrastructure,Northeast,PA,Private,Guaranteed Maximum Price,Design-Bid-Build,Moderate,High,Fast,2023-05-24,2025-02-04,2025,287758200,1043,0.597,0.6434,1.0296,1.0882,-0.0082,-48,1.0083,23,9,0.489,0.9836
PRJ3-01162,Canyon Public Works Program 1162,Infrastructure,Southeast,TN,Private,Unit Price,CMAR,Moderate,Moderate,Fast,2020-12-03,2022-04-03,2022,270314400,822,0.592,0.6329,0.9486,1.0231,0.0076,-34,1.0555,14,20,0.384,0.988
PRJ3-01163,Aspen Office Campus 1163,Commercial,Mountain,ID,Private,Lump Sum,Design-Bid-Build,Moderate,Moderate,Standard,2019-06-17,2020-05-28,2020,42800000,715,0.485,0.4591,0.8858,0.9493,0.0653,19,1.0322,15,7,0.656,0.9781
PRJ3-01164,Summit Highway Improvements 1164,Heavy Civil,Mountain,UT,Public,Lump Sum,Design-Build,Moderate,Moderate,Standard,2019-02-07,2020-01-14,2020,146150400,856,0.399,0.3661,1.0293,0.96,0.0065,28,0.9605,39,13,0.554,0.9769
PRJ3-01165,Liberty Civic Complex 1165,Institutional,Southeast,NC,Private,Unit Price,IPD,Low,High,Slow,2023-04-04,2024-06-28,2024,76042000,900,0.502,0.5267,0.8939,0.9775,0.0643,-22,1.067,11,22,0.806,0.9751
PRJ3-01166,Canyon Highway Improvements 1166,Heavy Civil,West,CA,Public-Private Partnership,Guaranteed Maximum Price,Design-Build,High,Moderate,Slow,2021-08-13,2023-08-20,2023,176091900,1328,0.555,0.5011,0.8813,0.891,0.0464,72,0.8889,1,5,0.659,0.956
PRJ3-01167,Granite Logistics Center 1167,Industrial,Mountain,MT,Private,Guaranteed Maximum Price,Design-Build,Moderate,Moderate,Fast,2020-07-09,2022-02-16,2022,244521300,1242,0.473,0.4666,1.0853,0.972,-0.0301,8,1.0914,17,15,0.737,0.9587
PRJ3-01168,Aspen Education Center 1168,Institutional,Mountain,WY,Private,Lump Sum,Design-Bid-Build,Very High,High,Standard,2020-09-01,2021-11-25,2021,103575600,935,0.482,0.4727,0.9308,0.9349,0.0194,9,1.0079,3,12,1.126,0.9702
PRJ3-01169,Lakeview Utility Corridor 1169,Infrastructure,Southwest,TX,Private,Lump Sum,Design-Bid-Build,Moderate,High,Standard,2018-07-01,2019-11-23,2019,196186400,1118,0.457,0.4052,1.0042,0.9202,-0.0149,58,1.0483,10,0,0.725,0.9671
PRJ3-01170,Summit Process Plant 1170,Industrial,Southeast,VA,Public,Lump Sum,Design-Bid-Build,Moderate,High,Fast,2020-09-22,2021-07-11,2021,189301200,834,0.351,0.3597,0.8744,0.9731,0.0286,-7,0.9976,3,19,0.61,0.9747
PRJ3-01171,Riverside Research Facility 1171,Institutional,West,NV,Public,Cost Plus,Design-Build,Very High,Low,Standard,2023-01-25,2023-11-22,2023,73144500,730,0.413,0.3858,0.8821,0.9285,0.0375,20,0.797,18,0,0.727,0.9645
PRJ3-01172,Riverside Research Facility 1172,Institutional,Mountain,ID,Private,Lump Sum,Design-Bid-Build,High,High,Standard,2023-05-09,2023-11-27,2023,128658500,562,0.361,0.3075,0.8948,0.8601,0.0675,30,1.0507,27,16,0.926,0.9526
PRJ3-01173,Crescent Logistics Center 1173,Industrial,Mountain,MT,Private,Lump Sum,CMAR,High,Low,Slow,2022-10-08,2023-10-03,2023,116545400,939,0.384,0.3303,0.8436,0.8613,0.0318,50,0.9324,37,2,0.601,0.9518
PRJ3-01174,Granite Research Facility 1174,Institutional,West,OR,Private,Guaranteed Maximum Price,Design-Build,High,Moderate,Standard,2019-09-20,2020-12-08,2020,192288300,782,0.57,0.533,0.8846,0.9442,0.059,29,0.9558,13,5,0.734,0.9768
PRJ3-01175,Copper Apartments 1175,Residential,West,WA,Private,Guaranteed Maximum Price,Design-Bid-Build,Moderate,Moderate,Standard,2019-05-14,2020-02-28,2020,54452100,632,0.459,0.4429,1.0338,0.9197,0.0127,10,1.0068,15,2,0.521,0.957
PRJ3-01176,Harbor Town Center 1176,Mixed-Use,Southwest,NM,Private,Cost Plus,IPD,Moderate,High,Fast,2019-02-13,2020-08-08,2020,448709800,916,0.592,0.6168,1.0232,1.0366,-0.0169,-23,1.16,0,12,0.294,0.9789
PRJ3-01177,Horizon Medical Center 1177,Institutional,West,WA,Public-Private Partnership,Guaranteed Maximum Price,Design-Bid-Build,High,Moderate,Standard,2018-10-19,2019-12-28,2019,96852500,955,0.456,0.4383,0.8704,1.0329,0.0665,17,0.9781,23,0,0.916,0.9731
PRJ3-01178,Gateway Highway Improvements 1178,Heavy Civil,West,NV,Public-Private Partnership,Cost Plus,Design-Bid-Build,Moderate,Moderate,Standard,2024-02-20,2025-11-19,2025,128476000,1305,0.489,0.49,0.8481,0.9915,0.0802,-1,0.9954,20,0,0.511,0.9666
PRJ3-01179,Harbor District 1179,Mixed-Use,West,CA,Public,Cost Plus,IPD,Moderate,High,Standard,2018-11-23,2020-05-07,2020,493625400,903,0.589,0.5913,0.8665,1.0405,0.0794,-2,0.998,13,2,0.838,0.9792
PRJ3-01181,Granite Transit-Oriented Development 1181,Mixed-Use,Southwest,AZ,Public,Guaranteed Maximum Price,Design-Build,Moderate,Moderate,Standard,2025-02-20,2025-12-22,2025,440752300,830,0.368,0.3182,0.9302,0.9144,0.0237,41,1.0089,29,13,0.37,0.9577
PRJ3-01182,Evergreen Process Plant 1182,Industrial,Mountain,WY,Private,Unit Price,IPD,High,Low,Fast,2023-01-05,2024-01-11,2024,268036300,956,0.389,0.3335,0.8941,0.8848,0.0168,53,0.8902,26,8,0.904,0.9654
PRJ3-01183,Summit Medical Center 1183,Institutional,Southwest,TX,Private,Guaranteed Maximum Price,Design-Build,Moderate,High,Standard,2021-12-09,2022-11-20,2022,72434100,842,0.411,0.4084,1.15,1.0447,-0.0527,2,1.1058,0,0,0.282,0.984
PRJ3-01184,Gateway Corporate Center 1184,Commercial,Southeast,FL,Private,Lump Sum,Design-Build,Very High,Moderate,Standard,2020-11-09,2021-10-07,2021,109688900,652,0.51,0.4999,0.9995,0.9788,-0.0014,7,0.9242,30,17,0.524,0.958
PRJ3-01185,Aspen Office Campus 1185,Commercial,West,CA,Private,Unit Price,CMAR,Very High,High,Slow,2018-07-10,2019-08-19,2019,71833800,695,0.584,0.5171,0.8699,0.8702,0.0797,47,0.9428,25,0,0.743,0.9456
PRJ3-01186,Harbor Apartments 1186,Residential,Southeast,GA,Public,Cost Plus,Design-Bid-Build,Low,Moderate,Standard,2021-02-01,2021-12-19,2021,33654400,680,0.473,0.5255,1.0106,1.0919,-0.0035,-36,0.9933,8,24,0.834,0.974
PRJ3-01187,Redwood Retail Center 1187,Commercial,Mountain,CO,Public,Lump Sum,Design-Build,Moderate,Low,Fast,2024-12-05,2025-09-16,2025,98996900,520,0.549,0.5608,1.0479,1.0556,-0.037,-6,0.9533,7,17,0.621,0.9652
PRJ3-01188,Lakeview Urban Village 1188,Mixed-Use,Northeast,MA,Public,Unit Price,Design-Build,High,Moderate,Fast,2021-04-07,2022-07-13,2022,61811300,969,0.477,0.436,0.9912,0.9654,0.0196,40,1.0603,23,16,0.861,0.9566
PRJ3-01189,Northstar Water Program 1189,Heavy Civil,West,CA,Private,Guaranteed Maximum Price,Design-Bid-Build,High,High,Fast,2021-06-01,2023-01-21,2023,148681300,1306,0.459,0.4054,0.97,0.9272,0.0121,70,0.9219,22,15,0.702,0.9635
PRJ3-01190,Pioneer Town Center 1190,Mixed-Use,Mountain,UT,Public-Private Partnership,Lump Sum,Design-Bid-Build,High,Moderate,Fast,2021-06-16,2022-11-24,2022,90867500,1078,0.488,0.4761,1.0345,0.9343,-0.0362,13,0.9721,7,7,1.123,0.959
PRJ3-01191,Copper Medical Center 1191,Institutional,Southwest,AZ,Public,Guaranteed Maximum Price,Design-Build,Moderate,Moderate,Standard,2021-07-17,2022-09-27,2022,78769900,745,0.587,0.5768,0.9577,1.0083,0.0192,8,1.0252,26,9,0.449,0.9669
PRJ3-01193,Liberty Distribution Hub 1193,Industrial,Midwest,MN,Public,Unit Price,Design-Bid-Build,Moderate,Moderate,Fast,2023-12-15,2024-12-28,2024,158558700,916,0.414,0.4211,0.9926,1.0038,-0.0291,-7,0.8862,0,10,0.501,0.9609
PRJ3-01194,Redwood Water Program 1194,Heavy Civil,Midwest,MN,Private,Guaranteed Maximum Price,Design-Bid-Build,Moderate,Moderate,Fast,2024-05-23,2025-04-18,2025,115092900,848,0.39,0.3578,1.0096,0.9455,-0.0255,27,0.9679,30,7,0.395,0.974
PRJ3-01195,Redwood Marketplace 1195,Commercial,Mountain,ID,Private,Lump Sum,CMAR,High,Moderate,Fast,2021-07-23,2023-01-03,2023,37944100,909,0.582,0.623,1.011,1.0415,-0.0101,-37,1.0186,10,15,0.48,0.9946
PRJ3-01196,Liberty Distribution Hub 1196,Industrial,West,WA,Public,Lump Sum,IPD,Low,High,Standard,2023-07-07,2024-07-11,2024,181953800,770,0.481,0.5376,1.0459,1.118,-0.0065,-44,1.0681,0,5,0.781,0.9698
PRJ3-01197,Redwood Apartments 1197,Residential,West,OR,Public,Cost Plus,Design-Bid-Build,Low,Low,Fast,2023-03-20,2023-12-13,2023,22504000,533,0.503,0.4298,1.0269,0.8747,-0.0208,39,0.9701,24,3,0.63,0.9707
PRJ3-01198,Gateway Manufacturing Facility 1198,Industrial,Mountain,MT,Private,Guaranteed Maximum Price,Design-Build,Very High,Moderate,Slow,2023-11-02,2024-12-17,2024,185822100,1009,0.408,0.3485,0.9785,0.8828,0.0152,60,0.9011,17,19,0.808,0.9589
PRJ3-01199,Redwood Retail Center 1199,Commercial,Northeast,NJ,Public,Unit Price,Design-Build,Moderate,Low,Standard,2024-02-14,2025-02-04,2025,48863100,617,0.577,0.5196,0.8902,0.9644,0.0637,35,0.8957,24,22,1.119,0.9686
PRJ3-01200,Horizon Process Plant 1200,Industrial,West,OR,Private,Guaranteed Maximum Price,IPD,Low,Moderate,Slow,2024-03-16,2025-06-03,2025,127269400,849,0.524,0.5381,0.9088,0.9749,0.0561,-12,1.0001,14,0,0.439,0.9733
PRJ3-01201,Lakeview Town Center 1201,Mixed-Use,Northeast,MA,Public,Guaranteed Maximum Price,CMAR,Moderate,Moderate,Standard,2022-05-05,2023-07-10,2023,247973200,931,0.464,0.4851,0.9512,1.0214,-0.0006,-20,1.0278,15,15,0.771,0.9401
PRJ3-01202,Riverside Highway Improvements 1202,Heavy Civil,Mountain,WY,Public-Private Partnership,Unit Price,Design-Bid-Build,High,Low,Fast,2021-10-01,2023-05-15,2023,166507300,1213,0.488,0.49,0.9414,0.995,0.0331,-2,0.9287,12,9,1.326,0.9795
PRJ3-01203,Copper Bridge Program 1203,Heavy Civil,Mountain,WY,Private,Cost Plus,Design-Build,Very High,Low,Standard,2020-09-03,2022-01-15,2022,129843100,1145,0.436,0.3601,0.8065,0.8622,0.0662,87,0.9111,13,13,0.467,0.9575
PRJ3-01204,Canyon Medical Center 1204,Institutional,Midwest,MN,Public,Unit Price,Design-Build,Moderate,Moderate,Standard,2024-05-23,2025-07-07,2025,186671500,692,0.593,0.5684,0.9826,0.9766,0.0345,17,1.0997,21,12,0.61,0.9635
PRJ3-01205,Evergreen Logistics Center 1205,Industrial,Northeast,CT,Public,Guaranteed Maximum Price,Design-Build,Moderate,Moderate,Fast,2019-10-06,2020-08-08,2020,427799500,722,0.426,0.3997,1.1335,0.9747,-0.0368,19,1.0654,17,22,0.551,0.9974
PRJ3-01206,Granite Public Works Program 1206,Infrastructure,West,CA,Public,Guaranteed Maximum Price,Design-Build,High,Moderate,Standard,2024-01-14,2025-04-28,2025,610005200,1179,0.399,0.4018,1.0561,0.9912,-0.0508,-3,0.9083,23,12,0.836,0.9609
PRJ3-01207,Lakeview Civic Complex 1207,Institutional,Southwest,NM,Public,Guaranteed Maximum Price,CMAR,Moderate,High,Standard,2019-09-25,2020-10-07,2020,53291300,770,0.492,0.4945,1.079,1.0097,-0.0461,-2,1.0277,26,14,0.083,0.9806
PRJ3-01208,Pioneer Research Facility 1208,Institutional,Mountain,MT,Private,Lump Sum,Design-Bid-Build,Moderate,Moderate,Standard,2020-07-17,2021-09-12,2021,143718800,956,0.442,0.4688,0.9814,0.9591,0.0225,-26,1.0337,6,28,0.489,0.9674
PRJ3-01209,Redwood Process Plant 1209,Industrial,Southeast,GA,Public,Lump Sum,Design-Bid-Build,High,High,Fast,2018-06-30,2019-05-24,2019,497109900,901,0.365,0.3388,0.9772,0.9533,0.0029,24,1.0231,17,10,0.815,0.9691
PRJ3-01210,Harbor Airport Improvements 1210,Infrastructure,Mountain,ID,Public,Lump Sum,CMAR,Very High,High,Fast,2022-09-17,2023-12-18,2023,230734800,1219,0.375,0.3881,0.8973,0.9869,0.0123,-16,0.8662,12,20,1.073,0.9641
PRJ3-01211,Redwood Housing 1211,Residential,Midwest,MI,Private,Unit Price,IPD,Very High,High,Standard,2024-11-13,2025-11-06,2025,30065400,623,0.576,0.6495,1.0613,1.0829,-0.0167,-46,0.9107,25,31,0.75,0.9703
PRJ3-01212,Mesa Public Works Program 1212,Infrastructure,Southeast,TN,Public,Cost Plus,Design-Build,Very High,High,Fast,2023-05-22,2024-09-09,2024,127781500,1244,0.383,0.381,0.9112,0.9658,0.0405,2,0.9957,2,20,0.845,0.9767
PRJ3-01213,Pioneer Utility Corridor 1213,Infrastructure,Northeast,NJ,Private,Lump Sum,Design-Build,Low,High,Standard,2019-07-20,2020-11-10,2020,124220200,1049,0.457,0.5185,1.0419,1.0909,-0.0132,-64,1.0279,19,5,0.601,0.9815
PRJ3-01214,Redwood Residences 1214,Residential,Northeast,CT,Private,Cost Plus,Design-Bid-Build,High,Moderate,Fast,2021-07-10,2022-07-15,2022,32585300,711,0.521,0.4902,0.8747,0.9619,0.0607,22,1.0329,16,23,0.346,0.9598
PRJ3-01215,Canyon Water Program 1215,Heavy Civil,Mountain,WY,Public,Unit Price,CMAR,High,Low,Slow,2024-02-20,2025-11-12,2025,238936800,1173,0.538,0.4853,0.89,0.962,0.0501,62,0.9068,24,11,0.202,0.9552
PRJ3-01216,Copper Apartments 1216,Residential,Southwest,AZ,Public,Unit Price,CMAR,Low,High,Standard,2019-04-03,2020-01-03,2020,44713900,764,0.36,0.3898,1.0418,1.1053,-0.0053,-23,1.0542,1,3,0.76,0.992
PRJ3-01217,Canyon Public Works Program 1217,Infrastructure,West,OR,Public,Lump Sum,Design-Bid-Build,Moderate,Low,Fast,2021-05-23,2022-08-28,2022,194359600,942,0.491,0.4958,0.9324,1.0402,0.0226,-5,0.9135,11,0,1.022,0.9478
PRJ3-01218,Canyon Bridge Program 1218,Heavy Civil,Southwest,NM,Private,Guaranteed Maximum Price,IPD,Moderate,Moderate,Standard,2017-09-14,2019-04-28,2019,315007400,1007,0.587,0.5461,0.9878,0.9305,-0.0035,41,0.9535,7,1,0.135,0.9955
PRJ3-01219,Aspen Manufacturing Facility 1219,Industrial,West,NV,Public,Unit Price,CMAR,High,High,Slow,2023-10-18,2024-09-20,2024,157961100,809,0.419,0.3876,0.9389,0.8751,0.0179,25,0.99,28,9,0.92,0.9671
PRJ3-01220,Crescent District 1220,Mixed-Use,Northeast,NJ,Public,Lump Sum,Design-Bid-Build,High,High,Slow,2022-07-08,2023-10-27,2023,74301300,1002,0.476,0.4434,1.0072,0.9437,-0.0158,33,0.9674,26,17,0.879,0.9537
PRJ3-01221,Canyon Urban Village 1221,Mixed-Use,Southwest,NM,Private,Guaranteed Maximum Price,Design-Bid-Build,Very High,Moderate,Standard,2022-12-11,2024-10-03,2024,75908900,1183,0.56,0.5065,0.8307,0.8864,0.1054,63,0.8613,25,11,1.254,0.9531
PRJ3-01222,Horizon Logistics Center 1222,Industrial,West,OR,Public,Cost Plus,Design-Bid-Build,Moderate,High,Fast,2019-01-10,2019-12-20,2019,174674700,926,0.372,0.3975,0.946,1.0742,0.0284,-24,1.024,0,11,0.634,0.9579
PRJ3-01223,Crescent Utility Corridor 1223,Infrastructure,Southwest,AZ,Private,Unit Price,Design-Build,Moderate,High,Fast,2018-06-14,2019-09-21,2019,150425000,912,0.509,0.5599,1.032,1.0961,-0.0033,-46,0.9843,0,14,0.635,0.983
PRJ3-01224,Crescent Retail Center 1224,Commercial,Southwest,AZ,Private,Guaranteed Maximum Price,Design-Build,High,Moderate,Fast,2024-05-01,2025-05-26,2025,46545100,693,0.563,0.5158,0.9153,0.9305,0.0389,33,1.1034,22,14,0.873,0.9779
PRJ3-01225,Crescent Earthworks Package 1225,Heavy Civil,West,OR,Private,Guaranteed Maximum Price,Design-Build,Very High,High,Fast,2024-05-14,2025-11-27,2025,84442200,1361,0.413,0.4267,0.9638,0.9853,-0.0047,-19,1.0471,21,9,0.272,0.9748
PRJ3-01226,Liberty Transit-Oriented Development 1226,Mixed-Use,Southwest,NM,Private,Unit Price,Design-Bid-Build,High,Low,Standard,2020-06-13,2021-10-29,2021,90151500,1039,0.485,0.427,0.906,0.9052,0.0545,60,1.0022,27,8,0.709,0.9351
PRJ3-01227,Liberty Corporate Center 1227,Commercial,Midwest,MN,Public-Private Partnership,Guaranteed Maximum Price,Design-Build,Moderate,Moderate,Standard,2019-06-02,2020-05-28,2020,41197800,746,0.484,0.5013,1.0343,1.0034,-0.0012,-13,1.0072,8,9,0.506,0.9696
PRJ3-01228,Crescent Office Campus 1228,Commercial,West,NV,Private,Cost Plus,Design-Bid-Build,Moderate,High,Fast,2024-12-10,2025-09-20,2025,99035100,492,0.579,0.545,1.0351,0.9258,-0.0207,17,0.9849,8,5,0.463,0.9574
PRJ3-01229,Canyon Housing 1229,Residential,Northeast,CT,Private,Guaranteed Maximum Price,Design-Build,Very High,High,Standard,2022-02-10,2023-02-23,2023,119398000,651,0.582,0.6005,0.9554,0.9977,0.0195,-12,1.0389,0,22,0.896,0.974
PRJ3-01230,Summit Office Campus 1230,Commercial,Northeast,CT,Private,Guaranteed Maximum Price,Design-Build,High,High,Standard,2021-07-19,2022-06-07,2022,80134500,633,0.511,0.4597,0.955,0.9469,0.0045,32,1.0568,25,15,0.487,0.9848
PRJ3-01231,Gateway Marketplace 1231,Commercial,Midwest,IL,Private,Lump Sum,IPD,High,High,Fast,2023-11-19,2024-11-15,2024,36500100,710,0.51,0.5001,1.0521,0.9709,-0.0411,7,1.0104,12,16,0.502,0.9768
PRJ3-01232,Redwood Town Center 1232,Mixed-Use,Southeast,TN,Private,Cost Plus,IPD,Very High,Moderate,Fast,2024-04-17,2025-08-28,2025,92080600,1096,0.455,0.4035,0.9644,0.9439,0.0103,56,1.0965,0,23,0.514,0.9508
PRJ3-01233,Riverside Neighborhood 1233,Residential,Northeast,NJ,Public,Lump Sum,IPD,High,Moderate,Standard,2022-12-06,2024-02-08,2024,51029600,844,0.509,0.5076,0.9246,1.0023,0.0375,1,1.0265,15,19,0.505,0.9672
PRJ3-01234,Mesa Corporate Center 1234,Commercial,Midwest,OH,Private,Lump Sum,IPD,Moderate,Moderate,Standard,2018-12-12,2019-11-16,2019,61371100,656,0.518,0.4808,0.9183,0.9701,0.029,24,1.0091,0,19,0.927,0.9802
PRJ3-01235,Granite Research Facility 1235,Institutional,Midwest,OH,Private,Lump Sum,Design-Build,Very High,High,Fast,2023-03-01,2024-02-04,2024,49713600,961,0.354,0.3296,0.9943,1.0182,0.0136,23,1.0775,17,12,0.844,0.9718
PRJ3-01236,Granite Manufacturing Facility 1236,Industrial,Southeast,GA,Public,Cost Plus,Design-Bid-Build,Very High,Moderate,Slow,2019-03-25,2020-11-07,2020,179853000,1046,0.567,0.5289,0.7361,0.9567,0.1987,40,0.8802,12,18,0.675,0.9505
PRJ3-01237,Summit Town Center 1237,Mixed-Use,Southeast,NC,Private,Unit Price,Design-Bid-Build,High,Moderate,Standard,2018-09-25,2020-04-27,2020,93452800,1340,0.433,0.3751,0.9248,0.9067,0.0313,78,1.0023,9,18,0.738,0.969
PRJ3-01238,Horizon Apartments 1238,Residential,Mountain,WY,Public,Guaranteed Maximum Price,CMAR,Low,Moderate,Standard,2020-07-11,2021-08-10,2021,66496100,679,0.582,0.6074,1.108,1.0189,-0.0407,-17,1.0748,4,11,0.433,0.9878
PRJ3-01239,Summit Public Works Program 1239,Infrastructure,Mountain,ID,Private,Guaranteed Maximum Price,Design-Bid-Build,High,High,Slow,2023-01-09,2024-07-02,2024,195303900,1034,0.523,0.4862,0.9967,0.9563,-0.004,38,0.924,7,16,1.113,0.9488
PRJ3-01240,Pioneer Town Center 1240,Mixed-Use,Southeast,VA,Private,Lump Sum,IPD,Very High,Moderate,Standard,2024-01-21,2025-04-09,2025,157423000,1105,0.402,0.336,1.0029,0.9039,0.0128,73,0.895,26,26,0.633,0.9582
PRJ3-01241,Harbor Public Works Program 1241,Infrastructure,West,NV,Private,Lump Sum,Design-Build,High,Low,Standard,2022-05-09,2023-10-17,2023,208187000,1317,0.4,0.3797,1.0042,0.9093,-0.0136,27,0.9933,10,6,0.93,0.9598
PRJ3-01242,Harbor Highway Improvements 1242,Heavy Civil,Southwest,NM,Private,Cost Plus,IPD,Moderate,Moderate,Fast,2023-10-26,2024-12-18,2024,90055100,1108,0.379,0.4074,0.9222,0.9955,0.0404,-31,1.0246,7,8,0.339,0.9842
PRJ3-01243,Evergreen Corporate Center 1243,Commercial,Mountain,ID,Private,Lump Sum,CMAR,Low,Low,Standard,2021-04-13,2021-11-19,2021,47767400,554,0.398,0.4389,0.9604,1.0773,0.0291,-23,0.9977,16,5,0.316,0.9856
PRJ3-01244,Lakeview Neighborhood 1244,Residential,Southeast,TN,Private,Guaranteed Maximum Price,CMAR,Very High,Low,Standard,2018-12-25,2020-02-08,2020,50163200,777,0.528,0.4695,0.9271,0.9098,0.0361,45,0.8572,45,18,0.774,0.9483
PRJ3-01245,Gateway Distribution Hub 1245,Industrial,Mountain,ID,Public-Private Partnership,Unit Price,Design-Bid-Build,Very High,High,Standard,2020-05-23,2021-06-16,2021,161526000,910,0.428,0.3694,0.9748,0.8201,0.008,53,0.8974,10,5,0.536,0.9659
PRJ3-01246,Horizon Residences 1246,Residential,Southeast,NC,Private,Guaranteed Maximum Price,Design-Build,Moderate,Moderate,Standard,2021-06-16,2022-04-17,2022,142591100,815,0.375,0.3465,0.9535,0.9666,0.0133,23,1.0529,20,11,0.224,0.9777
PRJ3-01247,Copper Education Center 1247,Institutional,Mountain,ID,Public,Cost Plus,Design-Build,High,High,Slow,2023-11-03,2024-12-20,2024,169914400,924,0.448,0.4098,0.8411,0.9884,0.0776,35,0.9792,22,12,0.677,0.9547
PRJ3-01248,Evergreen Residences 1248,Residential,Mountain,UT,Private,Unit Price,Design-Bid-Build,High,Moderate,Slow,2025-01-24,2025-10-13,2025,29916700,554,0.473,0.3828,0.889,0.8132,0.0664,50,0.8949,0,15,0.726,0.9383
PRJ3-01249,Granite Office Campus 1249,Commercial,Mountain,WY,Public,Unit Price,Design-Bid-Build,Low,Moderate,Fast,2018-03-04,2019-06-11,2019,82684100,813,0.571,0.5471,1.0164,0.9672,-0.0025,19,1.0134,4,6,0.289,0.9582
PRJ3-01250,Granite Town Center 1250,Mixed-Use,Mountain,UT,Private,Lump Sum,Design-Bid-Build,Very High,Low,Fast,2022-10-05,2023-10-19,2023,66804200,1077,0.352,0.2408,0.8812,0.7565,0.0099,120,0.8936,26,9,0.87,0.962
PRJ3-01251,Gateway Airport Improvements 1251,Infrastructure,West,CA,Private,Guaranteed Maximum Price,Design-Bid-Build,Moderate,Moderate,Fast,2023-01-04,2024-10-28,2024,99942300,1209,0.549,0.5495,0.912,0.969,0.0519,-1,0.9476,22,0,0.09,0.9612
PRJ3-01252,Copper Neighborhood 1252,Residential,Northeast,NJ,Private,Lump Sum,Design-Bid-Build,High,Moderate,Slow,2021-04-22,2022-07-28,2022,143021400,857,0.54,0.5141,0.9335,0.9247,0.0466,22,0.9561,38,15,0.601,0.9418
PRJ3-01253,Canyon Office Campus 1253,Commercial,West,CA,Public-Private Partnership,Unit Price,Design-Build,High,High,Standard,2023-02-06,2023-10-30,2023,65780700,746,0.357,0.4012,0.9445,1.0559,0.0352,-33,1.0251,3,0,0.916,0.9522
PRJ3-01254,Cedar Manufacturing Facility 1254,Industrial,West,CA,Private,Guaranteed Maximum Price,Design-Build,Moderate,Moderate,Slow,2018-02-08,2019-01-12,2019,50232200,898,0.377,0.3429,0.9317,0.8815,0.0372,31,0.9728,17,4,0.61,0.9581
PRJ3-01255,Cedar Apartments 1255,Residential,West,OR,Public-Private Partnership,Unit Price,Design-Bid-Build,Very High,Moderate,Fast,2022-11-22,2023-10-05,2023,33148900,561,0.566,0.5241,0.9505,0.9668,0.0452,23,0.9395,18,12,0.624,0.9549
PRJ3-01256,Riverside Urban Village 1256,Mixed-Use,Northeast,CT,Private,Unit Price,Design-Bid-Build,Moderate,High,Fast,2021-05-15,2022-12-13,2022,110376000,985,0.586,0.6047,0.9425,1.0301,0.0391,-18,1.0341,21,19,0.603,0.9583
PRJ3-01257,Riverside Transit Program 1257,Infrastructure,Mountain,UT,Private,Guaranteed Maximum Price,Design-Bid-Build,Low,Moderate,Slow,2018-03-15,2019-04-23,2019,151898500,1152,0.351,0.3129,0.8597,0.9161,0.0328,44,0.9058,30,8,0.425,0.9462
PRJ3-01258,Granite Housing 1258,Residential,Northeast,NY,Public,Guaranteed Maximum Price,Design-Build,Moderate,High,Standard,2023-04-18,2023-11-23,2023,78600900,541,0.405,0.3802,1.0964,0.9807,-0.0187,13,1.0585,9,12,0.447,0.961
PRJ3-01259,Crescent Housing 1259,Residential,Mountain,WY,Public,Guaranteed Maximum Price,IPD,Moderate,Moderate,Standard,2023-05-16,2024-04-09,2024,17810700,575,0.573,0.5947,0.9981,1.0411,-0.0215,-12,1.0083,20,12,0.849,0.9874
PRJ3-01260,Granite Housing 1260,Residential,Mountain,ID,Private,Cost Plus,Design-Bid-Build,Low,Moderate,Fast,2018-12-06,2019-12-25,2019,37539000,993,0.387,0.4097,1.014,0.9885,-0.0194,-23,1.0646,15,10,0.817,0.9689
PRJ3-01261,Granite Civic Complex 1261,Institutional,Southeast,NC,Private,Unit Price,IPD,High,High,Standard,2022-06-21,2023-09-02,2023,123690800,794,0.552,0.6285,0.9315,1.12,0.0479,-61,1.0597,8,16,0.445,0.9802
PRJ3-01262,Summit Logistics Center 1262,Industrial,West,WA,Private,Guaranteed Maximum Price,CMAR,Very High,Moderate,Standard,2023-12-25,2025-11-05,2025,110023000,1181,0.577,0.5403,0.8918,0.9089,0.0772,43,1.005,32,6,0.734,0.9427
PRJ3-01263,Canyon Civic Complex 1263,Institutional,Northeast,CT,Public,Lump Sum,Design-Bid-Build,Very High,Low,Fast,2023-10-16,2024-11-01,2024,120738900,785,0.487,0.3769,0.9474,0.7615,0.0269,86,0.8841,30,14,0.95,0.9658
PRJ3-01264,Evergreen Urban Village 1264,Mixed-Use,Southeast,FL,Private,Unit Price,IPD,Moderate,Low,Standard,2021-02-02,2022-05-11,2022,259700600,1054,0.44,0.4731,1.0327,1.0207,-0.015,-35,1.0647,12,18,0.536,0.9535
PRJ3-01265,Mesa Process Plant 1265,Industrial,Southeast,NC,Private,Cost Plus,Design-Build,Moderate,Moderate,Fast,2022-08-03,2023-12-22,2023,153366700,1007,0.503,0.5216,0.9403,0.9873,0.0237,-19,0.9799,0,16,0.65,0.9725
PRJ3-01266,Aspen Logistics Center 1266,Industrial,West,WA,Private,Unit Price,Design-Build,Low,Moderate,Slow,2023-09-24,2024-09-21,2024,293054100,1028,0.354,0.3315,0.995,0.9788,-0.0049,23,0.861,30,6,0.455,0.976
PRJ3-01267,Evergreen Housing 1267,Residential,Midwest,MN,Private,Guaranteed Maximum Price,Design-Bid-Build,Very High,High,Standard,2024-09-07,2025-07-11,2025,111191300,804,0.383,0.3716,0.8639,0.9412,0.0705,9,0.9704,10,16,0.733,0.9493
PRJ3-01268,Pioneer Research Facility 1268,Institutional,Southwest,NM,Private,Guaranteed Maximum Price,CMAR,High,Moderate,Slow,2024-05-09,2025-06-28,2025,84119700,863,0.481,0.4131,0.8447,0.9214,0.0956,59,0.9768,23,10,0.744,0.9785
PRJ3-01269,Mesa Process Plant 1269,Industrial,Northeast,MA,Private,Guaranteed Maximum Price,CMAR,High,High,Slow,2021-12-10,2023-08-28,2023,282458800,1099,0.57,0.524,0.9865,0.9684,0.0247,51,0.9978,44,19,0.58,0.9583
PRJ3-01270,Cedar Residences 1270,Residential,West,OR,Private,Lump Sum,CMAR,Very High,Moderate,Standard,2021-10-06,2022-09-10,2022,54487700,704,0.482,0.48,0.9598,0.9923,0.0217,1,1.0264,24,10,0.687,0.9717
PRJ3-01271,Northstar Apartments 1271,Residential,Southeast,FL,Private,Lump Sum,Design-Build,Moderate,Moderate,Standard,2022-06-14,2023-02-11,2023,39317800,461,0.526,0.5696,1.0905,1.0697,-0.0397,-20,1.085,6,11,0.282,0.9605
PRJ3-01272,Evergreen Residences 1272,Residential,West,NV,Private,Cost Plus,IPD,High,Moderate,Fast,2020-01-24,2020-10-02,2020,136354800,514,0.492,0.5058,0.9822,1.0098,-0.0052,-7,1.0372,0,11,0.773,0.9552
PRJ3-01273,Lakeview Public Works Program 1273,Infrastructure,Southwest,AZ,Private,Lump Sum,CMAR,Moderate,Moderate,Slow,2021-09-01,2023-01-12,2023,597737000,981,0.508,0.4289,0.8354,0.9017,0.0619,78,0.9603,22,6,0.312,0.9831
PRJ3-01274,Gateway Residences 1274,Residential,Mountain,ID,Public,Cost Plus,Design-Build,Moderate,Low,Standard,2024-07-10,2025-01-17,2025,16470500,443,0.433,0.3891,1.001,0.9228,0.0091,19,1.0232,17,22,0.784,0.947
PRJ3-01275,Riverside Utility Corridor 1275,Infrastructure,West,WA,Private,Guaranteed Maximum Price,Design-Bid-Build,High,High,Standard,2023-04-23,2025-02-08,2025,541351600,1345,0.489,0.4752,1.0131,0.9754,-0.0015,19,0.9983,29,1,0.697,0.9591
PRJ3-01276,Harbor Highway Improvements 1276,Heavy Civil,Southwest,TX,Private,Guaranteed Maximum Price,Design-Build,Low,High,Fast,2020-05-10,2021-08-11,2021,308923000,1097,0.418,0.4309,1.15,1.0679,-0.0615,-14,1.06,4,10,0.581,0.9831
PRJ3-01277,Cedar Logistics Center 1277,Industrial,Northeast,NJ,Private,Guaranteed Maximum Price,Design-Bid-Build,Very High,Low,Fast,2019-03-07,2020-03-12,2020,63376500,1034,0.359,0.2881,0.9206,0.878,0.0562,73,0.8534,26,18,0.721,0.9479
PRJ3-01278,Summit Civic Complex 1278,Institutional,Northeast,CT,Private,Guaranteed Maximum Price,Design-Bid-Build,Moderate,Low,Standard,2018-02-09,2019-01-23,2019,88701600,904,0.386,0.3304,0.9394,0.9143,0.0032,50,0.9914,0,19,0.767,0.9653
PRJ3-01279,Summit District 1279,Mixed-Use,Mountain,UT,Private,Cost Plus,Design-Build,Moderate,Moderate,Standard,2022-06-07,2023-07-25,2023,102385900,705,0.587,0.6222,0.8803,0.9789,0.0744,-25,0.9033,21,6,0.239,0.9624
PRJ3-01280,Aspen Housing 1280,Residential,Mountain,ID,Private,Unit Price,Design-Build,Low,High,Standard,2024-11-03,2025-05-28,2025,44084400,407,0.507,0.4794,1.1316,0.9626,-0.0351,11,0.9748,0,11,0.249,0.9992
PRJ3-01281,Evergreen District 1281,Mixed-Use,West,WA,Private,Cost Plus,Design-Bid-Build,High,Moderate,Standard,2024-02-15,2025-05-22,2025,231193500,808,0.573,0.519,0.8482,0.8756,0.0938,44,0.95,26,8,0.843,0.9625
PRJ3-01282,Riverside Research Facility 1282,Institutional,Northeast,NY,Public,Unit Price,IPD,Moderate,Low,Standard,2024-05-02,2025-06-22,2025,45591500,767,0.543,0.5462,0.9359,1.0302,0.021,-2,0.9962,0,18,0.343,0.9483
PRJ3-01283,Mesa Corporate Center 1283,Commercial,Southeast,VA,Private,Lump Sum,Design-Build,High,Moderate,Standard,2023-11-18,2024-08-12,2024,167526500,561,0.478,0.4318,1.047,0.9578,-0.0421,26,1.0361,8,18,0.804,0.9689
PRJ3-01284,Riverside Bridge Program 1284,Heavy Civil,Midwest,MO,Private,Lump Sum,IPD,High,High,Fast,2019-06-02,2020-08-12,2020,147471800,1000,0.437,0.4036,1.0553,0.9395,-0.0229,33,1.0643,0,26,0.32,0.9767
PRJ3-01285,Evergreen Education Center 1285,Institutional,Mountain,WY,Public,Unit Price,Design-Build,High,Moderate,Slow,2021-10-24,2023-01-09,2023,68587000,860,0.515,0.5041,0.8684,0.8884,0.0811,9,0.9419,22,18,1.094,0.9574
PRJ3-01286,Canyon Office Campus 1286,Commercial,Southeast,TN,Private,Guaranteed Maximum Price,Design-Build,Low,Low,Standard,2022-09-09,2023-05-21,2023,107850100,467,0.544,0.5338,0.9624,0.9976,0.0337,5,0.9403,0,21,0.147,0.9797
PRJ3-01287,Aspen Residences 1287,Residential,Mountain,ID,Public,Guaranteed Maximum Price,Design-Bid-Build,Moderate,High,Slow,2025-05-18,2025-11-28,2025,44521100,475,0.41,0.3944,1.0326,1.0049,-0.0075,7,1.0523,19,8,0.789,0.9684
PRJ3-01288,Gateway Bridge Program 1288,Heavy Civil,Midwest,MO,Private,Lump Sum,IPD,Moderate,Moderate,Fast,2023-03-03,2024-10-10,2024,106032300,1023,0.574,0.4603,1.0316,0.8466,-0.021,116,0.9585,0,8,0.628,0.9816
PRJ3-01289,Horizon Apartments 1289,Residential,West,OR,Private,Guaranteed Maximum Price,CMAR,Low,Moderate,Standard,2018-03-31,2019-03-14,2019,40819700,596,0.585,0.581,1.0016,1.0014,-0.0172,2,0.9905,9,6,0.441,0.9593
PRJ3-01290,Summit Transit Program 1290,Infrastructure,Midwest,MO,Private,Guaranteed Maximum Price,Design-Build,Moderate,Low,Slow,2018-09-24,2021-01-24,2021,823989600,1428,0.598,0.5682,0.9597,0.953,0.0362,43,0.8738,18,20,0.837,0.956
PRJ3-01291,Riverside Highway Improvements 1291,Heavy Civil,Mountain,CO,Public,Guaranteed Maximum Price,Design-Bid-Build,High,Low,Slow,2020-11-22,2022-03-22,2022,381910200,1267,0.383,0.404,0.8521,1.0056,0.0494,-27,0.9178,20,18,0.977,0.9387
PRJ3-01292,Liberty Marketplace 1292,Commercial,Southeast,FL,Public,Lump Sum,Design-Bid-Build,High,High,Standard,2018-11-05,2019-10-28,2019,187309600,663,0.539,0.5602,0.9971,1.023,-0.0067,-14,0.9568,26,27,0.657,0.956
PRJ3-01293,Redwood Medical Center 1293,Institutional,Midwest,MO,Public,Unit Price,Design-Build,High,High,Standard,2020-11-18,2021-07-07,2021,301500800,622,0.372,0.3684,1.0031,1.0215,0.0054,2,0.9943,15,10,0.789,0.9572
PRJ3-01295,Redwood Apartments 1295,Residential,Southeast,FL,Public,Lump Sum,IPD,Low,Moderate,Fast,2023-01-10,2023-06-05,2023,64516200,287,0.511,0.5914,1.1186,1.0837,-0.0597,-23,1.1022,6,7,0.136,0.9675
PRJ3-01296,Northstar Process Plant 1296,Industrial,Southwest,TX,Private,Cost Plus,CMAR,Very High,Moderate,Standard,2022-07-18,2023-12-13,2023,183444100,1054,0.487,0.4506,0.882,0.8757,0.0644,38,0.9702,29,12,1.132,0.9734
PRJ3-01297,Canyon Public Works Program 1297,Infrastructure,Mountain,UT,Private,Cost Plus,CMAR,Moderate,Low,Standard,2020-04-08,2021-09-10,2021,342177400,1048,0.497,0.5253,0.9933,1.0147,0.0051,-30,1.0087,39,16,0.419,0.9648
PRJ3-01298,Redwood Transit Program 1298,Infrastructure,Southeast,GA,Public,Unit Price,Design-Build,Moderate,Moderate,Fast,2019-03-18,2021-05-22,2021,132577100,1432,0.556,0.5875,1.0158,1.0473,-0.0127,-45,1.0359,12,17,0.598,0.9732
PRJ3-01299,Granite Corporate Center 1299,Commercial,Midwest,IL,Private,Unit Price,Design-Build,High,Low,Fast,2021-08-25,2022-08-10,2022,103116000,600,0.584,0.5559,0.9339,0.9804,0.0268,17,1.0401,19,20,0.75,0.968
PRJ3-01300,Evergreen Apartments 1300,Residential,Midwest,MI,Private,Guaranteed Maximum Price,CMAR,Very High,Low,Standard,2023-02-14,2023-12-12,2023,15049800,633,0.476,0.4181,0.8622,0.8739,0.0545,37,0.936,28,13,0.865,0.9451
PRJ3-01301,Redwood Education Center 1301,Institutional,Southwest,AZ,Public,Cost Plus,CMAR,Very High,Moderate,Fast,2018-04-09,2019-06-10,2019,224397900,953,0.449,0.4337,0.9899,0.999,0.0046,15,1.0131,4,12,0.537,0.9686
PRJ3-01302,Riverside Urban Village 1302,Mixed-Use,West,WA,Public,Unit Price,IPD,Very High,High,Standard,2024-07-09,2025-09-26,2025,223937800,1122,0.396,0.4237,0.9649,1.0333,0.0103,-31,1.1234,10,12,0.678,0.9778
PRJ3-01303,Pioneer Process Plant 1303,Industrial,Northeast,NJ,Private,Guaranteed Maximum Price,Design-Build,Low,Moderate,Fast,2024-06-03,2025-07-06,2025,94651500,892,0.447,0.3884,1.0086,0.9172,-0.0177,52,1.0518,18,14,0,0.9546
PRJ3-01304,Pioneer Utility Corridor 1304,Infrastructure,Southwest,NM,Private,Lump Sum,Design-Build,Very High,Moderate,Standard,2021-03-24,2022-11-03,2022,264836100,1430,0.412,0.4185,0.9241,0.9954,0.031,-9,0.9075,11,14,0.778,0.9728
PRJ3-01305,Horizon Housing 1305,Residential,West,WA,Private,Cost Plus,Design-Bid-Build,High,Moderate,Slow,2025-02-13,2025-08-16,2025,37782500,455,0.406,0.3959,0.8791,0.9288,0.0569,5,0.8946,0,0,0.475,0.9471
PRJ3-01306,Liberty Corporate Center 1306,Commercial,Mountain,MT,Private,Guaranteed Maximum Price,CMAR,Moderate,High,Standard,2024-04-10,2025-01-02,2025,241166500,477,0.561,0.5284,1.0161,0.9653,-0.0037,16,1.0087,7,0,0.232,0.9638
PRJ3-01307,Aspen Urban Village 1307,Mixed-Use,Southeast,TN,Private,Lump Sum,CMAR,Very High,High,Fast,2022-04-14,2023-06-02,2023,114020900,1121,0.37,0.2948,0.8875,0.8194,0.0339,84,0.9954,43,25,0.633,0.9611
PRJ3-01308,Lakeview Marketplace 1308,Commercial,Mountain,MT,Private,Cost Plus,Design-Build,High,Moderate,Standard,2022-02-02,2023-01-04,2023,49103600,725,0.464,0.4903,1.0577,1.0753,-0.0349,-19,0.8563,14,13,0.785,0.9432
PRJ3-01309,Gateway Education Center 1309,Institutional,Northeast,MA,Private,Guaranteed Maximum Price,CMAR,High,High,Standard,2021-07-19,2022-09-01,2022,122350800,916,0.447,0.4262,1.1086,0.9494,-0.0419,19,0.9173,6,17,0.683,0.9376
PRJ3-01310,Mesa Apartments 1310,Residential,Southeast,GA,Private,Lump Sum,CMAR,High,High,Slow,2022-07-22,2022-12-04,2022,103258700,326,0.417,0.3693,0.9817,0.9038,0.003,16,0.9303,18,20,1.023,0.9432
PRJ3-01311,Aspen Education Center 1311,Institutional,Midwest,IL,Private,Guaranteed Maximum Price,Design-Bid-Build,High,High,Fast,2019-11-02,2021-05-06,2021,151031800,1063,0.519,0.5018,1.0242,0.9839,-0.0034,18,0.9155,5,13,0.572,0.9849
PRJ3-01312,Cedar Medical Center 1312,Institutional,West,NV,Private,Lump Sum,CMAR,Low,Moderate,Slow,2023-01-09,2023-11-26,2023,144701100,729,0.441,0.446,0.9265,1.0072,0.0304,-4,0.9805,24,0,0.694,0.9731
PRJ3-01313,Aspen Process Plant 1313,Industrial,Southwest,NM,Private,Cost Plus,CMAR,High,Moderate,Slow,2024-05-08,2025-05-21,2025,177646100,762,0.497,0.4361,0.8503,0.8695,0.0761,46,0.9306,10,7,0.597,0.9711
PRJ3-01314,Summit Neighborhood 1314,Residential,Midwest,MO,Public,Guaranteed Maximum Price,Design-Build,Moderate,High,Slow,2019-09-21,2020-05-02,2020,40121600,550,0.408,0.4146,1.0186,1.1178,0.0115,-4,0.9921,3,14,0.357,0.9661
PRJ3-01315,Crescent Marketplace 1315,Commercial,Southeast,VA,Private,Lump Sum,Design-Bid-Build,Moderate,High,Standard,2025-01-19,2025-10-15,2025,32623900,735,0.366,0.4324,1.0605,1.1128,-0.052,-49,1.1289,43,5,0.628,0.9863
PRJ3-01316,Cedar Utility Corridor 1316,Infrastructure,Southwest,NM,Public,Lump Sum,Design-Build,Low,Low,Standard,2018-07-11,2019-09-18,2019,219791600,1116,0.389,0.3934,1.0648,0.9843,-0.0287,-5,0.9265,14,6,0.454,0.975
PRJ3-01317,Horizon Retail Center 1317,Commercial,Midwest,OH,Public,Unit Price,Design-Build,Moderate,Low,Standard,2023-03-01,2023-09-29,2023,38298500,423,0.503,0.5078,1.0659,0.9918,-0.0185,-2,0.9659,3,16,0.752,0.9793
PRJ3-01318,Horizon Marketplace 1318,Commercial,Mountain,MT,Public,Cost Plus,Design-Build,Low,Moderate,Slow,2022-04-18,2022-12-14,2022,78287700,419,0.573,0.5889,1.1244,1.0182,-0.059,-7,1.0453,4,14,0.323,0.9758
PRJ3-01319,Pioneer Housing 1319,Residential,Southeast,FL,Private,Lump Sum,IPD,Moderate,Moderate,Standard,2022-05-24,2023-03-28,2023,31013400,568,0.544,0.554,1.1312,1.0328,-0.06,-6,1.0521,3,15,0.457,0.9857
PRJ3-01320,Redwood Retail Center 1320,Commercial,West,WA,Private,Unit Price,IPD,Moderate,High,Slow,2018-12-17,2019-10-04,2019,40976300,728,0.401,0.4025,0.9282,0.9631,0.0307,-1,1.1264,17,0,0.494,0.9681
PRJ3-01321,Northstar Public Works Program 1321,Infrastructure,West,WA,Public,Unit Price,Design-Bid-Build,Moderate,Moderate,Standard,2023-11-17,2024-12-11,2024,202789300,1105,0.353,0.3313,0.9271,0.9785,0.0417,24,0.8908,13,5,0.588,0.9761
PRJ3-01322,Gateway Neighborhood 1322,Residential,Midwest,OH,Private,Guaranteed Maximum Price,Design-Build,High,Moderate,Slow,2022-02-04,2023-01-06,2023,45315700,697,0.483,0.4156,1.0355,0.8054,-0.0306,47,0.9211,10,25,0.977,0.9685
PRJ3-01323,Cedar Medical Center 1323,Institutional,Southeast,GA,Private,Guaranteed Maximum Price,Design-Build,High,Moderate,Fast,2023-10-20,2024-11-24,2024,98457700,902,0.445,0.4726,0.9577,0.9606,0.038,-25,0.9564,11,22,0.468,0.9673
PRJ3-01324,Horizon Office Campus 1324,Commercial,Southwest,NM,Private,Lump Sum,Design-Bid-Build,High,Low,Standard,2019-07-04,2020-08-08,2020,81595800,719,0.558,0.5264,1.0028,0.9272,0.0105,23,0.843,40,9,1.154,0.9514
PRJ3-01325,Redwood Office Campus 1325,Commercial,West,WA,Public-Private Partnership,Cost Plus,CMAR,Moderate,High,Standard,2020-12-21,2022-02-17,2022,46180600,709,0.598,0.6159,1.0282,1.0136,0.0035,-13,0.9227,11,5,0.689,0.9648
PRJ3-01326,Mesa Neighborhood 1326,Residential,Southwest,NM,Private,Lump Sum,Design-Bid-Build,Moderate,Moderate,Standard,2025-01-01,2025-10-30,2025,70692600,676,0.448,0.4509,0.8604,0.9758,0.0879,-2,0.9624,0,5,0.951,0.966
PRJ3-01327,Aspen Urban Village 1327,Mixed-Use,West,WA,Private,Lump Sum,Design-Bid-Build,High,Moderate,Standard,2024-03-20,2025-10-18,2025,296884400,1070,0.54,0.5495,0.788,1.033,0.1464,-10,0.8906,15,7,0.293,0.9565
PRJ3-01328,Cedar Logistics Center 1328,Industrial,West,WA,Private,Cost Plus,Design-Build,High,Low,Slow,2023-05-04,2023-12-04,2023,97228100,519,0.413,0.4206,0.8459,1.0192,0.0782,-4,0.8499,45,3,0.425,0.9723
PRJ3-01329,Lakeview Public Works Program 1329,Infrastructure,Southwest,TX,Private,Unit Price,Design-Build,Moderate,Low,Fast,2023-08-18,2025-02-21,2025,212173000,1257,0.44,0.3935,0.9829,0.9385,-0.0106,58,1.0271,7,13,0.15,0.9726
PRJ3-01330,Aspen Research Facility 1330,Institutional,Midwest,MN,Public,Unit Price,Design-Build,High,High,Standard,2022-03-23,2023-06-23,2023,249486900,1139,0.402,0.3862,1.023,1.0086,-0.0328,18,0.9032,12,25,0.738,0.9802
PRJ3-01331,Mesa Bridge Program 1331,Heavy Civil,Midwest,MN,Private,Lump Sum,CMAR,Moderate,Low,Standard,2020-09-17,2021-11-27,2021,153325800,1020,0.428,0.3864,0.93,0.9169,0.0435,42,0.9092,29,15,0.517,0.9734
PRJ3-01332,Copper Education Center 1332,Institutional,Southeast,VA,Private,Guaranteed Maximum Price,IPD,High,Moderate,Standard,2018-05-17,2019-08-02,2019,88130100,792,0.559,0.5536,1.009,1.0179,-0.0098,4,0.9543,19,10,0.293,0.959
PRJ3-01333,Crescent Urban Village 1333,Mixed-Use,Mountain,MT,Public,Guaranteed Maximum Price,Design-Build,High,High,Slow,2023-06-25,2024-08-11,2024,242148500,1165,0.355,0.3337,0.9069,0.9145,0.031,25,1.0033,28,12,0.786,0.9639
PRJ3-01335,Aspen Civic Complex 1335,Institutional,Northeast,NY,Public,Unit Price,Design-Bid-Build,Low,Low,Fast,2019-12-08,2021-01-27,2021,84297100,718,0.58,0.5731,1.0192,0.9893,0.0146,5,1.0132,26,14,0.709,0.9514
PRJ3-01336,Gateway Research Facility 1336,Institutional,Mountain,WY,Public,Unit Price,IPD,Very High,High,Slow,2023-04-26,2024-07-24,2024,33343400,891,0.511,0.4796,0.912,0.9344,0.0325,28,1.0097,16,17,1.013,0.9673
PRJ3-01337,Cedar Retail Center 1337,Commercial,Northeast,MA,Private,Cost Plus,Design-Bid-Build,Very High,Moderate,Slow,2023-04-22,2024-02-03,2024,84827700,509,0.564,0.3826,0.8645,0.72,0.0681,92,0.8133,40,20,0.859,0.963
PRJ3-01338,Pioneer Neighborhood 1338,Residential,West,NV,Private,Guaranteed Maximum Price,Design-Bid-Build,Low,High,Slow,2024-01-02,2024-06-03,2024,49175300,390,0.394,0.3734,1.0323,0.969,-0.0143,8,1.0119,19,5,0.385,0.9847
PRJ3-01339,Mesa Water Program 1339,Heavy Civil,Southeast,FL,Private,Lump Sum,CMAR,Low,Low,Standard,2022-01-31,2023-09-28,2023,138483600,1224,0.495,0.4549,0.9858,0.9298,0.0125,49,0.962,12,10,0.035,0.9725
PRJ3-01340,Lakeview Retail Center 1340,Commercial,Midwest,MI,Private,Cost Plus,Design-Build,High,Moderate,Slow,2024-02-12,2025-02-07,2025,81441200,644,0.561,0.5373,0.9854,0.9842,0.019,15,0.807,13,23,0.871,0.9545
PRJ3-01341,Riverside District 1341,Mixed-Use,Southeast,FL,Private,Guaranteed Maximum Price,CMAR,Moderate,High,Standard,2021-01-12,2022-01-24,2022,179673500,976,0.387,0.39,0.915,1.0449,0.0568,-3,1.0084,8,21,0.514,0.9634
PRJ3-01342,Granite Airport Improvements 1342,Infrastructure,Northeast,MA,Private,Lump Sum,Design-Build,Low,Low,Standard,2019-09-05,2020-12-05,2020,548074500,999,0.458,0.3914,1.0308,0.9508,-0.0081,67,1.083,8,15,0.289,0.973
PRJ3-01343,Granite Highway Improvements 1343,Heavy Civil,West,NV,Private,Lump Sum,CMAR,Very High,Moderate,Standard,2022-06-01,2023-07-08,2023,288960800,1138,0.354,0.3414,0.9292,0.9295,0.0147,14,0.999,7,7,0.551,0.9529
PRJ3-01344,Mesa Highway Improvements 1344,Heavy Civil,Midwest,IL,Private,Unit Price,Design-Bid-Build,Very High,Moderate,Slow,2017-10-02,2019-04-21,2019,99080600,1239,0.457,0.4111,0.7993,0.8891,0.103,57,0.9651,33,11,0.524,0.9546
PRJ3-01345,Granite Transit-Oriented Development 1345,Mixed-Use,Mountain,WY,Private,Lump Sum,IPD,Low,Moderate,Slow,2019-01-24,2020-03-18,2020,62430200,852,0.492,0.4757,0.9489,0.9983,0.0234,14,1.0092,12,11,0.431,0.9684
PRJ3-01346,Copper Airport Improvements 1346,Infrastructure,Mountain,MT,Private,Guaranteed Maximum Price,Design-Build,Moderate,Low,Slow,2022-02-05,2023-09-15,2023,338843900,1113,0.528,0.5036,0.8961,0.949,0.0587,27,0.9265,31,10,0.7,0.9578
PRJ3-01347,Riverside Water Program 1347,Heavy Civil,Southwest,NM,Public-Private Partnership,Lump Sum,CMAR,High,High,Standard,2020-12-13,2022-02-12,2022,379999700,998,0.427,0.3943,0.9654,0.942,0.0131,33,0.8724,24,3,0.705,0.9893
PRJ3-01348,Cedar Highway Improvements 1348,Heavy Civil,Southwest,AZ,Private,Guaranteed Maximum Price,CMAR,High,High,Standard,2019-02-14,2020-07-26,2020,140732600,1070,0.494,0.4623,1.0391,0.9701,-0.0027,34,0.9558,14,14,0.242,0.9498
PRJ3-01349,Canyon Transit Program 1349,Infrastructure,Mountain,MT,Public,Guaranteed Maximum Price,Design-Build,Very High,Moderate,Standard,2017-09-17,2019-06-11,2019,241510000,1236,0.512,0.4919,0.9544,0.9666,0.0193,25,0.914,26,14,0.904,0.9664
PRJ3-01350,Cedar Research Facility 1350,Institutional,Southwest,TX,Private,Lump Sum,IPD,Moderate,Moderate,Slow,2021-01-15,2022-03-06,2022,22805800,941,0.442,0.4401,1.0084,0.9886,0.0047,2,0.9694,15,9,0.783,0.9747
PRJ3-01351,Copper Earthworks Package 1351,Heavy Civil,Midwest,MI,Public,Lump Sum,Design-Bid-Build,High,High,Standard,2021-11-11,2022-12-20,2022,292233700,1015,0.399,0.4228,0.9292,0.9781,0.0307,-24,0.9751,11,20,0.576,0.9706
PRJ3-01352,Granite Water Program 1352,Heavy Civil,West,CA,Public-Private Partnership,Lump Sum,CMAR,High,Moderate,Fast,2021-10-05,2023-05-20,2023,121732400,1136,0.522,0.4984,0.9653,0.9682,0.0213,27,0.8996,21,10,0.535,0.9785
PRJ3-01353,Redwood Civic Complex 1353,Institutional,Southeast,VA,Private,Guaranteed Maximum Price,IPD,Low,Moderate,Standard,2022-08-19,2023-11-12,2023,74091800,836,0.539,0.517,1.1023,1.0054,-0.0385,18,1.0029,3,9,0,0.9749
PRJ3-01354,Canyon Housing 1354,Residential,West,CA,Private,Guaranteed Maximum Price,Design-Bid-Build,Very High,Low,Slow,2022-10-05,2023-04-19,2023,25652100,409,0.48,0.4095,0.851,0.881,0.0717,29,0.8545,30,13,0.884,0.9477
PRJ3-01355,Lakeview Urban Village 1355,Mixed-Use,Southwest,NM,Public,Lump Sum,CMAR,High,High,Standard,2020-04-06,2021-11-24,2021,146701400,1084,0.551,0.5315,0.9433,0.9601,0.0381,21,1.082,20,12,0.585,0.9813
PRJ3-01357,Cedar Urban Village 1357,Mixed-Use,Mountain,UT,Private,Cost Plus,CMAR,High,Low,Slow,2022-05-09,2023-04-26,2023,38747000,977,0.361,0.2616,0.9077,0.8029,0.0188,97,0.9443,23,18,1.012,0.9578
PRJ3-01358,Pioneer Corporate Center 1358,Commercial,West,CA,Private,Lump Sum,Design-Build,Moderate,Low,Fast,2021-10-01,2022-11-14,2022,106801600,785,0.522,0.515,0.9164,0.9782,0.044,5,1.028,17,6,0.742,0.9587
PRJ3-01359,Pioneer District 1359,Mixed-Use,Southwest,NM,Private,Unit Price,Design-Build,Moderate,Moderate,Fast,2022-08-12,2023-12-25,2023,59940900,959,0.522,0.4977,0.9284,0.9711,0.0353,23,1.0932,0,7,0.276,0.9891
PRJ3-01360,Harbor Manufacturing Facility 1360,Industrial,Mountain,UT,Private,Cost Plus,CMAR,Low,High,Standard,2020-06-13,2021-03-27,2021,119698900,648,0.443,0.4925,1.128,1.12,-0.0439,-32,1.0321,6,5,0.426,0.9514
PRJ3-01361,Summit Corporate Center 1361,Commercial,Southwest,NM,Private,Cost Plus,Design-Build,Low,High,Fast,2020-08-08,2021-05-12,2021,57940400,767,0.362,0.3878,1.1424,1.12,-0.0433,-20,1.16,10,0,0.505,0.9667
PRJ3-01362,Liberty Transit Program 1362,Infrastructure,Midwest,MN,Private,Lump Sum,CMAR,High,High,Standard,2019-12-24,2021-09-13,2021,196996700,1058,0.595,0.5592,0.9795,0.9567,0.0007,38,0.9831,19,20,0.461,0.985
PRJ3-01363,Redwood Utility Corridor 1363,Infrastructure,Midwest,MN,Public,Lump Sum,Design-Build,Moderate,Low,Slow,2023-10-22,2025-04-01,2025,194036900,999,0.528,0.4904,0.9305,0.9293,0.0526,38,0.9647,12,23,0.629,0.9698
PRJ3-01364,Gateway Transit Program 1364,Infrastructure,Midwest,MN,Public,Guaranteed Maximum Price,Design-Build,Moderate,Moderate,Slow,2019-06-10,2021-08-07,2021,331686200,1370,0.576,0.5042,0.9866,0.8971,0.0005,98,0.9867,35,20,0.846,0.9568
PRJ3-01365,Pioneer Retail Center 1365,Commercial,West,CA,Public,Guaranteed Maximum Price,CMAR,Moderate,Moderate,Slow,2021-08-07,2022-08-06,2022,48236600,649,0.561,0.5364,0.9936,0.9726,0.002,16,0.9814,28,7,0.231,0.9746
PRJ3-01366,Gateway Neighborhood 1366,Residential,West,WA,Private,Cost Plus,CMAR,Low,Moderate,Fast,2025-04-08,2025-11-18,2025,34966800,485,0.463,0.5369,0.9799,1.1119,0.0032,-36,1.0674,4,0,0.746,0.9563
PRJ3-01367,Pioneer Water Program 1367,Heavy Civil,Northeast,MA,Public,Guaranteed Maximum Price,Design-Bid-Build,Moderate,Moderate,Standard,2023-12-26,2025-01-01,2025,90571100,870,0.428,0.4128,0.929,0.9736,0.0291,13,0.9744,18,17,0.283,0.975
PRJ3-01368,Summit Process Plant 1368,Industrial,Southwest,TX,Private,Unit Price,CMAR,High,Moderate,Fast,2018-01-20,2019-03-28,2019,202828200,883,0.49,0.5205,0.9233,1.0208,0.0594,-27,0.9284,24,0,0.754,0.9759
PRJ3-01369,Cedar Corporate Center 1369,Commercial,Mountain,MT,Public,Lump Sum,IPD,Moderate,Moderate,Standard,2022-05-22,2023-04-06,2023,29209400,756,0.422,0.4237,1.0245,0.9649,0.0084,-1,1.0286,6,13,0.479,0.9591
PRJ3-01370,Mesa Apartments 1370,Residential,West,NV,Private,Cost Plus,Design-Bid-Build,Moderate,Moderate,Fast,2022-12-10,2024-02-07,2024,33624800,713,0.596,0.6236,1.0021,1.0094,-0.0039,-20,1.0012,26,2,0.581,0.9764
PRJ3-01371,Copper Bridge Program 1371,Heavy Civil,Southeast,NC,Public-Private Partnership,Cost Plus,CMAR,Moderate,Low,Standard,2022-11-24,2024-07-22,2024,173333800,1216,0.499,0.4435,0.8653,0.8769,0.078,67,0.903,6,1,0.984,0.9583
PRJ3-01372,Mesa Residences 1372,Residential,Northeast,CT,Public,Lump Sum,IPD,High,Moderate,Standard,2024-11-24,2025-05-05,2025,20247400,447,0.363,0.3683,0.9885,1.0831,-0.0098,-2,1.1123,28,21,0.655,0.936
PRJ3-01373,Mesa Manufacturing Facility 1373,Industrial,Mountain,UT,Public-Private Partnership,Lump Sum,Design-Build,High,Moderate,Standard,2021-04-09,2023-01-01,2023,127001200,1219,0.519,0.5273,0.9234,1.0372,0.053,-10,0.95,18,16,0.323,0.9628
PRJ3-01374,Northstar Bridge Program 1374,Heavy Civil,Northeast,PA,Private,Lump Sum,Design-Build,Very High,High,Standard,2017-11-17,2019-04-07,2019,130539200,1044,0.485,0.5235,0.8982,1.0833,0.0734,-40,0.9938,30,14,0.652,0.9803
PRJ3-01375,Granite Highway Improvements 1375,Heavy Civil,Mountain,WY,Public,Guaranteed Maximum Price,Design-Build,Moderate,Moderate,Fast,2019-03-16,2020-05-27,2020,367422900,1083,0.405,0.4222,0.9399,0.9784,0.0267,-19,0.9508,2,23,0.655,0.992
PRJ3-01376,Riverside Utility Corridor 1376,Infrastructure,Midwest,MO,Private,Lump Sum,Design-Build,High,High,Standard,2017-11-08,2019-11-05,2019,140178800,1401,0.519,0.504,0.9976,0.94,0.0022,21,1.0109,28,13,0.265,0.9714
PRJ3-01377,Harbor Town Center 1377,Mixed-Use,Northeast,CT,Private,Guaranteed Maximum Price,Design-Bid-Build,High,Low,Standard,2019-09-24,2021-02-22,2021,128836700,1082,0.478,0.4136,0.8738,0.865,0.043,70,0.9755,36,19,0.713,0.9301
PRJ3-01378,Granite Transit-Oriented Development 1378,Mixed-Use,West,OR,Public,Lump Sum,CMAR,Moderate,High,Slow,2024-12-02,2025-10-17,2025,309463400,812,0.394,0.3591,0.9158,0.8914,0.0354,28,0.9677,24,5,0.751,0.9657
PRJ3-01379,Summit Apartments 1379,Residential,Mountain,UT,Public,Unit Price,CMAR,Very High,Low,Standard,2024-07-05,2025-04-13,2025,64472600,576,0.491,0.4482,0.8916,0.8618,0.057,25,0.9649,24,12,0.505,0.9464
PRJ3-01380,Aspen Education Center 1380,Institutional,Midwest,MI,Private,Cost Plus,Design-Build,High,Moderate,Fast,2020-11-03,2021-09-12,2021,123189100,871,0.36,0.3989,0.9454,1.0984,-0.0019,-34,0.9715,8,24,0.628,0.9547
PRJ3-01381,Horizon Residences 1381,Residential,Southeast,VA,Private,Lump Sum,CMAR,High,High,Standard,2021-07-24,2022-02-25,2022,63217800,490,0.442,0.4139,1.0082,0.9672,-0.0215,14,0.9288,33,13,0.755,0.9785
PRJ3-01382,Cedar Marketplace 1382,Commercial,Northeast,MA,Public-Private Partnership,Guaranteed Maximum Price,CMAR,Very High,High,Standard,2019-03-16,2020-05-26,2020,136937700,815,0.537,0.5048,0.9206,0.9036,0.038,26,0.9399,11,25,0.673,0.9544
PRJ3-01383,Copper Bridge Program 1383,Heavy Civil,Mountain,ID,Public,Guaranteed Maximum Price,IPD,Very High,Low,Slow,2019-10-02,2021-09-05,2021,314033200,1362,0.517,0.4308,0.8821,0.8715,0.0411,117,0.7954,37,20,1.198,0.9635
PRJ3-01384,Redwood Urban Village 1384,Mixed-Use,Northeast,NJ,Private,Cost Plus,Design-Build,Moderate,High,Fast,2023-07-13,2024-07-15,2024,293036300,775,0.475,0.4869,1.0253,0.9958,-0.015,-9,1.0607,0,18,0.548,0.9677
PRJ3-01385,Canyon Transit-Oriented Development 1385,Mixed-Use,Southwest,TX,Public,Guaranteed Maximum Price,Design-Build,High,Moderate,Slow,2020-03-19,2021-04-04,2021,193914100,727,0.525,0.4678,0.9571,0.8629,0.0062,42,0.9326,29,5,0.92,0.9483
PRJ3-01386,Redwood Housing 1386,Residential,Midwest,MI,Private,Cost Plus,Design-Bid-Build,Low,High,Slow,2022-01-25,2022-08-17,2022,44883700,410,0.499,0.5099,0.988,1.0092,0.0014,-4,1.0185,0,2,0.547,0.9603
PRJ3-01387,Copper Marketplace 1387,Commercial,Northeast,MA,Private,Guaranteed Maximum Price,CMAR,Moderate,Moderate,Standard,2024-07-05,2025-11-06,2025,176034300,851,0.575,0.5258,1.0763,0.9416,-0.0275,42,0.9545,5,17,0.379,0.9709
PRJ3-01388,Redwood Marketplace 1388,Commercial,Northeast,CT,Public-Private Partnership,Guaranteed Maximum Price,Design-Bid-Build,High,Low,Slow,2022-02-16,2023-02-18,2023,175363000,706,0.52,0.5043,0.8887,0.9107,0.0425,11,0.8532,32,16,1.001,0.9452
PRJ3-01389,Redwood Retail Center 1389,Commercial,Midwest,IL,Public,Lump Sum,Design-Build,Low,Moderate,Standard,2022-08-10,2023-03-07,2023,194740200,561,0.373,0.3786,1.0584,1.12,-0.0378,-3,1.0016,18,10,0.137,0.9682
PRJ3-01390,Cedar Housing 1390,Residential,West,NV,Public,Guaranteed Maximum Price,IPD,Low,Moderate,Fast,2025-02-24,2025-09-06,2025,60832200,510,0.382,0.3853,1.0835,0.9959,-0.0131,-2,1.0654,12,1,0.429,0.9971
PRJ3-01391,Canyon Apartments 1391,Residential,West,NV,Public-Private Partnership,Guaranteed Maximum Price,Design-Build,Moderate,High,Slow,2018-06-24,2019-04-20,2019,23914800,574,0.524,0.5017,1.0234,0.944,-0.011,13,0.9875,33,0,0.423,0.9969
PRJ3-01392,Canyon Retail Center 1392,Commercial,Midwest,MO,Public,Lump Sum,CMAR,Moderate,High,Standard,2024-04-23,2024-10-16,2024,34006300,387,0.456,0.4061,1.0517,0.8959,-0.0359,19,0.9768,0,8,0.171,0.9835
PRJ3-01393,Aspen Housing 1393,Residential,Southeast,VA,Private,Guaranteed Maximum Price,Design-Build,High,High,Fast,2019-01-14,2019-12-28,2019,51862300,597,0.583,0.621,1.1459,1.0282,-0.0764,-23,1.0241,28,13,0.626,0.9876
PRJ3-01394,Liberty Manufacturing Facility 1394,Industrial,Southeast,VA,Private,Lump Sum,Design-Bid-Build,High,Moderate,Standard,2020-06-21,2021-07-28,2021,175448500,1076,0.374,0.3387,0.8795,0.9374,0.0463,38,0.8582,12,19,0.816,0.943
PRJ3-01395,Redwood Earthworks Package 1395,Heavy Civil,West,WA,Public-Private Partnership,Lump Sum,Design-Build,Low,High,Standard,2019-01-07,2020-06-26,2020,130825400,1057,0.508,0.4868,1.1146,0.9695,-0.0545,22,1.1059,10,13,0.303,0.9756
PRJ3-01397,Liberty Urban Village 1397,Mixed-Use,Mountain,CO,Private,Unit Price,Design-Bid-Build,High,High,Standard,2023-02-20,2024-09-04,2024,46634000,1088,0.517,0.5203,0.9965,1.0342,0.0141,-4,0.9689,1,21,0.218,0.9599
PRJ3-01398,Aspen Marketplace 1398,Commercial,West,NV,Private,Unit Price,CMAR,High,Moderate,Slow,2021-04-21,2022-04-17,2022,132332900,815,0.443,0.4123,0.9288,0.9757,0.0123,25,0.8974,20,0,0.831,0.9591
PRJ3-01399,Summit Medical Center 1399,Institutional,Southeast,NC,Public-Private Partnership,Cost Plus,Design-Bid-Build,High,High,Standard,2021-12-04,2022-10-13,2022,52629800,654,0.479,0.4366,0.8706,0.9018,0.0449,28,0.8761,30,24,0.775,0.9541
PRJ3-01400,Riverside Marketplace 1400,Commercial,Northeast,CT,Private,Lump Sum,IPD,High,High,Slow,2022-07-11,2023-02-15,2023,136482100,481,0.457,0.3909,0.8708,0.8545,0.0439,32,0.9555,4,13,0.653,0.9741
PRJ3-01401,Aspen Town Center 1401,Mixed-Use,Southwest,AZ,Public,Lump Sum,CMAR,Very High,Low,Standard,2022-07-23,2024-02-12,2024,105682600,1181,0.482,0.4047,0.8439,0.8517,0.102,91,0.9171,43,4,1.189,0.955
PRJ3-01402,Summit Distribution Hub 1402,Industrial,West,OR,Private,Unit Price,IPD,High,Moderate,Slow,2021-03-13,2022-06-11,2022,189344400,847,0.538,0.5333,0.9875,0.911,0.0173,4,0.9343,6,7,0.677,0.9555
PRJ3-01403,Crescent Utility Corridor 1403,Infrastructure,Southwest,AZ,Public,Guaranteed Maximum Price,Design-Bid-Build,High,Moderate,Fast,2022-05-19,2024-01-23,2024,324424700,1415,0.434,0.4065,0.9573,0.9223,0.0247,39,0.9678,16,11,0.518,0.9576
PRJ3-01404,Liberty Apartments 1404,Residential,West,NV,Private,Lump Sum,CMAR,Moderate,Moderate,Slow,2018-09-04,2019-04-08,2019,39396800,441,0.491,0.4699,0.8596,0.9055,0.0929,9,0.8857,17,8,0.654,0.9679
PRJ3-01405,Crescent Distribution Hub 1405,Industrial,Southwest,AZ,Private,Unit Price,CMAR,Very High,Moderate,Standard,2024-05-18,2024-12-26,2024,149388500,600,0.371,0.3616,0.8902,0.947,0.0338,6,1.0264,5,10,0.97,0.9471
PRJ3-01406,Liberty Logistics Center 1406,Industrial,Mountain,WY,Public,Guaranteed Maximum Price,CMAR,Moderate,Moderate,Standard,2022-06-14,2023-12-28,2023,73524500,960,0.586,0.5277,0.9415,0.9095,0.0358,56,0.9914,12,16,0.767,0.9738
PRJ3-01407,Summit Education Center 1407,Institutional,Midwest,MN,Public,Unit Price,Design-Build,High,Moderate,Slow,2018-10-15,2019-07-13,2019,113412800,729,0.372,0.3986,0.9869,1.0277,0.0119,-19,1.0788,11,19,0.827,0.951
PRJ3-01408,Copper Water Program 1408,Heavy Civil,Southwest,TX,Private,Guaranteed Maximum Price,Design-Bid-Build,High,High,Fast,2020-01-03,2021-09-03,2021,105181200,1295,0.471,0.4403,1.0418,0.9573,0.0001,40,0.9916,20,14,0.333,0.9689
PRJ3-01409,Crescent Residences 1409,Residential,West,CA,Private,Guaranteed Maximum Price,CMAR,Moderate,Moderate,Standard,2024-02-05,2024-12-12,2024,69375600,621,0.502,0.4993,0.9673,0.9956,0.0074,2,1.0439,0,5,0.554,0.9493
PRJ3-01410,Riverside Corporate Center 1410,Commercial,West,NV,Private,Lump Sum,IPD,High,Low,Standard,2019-08-12,2020-04-07,2020,26428700,469,0.511,0.4648,0.8527,0.8939,0.0956,22,1.0486,12,3,0.678,0.9751
PRJ3-01411,Redwood Earthworks Package 1411,Heavy Civil,Mountain,ID,Private,Lump Sum,Design-Build,Moderate,High,Slow,2022-11-21,2024-04-19,2024,173223000,1121,0.46,0.4994,0.8864,0.9943,0.0681,-44,0.9491,18,13,0.701,0.9612
PRJ3-01412,Pioneer Medical Center 1412,Institutional,Mountain,MT,Private,Lump Sum,Design-Bid-Build,Moderate,Low,Slow,2018-12-16,2020-04-01,2020,159251000,843,0.561,0.5198,0.9413,0.872,0.0229,35,0.9008,23,27,0.478,0.9378
PRJ3-01413,Riverside Neighborhood 1413,Residential,Midwest,IL,Public-Private Partnership,Unit Price,CMAR,Moderate,Low,Fast,2025-04-05,2025-11-08,2025,86714800,379,0.574,0.573,0.9629,0.9739,0.0271,0,0.9659,15,26,0.652,0.9696
PRJ3-01414,Horizon Utility Corridor 1414,Infrastructure,Northeast,PA,Private,Guaranteed Maximum Price,Design-Build,Moderate,Low,Fast,2021-10-01,2023-10-24,2023,324390300,1291,0.584,0.5676,1.0313,0.9913,-0.0013,21,0.977,21,6,0.282,0.9799
PRJ3-01415,Aspen Office Campus 1415,Commercial,Northeast,NY,Private,Cost Plus,Design-Build,Moderate,High,Fast,2020-10-22,2021-11-13,2021,61715600,663,0.585,0.6602,1.0351,1.12,-0.0354,-50,1.0998,9,14,0.838,0.9818
PRJ3-01416,Cedar Water Program 1416,Heavy Civil,Mountain,UT,Public,Cost Plus,Design-Build,Moderate,Low,Standard,2024-04-20,2025-06-05,2025,175959800,1025,0.401,0.3939,0.9527,0.9144,0.0117,7,0.9595,13,20,0.234,0.982
PRJ3-01417,Harbor Housing 1417,Residential,Northeast,NJ,Public,Unit Price,IPD,High,Low,Slow,2021-05-03,2022-02-09,2022,45838300,554,0.51,0.5072,0.871,0.974,0.0581,2,0.824,19,17,0.375,0.9677
PRJ3-01418,Gateway Bridge Program 1418,Heavy Civil,West,OR,Private,Guaranteed Maximum Price,Design-Bid-Build,Very High,Moderate,Slow,2023-08-09,2025-05-28,2025,121669100,1159,0.568,0.4778,0.8806,0.8453,0.0695,105,0.907,33,11,0.762,0.9203
PRJ3-01419,Redwood Earthworks Package 1419,Heavy Civil,Midwest,MI,Private,Guaranteed Maximum Price,CMAR,Very High,Moderate,Fast,2019-12-12,2020-12-16,2020,244100100,1034,0.358,0.3785,0.9656,0.9866,-0.0032,-21,0.9508,15,15,0.702,0.9597
PRJ3-01420,Harbor Logistics Center 1420,Industrial,West,CA,Public,Lump Sum,Design-Build,Moderate,High,Fast,2019-01-13,2019-11-14,2019,70086700,849,0.36,0.3828,1.0642,1.0251,-0.0215,-19,1.0378,0,4,0.204,0.975
PRJ3-01421,Redwood Logistics Center 1421,Industrial,Southeast,GA,Private,Guaranteed Maximum Price,Design-Bid-Build,High,Moderate,Standard,2023-05-08,2025-01-21,2025,170749600,1071,0.583,0.6003,1.0384,1.0205,-0.0109,-19,0.906,0,13,0.937,0.953
PRJ3-01422,Cedar Apartments 1422,Residential,Southwest,AZ,Public-Private Partnership,Cost Plus,CMAR,High,Moderate,Standard,2024-08-17,2025-04-01,2025,37737900,533,0.427,0.4408,0.9617,1.0249,0.0238,-7,1.0264,11,5,0.908,0.9741
PRJ3-01423,Canyon Highway Improvements 1423,Heavy Civil,Mountain,MT,Private,Lump Sum,Design-Build,Moderate,Low,Fast,2020-04-09,2021-11-24,2021,221364500,1142,0.521,0.4845,1.0057,0.9245,-0.0092,42,0.9941,8,15,0.512,0.9828
PRJ3-01424,Liberty Public Works Program 1424,Infrastructure,Mountain,UT,Public-Private Partnership,Guaranteed Maximum Price,CMAR,High,Moderate,Standard,2019-11-22,2021-12-02,2021,167485900,1288,0.576,0.5507,0.8698,0.9173,0.0777,33,1.0159,28,21,0.839,0.9571
PRJ3-01425,Lakeview Residences 1425,Residential,Northeast,MA,Private,Guaranteed Maximum Price,Design-Bid-Build,High,High,Fast,2023-01-22,2023-11-06,2023,95690800,580,0.498,0.4952,0.9261,1.0103,0.0153,2,1.0726,0,10,0.549,0.9657
PRJ3-01426,Cedar Urban Village 1426,Mixed-Use,Mountain,ID,Private,Guaranteed Maximum Price,IPD,Moderate,High,Fast,2020-06-17,2021-08-16,2021,92183100,1010,0.421,0.4313,1.0823,0.9895,-0.0241,-10,1.0383,0,3,0.895,0.9737
PRJ3-01427,Granite Manufacturing Facility 1427,Industrial,Southwest,TX,Private,Lump Sum,Design-Build,Moderate,Moderate,Fast,2020-02-23,2021-12-06,2021,95435600,1195,0.546,0.4593,1.0554,0.8977,-0.0273,104,0.9997,16,0,0.409,0.981
PRJ3-01428,Aspen Bridge Program 1428,Heavy Civil,Midwest,IL,Private,Guaranteed Maximum Price,Design-Bid-Build,Moderate,High,Standard,2021-02-16,2022-07-10,2022,167777900,950,0.536,0.5173,1.1297,0.9711,-0.0519,18,1.1002,3,20,0.526,0.9736
PRJ3-01429,Canyon Earthworks Package 1429,Heavy Civil,Midwest,MO,Private,Lump Sum,CMAR,Low,Moderate,Slow,2023-03-12,2024-07-24,2024,300136500,892,0.561,0.5549,1.0519,0.9934,-0.0192,5,0.9383,20,13,0.602,0.9657
PRJ3-01430,Pioneer Transit-Oriented Development 1430,Mixed-Use,Southwest,NM,Public,Lump Sum,CMAR,Moderate,High,Standard,2020-10-11,2021-11-05,2021,81581200,768,0.508,0.5222,1.0094,1.027,-0.0092,-11,0.992,20,7,1.085,0.9594
PRJ3-01431,Redwood Marketplace 1431,Commercial,Midwest,IL,Public,Cost Plus,Design-Bid-Build,Very High,High,Standard,2021-10-25,2022-11-07,2022,23751400,730,0.519,0.4827,0.962,0.9552,0.0192,26,0.984,0,14,0.506,0.9761
PRJ3-01432,Harbor Medical Center 1432,Institutional,Southwest,AZ,Private,Guaranteed Maximum Price,IPD,Low,Low,Standard,2019-06-23,2020-06-29,2020,162471300,649,0.574,0.5588,0.9543,1.0003,0.0206,10,1.0074,15,9,0.275,0.9696
PRJ3-01433,Copper Water Program 1433,Heavy Civil,Midwest,MO,Private,Lump Sum,Design-Build,Moderate,Moderate,Slow,2024-03-19,2025-11-16,2025,187533600,1152,0.527,0.4685,0.8638,0.8586,0.0741,67,0.989,15,16,0.352,0.9595
PRJ3-01434,Northstar District 1434,Mixed-Use,West,OR,Private,Guaranteed Maximum Price,Design-Bid-Build,High,Moderate,Standard,2020-05-07,2021-12-06,2021,208642100,988,0.586,0.5867,1.043,0.988,-0.0045,-1,0.9162,20,10,0.818,0.9513
PRJ3-01435,Summit Highway Improvements 1435,Heavy Civil,Southeast,GA,Public-Private Partnership,Guaranteed Maximum Price,CMAR,High,Moderate,Slow,2020-10-12,2022-12-20,2022,209757100,1355,0.59,0.5333,0.8753,0.885,0.0602,77,0.992,33,22,0.868,0.9494
PRJ3-01436,Canyon Highway Improvements 1436,Heavy Civil,Southeast,TN,Public,Guaranteed Maximum Price,CMAR,Low,Moderate,Fast,2022-06-30,2023-09-09,2023,200105800,938,0.465,0.5092,1.0084,1.12,0.0136,-41,0.9629,13,18,0.756,1.0
PRJ3-01437,Summit Marketplace 1437,Commercial,Midwest,IL,Private,Cost Plus,Design-Build,Moderate,Low,Fast,2020-08-25,2021-06-20,2021,123719800,691,0.434,0.3947,1.0526,0.9602,-0.0346,27,0.9919,14,8,0.447,0.9677
PRJ3-01438,Evergreen Water Program 1438,Heavy Civil,Northeast,MA,Private,Unit Price,CMAR,Moderate,Low,Standard,2018-08-15,2019-12-07,2019,183222500,988,0.485,0.4123,0.9018,0.9242,0.0523,72,0.954,16,8,0.564,0.948
PRJ3-01439,Copper Town Center 1439,Mixed-Use,Midwest,MN,Public,Cost Plus,Design-Build,High,High,Standard,2020-12-18,2022-05-25,2022,122373800,1020,0.513,0.486,0.9976,0.9695,-0.0065,28,0.9737,0,11,0.496,0.9624
PRJ3-01440,Aspen Residences 1440,Residential,Midwest,IL,Public,Lump Sum,CMAR,High,Low,Slow,2021-06-02,2022-07-12,2022,80153400,703,0.577,0.5829,0.8642,0.9746,0.0956,-4,0.9149,43,21,0.744,0.965
PRJ3-01441,Crescent Earthworks Package 1441,Heavy Civil,Southeast,TN,Public,Cost Plus,Design-Build,High,Low,Standard,2021-02-25,2022-12-08,2022,245690700,1143,0.57,0.5328,0.9279,0.9259,0.0238,42,0.9208,12,11,0.491,0.9657
PRJ3-01442,Riverside Process Plant 1442,Industrial,Southeast,NC,Public-Private Partnership,Guaranteed Maximum Price,CMAR,Low,High,Slow,2023-04-04,2024-07-13,2024,186994300,991,0.471,0.4699,0.9424,0.9733,0.0183,1,0.9685,13,21,0.691,0.9816
PRJ3-01443,Cedar Logistics Center 1443,Industrial,Northeast,NJ,Private,Lump Sum,Design-Bid-Build,Moderate,Moderate,Fast,2019-12-25,2020-10-23,2020,151254400,812,0.374,0.3656,0.9668,0.9489,0.0165,7,1.0716,8,19,0.797,0.966
PRJ3-01444,Pioneer Town Center 1444,Mixed-Use,Midwest,OH,Private,Cost Plus,Design-Build,Moderate,Moderate,Slow,2017-07-03,2019-02-12,2019,64084100,1074,0.549,0.4908,0.8518,0.8905,0.0781,63,0.8659,33,16,0.445,0.9461
PRJ3-01445,Lakeview Public Works Program 1445,Infrastructure,West,WA,Public-Private Partnership,Guaranteed Maximum Price,CMAR,High,Low,Fast,2020-09-21,2023-02-18,2023,225159500,1551,0.568,0.5587,0.9619,0.9895,0.0179,14,0.8933,31,11,0.289,0.9545
PRJ3-01446,Pioneer Residences 1446,Residential,West,WA,Private,Lump Sum,CMAR,Low,Moderate,Fast,2019-02-05,2019-09-19,2019,51569200,397,0.57,0.5962,1.0798,1.0451,-0.0326,-10,0.9944,4,0,0.562,0.9788
PRJ3-01447,Copper Research Facility 1447,Institutional,Southwest,AZ,Private,Guaranteed Maximum Price,Design-Build,Moderate,High,Fast,2023-04-26,2024-06-23,2024,90044300,874,0.486,0.5202,0.9992,1.0473,-0.0037,-30,1.0446,4,3,0.775,0.964
PRJ3-01448,Liberty Education Center 1448,Institutional,West,WA,Public,Cost Plus,Design-Build,Moderate,Low,Fast,2021-05-19,2022-02-02,2022,36426100,623,0.416,0.375,0.8865,0.9056,0.0234,26,0.9457,3,0,0.52,0.9687
PRJ3-01450,Gateway Office Campus 1450,Commercial,Southwest,AZ,Public-Private Partnership,Lump Sum,Design-Bid-Build,Low,Moderate,Standard,2019-03-04,2019-11-09,2019,93929800,576,0.435,0.4401,0.9549,0.9913,0.0246,-3,0.973,19,0,0.659,0.9789
PRJ3-01451,Northstar Logistics Center 1451,Industrial,Mountain,WY,Private,Guaranteed Maximum Price,Design-Build,Moderate,Low,Slow,2018-12-03,2019-06-28,2019,295804200,494,0.42,0.3506,1.0598,0.9233,-0.0308,34,0.9079,15,23,0.376,0.9728
PRJ3-01452,Horizon Manufacturing Facility 1452,Industrial,Mountain,ID,Public,Guaranteed Maximum Price,CMAR,High,Moderate,Fast,2018-02-20,2019-06-24,2019,76551500,1269,0.386,0.3139,0.954,0.8442,-0.0015,91,0.9368,38,13,0.401,0.9597
PRJ3-01453,Gateway Corporate Center 1453,Commercial,West,WA,Public,Unit Price,CMAR,Moderate,High,Fast,2020-08-06,2021-08-10,2021,79525500,795,0.465,0.5046,1.0343,1.0486,-0.0382,-31,1.0087,3,2,0.553,0.9708
PRJ3-01454,Harbor Office Campus 1454,Commercial,West,OR,Private,Cost Plus,IPD,High,Moderate,Standard,2024-04-17,2024-11-17,2024,88733600,464,0.462,0.4573,0.8957,0.9714,0.0561,2,1.0528,0,6,0.964,0.9795
PRJ3-01455,Northstar Retail Center 1455,Commercial,West,WA,Public,Guaranteed Maximum Price,Design-Bid-Build,Moderate,Moderate,Standard,2024-07-11,2025-07-14,2025,208126900,622,0.592,0.6035,1.0476,0.9834,-0.0228,-7,0.896,14,0,0.52,0.9694
PRJ3-01456,Pioneer Earthworks Package 1456,Heavy Civil,Southwest,AZ,Public-Private Partnership,Lump Sum,Design-Bid-Build,Low,Low,Fast,2022-08-31,2023-10-19,2023,149002600,950,0.436,0.4436,1.0673,0.9683,-0.0314,-7,0.9888,15,12,0.396,0.9551
PRJ3-01457,Horizon Airport Improvements 1457,Infrastructure,Mountain,MT,Private,Guaranteed Maximum Price,Design-Bid-Build,Very High,Low,Fast,2020-06-16,2022-03-01,2022,252874000,1211,0.515,0.4114,0.7663,0.8458,0.1237,125,0.8659,21,18,0.572,0.951
PRJ3-01458,Cedar Urban Village 1458,Mixed-Use,Southeast,FL,Public,Guaranteed Maximum Price,Design-Build,High,High,Standard,2021-06-05,2022-06-29,2022,209644200,983,0.396,0.3655,0.9138,0.94,0.0395,30,0.942,4,22,0.335,0.9906
PRJ3-01459,Lakeview Logistics Center 1459,Industrial,Mountain,MT,Public,Guaranteed Maximum Price,Design-Bid-Build,High,Moderate,Standard,2019-01-17,2020-03-10,2020,319511700,1019,0.411,0.4217,0.8563,0.953,0.0692,-11,0.9183,20,15,0.843,0.9629
PRJ3-01460,Northstar Research Facility 1460,Institutional,Mountain,UT,Public,Lump Sum,Design-Bid-Build,High,Moderate,Standard,2022-07-17,2023-08-27,2023,48433000,900,0.452,0.4496,0.9393,0.9711,0.0247,2,0.9538,30,18,0.488,0.9409
PRJ3-01461,Redwood Neighborhood 1461,Residential,Northeast,NJ,Private,Guaranteed Maximum Price,Design-Build,High,High,Slow,2023-04-07,2024-03-15,2024,45525600,650,0.529,0.5214,1.0236,1.0106,-0.004,5,0.9056,8,29,0.58,0.965
PRJ3-01462,Liberty Residences 1462,Residential,Mountain,CO,Private,Guaranteed Maximum Price,Design-Bid-Build,High,Moderate,Slow,2018-02-10,2019-02-06,2019,51397300,769,0.47,0.4012,0.7789,0.8539,0.1386,53,0.891,42,17,0.421,0.9511
PRJ3-01463,Summit Education Center 1463,Institutional,Midwest,IL,Private,Unit Price,CMAR,Low,Moderate,Slow,2023-10-04,2024-08-14,2024,66878700,697,0.452,0.427,1.0245,0.9097,-0.0157,17,0.9861,4,10,0.429,0.9634
PRJ3-01464,Mesa Town Center 1464,Mixed-Use,Southwest,TX,Public,Unit Price,Design-Build,Low,Moderate,Slow,2020-04-18,2021-12-23,2021,192121400,1040,0.591,0.578,0.8232,0.9953,0.125,13,0.9492,13,0,0.542,0.971
PRJ3-01465,Redwood District 1465,Mixed-Use,Southeast,TN,Public,Guaranteed Maximum Price,Design-Build,High,Moderate,Standard,2021-02-20,2022-03-14,2022,164438300,1079,0.359,0.3891,0.893,0.9138,0.044,-32,0.9632,11,20,0.559,0.9778
PRJ3-01466,Evergreen Education Center 1466,Institutional,Southwest,AZ,Private,Lump Sum,Design-Build,High,Moderate,Standard,2019-12-08,2020-11-24,2020,61538600,931,0.379,0.3364,0.9727,0.9364,0.0282,40,0.8923,13,12,0.468,0.9768
PRJ3-01467,Redwood Residences 1467,Residential,West,OR,Private,Cost Plus,CMAR,Moderate,High,Standard,2020-07-23,2020-11-19,2020,47478300,299,0.401,0.4306,0.9967,1.0748,0.0105,-9,1.0724,0,3,0.218,0.9717
PRJ3-01468,Pioneer Neighborhood 1468,Residential,Mountain,ID,Public-Private Partnership,Cost Plus,Design-Build,High,Low,Standard,2018-04-10,2019-07-26,2019,46946800,805,0.587,0.4696,0.8996,0.8822,0.0557,95,0.9559,10,12,1.093,0.9643
PRJ3-01469,Canyon Research Facility 1469,Institutional,Northeast,NJ,Private,Lump Sum,Design-Bid-Build,High,High,Fast,2024-01-07,2024-09-29,2024,222040100,703,0.379,0.3966,1.0217,0.9987,-0.0062,-12,1.042,2,14,0.741,0.952
PRJ3-01470,Liberty Process Plant 1470,Industrial,Midwest,IL,Private,Unit Price,CMAR,Moderate,High,Fast,2018-12-14,2020-05-18,2020,174827100,1096,0.476,0.4791,0.9993,0.982,-0.0207,-3,0.9536,0,19,0.791,0.9662
PRJ3-01471,Northstar Apartments 1471,Residential,West,CA,Private,Lump Sum,Design-Build,Moderate,Low,Slow,2025-02-22,2025-11-11,2025,99790900,624,0.421,0.3826,0.8603,0.9032,0.0554,24,0.89,18,4,0.759,0.9814
PRJ3-01472,Pioneer Earthworks Package 1472,Heavy Civil,Midwest,MN,Public,Guaranteed Maximum Price,CMAR,High,Moderate,Standard,2024-06-03,2025-12-13,2025,109501100,1007,0.555,0.5229,0.9445,0.9252,0.0434,32,0.9879,10,25,0.992,0.9844
PRJ3-01473,Summit Education Center 1473,Institutional,Southwest,NM,Private,Lump Sum,Design-Build,High,High,Fast,2024-07-11,2025-12-28,2025,132949400,1034,0.518,0.5333,1.0119,0.9851,-0.0061,-16,1.0193,0,4,0.623,0.9717
PRJ3-01474,Lakeview Process Plant 1474,Industrial,Southwest,NM,Public,Cost Plus,CMAR,High,High,Standard,2023-03-26,2024-03-16,2024,118287200,731,0.488,0.4772,0.9274,0.9687,0.0301,8,1.0535,21,7,1.2,0.9881
PRJ3-01475,Crescent Distribution Hub 1475,Industrial,Southeast,GA,Private,Lump Sum,Design-Bid-Build,High,High,Slow,2022-12-15,2024-03-13,2024,110688000,766,0.593,0.5124,0.9407,0.8259,0.0159,62,0.9561,13,15,0.789,0.988
PRJ3-01476,Mesa Town Center 1476,Mixed-Use,Southeast,FL,Private,Lump Sum,CMAR,High,Moderate,Standard,2020-11-04,2022-05-07,2022,80112700,1054,0.521,0.506,0.8504,0.9246,0.1059,16,0.8275,32,15,0.189,0.9564
PRJ3-01477,Aspen Logistics Center 1477,Industrial,Northeast,MA,Private,Lump Sum,IPD,Very High,Low,Fast,2018-03-13,2019-06-22,2019,290176100,835,0.559,0.5468,0.9751,0.92,-0.004,10,0.9367,11,15,0.632,0.9551
PRJ3-01478,Redwood Civic Complex 1478,Institutional,Midwest,MO,Private,Cost Plus,Design-Build,Moderate,Low,Slow,2018-08-07,2019-06-02,2019,98640300,736,0.407,0.3773,0.9339,0.8841,0.0206,22,0.9557,29,9,0.686,0.9643
PRJ3-01479,Crescent Retail Center 1479,Commercial,Mountain,UT,Private,Unit Price,CMAR,Moderate,Moderate,Standard,2017-12-03,2019-04-09,2019,107232800,871,0.566,0.5896,0.9452,1.0252,0.0312,-21,0.9591,12,12,0.583,0.9645
PRJ3-01480,Cedar Education Center 1480,Institutional,West,CA,Public,Unit Price,Design-Bid-Build,Moderate,High,Fast,2020-01-11,2021-02-07,2021,112875900,935,0.421,0.4078,0.9508,0.9215,0.0243,12,1.0937,18,12,0.574,0.9794
PRJ3-01482,Gateway Office Campus 1482,Commercial,Midwest,OH,Private,Guaranteed Maximum Price,Design-Bid-Build,Moderate,High,Standard,2023-04-25,2024-02-16,2024,115371500,745,0.399,0.3865,1.0721,0.9572,-0.0165,9,0.9953,0,24,1.019,0.9771
PRJ3-01483,Evergreen Public Works Program 1483,Infrastructure,Midwest,OH,Private,Cost Plus,Design-Build,Very High,Moderate,Fast,2023-12-08,2025-10-02,2025,241532500,1329,0.5,0.5053,0.9325,1.0354,0.0576,-7,0.9987,3,19,0.467,0.968
PRJ3-01484,Lakeview Transit-Oriented Development 1484,Mixed-Use,West,WA,Public,Unit Price,Design-Bid-Build,Moderate,Moderate,Standard,2024-05-15,2025-10-04,2025,84102000,938,0.541,0.5237,0.9839,0.9846,0.0085,16,0.9041,19,5,0.227,0.9597
PRJ3-01485,Mesa Medical Center 1485,Institutional,Northeast,NY,Private,Guaranteed Maximum Price,CMAR,Low,Moderate,Standard,2019-01-13,2020-05-19,2020,65993100,857,0.575,0.6094,1.1389,1.0194,-0.0673,-30,0.9671,2,29,0.57,0.9607
PRJ3-01486,Pioneer Retail Center 1486,Commercial,Southeast,TN,Public,Guaranteed Maximum Price,Design-Bid-Build,Moderate,High,Standard,2018-05-02,2019-05-26,2019,115668000,680,0.573,0.5232,0.908,0.9556,0.0377,34,0.9469,0,13,0.756,0.9688
PRJ3-01487,Horizon Housing 1487,Residential,Southwest,AZ,Private,Cost Plus,CMAR,Very High,Moderate,Standard,2024-10-19,2025-05-05,2025,60909100,397,0.5,0.5204,0.9011,1.0119,0.0655,-8,1.0074,11,11,1.224,0.9566
PRJ3-01488,Copper Marketplace 1488,Commercial,Midwest,OH,Private,Unit Price,Design-Bid-Build,Low,Moderate,Slow,2023-07-24,2024-05-22,2024,92032500,532,0.57,0.5208,0.893,0.8917,0.0732,26,1.0202,34,8,0.619,0.9789
PRJ3-01489,Crescent Residences 1489,Residential,Midwest,MO,Public,Guaranteed Maximum Price,Design-Bid-Build,Very High,High,Fast,2025-03-16,2025-12-10,2025,34738300,708,0.38,0.3374,0.8857,0.9012,0.0486,30,0.9768,43,7,0.383,0.9716
PRJ3-01490,Aspen Process Plant 1490,Industrial,Midwest,MI,Public,Lump Sum,CMAR,High,High,Slow,2021-09-04,2022-09-25,2022,128366500,716,0.54,0.4795,0.9334,0.8872,0.0212,43,1.0288,23,14,0.941,0.9532
PRJ3-01491,Lakeview Residences 1491,Residential,Mountain,ID,Private,Cost Plus,CMAR,Very High,Moderate,Fast,2022-02-09,2023-01-18,2023,25665300,633,0.542,0.4974,0.9734,0.8803,0.0187,28,1.0429,23,19,1.112,0.9465
PRJ3-01492,Horizon Education Center 1492,Institutional,Southwest,TX,Private,Lump Sum,Design-Bid-Build,High,Low,Slow,2024-05-10,2025-03-07,2025,321097900,803,0.376,0.3247,0.8229,0.8592,0.0712,41,0.9006,36,7,0.841,0.9442
PRJ3-01493,Northstar Civic Complex 1493,Institutional,West,WA,Private,Cost Plus,CMAR,Moderate,High,Standard,2019-08-08,2020-06-17,2020,132583700,795,0.395,0.3768,1.0716,1.0378,-0.0306,14,1.0657,0,2,0.164,0.9688
PRJ3-01494,Lakeview Neighborhood 1494,Residential,Mountain,UT,Private,Unit Price,Design-Bid-Build,Moderate,Moderate,Standard,2024-04-06,2024-09-19,2024,56474600,443,0.376,0.383,0.964,0.9296,0.0289,-3,1.0037,17,14,0.895,0.9694
PRJ3-01495,Riverside Urban Village 1495,Mixed-Use,West,WA,Public,Lump Sum,IPD,High,Moderate,Slow,2023-07-03,2025-05-05,2025,84217600,1152,0.584,0.5494,0.9591,1.0003,0.0289,40,0.9647,25,14,0.962,0.9721
PRJ3-01496,Gateway Marketplace 1496,Commercial,Southwest,NM,Private,Lump Sum,Design-Bid-Build,Very High,High,Fast,2024-12-09,2025-09-17,2025,68960400,698,0.405,0.3548,0.9674,0.8703,0.0073,35,0.9474,10,8,0.91,0.9535
PRJ3-01497,Granite Office Campus 1497,Commercial,Northeast,MA,Public,Cost Plus,CMAR,Moderate,Moderate,Standard,2020-07-04,2021-03-28,2021,99520500,627,0.426,0.4201,0.9361,0.9796,0.0433,4,0.9498,25,12,0.674,0.971
PRJ3-01498,Horizon Urban Village 1498,Mixed-Use,Southwest,NM,Private,Lump Sum,Design-Bid-Build,Moderate,Low,Standard,2024-06-06,2025-09-28,2025,151705300,877,0.547,0.4895,0.9491,0.9288,0.0331,50,0.9816,19,7,0.767,0.9442
PRJ3-01499,Redwood Logistics Center 1499,Industrial,Mountain,WY,Public,Cost Plus,IPD,High,High,Slow,2024-01-06,2024-10-11,2024,90424200,792,0.353,0.2935,0.823,0.8749,0.0785,47,0.9204,39,17,0.154,0.9878
PRJ3-01500,Summit Civic Complex 1500,Institutional,West,WA,Private,Unit Price,CMAR,High,High,Fast,2021-04-13,2022-02-08,2022,61721700,837,0.36,0.3657,1.0724,0.9858,-0.0341,-5,1.16,14,11,0.863,0.9759
PRJ3-01501,Lakeview Earthworks Package 1501,Heavy Civil,Southeast,FL,Public,Lump Sum,Design-Bid-Build,High,Moderate,Standard,2022-01-05,2023-09-16,2023,119427000,1214,0.51,0.4985,0.9439,0.9983,0.0404,14,0.9428,20,21,0.62,0.9622
PRJ3-01502,Aspen Research Facility 1502,Institutional,Mountain,CO,Private,Guaranteed Maximum Price,Design-Build,Moderate,Moderate,Standard,2021-02-12,2022-02-09,2022,279409900,736,0.493,0.4973,1.0348,1.0254,-0.0324,-3,0.9308,0,19,0.411,0.9931
PRJ3-01503,Evergreen Public Works Program 1503,Infrastructure,West,CA,Public,Guaranteed Maximum Price,CMAR,High,Low,Standard,2022-05-02,2024-04-07,2024,727153300,1318,0.536,0.5459,0.9065,0.9803,0.0586,-13,0.9294,26,7,0.979,0.9661
PRJ3-01504,Cedar Marketplace 1504,Commercial,Southeast,GA,Private,Guaranteed Maximum Price,Design-Build,Very High,Low,Standard,2020-06-05,2021-06-28,2021,71873900,688,0.565,0.5126,0.9655,0.9025,0.0101,36,0.9479,22,13,0.713,0.9506
PRJ3-01505,Horizon Transit-Oriented Development 1505,Mixed-Use,Southwest,NM,Private,Guaranteed Maximum Price,CMAR,Low,High,Fast,2023-09-16,2024-12-18,2024,145560800,1053,0.436,0.4442,0.9832,1.0477,0.0081,-9,1.0148,17,1,0.378,0.9824
PRJ3-01506,Cedar Research Facility 1506,Institutional,Midwest,OH,Public,Cost Plus,IPD,Low,Moderate,Standard,2018-10-03,2019-09-12,2019,97947300,770,0.447,0.4579,1.0972,1.0144,-0.0481,-8,0.9597,5,9,0.499,0.9952
PRJ3-01507,Canyon Civic Complex 1507,Institutional,West,OR,Private,Lump Sum,CMAR,High,High,Standard,2018-11-23,2020-02-08,2020,225087700,796,0.556,0.5113,0.9711,0.9307,0.0355,36,0.9201,14,7,0.372,0.9641
PRJ3-01508,Pioneer Retail Center 1508,Commercial,Southeast,VA,Private,Guaranteed Maximum Price,IPD,Moderate,Moderate,Slow,2022-11-17,2023-09-28,2023,61350400,666,0.473,0.5563,0.9406,1.0735,0.0086,-55,1.0001,17,5,0.074,0.9539
PRJ3-01509,Aspen Public Works Program 1509,Infrastructure,Southeast,GA,Public,Guaranteed Maximum Price,CMAR,Low,Low,Slow,2020-11-05,2022-07-26,2022,196063000,1161,0.541,0.543,0.9452,0.942,0.0438,-2,0.9338,20,3,1.236,0.9641
PRJ3-01510,Pioneer Manufacturing Facility 1510,Industrial,Midwest,MN,Private,Guaranteed Maximum Price,CMAR,Low,High,Fast,2019-12-16,2020-10-08,2020,146436400,711,0.418,0.4214,1.135,1.059,-0.0652,-2,1.0298,10,23,0.744,0.9843
PRJ3-01511,Crescent Corporate Center 1511,Commercial,Southwest,AZ,Private,Guaranteed Maximum Price,Design-Bid-Build,Moderate,Moderate,Fast,2024-09-11,2025-08-01,2025,79587700,568,0.572,0.5667,0.9933,0.985,-0.0095,3,0.9981,7,8,0.898,0.957
PRJ3-01512,Copper Earthworks Package 1512,Heavy Civil,Midwest,MI,Public,Guaranteed Maximum Price,Design-Bid-Build,Moderate,High,Standard,2020-04-20,2022-02-27,2022,264613300,1214,0.559,0.555,0.9951,0.9905,0.0113,5,0.9543,42,13,0.113,0.9653
PRJ3-01513,Crescent Education Center 1513,Institutional,Southwest,AZ,Public,Guaranteed Maximum Price,Design-Bid-Build,Low,High,Standard,2019-03-04,2020-08-22,2020,180096700,908,0.592,0.5841,0.9361,0.9949,0.044,7,1.0942,2,3,0.591,0.9913
PRJ3-01514,Lakeview Civic Complex 1514,Institutional,Southeast,GA,Private,Guaranteed Maximum Price,Design-Bid-Build,Moderate,High,Standard,2018-06-23,2019-12-23,2019,133620700,937,0.585,0.6771,0.9114,1.0746,0.0708,-86,1.0418,8,17,0.471,0.9556
PRJ3-01515,Summit Water Program 1515,Heavy Civil,Midwest,IL,Private,Lump Sum,Design-Bid-Build,Moderate,Moderate,Fast,2018-11-18,2020-04-24,2020,118246500,927,0.565,0.5672,1.1152,1.0031,-0.0484,-2,1.0504,0,14,0.598,0.9721
PRJ3-01516,Gateway Medical Center 1516,Institutional,Southeast,GA,Private,Guaranteed Maximum Price,IPD,Low,Moderate,Standard,2020-04-03,2021-02-16,2021,208595600,628,0.508,0.526,1.1133,1.0131,-0.0362,-11,0.9879,9,18,0.4,0.9566
PRJ3-01517,Northstar Water Program 1517,Heavy Civil,Mountain,UT,Public-Private Partnership,Guaranteed Maximum Price,IPD,Moderate,Moderate,Standard,2021-02-05,2022-07-29,2022,183442000,1158,0.466,0.4922,1.0037,1.0111,0.0181,-30,1.0506,19,13,0.362,0.9614
PRJ3-01518,Crescent Bridge Program 1518,Heavy Civil,Northeast,MA,Public,Lump Sum,Design-Build,Moderate,Moderate,Standard,2024-08-25,2025-07-25,2025,362959400,897,0.373,0.404,0.8689,1.07,0.0499,-28,0.9564,26,9,0.6,0.9791
PRJ3-01519,Granite Utility Corridor 1519,Infrastructure,Southeast,GA,Private,Guaranteed Maximum Price,Design-Build,Very High,Moderate,Standard,2023-11-18,2025-07-12,2025,178719500,1307,0.461,0.3796,0.9574,0.8654,0.0203,106,0.8924,14,14,1.168,0.9503
PRJ3-01520,Mesa District 1520,Mixed-Use,Mountain,CO,Private,Lump Sum,Design-Bid-Build,Moderate,Low,Standard,2023-03-18,2024-05-15,2024,37925700,1190,0.357,0.3014,0.9994,0.8758,-0.0145,66,0.9705,21,14,0.843,0.9496
PRJ3-01521,Liberty Highway Improvements 1521,Heavy Civil,Mountain,UT,Public,Cost Plus,Design-Bid-Build,Moderate,Moderate,Slow,2018-07-18,2020-02-21,2020,247266600,1061,0.55,0.4473,0.9513,0.8368,0.0299,109,0.9354,11,16,0.399,0.9722
PRJ3-01522,Pioneer Bridge Program 1522,Heavy Civil,Midwest,IL,Public,Guaranteed Maximum Price,IPD,Moderate,Moderate,Slow,2019-04-07,2020-07-20,2020,256992000,920,0.511,0.5108,0.9255,0.9982,0.0497,0,1.0612,12,19,0.786,0.9584
PRJ3-01523,Harbor Logistics Center 1523,Industrial,West,CA,Private,Unit Price,Design-Build,Moderate,Moderate,Standard,2021-05-12,2022-07-23,2022,183974700,777,0.563,0.5704,1.013,0.9996,-0.0154,-6,0.912,0,11,0.476,0.9767
PRJ3-01524,Granite Retail Center 1524,Commercial,Mountain,CO,Private,Guaranteed Maximum Price,Design-Bid-Build,Low,Low,Standard,2024-06-09,2025-03-19,2025,70621200,550,0.516,0.5139,0.9956,0.9605,0.0083,1,0.9877,4,16,0.33,0.9649
PRJ3-01525,Liberty Transit Program 1525,Infrastructure,Mountain,CO,Private,Lump Sum,IPD,Very High,Low,Slow,2022-04-24,2023-12-29,2023,58562900,1057,0.581,0.4823,0.84,0.8453,0.0995,104,0.8703,20,0,0.562,0.9483
PRJ3-01526,Aspen Urban Village 1526,Mixed-Use,West,CA,Public,Lump Sum,Design-Bid-Build,Moderate,Low,Slow,2023-05-21,2024-09-08,2024,159382800,811,0.587,0.5133,0.8734,0.8917,0.0889,60,0.8315,17,8,0.855,0.9676
PRJ3-01527,Riverside Earthworks Package 1527,Heavy Civil,Midwest,MO,Public-Private Partnership,Lump Sum,CMAR,Very High,Moderate,Fast,2022-05-06,2023-09-15,2023,270339400,1081,0.46,0.4349,0.93,0.982,0.0295,27,1.0186,28,11,0.625,0.9709
PRJ3-01528,Liberty Transit-Oriented Development 1528,Mixed-Use,Midwest,OH,Private,Guaranteed Maximum Price,Design-Build,High,High,Standard,2018-11-18,2020-02-26,2020,122920600,893,0.521,0.4952,1.0482,0.9461,-0.0026,23,0.9711,19,7,0.968,0.9541
PRJ3-01529,Granite Apartments 1529,Residential,Midwest,OH,Private,Unit Price,Design-Build,Moderate,Moderate,Slow,2021-12-06,2022-07-08,2022,36268900,384,0.559,0.5324,0.8857,0.9339,0.0771,10,1.0152,11,14,0.629,0.9813
PRJ3-01530,Redwood District 1530,Mixed-Use,West,CA,Public-Private Partnership,Lump Sum,IPD,Moderate,High,Fast,2022-12-17,2024-02-07,2024,170727200,973,0.429,0.4262,1.0936,1.0212,-0.0614,3,1.068,0,0,0.516,0.9645
PRJ3-01531,Mesa Bridge Program 1531,Heavy Civil,West,WA,Public,Lump Sum,Design-Build,Low,Low,Fast,2022-05-09,2024-01-04,2024,119336300,1252,0.484,0.4895,1.0481,1.0052,-0.0361,-7,1.0323,0,0,0.597,0.9729
PRJ3-01532,Riverside Neighborhood 1532,Residential,Southwest,TX,Private,Lump Sum,Design-Build,High,Moderate,Fast,2022-02-15,2023-02-11,2023,43484700,689,0.525,0.6091,1.0651,1.0813,-0.0291,-58,1.0366,9,6,0.469,0.9829
PRJ3-01533,Liberty Corporate Center 1533,Commercial,Mountain,ID,Public,Lump Sum,Design-Build,Low,Moderate,Slow,2020-10-09,2021-07-19,2021,51431900,719,0.394,0.4119,0.8987,1.0065,0.0526,-13,0.9559,20,5,0.447,0.9537
PRJ3-01534,Horizon Transit Program 1534,Infrastructure,Southwest,NM,Public,Lump Sum,Design-Build,Moderate,Low,Fast,2022-12-20,2024-04-13,2024,91488600,1353,0.355,0.3475,0.9873,0.9826,0.001,10,1.0472,7,7,0.904,0.943
PRJ3-01535,Liberty Process Plant 1535,Industrial,Midwest,MN,Public,Lump Sum,Design-Build,Moderate,Low,Standard,2018-04-16,2020-01-20,2020,409617400,1085,0.594,0.6013,1.0236,0.9796,-0.0164,-8,1.0501,17,11,0.688,0.962
PRJ3-01536,Liberty Airport Improvements 1536,Infrastructure,Northeast,CT,Public,Cost Plus,CMAR,Very High,Moderate,Fast,2019-07-17,2021-09-20,2021,251790100,1330,0.599,0.5431,0.9417,0.9078,0.0352,74,1.0348,36,8,0.816,0.9651
PRJ3-01537,Northstar Airport Improvements 1537,Infrastructure,Southeast,VA,Public,Cost Plus,Design-Build,High,Moderate,Standard,2022-06-15,2024-02-13,2024,359765400,1189,0.512,0.4799,0.9155,0.9414,0.0257,38,0.9892,3,18,0.346,0.9704
PRJ3-01538,Gateway Residences 1538,Residential,Midwest,MI,Public-Private Partnership,Lump Sum,IPD,Very High,High,Slow,2022-07-03,2023-05-26,2023,27988100,860,0.381,0.3746,0.8692,1.0377,0.0491,5,1.057,15,23,1.041,0.9539
PRJ3-01539,Northstar Residences 1539,Residential,Midwest,MO,Public,Lump Sum,CMAR,Moderate,Low,Fast,2023-01-12,2023-08-22,2023,29709900,584,0.381,0.3911,0.999,1.0508,0.0037,-6,0.8685,4,16,0.816,0.982
PRJ3-01540,Copper Utility Corridor 1540,Infrastructure,Midwest,MO,Public,Lump Sum,IPD,Low,Moderate,Slow,2020-01-24,2021-06-26,2021,115302300,1019,0.51,0.5543,1.0245,1.051,-0.0223,-45,0.9813,19,10,0.522,0.9604
PRJ3-01541,Liberty Transit-Oriented Development 1541,Mixed-Use,Southwest,TX,Private,Guaranteed Maximum Price,IPD,Moderate,Moderate,Standard,2023-12-04,2024-12-23,2024,198092400,1010,0.382,0.3639,1.0634,1.0283,-0.0088,18,0.9508,6,0,0.662,0.9711
PRJ3-01542,Aspen Housing 1542,Residential,Southeast,GA,Private,Cost Plus,CMAR,High,Moderate,Fast,2018-07-02,2019-02-28,2019,46702400,607,0.398,0.3921,1.0028,1.0069,0.0038,4,1.0744,18,14,0.552,0.9695
PRJ3-01543,Canyon District 1543,Mixed-Use,Mountain,UT,Public,Guaranteed Maximum Price,CMAR,Low,Moderate,Fast,2018-11-10,2020-04-02,2020,208823600,855,0.596,0.6432,1.071,1.0891,-0.0327,-40,0.9646,11,13,0.273,0.9891
PRJ3-01544,Horizon District 1544,Mixed-Use,Mountain,MT,Public,Unit Price,Design-Bid-Build,Moderate,High,Fast,2021-11-05,2023-05-01,2023,260883300,966,0.562,0.5967,0.905,1.0534,0.0578,-34,1.0702,24,0,0.678,0.999
PRJ3-01545,Evergreen District 1545,Mixed-Use,Southeast,TN,Private,Unit Price,Design-Build,Low,Moderate,Fast,2021-09-02,2022-11-13,2022,272472200,867,0.505,0.5256,1.1173,1.0397,-0.0493,-18,1.0773,9,19,0.271,0.9681
PRJ3-01546,Aspen Apartments 1546,Residential,Mountain,ID,Public,Cost Plus,CMAR,Moderate,High,Slow,2020-03-21,2021-01-11,2021,28900800,563,0.527,0.5237,0.97,0.9165,0.0085,2,1.0253,9,12,0.608,0.9642
PRJ3-01547,Northstar Transit-Oriented Development 1547,Mixed-Use,Midwest,MO,Public-Private Partnership,Cost Plus,Design-Build,High,High,Standard,2024-04-19,2025-06-24,2025,109645200,1164,0.371,0.3616,0.9415,0.933,0.0147,11,1.0418,17,16,0.922,0.9623
PRJ3-01548,Horizon Civic Complex 1548,Institutional,Midwest,OH,Private,Guaranteed Maximum Price,CMAR,Moderate,High,Slow,2021-12-02,2022-10-22,2022,192217500,583,0.556,0.5219,1.0117,0.9525,-0.0215,20,0.9935,7,23,0.588,0.9542
PRJ3-01549,Riverside Process Plant 1549,Industrial,West,WA,Private,Unit Price,IPD,High,Moderate,Standard,2018-07-07,2020-03-03,2020,239612000,1214,0.499,0.4696,0.9746,0.9759,0.0328,36,0.9792,16,0,0.517,0.977
PRJ3-01550,Horizon Town Center 1550,Mixed-Use,Northeast,CT,Private,Lump Sum,Design-Bid-Build,Very High,Moderate,Standard,2023-01-10,2024-03-24,2024,183215900,893,0.492,0.4174,0.8688,0.8317,0.0413,67,0.9165,22,16,0.506,0.9516
PRJ3-01551,Gateway Manufacturing Facility 1551,Industrial,West,OR,Public-Private Partnership,Guaranteed Maximum Price,Design-Build,Very High,Moderate,Slow,2020-04-24,2021-04-27,2021,184983900,838,0.44,0.4079,0.8276,0.9485,0.0831,27,0.8288,6,24,0.554,0.9634
PRJ3-01552,Pioneer Transit-Oriented Development 1552,Mixed-Use,Midwest,MI,Public,Guaranteed Maximum Price,CMAR,Very High,Moderate,Standard,2018-10-16,2020-05-02,2020,159698700,992,0.569,0.4681,0.9085,0.847,0.063,100,0.8233,31,19,0.973,0.9492
PRJ3-01553,Gateway Residences 1553,Residential,Southwest,AZ,Private,Cost Plus,IPD,High,Low,Fast,2022-04-17,2023-03-25,2023,28219100,618,0.554,0.5208,1.0171,0.9557,-0.0122,20,0.9872,14,4,0.689,0.9751
PRJ3-01554,Northstar Transit-Oriented Development 1554,Mixed-Use,Northeast,CT,Public,Lump Sum,Design-Build,High,High,Fast,2023-05-22,2024-07-28,2024,418170800,958,0.453,0.449,0.9592,0.9595,0.0306,4,1.062,6,26,0.781,0.9672
PRJ3-01555,Mesa Earthworks Package 1555,Heavy Civil,West,WA,Private,Guaranteed Maximum Price,Design-Bid-Build,Very High,High,Fast,2017-08-03,2019-06-02,2019,383685600,1305,0.512,0.5294,0.9779,1.0381,0.0046,-23,1.0068,22,0,0.784,0.9721
PRJ3-01556,Northstar District 1556,Mixed-Use,Mountain,CO,Public-Private Partnership,Cost Plus,IPD,Moderate,Moderate,Fast,2019-12-05,2021-02-22,2021,116695700,778,0.573,0.57,0.9897,0.9721,0.0126,2,0.986,12,10,0.693,0.9507
PRJ3-01557,Crescent Highway Improvements 1557,Heavy Civil,Southeast,VA,Public,Cost Plus,CMAR,Very High,Moderate,Fast,2020-12-21,2022-08-10,2022,110434300,1134,0.527,0.536,0.843,0.9502,0.1012,-10,0.8557,25,18,0.644,0.9368
PRJ3-01558,Summit Civic Complex 1558,Institutional,Northeast,CT,Private,Guaranteed Maximum Price,CMAR,High,Moderate,Standard,2020-05-10,2021-12-12,2021,52479700,1022,0.569,0.551,0.9142,0.9607,0.0501,18,0.9884,12,20,0.343,0.9588
PRJ3-01559,Mesa Urban Village 1559,Mixed-Use,Northeast,MA,Private,Lump Sum,CMAR,Moderate,High,Standard,2019-08-02,2021-05-19,2021,235949100,1121,0.586,0.5621,1.0315,0.9894,-0.0369,27,1.0161,0,26,0.653,0.9729
PRJ3-01560,Aspen Earthworks Package 1560,Heavy Civil,Southwest,NM,Private,Lump Sum,Design-Build,High,Moderate,Fast,2018-06-13,2019-10-24,2019,356571400,1082,0.461,0.3938,1.0294,0.8949,-0.0134,73,0.882,18,18,0.64,0.9792
PRJ3-01561,Granite Utility Corridor 1561,Infrastructure,Northeast,NJ,Private,Unit Price,Design-Bid-Build,Very High,Low,Fast,2022-01-03,2023-06-28,2023,533350000,1426,0.38,0.3412,0.8146,0.9085,0.0914,55,0.957,30,16,1.18,0.9578
PRJ3-01562,Pioneer Earthworks Package 1562,Heavy Civil,West,CA,Private,Guaranteed Maximum Price,CMAR,High,High,Slow,2020-05-23,2021-07-24,2021,202783100,1002,0.427,0.4321,1.0467,0.9538,-0.016,-5,0.919,16,1,0.695,0.9662
PRJ3-01563,Copper Medical Center 1563,Institutional,Mountain,WY,Public,Guaranteed Maximum Price,IPD,Very High,Moderate,Fast,2023-03-23,2024-06-18,2024,118906400,949,0.478,0.4277,0.9475,0.9104,0.0312,48,1.0146,20,17,0.594,0.9643
PRJ3-01564,Mesa Logistics Center 1564,Industrial,Southeast,NC,Public-Private Partnership,Guaranteed Maximum Price,IPD,High,Moderate,Standard,2024-05-13,2025-10-02,2025,70517300,1039,0.488,0.4578,0.9459,0.9685,0.0367,31,0.9812,9,8,0.993,0.9592
PRJ3-01565,Canyon Transit-Oriented Development 1565,Mixed-Use,Southeast,GA,Public,Unit Price,CMAR,Moderate,Low,Fast,2023-08-11,2024-12-09,2024,79312600,1025,0.475,0.4365,0.9844,0.9011,-0.0067,39,1.0265,21,10,0.438,0.9659
PRJ3-01566,Aspen Retail Center 1566,Commercial,Northeast,MA,Public,Cost Plus,IPD,High,Moderate,Standard,2022-05-19,2023-06-09,2023,110096500,940,0.411,0.4336,1.0413,0.9915,-0.0134,-21,1.027,4,17,0.696,0.9838
PRJ3-01567,Pioneer Marketplace 1567,Commercial,Northeast,MA,Private,Cost Plus,Design-Bid-Build,High,Moderate,Slow,2022-05-15,2023-04-23,2023,159522300,675,0.509,0.447,0.8205,0.8964,0.096,42,0.9171,24,13,1.068,0.9452
PRJ3-01568,Crescent Process Plant 1568,Industrial,Mountain,CO,Private,Unit Price,Design-Bid-Build,Low,Moderate,Fast,2024-09-06,2025-10-28,2025,268040100,868,0.481,0.5051,0.9923,1.0594,-0.0056,-21,0.9354,6,17,0.573,0.9717
PRJ3-01569,Horizon Highway Improvements 1569,Heavy Civil,West,NV,Public,Unit Price,Design-Bid-Build,Moderate,Moderate,Standard,2022-06-13,2023-10-07,2023,77860700,1106,0.435,0.3876,0.9572,0.8615,-0.0116,52,1.1136,31,9,0.493,0.9449
PRJ3-01570,Lakeview Distribution Hub 1570,Industrial,Southeast,GA,Public,Guaranteed Maximum Price,CMAR,Low,Low,Slow,2024-02-13,2025-03-14,2025,152128500,865,0.457,0.4612,0.9189,1.0134,0.0425,-4,0.9104,38,14,0.757,0.9551
PRJ3-01571,Northstar District 1571,Mixed-Use,Mountain,WY,Private,Lump Sum,IPD,High,Moderate,Standard,2018-06-17,2019-11-26,2019,133493300,920,0.573,0.5862,0.9182,0.9989,0.0492,-12,0.901,12,20,0.756,0.9591
PRJ3-01572,Redwood Research Facility 1572,Institutional,Northeast,MA,Private,Lump Sum,Design-Build,Low,Low,Standard,2024-08-09,2025-04-24,2025,127995200,595,0.435,0.419,0.9607,0.9298,0.0191,9,0.9726,25,23,0.158,0.9508
PRJ3-01573,Summit Utility Corridor 1573,Infrastructure,Southwest,NM,Private,Lump Sum,Design-Bid-Build,High,High,Standard,2021-08-01,2023-09-03,2023,192415600,1279,0.597,0.4945,0.9889,0.8661,0.0032,131,0.9736,2,11,0.591,0.941
PRJ3-01574,Cedar Logistics Center 1574,Industrial,West,CA,Private,Guaranteed Maximum Price,IPD,High,High,Standard,2019-06-25,2020-06-06,2020,237996000,848,0.41,0.3936,0.9865,1.0072,0.013,14,0.9503,9,15,0.251,0.9615
PRJ3-01575,Gateway Education Center 1575,Institutional,Midwest,IL,Public-Private Partnership,Guaranteed Maximum Price,IPD,Very High,High,Fast,2021-10-10,2023-04-19,2023,40616600,1101,0.505,0.5134,0.9782,0.9785,0.0187,-9,1.0228,11,20,0.354,0.9793
PRJ3-01576,Pioneer Transit Program 1576,Infrastructure,West,NV,Public-Private Partnership,Lump Sum,CMAR,Moderate,Low,Standard,2017-10-11,2019-05-20,2019,368249200,1135,0.517,0.4964,0.9291,0.9595,0.0329,23,0.9981,29,0,0.742,0.9551
PRJ3-01577,Copper Residences 1577,Residential,Mountain,CO,Private,Cost Plus,Design-Bid-Build,Low,Moderate,Standard,2019-01-24,2019-09-07,2019,21215000,465,0.488,0.5234,1.086,1.1123,-0.0604,-16,1.0019,3,2,0.296,0.9861
PRJ3-01578,Granite Residences 1578,Residential,Southeast,FL,Public,Guaranteed Maximum Price,Design-Bid-Build,Moderate,Moderate,Standard,2021-09-01,2022-04-22,2022,58142000,524,0.445,0.4446,1.0043,0.9854,0.0101,0,0.9313,18,12,0.284,0.9656
PRJ3-01579,Lakeview Bridge Program 1579,Heavy Civil,Mountain,WY,Public,Lump Sum,IPD,High,High,Slow,2023-02-25,2024-11-04,2024,149843900,1322,0.468,0.4386,0.9459,0.9533,0.0304,39,0.9209,26,20,0.144,0.9725
PRJ3-01580,Aspen Earthworks Package 1580,Heavy Civil,Mountain,UT,Public,Guaranteed Maximum Price,Design-Bid-Build,High,High,Fast,2022-12-20,2024-02-03,2024,491992600,841,0.488,0.491,0.8902,1.0257,0.0578,-2,0.9672,11,5,0.703,0.9819
PRJ3-01581,Granite Medical Center 1581,Institutional,Northeast,NY,Public,Unit Price,Design-Bid-Build,Very High,Moderate,Slow,2021-08-20,2022-07-12,2022,166001600,843,0.387,0.3303,0.8812,0.8648,0.0584,48,0.9108,10,22,0.649,0.988
PRJ3-01582,Mesa Retail Center 1582,Commercial,Midwest,OH,Private,Lump Sum,Design-Build,Moderate,Low,Standard,2023-11-18,2024-08-09,2024,37865700,721,0.368,0.3181,0.94,0.933,0.0396,36,0.9674,16,3,0.594,0.9641
PRJ3-01583,Summit Utility Corridor 1583,Infrastructure,Midwest,MO,Private,Lump Sum,IPD,Moderate,Low,Standard,2019-02-22,2021-02-23,2021,144744700,1271,0.576,0.575,0.9798,0.9609,0.0083,1,1.1021,4,19,0.965,0.951
PRJ3-01584,Evergreen Residences 1584,Residential,Mountain,ID,Private,Lump Sum,Design-Bid-Build,Moderate,Low,Fast,2024-02-02,2024-10-21,2024,38627400,677,0.388,0.3858,0.9978,1.0387,-0.0134,2,0.9707,8,18,0.852,0.9397
PRJ3-01585,Evergreen Highway Improvements 1585,Heavy Civil,Mountain,UT,Public-Private Partnership,Guaranteed Maximum Price,CMAR,Low,Moderate,Standard,2018-10-15,2020-04-07,2020,169737600,1199,0.451,0.478,0.9451,1.0972,0.0281,-32,0.9671,9,16,0.965,0.9808
PRJ3-01586,Lakeview Housing 1586,Residential,Mountain,ID,Private,Lump Sum,IPD,Moderate,Moderate,Fast,2024-05-18,2025-03-03,2025,86561500,808,0.358,0.3797,1.15,1.0454,-0.0558,-18,1.0396,8,15,0.178,0.9873
PRJ3-01587,Granite Neighborhood 1587,Residential,Midwest,MI,Public,Guaranteed Maximum Price,Design-Build,Very High,Moderate,Standard,2019-06-22,2020-02-26,2020,67394800,571,0.437,0.4258,0.9266,0.9826,0.0282,6,0.9799,21,12,0.574,0.9508
PRJ3-01588,Riverside Neighborhood 1588,Residential,Mountain,MT,Private,Unit Price,Design-Build,High,Moderate,Fast,2023-04-17,2023-09-22,2023,46345000,324,0.489,0.5541,0.94,1.1007,0.0565,-21,1.013,17,11,0.478,0.9539
PRJ3-01589,Evergreen Research Facility 1589,Institutional,Midwest,MI,Private,Lump Sum,CMAR,High,Moderate,Fast,2023-11-11,2025-04-28,2025,120028000,928,0.576,0.5997,0.9923,1.0183,0.0013,-22,1.0056,14,15,0.716,0.9561
PRJ3-01590,Cedar Apartments 1590,Residential,Southeast,TN,Public-Private Partnership,Unit Price,CMAR,Very High,High,Fast,2020-03-08,2021-01-05,2021,30088500,666,0.456,0.4418,0.9823,1.024,0.0134,9,0.9175,4,27,0.546,0.9756
PRJ3-01591,Redwood Public Works Program 1591,Infrastructure,West,NV,Private,Lump Sum,CMAR,High,Moderate,Standard,2021-02-08,2022-10-28,2022,243534800,1141,0.55,0.4856,1.0364,0.932,-0.021,74,0.9929,23,0,0.56,0.9754
PRJ3-01592,Harbor Urban Village 1592,Mixed-Use,Southeast,GA,Private,Guaranteed Maximum Price,IPD,High,Low,Standard,2022-09-24,2024-03-03,2024,434588400,1175,0.448,0.4297,0.8907,0.9702,0.0517,21,0.9738,7,19,0.792,0.9806
PRJ3-01593,Evergreen Public Works Program 1593,Infrastructure,West,CA,Public,Lump Sum,Design-Build,High,Moderate,Standard,2021-12-02,2023-12-27,2023,318957100,1368,0.552,0.4952,0.9466,0.9096,0.0302,78,0.9285,17,11,0.711,0.9617
PRJ3-01594,Cedar Water Program 1594,Heavy Civil,Midwest,OH,Public,Lump Sum,CMAR,Very High,Moderate,Fast,2021-08-08,2023-02-19,2023,152698500,1123,0.499,0.4308,1.0327,0.9203,-0.0061,77,0.8933,7,21,0.901,0.9621
PRJ3-01595,Lakeview Residences 1595,Residential,Mountain,CO,Private,Lump Sum,CMAR,Very High,Moderate,Standard,2020-11-19,2021-10-05,2021,86087700,619,0.517,0.5172,0.9357,0.9625,0.0266,0,0.8581,9,12,0.723,0.969
PRJ3-01596,Northstar Process Plant 1596,Industrial,Southwest,AZ,Private,Lump Sum,IPD,Low,Moderate,Slow,2022-05-10,2023-11-02,2023,243286200,915,0.592,0.5593,1.0093,0.9731,-0.0033,30,0.972,16,8,0.639,0.9612
PRJ3-01598,Mesa Distribution Hub 1598,Industrial,West,OR,Private,Unit Price,Design-Bid-Build,High,Moderate,Standard,2023-04-07,2024-12-11,2024,87698100,1028,0.598,0.5486,0.9448,0.9554,0.0434,51,0.9966,27,5,0.397,0.9517
PRJ3-01599,Crescent Airport Improvements 1599,Infrastructure,Southwest,TX,Private,Lump Sum,Design-Bid-Build,Moderate,Low,Slow,2020-12-05,2022-02-27,2022,156766000,1062,0.423,0.3972,0.9257,0.9232,0.0322,27,0.9023,31,10,0.864,0.9442
PRJ3-01600,Copper Transit Program 1600,Infrastructure,West,NV,Private,Unit Price,Design-Build,High,Moderate,Standard,2020-10-18,2022-02-14,2022,262910100,1001,0.484,0.4442,0.9121,0.9015,0.0582,40,0.9418,35,19,0.167,0.9568
PRJ3-01601,Mesa Process Plant 1601,Industrial,Northeast,PA,Public,Guaranteed Maximum Price,Design-Bid-Build,High,Moderate,Standard,2019-09-14,2020-09-15,2020,166021300,784,0.469,0.4567,0.8915,0.9427,0.0377,10,0.947,18,23,0.629,0.9696
PRJ3-01602,Aspen Retail Center 1602,Commercial,West,WA,Private,Guaranteed Maximum Price,Design-Build,High,Moderate,Standard,2018-02-17,2019-01-17,2019,39256900,855,0.391,0.3883,0.9766,0.932,0.0013,2,0.9413,18,1,0.973,0.964
PRJ3-01603,Pioneer Medical Center 1603,Institutional,Mountain,WY,Public-Private Partnership,Unit Price,Design-Build,Moderate,High,Standard,2020-12-17,2021-12-24,2021,120259000,697,0.534,0.4779,1.0257,0.937,0.0005,39,1.0261,7,22,0.485,0.9417
PRJ3-01604,Aspen Distribution Hub 1604,Industrial,Southeast,FL,Private,Cost Plus,Design-Bid-Build,High,Low,Standard,2021-09-02,2022-09-09,2022,63524000,879,0.424,0.3587,0.9127,0.8892,0.0384,57,0.8891,34,20,0.507,0.9534
PRJ3-01605,Harbor Medical Center 1605,Institutional,Mountain,CO,Public-Private Partnership,Cost Plus,Design-Bid-Build,High,Low,Standard,2023-01-10,2023-11-08,2023,50207000,701,0.431,0.4164,0.8991,0.9791,0.0524,10,0.9193,8,11,0.753,0.9645
PRJ3-01606,Harbor Public Works Program 1606,Infrastructure,West,NV,Private,Lump Sum,CMAR,Moderate,Moderate,Slow,2021-09-20,2022-10-22,2022,171413200,1020,0.39,0.3769,0.9454,0.9299,0.0283,13,0.9337,25,10,0.63,0.9447
PRJ3-01607,Cedar Research Facility 1607,Institutional,Northeast,CT,Public,Lump Sum,CMAR,Moderate,High,Standard,2021-10-13,2022-06-18,2022,128343400,693,0.358,0.3691,1.0591,1.0817,-0.0522,-8,1.0884,17,19,0.357,0.946
PRJ3-01608,Canyon Housing 1608,Residential,West,WA,Private,Guaranteed Maximum Price,IPD,Low,Low,Fast,2020-08-15,2021-07-17,2021,26451500,612,0.55,0.5657,1.0531,1.0521,-0.0229,-10,1.072,0,4,0.461,0.9859
PRJ3-01609,Copper Marketplace 1609,Commercial,Southeast,NC,Public,Cost Plus,CMAR,Moderate,Moderate,Slow,2022-05-04,2023-03-07,2023,56941300,621,0.495,0.4771,0.9524,0.9195,0.0318,11,0.9033,12,14,0.327,0.9643
PRJ3-01610,Liberty Manufacturing Facility 1610,Industrial,Mountain,CO,Private,Cost Plus,Design-Build,Moderate,Low,Standard,2021-01-11,2022-07-28,2022,87340800,1016,0.555,0.5073,0.8804,0.947,0.0542,48,0.998,5,9,1.065,0.9719
PRJ3-01611,Liberty Water Program 1611,Heavy Civil,Mountain,WY,Private,Cost Plus,Design-Bid-Build,Very High,Moderate,Fast,2022-01-05,2023-09-06,2023,316756700,1049,0.581,0.5603,0.8725,0.9499,0.0689,22,0.9424,26,22,0.815,0.9655
PRJ3-01612,Aspen Urban Village 1612,Mixed-Use,Mountain,MT,Public-Private Partnership,Guaranteed Maximum Price,Design-Build,Moderate,Moderate,Standard,2017-12-17,2019-07-22,2019,413368500,1000,0.582,0.6088,1.117,0.9997,-0.0637,-27,0.993,10,18,0.765,0.9673
PRJ3-01613,Redwood Residences 1613,Residential,Southwest,AZ,Public-Private Partnership,Lump Sum,Design-Bid-Build,Very High,Moderate,Standard,2021-11-10,2022-11-26,2022,40799600,778,0.491,0.4487,0.8546,0.9438,0.0661,33,0.9323,19,9,1.218,0.9584
PRJ3-01614,Northstar Office Campus 1614,Commercial,Southwest,AZ,Private,Lump Sum,CMAR,Very High,Moderate,Standard,2018-10-11,2019-06-11,2019,39696900,652,0.374,0.342,0.8467,0.8984,0.0713,21,0.9107,7,5,0.378,0.933
PRJ3-01615,Lakeview Transit-Oriented Development 1615,Mixed-Use,West,NV,Public,Unit Price,Design-Bid-Build,Moderate,Moderate,Slow,2021-11-04,2023-03-21,2023,294116000,1130,0.445,0.4263,0.8745,0.9112,0.0558,21,0.9509,9,8,0.661,0.9477
PRJ3-01616,Pioneer Airport Improvements 1616,Infrastructure,West,NV,Public-Private Partnership,Guaranteed Maximum Price,IPD,Moderate,Moderate,Standard,2020-05-25,2021-07-21,2021,245132300,1009,0.419,0.4392,1.0753,1.0122,-0.0327,-20,0.9825,4,0,0.479,0.956
PRJ3-01617,Pioneer Medical Center 1617,Institutional,Southeast,NC,Public,Unit Price,CMAR,Low,High,Fast,2024-01-13,2024-09-28,2024,91725800,456,0.57,0.5965,1.0797,1.0864,-0.0406,-12,1.0432,11,9,0.374,0.9655
PRJ3-01618,Canyon Urban Village 1618,Mixed-Use,Northeast,PA,Private,Lump Sum,Design-Bid-Build,High,High,Standard,2019-09-14,2021-08-04,2021,176110000,1269,0.544,0.4809,0.9514,0.8732,0.0259,80,0.955,27,9,0.436,0.9613
PRJ3-01619,Liberty Research Facility 1619,Institutional,Mountain,CO,Private,Lump Sum,Design-Build,High,Moderate,Fast,2019-10-22,2021-02-01,2021,82162300,870,0.538,0.5782,1.0594,1.0313,-0.0239,-35,0.9333,19,19,0.324,0.9723
PRJ3-01620,Aspen Neighborhood 1620,Residential,Southwest,AZ,Public,Guaranteed Maximum Price,Design-Build,Moderate,Moderate,Slow,2018-05-25,2019-02-07,2019,34242200,576,0.449,0.4529,0.8539,0.9445,0.0779,-2,1.0207,27,12,0.509,0.9685
PRJ3-01621,Gateway Marketplace 1621,Commercial,West,NV,Private,Guaranteed Maximum Price,Design-Bid-Build,High,Moderate,Standard,2020-02-07,2021-02-14,2021,40255900,723,0.517,0.4982,0.9464,0.929,0.0251,14,0.9559,5,9,0.677,0.9495
PRJ3-01622,Cedar Civic Complex 1622,Institutional,Mountain,CO,Public,Unit Price,Design-Bid-Build,Moderate,Moderate,Standard,2022-03-02,2022-11-02,2022,144846200,515,0.476,0.4812,0.911,1.01,0.0645,-3,0.9391,35,7,0.314,0.9503
PRJ3-01623,Horizon Apartments 1623,Residential,Mountain,WY,Private,Lump Sum,Design-Bid-Build,Moderate,Low,Standard,2022-12-02,2023-08-16,2023,146662700,696,0.37,0.3506,0.8179,0.9442,0.067,13,0.8665,40,17,0.696,0.9704
PRJ3-01624,Cedar Neighborhood 1624,Residential,Southwest,TX,Public,Unit Price,CMAR,High,Low,Standard,2024-11-24,2025-09-21,2025,23238900,699,0.431,0.4097,0.8711,0.9229,0.0512,15,0.9438,6,8,0.306,0.9488
PRJ3-01625,Crescent Manufacturing Facility 1625,Industrial,Midwest,OH,Public,Guaranteed Maximum Price,Design-Bid-Build,High,Moderate,Standard,2021-06-18,2022-06-13,2022,302969100,975,0.37,0.3266,0.9249,0.8943,0.0369,42,1.0252,16,17,0.353,0.9485
PRJ3-01626,Aspen Highway Improvements 1626,Heavy Civil,Southeast,VA,Private,Lump Sum,Design-Bid-Build,Moderate,Low,Fast,2017-10-09,2019-03-10,2019,94921400,1062,0.487,0.4427,0.9523,0.8968,0.0129,47,0.9606,0,0,0.367,0.9725
PRJ3-01627,Summit Civic Complex 1627,Institutional,West,WA,Private,Lump Sum,CMAR,High,High,Fast,2023-04-13,2024-03-29,2024,124633700,844,0.416,0.4388,1.0715,1.1114,-0.019,-19,1.0187,17,3,0.722,0.9719
PRJ3-01628,Evergreen Manufacturing Facility 1628,Industrial,Southeast,FL,Private,Guaranteed Maximum Price,Design-Bid-Build,Moderate,Moderate,Standard,2020-09-13,2022-01-13,2022,47812700,888,0.549,0.5282,0.868,1.0253,0.0695,19,0.9756,16,23,0.27,0.9508
PRJ3-01629,Horizon Residences 1629,Residential,Midwest,IL,Private,Lump Sum,CMAR,Moderate,Moderate,Fast,2023-03-02,2023-08-22,2023,41969300,419,0.414,0.4063,0.9262,1.0205,0.0274,3,0.9676,6,22,0.427,1.0
PRJ3-01630,Harbor Manufacturing Facility 1630,Industrial,Northeast,MA,Public,Guaranteed Maximum Price,Design-Bid-Build,Low,Moderate,Fast,2024-04-02,2025-05-05,2025,180930200,1003,0.397,0.3947,1.0624,0.9864,-0.0351,2,1.0602,5,15,0.192,0.9845
PRJ3-01631,Northstar Bridge Program 1631,Heavy Civil,Southeast,NC,Private,Guaranteed Maximum Price,CMAR,High,Moderate,Fast,2018-01-16,2019-04-08,2019,214975800,1090,0.411,0.3504,0.9387,0.8758,0.0132,66,0.9693,10,12,0.136,0.9661
PRJ3-01632,Crescent Public Works Program 1632,Infrastructure,Southwest,AZ,Private,Unit Price,IPD,Very High,Moderate,Fast,2021-10-15,2023-04-01,2023,100019600,1315,0.406,0.4454,0.9793,0.9768,-0.0016,-52,0.9469,19,4,1.005,0.9779
PRJ3-01633,Northstar Marketplace 1633,Commercial,Mountain,MT,Private,Cost Plus,Design-Build,Moderate,High,Standard,2018-11-10,2019-10-13,2019,134689300,680,0.497,0.4456,1.0272,0.8887,-0.0194,35,1.1201,0,11,0.52,0.9691
PRJ3-01634,Granite Retail Center 1634,Commercial,Midwest,OH,Private,Guaranteed Maximum Price,IPD,Moderate,High,Standard,2024-10-25,2025-05-23,2025,84630400,478,0.44,0.4206,1.1006,0.9524,-0.0438,9,1.1126,0,19,0.872,0.9697
PRJ3-01635,Redwood Civic Complex 1635,Institutional,West,NV,Private,Cost Plus,IPD,Moderate,Moderate,Slow,2020-04-02,2021-03-10,2021,36155600,725,0.473,0.4465,0.9735,0.9937,0.0156,19,0.9419,17,9,0.611,0.9675
PRJ3-01636,Crescent Logistics Center 1636,Industrial,Midwest,MO,Public-Private Partnership,Lump Sum,Design-Bid-Build,Low,High,Standard,2024-07-16,2025-06-21,2025,183524800,634,0.537,0.5421,1.0131,1.0341,-0.0222,-3,1.0538,26,10,0.693,0.9864
PRJ3-01637,Liberty Medical Center 1637,Institutional,Northeast,NJ,Private,Cost Plus,CMAR,Very High,Moderate,Fast,2023-06-12,2024-09-18,2024,189084700,945,0.492,0.5013,1.0156,0.9929,0.0011,-9,0.9628,42,20,0.644,0.971
PRJ3-01638,Horizon Bridge Program 1638,Heavy Civil,Mountain,MT,Private,Guaranteed Maximum Price,IPD,High,High,Standard,2023-10-09,2025-05-28,2025,150945200,1096,0.545,0.5541,0.9109,0.9164,0.0422,-10,0.9916,2,17,0.502,0.9597
PRJ3-01639,Northstar Residences 1639,Residential,Midwest,OH,Public,Guaranteed Maximum Price,Design-Bid-Build,Low,High,Standard,2019-03-23,2020-05-28,2020,65767100,762,0.567,0.6056,1.1287,1.0649,-0.0676,-29,1.0052,13,12,0.525,0.99
PRJ3-01640,Canyon Neighborhood 1640,Residential,Southeast,FL,Private,Guaranteed Maximum Price,Design-Build,High,Low,Slow,2019-04-18,2020-03-21,2020,38462900,582,0.581,0.543,0.7354,0.8764,0.1919,22,0.859,28,30,1.087,0.9594
PRJ3-01641,Redwood Office Campus 1641,Commercial,Mountain,UT,Private,Unit Price,Design-Bid-Build,High,High,Slow,2022-05-21,2023-01-07,2023,78110000,572,0.404,0.3782,0.9652,0.9345,0.0168,15,1.0089,20,12,0.489,0.9489
PRJ3-01642,Granite Research Facility 1642,Institutional,West,CA,Private,Guaranteed Maximum Price,IPD,Moderate,Moderate,Standard,2022-12-15,2023-09-22,2023,76468700,655,0.43,0.4558,0.9778,1.0638,0.0222,-17,0.9743,4,5,0.329,0.97
PRJ3-01643,Lakeview Residences 1643,Residential,Midwest,OH,Private,Unit Price,Design-Build,Moderate,Moderate,Standard,2020-10-14,2021-09-04,2021,106086500,566,0.575,0.572,1.0033,1.0256,0.008,2,1.0266,3,17,0.298,0.966
PRJ3-01644,Northstar Bridge Program 1644,Heavy Civil,Southwest,AZ,Private,Guaranteed Maximum Price,IPD,High,High,Standard,2024-02-15,2025-12-25,2025,284548400,1261,0.539,0.5589,0.9707,0.9602,0.025,-25,1.0341,18,10,0.837,0.9895
PRJ3-01645,Liberty Marketplace 1645,Commercial,Mountain,WY,Private,Unit Price,Design-Bid-Build,Very High,High,Fast,2019-01-24,2020-04-27,2020,43750200,958,0.48,0.3962,1.0206,0.8859,0.0108,80,0.9665,10,20,0.973,0.9748
PRJ3-01646,Canyon Neighborhood 1646,Residential,West,OR,Public,Guaranteed Maximum Price,Design-Bid-Build,Low,Moderate,Slow,2021-06-14,2021-10-11,2021,33188600,332,0.36,0.2963,0.9527,0.9022,0.0143,21,0.9597,0,8,0.113,0.969
PRJ3-01647,Evergreen District 1647,Mixed-Use,Midwest,MN,Public,Cost Plus,Design-Bid-Build,Low,Low,Standard,2024-09-06,2025-10-28,2025,299945400,759,0.55,0.5131,0.9409,0.957,0.0462,28,1.0076,10,13,0.977,0.9574
PRJ3-01648,Granite Transit Program 1648,Infrastructure,Southwest,AZ,Public,Lump Sum,Design-Build,Moderate,Moderate,Fast,2024-01-06,2025-08-02,2025,262402500,1251,0.459,0.4751,1.0111,1.0212,0.0028,-20,1.0647,0,5,0.534,0.959
PRJ3-01649,Crescent Corporate Center 1649,Commercial,Mountain,CO,Public-Private Partnership,Guaranteed Maximum Price,CMAR,Moderate,Moderate,Slow,2023-06-03,2024-04-16,2024,89449300,596,0.535,0.4827,1.0328,0.8895,-0.0202,31,0.9722,33,20,0.89,0.9463
PRJ3-01650,Gateway Marketplace 1650,Commercial,Southwest,NM,Private,Unit Price,IPD,Low,Low,Standard,2021-09-28,2022-08-28,2022,60124700,583,0.574,0.5569,0.9728,0.9975,-0.0112,10,1.0181,15,2,0.528,0.9468
PRJ3-01651,Aspen Apartments 1651,Residential,Mountain,WY,Private,Lump Sum,Design-Bid-Build,Moderate,Low,Standard,2020-03-16,2020-11-14,2020,33673700,625,0.389,0.4321,0.9536,1.0229,0.0085,-27,0.9444,14,11,0.666,0.9692
PRJ3-01652,Riverside Research Facility 1652,Institutional,West,CA,Public,Cost Plus,CMAR,High,High,Standard,2022-08-21,2023-11-14,2023,74362700,1099,0.41,0.4264,0.7745,1.0138,0.1315,-18,1.0458,15,9,0.718,0.9729
PRJ3-01653,Summit Research Facility 1653,Institutional,Southeast,VA,Public,Guaranteed Maximum Price,IPD,Moderate,High,Standard,2022-06-18,2023-10-14,2023,101619300,908,0.532,0.5319,1.1088,0.996,-0.0373,0,1.0009,14,23,0.702,0.984
PRJ3-01654,Summit Earthworks Package 1654,Heavy Civil,Mountain,CO,Private,Unit Price,IPD,High,High,Standard,2020-07-18,2021-08-28,2021,256709100,995,0.409,0.3989,0.8838,0.9421,0.0635,10,1.0523,9,4,0.765,0.9692
PRJ3-01655,Redwood Residences 1655,Residential,West,CA,Public-Private Partnership,Guaranteed Maximum Price,Design-Build,High,High,Slow,2021-12-08,2023-02-19,2023,68399800,807,0.543,0.5595,1.0347,1.0235,-0.0034,-13,1.1181,13,12,0.728,0.9806
PRJ3-01656,Riverside Residences 1656,Residential,West,NV,Private,Lump Sum,CMAR,Moderate,Moderate,Standard,2022-10-31,2023-10-23,2023,58159300,758,0.471,0.4583,0.956,1.003,0.0273,10,1.0191,22,7,0.418,0.9742
PRJ3-01657,Lakeview Neighborhood 1657,Residential,Northeast,PA,Private,Lump Sum,Design-Build,Moderate,Low,Standard,2018-09-13,2019-07-18,2019,43869400,523,0.589,0.6197,1.0233,1.0294,-0.0107,-16,1.0664,14,12,0.438,0.9747
PRJ3-01658,Mesa Transit Program 1658,Infrastructure,Southeast,NC,Public,Lump Sum,Design-Bid-Build,High,Low,Standard,2022-12-01,2024-06-06,2024,318315200,1120,0.494,0.4131,0.9439,0.857,0.0275,91,0.8015,22,5,0.289,0.9301
PRJ3-01659,Summit Residences 1659,Residential,Midwest,MN,Public,Lump Sum,Design-Bid-Build,Moderate,Moderate,Standard,2018-08-22,2019-05-28,2019,59615000,615,0.454,0.4505,1.0121,0.9973,0.0083,2,0.9938,29,0,0.643,0.9708
PRJ3-01660,Granite Medical Center 1660,Institutional,Midwest,IL,Private,Guaranteed Maximum Price,CMAR,Low,High,Standard,2018-01-16,2019-05-24,2019,175239300,882,0.56,0.5468,1.0916,1.0222,-0.0607,12,1.16,0,12,0.591,0.9947
PRJ3-01661,Granite Airport Improvements 1661,Infrastructure,Southeast,GA,Private,Cost Plus,IPD,High,Moderate,Fast,2022-10-02,2024-07-03,2024,686460300,1522,0.421,0.3524,0.8962,0.8948,0.0428,104,0.9376,2,17,0.571,0.9609
PRJ3-01662,Canyon Earthworks Package 1662,Heavy Civil,West,WA,Private,Lump Sum,Design-Bid-Build,Moderate,Moderate,Standard,2020-05-25,2021-08-19,2021,177220600,1149,0.393,0.3031,1.0196,0.8467,-0.0112,103,0.9738,6,0,0.837,0.9542
PRJ3-01663,Liberty Apartments 1663,Residential,Southwest,AZ,Private,Lump Sum,CMAR,Moderate,Low,Fast,2022-04-01,2023-10-10,2023,189966700,978,0.57,0.5687,0.938,0.981,0.0367,1,0.9641,15,16,0.792,0.964
PRJ3-01664,Redwood Utility Corridor 1664,Infrastructure,Southeast,GA,Public,Lump Sum,Design-Bid-Build,High,Moderate,Slow,2021-06-09,2022-10-16,2022,321204900,1280,0.386,0.3869,0.8829,0.9521,0.0724,-1,0.8074,23,15,0.786,0.9576
PRJ3-01665,Granite Manufacturing Facility 1665,Industrial,Northeast,PA,Public,Cost Plus,Design-Bid-Build,High,Moderate,Standard,2022-07-17,2023-10-12,2023,76469700,998,0.453,0.4377,0.9218,0.9662,0.0346,15,0.9329,23,18,0.549,0.954
PRJ3-01666,Northstar Neighborhood 1666,Residential,Southeast,VA,Private,Lump Sum,Design-Bid-Build,Very High,Low,Slow,2023-06-02,2024-06-20,2024,77778400,728,0.528,0.4284,0.8929,0.8138,0.0635,73,0.7851,33,17,0.828,0.925
PRJ3-01667,Cedar Neighborhood 1667,Residential,Southwest,AZ,Public-Private Partnership,Lump Sum,Design-Build,Very High,Moderate,Standard,2020-03-18,2020-10-19,2020,40361200,606,0.356,0.3243,0.9593,0.9786,0.0167,19,0.9498,20,0,0.565,0.983
PRJ3-01668,Horizon Water Program 1668,Heavy Civil,Southeast,TN,Public,Guaranteed Maximum Price,Design-Build,Very High,Low,Standard,2022-06-04,2023-06-23,2023,347077700,991,0.388,0.3266,1.0237,0.8593,-0.0091,61,0.8945,12,22,1.009,0.9558
PRJ3-01669,Crescent Highway Improvements 1669,Heavy Civil,Midwest,MN,Public-Private Partnership,Guaranteed Maximum Price,Design-Bid-Build,High,Moderate,Standard,2021-09-02,2023-03-13,2023,279153500,1164,0.479,0.5142,0.9937,1.0668,-0.0036,-41,0.9845,24,21,0.693,0.9413
PRJ3-01670,Gateway Utility Corridor 1670,Infrastructure,West,CA,Private,Cost Plus,Design-Build,High,Low,Fast,2021-06-23,2023-02-02,2023,170727100,1309,0.45,0.3452,0.9975,0.7905,0.0069,137,0.9511,15,13,0.795,0.9804
PRJ3-01671,Copper Corporate Center 1671,Commercial,Southwest,AZ,Public,Lump Sum,CMAR,Low,High,Slow,2024-07-13,2025-02-03,2025,154298800,421,0.488,0.5105,1.0089,1.0174,0.0137,-9,0.9607,7,13,0.592,0.9656
PRJ3-01672,Liberty Neighborhood 1672,Residential,West,WA,Private,Lump Sum,Design-Bid-Build,High,Low,Fast,2023-05-17,2024-04-19,2024,53014400,772,0.439,0.3946,0.901,0.994,0.0468,34,0.9233,22,7,0.901,0.945
PRJ3-01673,Canyon District 1673,Mixed-Use,West,OR,Public,Cost Plus,Design-Build,High,High,Standard,2021-08-19,2022-07-30,2022,391804100,945,0.366,0.4071,1.068,1.0061,-0.0192,-39,0.9254,8,6,0.087,0.9789
PRJ3-01674,Cedar Retail Center 1674,Commercial,West,WA,Public,Guaranteed Maximum Price,CMAR,Moderate,Moderate,Standard,2024-05-21,2025-09-20,2025,44694300,919,0.531,0.4827,0.9264,0.9038,0.0301,44,1.0285,18,0,0.477,0.9459
PRJ3-01675,Lakeview Highway Improvements 1675,Heavy Civil,Midwest,MN,Private,Guaranteed Maximum Price,CMAR,Low,Low,Slow,2023-11-20,2025-06-04,2025,417409500,1081,0.52,0.4765,0.9794,0.8981,0.0224,47,0.9556,25,21,0.662,0.9533
PRJ3-01676,Gateway Housing 1676,Residential,Northeast,NY,Public,Guaranteed Maximum Price,Design-Build,Low,High,Fast,2020-05-03,2021-04-23,2021,46838300,664,0.536,0.5663,1.0143,1.0285,-0.015,-20,1.0081,0,25,0.403,0.9757
PRJ3-01677,Mesa Transit Program 1677,Infrastructure,West,WA,Private,Guaranteed Maximum Price,Design-Bid-Build,Moderate,High,Standard,2024-01-15,2025-07-16,2025,121861400,1214,0.452,0.4041,1.0702,0.9383,-0.0436,58,0.9761,4,7,0.173,0.9705
PRJ3-01678,Cedar Transit-Oriented Development 1678,Mixed-Use,Southwest,TX,Private,Guaranteed Maximum Price,CMAR,Moderate,High,Slow,2023-12-10,2025-06-05,2025,74304100,972,0.559,0.5361,1.0033,0.9767,-0.0002,22,0.934,18,10,0.775,0.9747
PRJ3-01679,Granite Manufacturing Facility 1679,Industrial,Southeast,VA,Private,Cost Plus,Design-Bid-Build,Moderate,High,Fast,2022-06-18,2023-07-07,2023,190628700,861,0.447,0.3989,1.0373,0.9393,-0.0042,41,1.0309,11,8,0.502,0.9833
PRJ3-01680,Granite Housing 1680,Residential,Southeast,NC,Private,Lump Sum,CMAR,High,Low,Fast,2019-01-23,2019-09-10,2019,37460700,451,0.51,0.468,0.9027,0.9394,0.055,19,1.012,31,4,0.413,0.9684
PRJ3-01681,Crescent Office Campus 1681,Commercial,Southeast,FL,Private,Cost Plus,Design-Bid-Build,Moderate,High,Standard,2023-01-01,2023-10-20,2023,71568100,832,0.351,0.4001,1.0552,1.1063,-0.0258,-41,0.9526,23,15,0.631,0.9774
PRJ3-01682,Evergreen Manufacturing Facility 1682,Industrial,Southeast,NC,Public-Private Partnership,Guaranteed Maximum Price,CMAR,Moderate,Low,Standard,2023-02-15,2024-05-27,2024,410012200,989,0.473,0.5039,0.9019,0.9741,0.0532,-31,0.9779,28,8,0.949,0.9255
PRJ3-01683,Crescent Manufacturing Facility 1683,Industrial,Northeast,NY,Public,Unit Price,CMAR,High,High,Standard,2020-03-07,2022-01-05,2022,129603900,1151,0.582,0.5987,0.9953,1.0154,-0.01,-19,0.9661,20,16,0.502,0.9758
PRJ3-01684,Gateway Residences 1684,Residential,Northeast,NY,Private,Guaranteed Maximum Price,Design-Bid-Build,Moderate,Moderate,Fast,2019-09-20,2020-08-26,2020,67434500,580,0.588,0.5737,0.9167,0.966,0.0563,8,1.0434,6,14,0.463,0.9838
PRJ3-01685,Aspen Marketplace 1685,Commercial,West,NV,Public,Unit Price,Design-Build,Moderate,Moderate,Standard,2022-05-05,2023-02-14,2023,26762400,735,0.389,0.4059,1.0078,1.0667,-0.0002,-12,1.0514,0,1,0.771,0.9922
PRJ3-01686,Granite Neighborhood 1686,Residential,Mountain,WY,Private,Guaranteed Maximum Price,Design-Bid-Build,Moderate,Low,Standard,2024-12-14,2025-06-27,2025,55834000,361,0.541,0.4616,1.0529,0.8762,-0.0199,29,1.0484,8,17,0.49,0.9582
PRJ3-01687,Canyon Residences 1687,Residential,Midwest,MN,Private,Unit Price,CMAR,High,High,Fast,2022-02-14,2023-05-22,2023,78924600,790,0.586,0.5453,0.9741,0.9685,0.0029,32,0.9049,10,26,0.721,0.9831
PRJ3-01688,Gateway Logistics Center 1688,Industrial,Midwest,MI,Private,Lump Sum,IPD,Very High,Moderate,Standard,2023-01-07,2024-04-16,2024,444413300,808,0.576,0.5254,0.9422,0.8846,0.0476,41,0.9325,11,17,0.661,0.9578
PRJ3-01689,Riverside Research Facility 1689,Institutional,Mountain,MT,Public,Guaranteed Maximum Price,CMAR,Moderate,High,Standard,2021-06-22,2022-03-02,2022,132512000,695,0.365,0.3594,1.0627,1.0935,-0.0281,4,1.1113,0,7,0.659,0.9645
PRJ3-01690,Crescent Town Center 1690,Mixed-Use,Midwest,IL,Public,Lump Sum,Design-Bid-Build,High,Low,Standard,2019-06-22,2021-01-04,2021,148000000,1049,0.536,0.4504,0.9183,0.8392,0.05,90,0.8277,53,19,0.78,0.9532
PRJ3-01691,Lakeview Public Works Program 1691,Infrastructure,Northeast,PA,Private,Cost Plus,CMAR,High,Moderate,Fast,2023-06-25,2024-10-03,2024,353839300,1255,0.372,0.408,0.8948,1.0692,0.0425,-45,0.9246,21,17,0.752,0.9563
PRJ3-01692,Horizon Marketplace 1692,Commercial,Midwest,MN,Private,Guaranteed Maximum Price,Design-Bid-Build,High,Moderate,Standard,2021-07-15,2022-06-26,2022,97195800,913,0.38,0.385,0.9475,0.9228,0.0064,-5,0.9214,7,34,0.861,0.9499
PRJ3-01693,Northstar Distribution Hub 1693,Industrial,Northeast,NY,Private,Guaranteed Maximum Price,CMAR,High,Moderate,Standard,2023-02-14,2024-06-04,2024,365264400,894,0.533,0.5697,1.0314,1.0112,-0.0103,-33,1.0102,15,34,0.685,0.9493
PRJ3-01694,Harbor Airport Improvements 1694,Infrastructure,Southeast,FL,Private,Cost Plus,CMAR,Moderate,Moderate,Fast,2021-08-01,2023-02-16,2023,102444900,1374,0.411,0.4326,0.9468,1.0404,0.0264,-30,1.011,18,19,0.392,0.9817
PRJ3-01695,Pioneer Water Program 1695,Heavy Civil,Southeast,TN,Private,Guaranteed Maximum Price,Design-Build,Moderate,High,Standard,2023-08-08,2024-07-25,2024,137723700,993,0.355,0.3828,1.0859,1.0558,-0.0154,-28,0.9391,0,17,0.775,0.9744
PRJ3-01696,Cedar Earthworks Package 1696,Heavy Civil,West,WA,Private,Lump Sum,Design-Build,High,Moderate,Standard,2017-08-01,2019-01-09,2019,433364500,945,0.557,0.5459,1.0035,0.9648,-0.0076,11,0.9551,12,7,0.742,0.9626
PRJ3-01697,Riverside Utility Corridor 1697,Infrastructure,Mountain,CO,Public,Cost Plus,Design-Build,Moderate,Moderate,Standard,2022-08-20,2024-03-18,2024,339805800,1024,0.563,0.5389,0.9802,0.9499,0.0006,25,0.9789,4,11,0.878,0.9643
PRJ3-01698,Aspen Apartments 1698,Residential,Southwest,TX,Private,Guaranteed Maximum Price,Design-Build,Very High,High,Standard,2023-12-10,2024-09-30,2024,44437600,604,0.49,0.4496,0.9662,0.9044,0.0247,24,0.9251,15,4,0.565,0.9636
PRJ3-01699,Mesa Neighborhood 1699,Residential,Midwest,MI,Public,Guaranteed Maximum Price,CMAR,Low,Low,Slow,2024-05-09,2024-12-27,2024,53330100,535,0.434,0.4181,0.9309,0.9748,0.0454,9,1.0356,26,20,0.467,0.9713
PRJ3-01700,Mesa Residences 1700,Residential,West,NV,Public,Cost Plus,Design-Bid-Build,High,Moderate,Standard,2024-02-23,2025-03-02,2025,92490900,675,0.553,0.5818,0.9745,1.0072,0.0176,-19,0.8861,27,0,0.371,0.9706
PRJ3-01701,Pioneer Apartments 1701,Residential,Midwest,MO,Private,Guaranteed Maximum Price,IPD,Low,Moderate,Standard,2021-11-19,2022-11-07,2022,90983100,693,0.51,0.4987,1.0594,1.0513,-0.0166,8,0.958,16,13,0.527,0.9636
PRJ3-01702,Riverside Logistics Center 1702,Industrial,Mountain,CO,Public,Unit Price,IPD,High,Moderate,Slow,2024-08-11,2025-09-07,2025,110921400,1045,0.376,0.3194,0.85,0.9005,0.0533,59,0.9424,14,8,1.086,0.9622
PRJ3-01704,Liberty Earthworks Package 1704,Heavy Civil,Midwest,MN,Public,Lump Sum,Design-Build,Moderate,Low,Slow,2021-12-08,2023-01-05,2023,146215200,986,0.399,0.324,0.911,0.8413,0.0296,74,0.9779,14,22,0.759,0.956
PRJ3-01705,Granite Urban Village 1705,Mixed-Use,Midwest,MN,Private,Lump Sum,CMAR,Very High,Low,Slow,2024-05-24,2025-05-06,2025,175531500,963,0.361,0.3353,0.9095,0.8242,0.0401,25,0.8645,23,20,0.639,0.9534
PRJ3-01706,Cedar Office Campus 1706,Commercial,Southeast,GA,Private,Lump Sum,CMAR,High,Moderate,Standard,2020-05-01,2021-03-25,2021,35279300,731,0.449,0.4473,0.983,0.9988,0.0361,1,0.915,17,9,0.624,0.9553
PRJ3-01707,Liberty Corporate Center 1707,Commercial,West,NV,Public,Lump Sum,Design-Bid-Build,Moderate,High,Standard,2021-07-22,2022-05-20,2022,66760800,614,0.493,0.4525,1.0035,0.9269,-0.0317,25,0.9435,9,0,0.329,0.9761
PRJ3-01708,Horizon Utility Corridor 1708,Infrastructure,Southwest,TX,Private,Lump Sum,Design-Bid-Build,Moderate,Low,Fast,2017-11-05,2019-08-23,2019,165757500,1502,0.437,0.426,0.9545,0.9809,0.0309,17,0.9859,8,8,0.973,0.9487
PRJ3-01709,Pioneer Apartments 1709,Residential,Southwest,TX,Private,Cost Plus,Design-Bid-Build,Very High,Low,Slow,2018-10-05,2019-04-22,2019,88160600,459,0.435,0.3497,0.7104,0.8361,0.1533,39,0.8558,29,9,1.027,0.9241
PRJ3-01710,Granite Highway Improvements 1710,Heavy Civil,Mountain,CO,Private,Lump Sum,CMAR,Moderate,Moderate,Standard,2021-11-22,2023-02-01,2023,47444200,1069,0.408,0.3928,1.0228,0.9828,0.0083,16,0.9464,32,12,0.793,0.9621
PRJ3-01711,Granite Corporate Center 1711,Commercial,West,NV,Public,Guaranteed Maximum Price,Design-Build,Moderate,Moderate,Fast,2018-09-14,2019-07-13,2019,185556500,690,0.438,0.4085,0.9811,0.9604,0.0048,20,1.0746,0,8,0.28,0.9615
PRJ3-01712,Granite Neighborhood 1712,Residential,Northeast,CT,Public-Private Partnership,Lump Sum,Design-Build,Moderate,Low,Fast,2025-04-02,2025-12-27,2025,23081700,529,0.509,0.4545,1.116,0.8764,-0.0284,29,1.0654,1,17,0.442,0.973
PRJ3-01713,Cedar Retail Center 1713,Commercial,Mountain,MT,Private,Guaranteed Maximum Price,CMAR,Very High,Moderate,Standard,2024-02-06,2024-10-12,2024,41999200,705,0.354,0.3505,0.9115,0.9569,0.0054,2,0.955,15,11,0.531,0.9463
PRJ3-01714,Harbor Housing 1714,Residential,Mountain,MT,Private,Lump Sum,Design-Bid-Build,High,Moderate,Slow,2025-01-09,2025-11-12,2025,43114800,874,0.352,0.3178,0.894,0.9405,0.0144,30,0.9767,15,16,0.3,0.9632
PRJ3-01715,Mesa Bridge Program 1715,Heavy Civil,Southwest,NM,Private,Cost Plus,IPD,Moderate,Moderate,Standard,2024-04-03,2025-06-02,2025,201268200,971,0.438,0.4245,0.8999,1.0135,0.0596,13,0.9311,4,15,0.343,0.9536
PRJ3-01716,Redwood Logistics Center 1716,Industrial,West,WA,Private,Cost Plus,Design-Build,Very High,Moderate,Slow,2024-09-23,2025-12-14,2025,128217800,842,0.532,0.5025,0.8638,0.891,0.0809,25,0.9103,32,5,0.767,0.9489
PRJ3-01717,Liberty Residences 1717,Residential,Midwest,IL,Private,Cost Plus,IPD,Very High,Moderate,Standard,2019-11-17,2020-07-03,2020,39917200,555,0.414,0.3994,0.9686,0.9653,0.0066,8,1.0261,23,20,0.372,0.9545
PRJ3-01718,Mesa Medical Center 1718,Institutional,Mountain,UT,Private,Guaranteed Maximum Price,CMAR,High,Low,Standard,2023-07-13,2025-02-21,2025,84163800,1158,0.509,0.4575,0.8846,0.8944,0.0783,60,0.929,6,23,1.237,0.9428
PRJ3-01719,Riverside Distribution Hub 1719,Industrial,Midwest,MI,Private,Guaranteed Maximum Price,Design-Build,Moderate,Moderate,Standard,2019-06-10,2020-07-18,2020,93775600,795,0.509,0.536,1.0378,1.0336,-0.0252,-21,0.8809,12,20,0.534,0.977
PRJ3-01720,Horizon Civic Complex 1720,Institutional,Northeast,PA,Private,Cost Plus,CMAR,High,High,Fast,2023-02-23,2024-10-21,2024,105406200,1157,0.524,0.5477,0.9258,1.0526,0.0331,-27,0.9644,5,28,0.561,0.9518
PRJ3-01721,Liberty Corporate Center 1721,Commercial,Mountain,UT,Private,Cost Plus,IPD,High,High,Standard,2024-12-19,2025-09-08,2025,112197000,546,0.482,0.5282,0.9063,1.0373,0.0386,-25,1.0589,14,23,0.586,0.954
PRJ3-01722,Cedar Retail Center 1722,Commercial,Southwest,AZ,Private,Lump Sum,IPD,Very High,Moderate,Slow,2021-09-14,2022-07-05,2022,44031100,754,0.391,0.315,0.9622,0.8872,0.0047,57,0.9278,56,15,0.812,0.9582
PRJ3-01723,Lakeview Research Facility 1723,Institutional,Southwest,AZ,Private,Guaranteed Maximum Price,CMAR,Very High,Low,Fast,2023-01-19,2023-11-01,2023,96089000,720,0.398,0.3493,0.9428,0.9006,0.0152,35,1.024,11,6,1.132,0.9618
PRJ3-01724,Riverside Education Center 1724,Institutional,Mountain,MT,Private,Lump Sum,Design-Bid-Build,High,Moderate,Standard,2019-12-11,2021-02-08,2021,121800500,722,0.59,0.5035,0.976,0.8467,-0.0172,62,0.8769,4,16,0.632,0.9703
PRJ3-01725,Redwood Earthworks Package 1725,Heavy Civil,West,OR,Public,Cost Plus,CMAR,Very High,Moderate,Fast,2020-07-01,2022-03-15,2022,176161100,1311,0.475,0.4549,0.9761,0.9796,0.0081,26,0.988,0,2,0.7,0.9799
PRJ3-01726,Copper Retail Center 1726,Commercial,Southeast,NC,Private,Guaranteed Maximum Price,IPD,High,Moderate,Fast,2021-12-16,2023-02-04,2023,112081100,714,0.582,0.5555,0.9991,1.0104,0.0117,19,1.0444,20,11,0.72,0.9729
PRJ3-01727,Evergreen Manufacturing Facility 1727,Industrial,Mountain,ID,Public-Private Partnership,Unit Price,CMAR,Moderate,High,Fast,2024-03-18,2025-03-12,2025,179767700,856,0.42,0.3835,1.0436,0.9602,-0.0151,31,1.0378,6,6,0.887,0.9657
PRJ3-01728,Crescent Apartments 1728,Residential,Southeast,FL,Private,Cost Plus,Design-Bid-Build,Low,Low,Standard,2020-12-04,2021-05-14,2021,30127600,460,0.351,0.3587,0.9464,0.9519,0.0053,-4,0.9869,28,8,0.488,0.966
PRJ3-01729,Crescent Retail Center 1729,Commercial,Mountain,CO,Private,Lump Sum,CMAR,Low,Moderate,Slow,2021-02-04,2022-01-16,2022,84688100,639,0.543,0.5166,1.0273,0.9607,0.0004,17,1.0894,28,15,0.495,0.9617
PRJ3-01730,Pioneer Urban Village 1730,Mixed-Use,Northeast,NJ,Private,Lump Sum,Design-Bid-Build,Very High,High,Fast,2024-03-08,2025-09-15,2025,216351400,1098,0.507,0.4633,0.9265,0.9422,0.0467,48,0.8727,18,23,0.904,0.96
PRJ3-01731,Evergreen Earthworks Package 1731,Heavy Civil,Midwest,MO,Private,Unit Price,CMAR,Moderate,Moderate,Slow,2024-06-16,2025-09-07,2025,304778900,811,0.553,0.4925,1.0144,0.8871,0.0107,49,1.0292,22,6,0.57,0.9552
PRJ3-01732,Riverside Research Facility 1732,Institutional,West,OR,Public-Private Partnership,Cost Plus,Design-Build,Moderate,Moderate,Standard,2018-09-01,2019-12-21,2019,110207000,960,0.496,0.4688,1.0291,1.0138,-0.0402,26,0.9643,19,3,0.276,0.9697
PRJ3-01733,Riverside Bridge Program 1733,Heavy Civil,West,CA,Private,Unit Price,CMAR,Very High,Low,Standard,2020-06-12,2021-10-18,2021,266343000,1296,0.381,0.3462,0.8035,0.8445,0.0668,45,0.949,34,14,0.824,0.952
PRJ3-01734,Gateway Water Program 1734,Heavy Civil,Southeast,FL,Private,Lump Sum,CMAR,Low,High,Slow,2022-01-12,2023-07-30,2023,64502900,1067,0.529,0.4965,0.8934,0.9533,0.0649,35,0.9838,0,17,0.283,0.9761
PRJ3-01735,Lakeview Education Center 1735,Institutional,Midwest,MO,Private,Lump Sum,Design-Build,Moderate,High,Fast,2023-11-11,2024-07-25,2024,206378800,683,0.377,0.3997,0.9795,1.022,0.0089,-15,1.16,0,19,0.836,0.9832
PRJ3-01736,Lakeview Residences 1736,Residential,Northeast,CT,Public-Private Partnership,Guaranteed Maximum Price,IPD,Very High,Moderate,Standard,2018-04-24,2019-01-13,2019,44978500,688,0.385,0.3534,1.0215,0.9463,-0.0277,22,1.0231,12,16,0.887,0.9684
PRJ3-01737,Evergreen Office Campus 1737,Commercial,Mountain,MT,Private,Unit Price,Design-Build,Low,High,Standard,2024-08-14,2025-09-12,2025,25143400,821,0.481,0.5505,1.0344,1.1089,-0.0323,-57,1.1291,0,6,0.401,0.9661
PRJ3-01738,Northstar Retail Center 1738,Commercial,Northeast,NJ,Public-Private Partnership,Unit Price,CMAR,Moderate,Low,Standard,2022-08-09,2023-04-08,2023,78601700,546,0.445,0.4304,0.9358,0.9932,0.0352,8,0.968,10,8,0.622,0.9489
PRJ3-01739,Gateway Office Campus 1739,Commercial,Mountain,WY,Private,Cost Plus,Design-Build,Very High,High,Fast,2024-07-17,2025-05-05,2025,89058300,763,0.384,0.4423,0.947,1.0684,0.0076,-44,0.9879,13,27,0.558,0.9607
PRJ3-01740,Canyon Research Facility 1740,Institutional,West,WA,Public,Guaranteed Maximum Price,CMAR,Very High,Moderate,Standard,2020-11-09,2022-05-25,2022,224135000,974,0.578,0.5349,0.8691,0.9442,0.0737,42,1.0243,5,9,0.76,0.9658
PRJ3-01741,Riverside Distribution Hub 1741,Industrial,West,CA,Public,Guaranteed Maximum Price,Design-Bid-Build,High,High,Standard,2020-02-11,2020-11-19,2020,65122300,722,0.391,0.3302,0.9847,0.9489,0.0256,44,1.0889,11,7,0.39,0.9882
PRJ3-01742,Evergreen Research Facility 1742,Institutional,Midwest,IL,Private,Guaranteed Maximum Price,CMAR,Low,High,Fast,2020-05-08,2021-03-10,2021,76461300,726,0.422,0.4417,1.0875,1.0602,-0.052,-14,1.0492,0,20,0.436,0.9908
PRJ3-01743,Aspen Apartments 1743,Residential,Northeast,PA,Public,Guaranteed Maximum Price,Design-Build,High,Moderate,Standard,2022-12-16,2023-07-18,2023,136251000,440,0.488,0.4884,1.0034,0.9776,-0.0068,0,0.9785,11,21,0.844,0.972
PRJ3-01744,Aspen Manufacturing Facility 1744,Industrial,West,OR,Private,Unit Price,Design-Build,High,Moderate,Standard,2024-01-14,2025-05-20,2025,120185000,944,0.522,0.5629,0.9498,1.0381,0.0434,-39,1.0476,21,4,0.755,0.962
PRJ3-01745,Liberty Education Center 1745,Institutional,Mountain,MT,Public,Lump Sum,CMAR,High,Low,Standard,2022-06-20,2023-08-13,2023,75269400,956,0.439,0.3751,0.971,0.9015,-0.0086,61,0.951,24,8,0.46,0.9352
PRJ3-01746,Copper Housing 1746,Residential,West,CA,Private,Cost Plus,IPD,Low,Moderate,Fast,2021-02-05,2021-08-05,2021,43410300,506,0.359,0.3414,1.0509,0.983,-0.0439,9,1.0922,0,15,0.304,0.9975
PRJ3-01747,Harbor Water Program 1747,Heavy Civil,Mountain,WY,Public,Cost Plus,Design-Bid-Build,High,High,Slow,2020-01-02,2021-02-22,2021,164820500,1044,0.4,0.3539,0.8782,0.917,0.0753,48,0.8968,36,10,0.561,0.9586
PRJ3-01748,Liberty Civic Complex 1748,Institutional,West,NV,Private,Unit Price,Design-Bid-Build,High,High,Fast,2022-11-17,2023-10-28,2023,116738800,964,0.358,0.2703,0.9717,0.8962,0.0027,85,0.9695,13,1,0.63,0.9581
PRJ3-01749,Granite Housing 1749,Residential,West,CA,Private,Cost Plus,Design-Bid-Build,Moderate,High,Slow,2022-12-17,2023-11-18,2023,31510500,572,0.589,0.5548,0.9668,0.9205,0.0273,20,1.0391,0,0,0.298,0.9743
PRJ3-01750,Horizon Marketplace 1750,Commercial,Southeast,FL,Public-Private Partnership,Guaranteed Maximum Price,Design-Build,Moderate,High,Fast,2019-02-12,2019-07-29,2019,95896800,461,0.364,0.3791,1.0034,1.0756,0.0035,-7,1.0463,6,9,0.637,0.951
PRJ3-01751,Copper Housing 1751,Residential,Southeast,VA,Private,Guaranteed Maximum Price,CMAR,Low,Moderate,Standard,2020-12-01,2021-07-31,2021,17034200,455,0.534,0.5286,1.016,1.0099,0.0133,2,0.943,25,14,0.522,0.9752
PRJ3-01752,Lakeview Highway Improvements 1752,Heavy Civil,West,OR,Private,Guaranteed Maximum Price,Design-Bid-Build,Moderate,Low,Slow,2023-12-14,2025-06-04,2025,479393700,1095,0.492,0.4033,0.8005,0.8597,0.0916,97,0.8662,32,9,0.609,0.9504
PRJ3-01753,Northstar Transit Program 1753,Infrastructure,West,NV,Public-Private Partnership,Lump Sum,CMAR,High,High,Standard,2020-06-06,2021-11-17,2021,461275100,1156,0.458,0.4567,0.9539,0.9635,0.0028,1,0.9098,11,12,0.79,0.9796
PRJ3-01754,Evergreen Housing 1754,Residential,Southwest,TX,Private,Cost Plus,CMAR,Moderate,High,Fast,2018-11-18,2019-08-13,2019,33228200,607,0.442,0.4466,1.0848,1.0281,-0.043,-3,1.0549,25,12,0.833,0.9611
PRJ3-01755,Crescent Manufacturing Facility 1755,Industrial,Mountain,UT,Public-Private Partnership,Lump Sum,Design-Build,Moderate,High,Slow,2020-01-22,2021-02-12,2021,128961900,915,0.423,0.4026,0.8527,0.9681,0.0637,19,0.9911,12,17,0.202,0.98
PRJ3-01756,Canyon Retail Center 1756,Commercial,Southwest,TX,Public,Lump Sum,CMAR,Moderate,High,Fast,2024-02-15,2025-04-13,2025,75939800,799,0.53,0.5474,0.962,0.9988,0.0077,-14,1.16,3,10,0.385,0.967
PRJ3-01757,Northstar Manufacturing Facility 1757,Industrial,Southwest,TX,Private,Lump Sum,Design-Bid-Build,High,High,Standard,2022-03-05,2023-10-15,2023,112740700,1053,0.56,0.5414,0.9598,0.9789,0.0294,20,1.0325,4,9,0.695,0.9539
PRJ3-01758,Liberty District 1758,Mixed-Use,Mountain,UT,Public,Lump Sum,IPD,Moderate,High,Standard,2022-02-15,2023-09-03,2023,316980000,986,0.574,0.5922,0.9837,1.0121,0.0011,-18,0.9176,13,17,0.459,0.9633
PRJ3-01759,Redwood Neighborhood 1759,Residential,Midwest,MI,Public,Lump Sum,Design-Build,High,High,Fast,2023-08-10,2024-09-09,2024,29183300,694,0.572,0.5809,1.1448,0.966,-0.0493,-6,1.16,20,10,0.745,0.9632
PRJ3-01760,Redwood Education Center 1760,Institutional,Southeast,GA,Private,Guaranteed Maximum Price,Design-Bid-Build,Low,Moderate,Slow,2018-12-24,2020-05-05,2020,85832400,837,0.595,0.5198,0.9308,0.9162,0.039,63,0.8701,33,17,0.857,0.9516
PRJ3-01761,Aspen Office Campus 1761,Commercial,West,OR,Public-Private Partnership,Cost Plus,Design-Bid-Build,Moderate,Moderate,Slow,2020-04-15,2021-10-11,2021,43879600,911,0.598,0.6586,0.9756,1.054,0.0216,-55,1.0744,20,7,0.634,0.9753
PRJ3-01762,Evergreen Corporate Center 1762,Commercial,Southwest,TX,Private,Unit Price,CMAR,High,Moderate,Slow,2019-09-21,2020-08-20,2020,250374000,680,0.492,0.4331,0.9832,0.9186,0.0064,40,0.9091,23,10,0.687,0.9642
PRJ3-01763,Crescent Corporate Center 1763,Commercial,Northeast,CT,Private,Lump Sum,Design-Build,High,Low,Standard,2021-04-19,2022-03-20,2022,42208300,799,0.42,0.4212,0.9082,0.9423,0.0327,-1,0.9627,12,13,0.704,0.9796
PRJ3-01764,Pioneer Logistics Center 1764,Industrial,Midwest,MN,Private,Unit Price,CMAR,Very High,Moderate,Fast,2018-04-21,2019-06-14,2019,289387000,952,0.441,0.4205,0.8995,0.9723,0.0483,19,1.0123,28,16,0.672,0.9555
PRJ3-01765,Lakeview Marketplace 1765,Commercial,Northeast,NY,Private,Unit Price,CMAR,Very High,High,Standard,2023-05-17,2024-01-29,2024,37433700,639,0.403,0.4171,0.9727,0.942,0.0183,-9,0.9701,30,17,0.823,0.9627
PRJ3-01766,Aspen Public Works Program 1766,Infrastructure,West,WA,Public,Guaranteed Maximum Price,IPD,High,Moderate,Standard,2018-12-13,2020-01-21,2020,392396800,1024,0.395,0.4169,1.077,0.9769,-0.0417,-22,0.9818,20,10,0.17,0.9648
PRJ3-01767,Lakeview Housing 1767,Residential,Northeast,NJ,Public-Private Partnership,Cost Plus,CMAR,Moderate,Low,Standard,2019-06-06,2020-08-14,2020,47469600,732,0.595,0.6028,1.0321,1.0119,-0.0279,-6,1.0256,1,16,0.79,0.9535
PRJ3-01768,Mesa Education Center 1768,Institutional,Northeast,MA,Private,Unit Price,CMAR,High,High,Standard,2020-06-19,2021-07-23,2021,149632000,991,0.403,0.3717,0.9431,0.9175,0.0127,31,1.0258,0,10,0.584,0.9628
PRJ3-01769,Summit Town Center 1769,Mixed-Use,Mountain,MT,Public-Private Partnership,Lump Sum,CMAR,Very High,Low,Standard,2024-02-08,2025-04-07,2025,140362700,1174,0.362,0.3208,0.8679,0.8877,0.0313,48,0.9209,47,17,0.62,0.9754
PRJ3-01770,Mesa Manufacturing Facility 1770,Industrial,Northeast,CT,Public-Private Partnership,Cost Plus,IPD,Moderate,High,Standard,2022-04-02,2023-05-14,2023,127199900,1083,0.376,0.3232,0.9726,0.9611,0.0042,57,1.0078,0,11,0.148,0.9432
PRJ3-01771,Northstar Bridge Program 1771,Heavy Civil,West,WA,Public,Cost Plus,IPD,Moderate,Moderate,Standard,2021-01-14,2022-05-18,2022,129121600,866,0.565,0.5811,1.0027,1.0004,0.0073,-14,0.9477,1,9,0.38,0.9576
PRJ3-01772,Horizon Retail Center 1772,Commercial,Mountain,WY,Private,Cost Plus,Design-Build,Low,Moderate,Fast,2021-08-03,2022-03-12,2022,66213000,476,0.466,0.4876,0.9846,1.0489,-0.007,-10,1.0615,6,6,0.493,0.9917
PRJ3-01773,Gateway Water Program 1773,Heavy Civil,West,NV,Private,Guaranteed Maximum Price,Design-Build,Moderate,Moderate,Slow,2018-06-22,2020-02-17,2020,286788200,1099,0.551,0.5432,0.9687,0.9176,0.0136,9,1.0415,9,0,0.711,0.9682
PRJ3-01774,Gateway Civic Complex 1774,Institutional,West,OR,Public,Unit Price,Design-Build,Moderate,Moderate,Slow,2020-05-03,2021-03-05,2021,129065800,783,0.391,0.3664,0.9939,0.9928,-0.0095,19,0.9719,1,7,0.325,0.9646
PRJ3-01775,Copper Office Campus 1775,Commercial,West,CA,Private,Unit Price,CMAR,High,High,Slow,2023-11-19,2025-02-13,2025,30311800,790,0.573,0.5318,0.9823,0.9479,0.027,33,0.9853,15,0,0.816,0.9572
PRJ3-01776,Gateway Town Center 1776,Mixed-Use,Midwest,MI,Private,Lump Sum,CMAR,High,Low,Standard,2021-11-07,2023-03-18,2023,128221200,1089,0.456,0.4663,0.9537,0.9388,0.0109,-11,0.9066,12,17,0.441,0.9699
PRJ3-01777,Crescent Manufacturing Facility 1777,Industrial,Southeast,FL,Private,Guaranteed Maximum Price,Design-Bid-Build,Very High,High,Standard,2018-08-18,2020-01-28,2020,371193700,1098,0.481,0.4941,0.9318,0.9695,0.0472,-14,0.9109,8,22,1.25,0.9676
PRJ3-01778,Evergreen Urban Village 1778,Mixed-Use,Mountain,WY,Public,Unit Price,CMAR,High,Low,Standard,2020-05-17,2021-07-02,2021,167282100,851,0.484,0.4404,0.937,0.9203,0.0223,37,0.8764,5,4,1.193,0.9368
PRJ3-01779,Mesa Corporate Center 1779,Commercial,Mountain,WY,Public-Private Partnership,Lump Sum,Design-Build,Moderate,High,Fast,2024-04-11,2025-05-11,2025,30803300,685,0.578,0.619,0.9926,1.0613,-0.0014,-28,1.0387,23,25,0.558,0.9852
PRJ3-01780,Canyon Manufacturing Facility 1780,Industrial,Mountain,ID,Private,Cost Plus,Design-Build,High,Low,Standard,2020-02-23,2021-06-21,2021,185478900,1147,0.422,0.4736,0.9035,1.0838,0.0508,-59,0.9809,33,8,0.775,0.9467
PRJ3-01781,Redwood Research Facility 1781,Institutional,Southeast,VA,Public,Cost Plus,Design-Bid-Build,Moderate,Moderate,Fast,2018-09-10,2019-10-26,2019,106488900,832,0.495,0.5172,1.0754,1.0033,-0.0613,-18,0.9404,2,26,0.311,0.9668
PRJ3-01782,Liberty Earthworks Package 1782,Heavy Civil,Midwest,MN,Private,Cost Plus,Design-Bid-Build,Moderate,Low,Fast,2019-09-03,2021-05-05,2021,257638300,1076,0.567,0.5653,0.9456,0.9882,0.0101,2,0.8532,13,18,0.449,0.949
PRJ3-01783,Horizon Town Center 1783,Mixed-Use,West,OR,Private,Lump Sum,Design-Bid-Build,Moderate,Low,Standard,2020-03-15,2021-07-02,2021,60195900,880,0.539,0.5346,0.9643,0.9382,0.0113,4,0.8495,26,0,0.496,0.9641
PRJ3-01784,Mesa Housing 1784,Residential,Mountain,WY,Public,Guaranteed Maximum Price,Design-Build,Low,Moderate,Standard,2019-05-14,2020-02-04,2020,22849600,487,0.547,0.5375,1.0134,0.9861,0.0134,5,1.1016,0,12,0.672,0.9779
PRJ3-01785,Gateway Manufacturing Facility 1785,Industrial,Northeast,PA,Private,Guaranteed Maximum Price,Design-Bid-Build,Very High,Low,Fast,2022-02-07,2023-03-18,2023,127592600,831,0.487,0.4556,1.0005,0.8938,0.0125,26,0.9249,27,17,0.781,0.9592
PRJ3-01786,Crescent Logistics Center 1786,Industrial,Mountain,CO,Public,Guaranteed Maximum Price,Design-Bid-Build,Moderate,Low,Standard,2022-07-02,2023-04-22,2023,267083400,762,0.386,0.3864,0.9232,0.9715,0.0346,0,0.8881,17,14,0.722,0.9457
PRJ3-01787,Copper District 1787,Mixed-Use,West,NV,Public,Unit Price,Design-Bid-Build,Low,Moderate,Slow,2018-12-22,2019-11-28,2019,267294600,810,0.421,0.3609,0.9711,0.9325,-0.0017,49,0.9018,17,13,0.396,0.9478
PRJ3-01788,Crescent Distribution Hub 1788,Industrial,Northeast,MA,Private,Unit Price,CMAR,Very High,Moderate,Slow,2023-09-21,2024-12-05,2024,139621600,766,0.576,0.4723,0.8489,0.8311,0.0889,79,0.9502,13,23,0.362,0.9535
PRJ3-01789,Redwood Neighborhood 1789,Residential,Midwest,MO,Private,Guaranteed Maximum Price,IPD,Low,Moderate,Slow,2023-01-10,2023-06-24,2023,39166500,426,0.389,0.3946,0.9903,1.0564,0.004,-2,0.9539,14,8,0.634,0.9732
PRJ3-01790,Liberty Civic Complex 1790,Institutional,Southeast,NC,Private,Unit Price,Design-Build,Moderate,Moderate,Standard,2023-06-05,2024-04-14,2024,51123200,634,0.496,0.4665,0.9521,0.9403,0.0127,19,1.0273,10,15,0.31,1.0
PRJ3-01791,Gateway Corporate Center 1791,Commercial,West,WA,Public,Unit Price,Design-Build,Low,Low,Slow,2023-05-01,2023-12-12,2023,35816400,610,0.37,0.3782,1.0196,1.062,0.0067,-5,1.0093,27,0,0.566,0.9498
PRJ3-01792,Redwood Civic Complex 1792,Institutional,West,WA,Private,Cost Plus,CMAR,High,High,Fast,2021-09-12,2022-09-12,2022,217197600,1040,0.351,0.3767,0.9921,1.0102,0.0372,-27,1.0449,0,3,0.581,0.9507
PRJ3-01793,Granite Civic Complex 1793,Institutional,West,WA,Private,Unit Price,Design-Build,Low,Low,Standard,2021-06-24,2022-08-12,2022,53143400,771,0.537,0.5446,0.9401,0.9876,0.0141,-6,0.9687,0,0,0.321,0.9666
PRJ3-01794,Crescent Apartments 1794,Residential,Southwest,NM,Private,Guaranteed Maximum Price,CMAR,Moderate,High,Fast,2024-10-18,2025-06-23,2025,55781700,514,0.484,0.4502,1.097,0.9441,-0.0334,17,1.0269,27,15,0.411,0.9726
PRJ3-01795,Granite Airport Improvements 1795,Infrastructure,West,NV,Public,Lump Sum,IPD,Moderate,Moderate,Slow,2021-11-17,2023-05-25,2023,292224300,1042,0.532,0.5252,0.9405,1.0148,0.0419,7,0.9721,9,0,0.791,0.9464
PRJ3-01796,Summit Urban Village 1796,Mixed-Use,West,WA,Public-Private Partnership,Guaranteed Maximum Price,Design-Bid-Build,High,Moderate,Fast,2023-07-23,2025-02-15,2025,270908700,1007,0.57,0.5453,0.9772,0.9296,0.0222,25,0.9933,19,3,0.851,0.9717
PRJ3-01797,Copper Housing 1797,Residential,Southeast,TN,Public,Lump Sum,IPD,Moderate,Moderate,Fast,2020-09-12,2021-01-15,2021,54363200,299,0.421,0.4632,1.0467,1.0751,-0.0386,-13,1.0697,5,21,0.513,0.985
PRJ3-01798,Horizon Marketplace 1798,Commercial,West,NV,Public-Private Partnership,Cost Plus,Design-Build,Moderate,Moderate,Standard,2024-12-11,2025-06-25,2025,98799000,448,0.438,0.4052,0.9411,0.9843,0.0297,15,1.0276,0,14,0.356,0.9738
PRJ3-01799,Mesa Transit Program 1799,Infrastructure,Southeast,FL,Private,Unit Price,CMAR,High,High,Standard,2017-07-06,2019-01-28,2019,206594600,1179,0.485,0.48,0.9608,0.9804,0.0528,6,1.0,13,10,0.797,0.98
PRJ3-01800,Evergreen Medical Center 1800,Institutional,Southwest,NM,Public,Unit Price,Design-Build,Moderate,Moderate,Standard,2020-11-30,2022-05-08,2022,40425300,888,0.591,0.5898,1.0214,1.0028,0.0148,1,1.0288,11,12,0.432,0.9549
PRJ3-01801,Summit Residences 1801,Residential,Mountain,CO,Public,Guaranteed Maximum Price,Design-Bid-Build,Moderate,Moderate,Standard,2023-11-05,2025-02-02,2025,39969900,828,0.55,0.4816,1.0932,0.9007,-0.0596,57,1.0245,0,14,0.363,0.978
PRJ3-01802,Copper Housing 1802,Residential,West,OR,Public-Private Partnership,Guaranteed Maximum Price,Design-Build,High,Moderate,Standard,2018-08-01,2019-02-28,2019,37818500,394,0.537,0.5672,0.9837,1.0009,0.005,-12,1.0581,0,1,0.635,0.9704
PRJ3-01804,Harbor Apartments 1804,Residential,Southwest,NM,Private,Unit Price,CMAR,Moderate,Moderate,Fast,2019-04-16,2020-04-07,2020,25902600,680,0.526,0.5373,1.0288,1.0389,-0.0085,-8,0.9871,0,24,0.898,0.9738
PRJ3-01805,Pioneer Medical Center 1805,Institutional,West,WA,Public,Guaranteed Maximum Price,Design-Bid-Build,Low,Moderate,Standard,2018-05-08,2019-05-28,2019,231957000,677,0.57,0.5791,0.9881,0.9832,0.0164,-6,0.9222,3,1,1.206,0.9646
PRJ3-01806,Horizon Utility Corridor 1806,Infrastructure,Northeast,PA,Private,Lump Sum,CMAR,Moderate,Low,Slow,2021-01-13,2022-06-19,2022,438232800,1164,0.449,0.3947,0.9472,0.9066,0.0037,63,0.8204,2,18,0.79,0.9489
PRJ3-01807,Crescent Residences 1807,Residential,Southeast,GA,Private,Lump Sum,Design-Bid-Build,Moderate,Low,Standard,2023-11-26,2024-06-22,2024,17949000,440,0.475,0.4398,0.9277,0.9514,0.0164,15,0.9776,31,16,0.737,0.9491
PRJ3-01808,Lakeview Logistics Center 1808,Industrial,Midwest,OH,Private,Unit Price,IPD,Very High,Moderate,Standard,2023-08-16,2024-09-02,2024,193945600,927,0.414,0.3863,0.8777,0.9929,0.0464,26,1.0367,16,21,0.831,0.9609
PRJ3-01809,Horizon Marketplace 1809,Commercial,Southeast,FL,Public-Private Partnership,Unit Price,Design-Bid-Build,Moderate,Moderate,Fast,2025-02-14,2025-12-17,2025,29412300,513,0.597,0.5693,1.0644,1.0044,-0.0239,14,1.1041,1,20,0.191,0.9598
PRJ3-01810,Harbor Medical Center 1810,Institutional,Midwest,IL,Public,Guaranteed Maximum Price,Design-Build,Very High,Low,Fast,2020-08-13,2021-10-03,2021,48064300,783,0.532,0.5195,0.8974,0.9528,0.0489,10,0.8897,34,13,0.98,0.9704
PRJ3-01811,Northstar Research Facility 1811,Institutional,Southwest,NM,Private,Cost Plus,Design-Bid-Build,High,Moderate,Standard,2020-12-16,2021-10-23,2021,78078100,868,0.359,0.3506,0.991,0.9917,-0.0062,7,0.8945,8,18,0.952,0.9601
PRJ3-01813,Aspen Process Plant 1813,Industrial,West,CA,Public-Private Partnership,Guaranteed Maximum Price,Design-Build,Very High,High,Standard,2019-04-07,2020-03-27,2020,248947200,940,0.378,0.3641,1.0233,0.9878,-0.008,13,1.0195,25,19,0.648,0.9546
PRJ3-01814,Canyon Water Program 1814,Heavy Civil,Midwest,MO,Private,Cost Plus,CMAR,High,Moderate,Fast,2019-02-12,2021-03-16,2021,227782400,1354,0.564,0.5194,0.8974,0.9487,0.0623,60,0.9564,23,17,0.628,0.9684
PRJ3-01815,Liberty District 1815,Mixed-Use,Southwest,NM,Public,Lump Sum,Design-Bid-Build,Moderate,Moderate,Standard,2022-12-09,2023-12-09,2023,136128900,884,0.414,0.4343,0.9772,1.0443,0.0025,-18,0.9592,0,4,0.655,0.9713
PRJ3-01816,Northstar Earthworks Package 1816,Heavy Civil,West,OR,Private,Lump Sum,Design-Build,Very High,Moderate,Slow,2021-08-20,2023-01-24,2023,258178600,1346,0.388,0.3301,0.8747,0.8996,0.0536,78,0.9593,31,8,1.293,0.9578
PRJ3-01817,Cedar Transit-Oriented Development 1817,Mixed-Use,Northeast,MA,Private,Unit Price,Design-Build,High,Low,Standard,2023-01-20,2024-05-10,2024,310936900,1049,0.454,0.5002,0.8968,1.0905,0.0649,-48,0.893,20,20,0.534,0.9712
PRJ3-01818,Northstar Medical Center 1818,Institutional,West,OR,Public-Private Partnership,Unit Price,IPD,Moderate,Moderate,Standard,2020-12-04,2021-08-16,2021,99166900,703,0.364,0.363,0.9395,1.0371,-0.0052,1,0.9787,0,5,0.56,0.9883
PRJ3-01819,Horizon Process Plant 1819,Industrial,Mountain,MT,Private,Lump Sum,Design-Bid-Build,Moderate,Low,Fast,2023-03-19,2024-05-17,2024,99238500,715,0.595,0.5982,0.9542,0.9611,0.0195,-2,0.8783,1,13,0.498,0.9644
PRJ3-01820,Redwood Marketplace 1820,Commercial,Northeast,MA,Private,Cost Plus,Design-Bid-Build,High,Moderate,Standard,2020-09-20,2022-02-26,2022,47757200,948,0.553,0.4938,0.9107,0.9175,0.0625,56,0.9262,22,17,0.512,0.9659
PRJ3-01821,Canyon Logistics Center 1821,Industrial,West,NV,Public,Cost Plus,Design-Bid-Build,High,High,Fast,2021-07-16,2022-07-02,2022,104626000,755,0.466,0.4262,0.9283,0.9435,0.0405,30,1.0034,0,9,0.445,0.9661
PRJ3-01822,Copper Earthworks Package 1822,Heavy Civil,Southwest,NM,Public,Guaranteed Maximum Price,IPD,Very High,Moderate,Slow,2021-02-09,2023-02-14,2023,477295600,1255,0.586,0.4935,0.9563,0.8167,0.0187,116,0.8785,17,7,0.575,0.9472
PRJ3-01823,Gateway Research Facility 1823,Institutional,Midwest,MI,Private,Lump Sum,IPD,Moderate,Moderate,Standard,2022-07-11,2023-08-23,2023,84549600,809,0.505,0.4812,1.0333,0.9513,-0.0134,19,0.9767,6,17,0.537,0.9574
PRJ3-01824,Redwood Process Plant 1824,Industrial,Midwest,OH,Private,Guaranteed Maximum Price,Design-Build,Moderate,High,Fast,2020-03-19,2021-02-05,2021,145654800,818,0.396,0.3943,1.0313,0.9529,-0.0043,1,0.9962,0,28,0.738,0.9881
PRJ3-01825,Mesa Corporate Center 1825,Commercial,West,OR,Public,Lump Sum,Design-Bid-Build,High,High,Standard,2024-09-10,2025-11-23,2025,41192500,804,0.547,0.581,0.9889,1.0572,0.0163,-27,0.8873,0,3,0.625,0.9353
PRJ3-01826,Gateway Utility Corridor 1826,Infrastructure,Southwest,AZ,Public,Lump Sum,Design-Bid-Build,Moderate,Low,Fast,2019-10-10,2021-06-12,2021,108597500,1274,0.48,0.487,1.0099,1.0438,-0.0067,-9,0.9613,28,7,0.681,0.972
PRJ3-01827,Northstar Civic Complex 1827,Institutional,Southeast,FL,Private,Unit Price,Design-Bid-Build,Moderate,Moderate,Fast,2024-11-22,2025-11-22,2025,82472500,679,0.538,0.5477,0.951,0.9729,0.0044,-7,1.0202,20,19,0.79,0.9897
PRJ3-01828,Riverside Residences 1828,Residential,Southwest,TX,Public-Private Partnership,Cost Plus,Design-Build,Very High,Low,Fast,2020-03-16,2020-10-26,2020,35417900,615,0.365,0.3062,0.9034,0.8896,0.0311,36,0.9465,25,8,0.64,0.9524
PRJ3-01829,Horizon Education Center 1829,Institutional,Northeast,NJ,Public-Private Partnership,Guaranteed Maximum Price,Design-Bid-Build,High,Low,Fast,2020-11-19,2022-03-12,2022,54529300,897,0.534,0.4592,0.9035,0.9045,0.0474,67,0.9516,22,19,0.736,0.9656
PRJ3-01830,Harbor Logistics Center 1830,Industrial,Northeast,CT,Private,Cost Plus,IPD,Low,Low,Fast,2022-01-19,2023-03-08,2023,105920900,700,0.591,0.6489,0.9683,1.0553,-0.0099,-41,0.9525,10,5,0,0.9618
PRJ3-01831,Copper Corporate Center 1831,Commercial,Midwest,IL,Private,Unit Price,IPD,Very High,Moderate,Standard,2018-07-07,2019-03-21,2019,53376200,734,0.351,0.3427,0.8743,0.9262,0.0376,6,1.0659,35,23,0.636,0.9619
PRJ3-01832,Copper Apartments 1832,Residential,West,CA,Private,Lump Sum,Design-Bid-Build,Moderate,Moderate,Slow,2019-12-22,2020-11-11,2020,94152400,669,0.487,0.4381,0.9025,0.8999,0.0517,33,0.9671,0,6,0.737,0.9734
PRJ3-01833,Canyon Earthworks Package 1833,Heavy Civil,Mountain,MT,Private,Cost Plus,Design-Bid-Build,Moderate,Moderate,Fast,2023-12-23,2025-07-24,2025,437034700,1147,0.505,0.5206,1.0893,1.0061,-0.0426,-18,1.0672,0,8,0.99,0.9574
PRJ3-01834,Harbor Marketplace 1834,Commercial,Mountain,CO,Private,Lump Sum,CMAR,Moderate,High,Fast,2025-02-24,2025-12-10,2025,106805800,731,0.396,0.3766,1.0084,0.9495,0.0,14,0.9137,1,17,0.653,0.9688
PRJ3-01835,Mesa Airport Improvements 1835,Infrastructure,Mountain,ID,Private,Lump Sum,IPD,Moderate,Low,Standard,2024-03-23,2025-12-04,2025,319826200,1230,0.505,0.4825,0.9734,0.959,0.039,28,0.9173,2,7,0.903,0.9806
PRJ3-01836,Aspen Marketplace 1836,Commercial,West,WA,Public,Cost Plus,CMAR,Very High,Moderate,Standard,2024-10-14,2025-10-27,2025,107927200,929,0.407,0.386,0.8758,0.9903,0.0685,20,0.9322,25,9,0.634,0.9582
PRJ3-01837,Evergreen Highway Improvements 1837,Heavy Civil,West,CA,Private,Lump Sum,Design-Bid-Build,Very High,High,Slow,2022-07-06,2024-02-22,2024,184058700,1461,0.408,0.3644,0.8661,0.9125,0.0626,64,0.8719,32,4,0.875,0.9362
PRJ3-01838,Horizon Urban Village 1838,Mixed-Use,Southwest,TX,Public,Cost Plus,CMAR,High,High,Standard,2020-07-09,2021-11-12,2021,128350500,1124,0.437,0.4674,0.9908,1.0701,0.0022,-34,1.0003,20,3,0.156,0.9736
PRJ3-01839,Aspen Distribution Hub 1839,Industrial,Southeast,TN,Public,Guaranteed Maximum Price,Design-Bid-Build,Very High,Moderate,Standard,2020-01-04,2021-01-19,2021,53636700,874,0.436,0.3988,0.9475,0.9298,0.0325,33,0.823,13,26,0.555,0.9586
PRJ3-01840,Mesa Apartments 1840,Residential,West,CA,Private,Lump Sum,Design-Build,Very High,High,Fast,2019-10-23,2020-07-13,2020,42258000,639,0.414,0.4288,1.0087,0.9404,0.0044,-9,0.9925,0,6,1.069,0.9596
PRJ3-01841,Northstar District 1841,Mixed-Use,Midwest,IL,Public-Private Partnership,Unit Price,Design-Bid-Build,Moderate,Moderate,Fast,2024-01-21,2024-11-17,2024,86766100,711,0.424,0.4542,0.9454,0.9952,0.0412,-22,1.0635,0,5,0.451,0.964
PRJ3-01842,Redwood Transit-Oriented Development 1842,Mixed-Use,Northeast,MA,Private,Lump Sum,Design-Bid-Build,Moderate,Moderate,Fast,2021-11-11,2022-09-18,2022,89929500,759,0.411,0.421,0.907,1.0114,0.0529,-8,0.8101,18,11,0.44,0.9816
PRJ3-01843,Riverside Education Center 1843,Institutional,Midwest,MO,Private,Lump Sum,CMAR,High,Low,Standard,2022-05-12,2023-05-25,2023,96690700,875,0.433,0.4193,0.9514,0.945,-0.0025,12,0.8438,12,25,0.441,0.9497
PRJ3-01844,Crescent Urban Village 1844,Mixed-Use,Southeast,TN,Private,Lump Sum,Design-Build,High,Low,Standard,2024-01-15,2025-08-12,2025,584676800,1005,0.573,0.5402,0.9632,0.8977,0.0274,33,0.936,37,13,0.415,0.9651
PRJ3-01845,Evergreen Earthworks Package 1845,Heavy Civil,Midwest,OH,Public,Guaranteed Maximum Price,Design-Bid-Build,Low,Moderate,Fast,2021-05-02,2022-06-28,2022,206416800,1186,0.356,0.2748,1.0748,0.8509,0.0051,96,0.9614,17,13,0.422,0.9868
PRJ3-01846,Redwood Public Works Program 1846,Infrastructure,Mountain,MT,Public,Guaranteed Maximum Price,IPD,High,Low,Fast,2018-05-16,2020-07-10,2020,298121600,1481,0.531,0.5089,0.9811,0.9791,-0.0203,33,0.8861,12,20,0.547,0.9472
PRJ3-01847,Redwood Apartments 1847,Residential,Southeast,TN,Private,Unit Price,Design-Build,Moderate,Low,Standard,2021-01-11,2022-01-28,2022,21619900,676,0.566,0.5532,0.9388,1.0044,0.0181,9,1.1054,0,10,0.343,0.9801
PRJ3-01848,Copper Apartments 1848,Residential,Mountain,MT,Private,Cost Plus,Design-Build,High,Moderate,Standard,2021-05-25,2022-03-14,2022,33208600,582,0.505,0.5058,0.9104,0.9976,0.0676,0,1.043,1,11,0.722,0.9764
PRJ3-01849,Copper Distribution Hub 1849,Industrial,Northeast,CT,Private,Lump Sum,Design-Bid-Build,High,Moderate,Fast,2021-10-24,2023-05-10,2023,137316900,1097,0.514,0.5328,0.9931,0.9521,-0.0119,-21,0.9961,12,14,0.639,0.9509
PRJ3-01851,Northstar Office Campus 1851,Commercial,Southeast,TN,Private,Guaranteed Maximum Price,Design-Build,Very High,Moderate,Standard,2021-04-17,2022-04-10,2022,114594000,625,0.574,0.5317,0.9814,0.912,-0.0049,26,0.8591,17,16,0.637,0.9604
PRJ3-01852,Copper Airport Improvements 1852,Infrastructure,Northeast,NY,Public-Private Partnership,Guaranteed Maximum Price,Design-Build,Moderate,Low,Slow,2017-02-28,2019-01-09,2019,119983100,1208,0.563,0.5573,0.9016,0.9692,0.0596,7,1.0846,35,23,0.794,0.9795
PRJ3-01853,Liberty Utility Corridor 1853,Infrastructure,Midwest,MI,Private,Unit Price,Design-Build,Moderate,High,Standard,2019-11-15,2021-09-21,2021,120977400,1350,0.501,0.5302,1.1256,1.02,-0.0376,-39,0.9391,36,0,0.523,0.9902
PRJ3-01854,Mesa Neighborhood 1854,Residential,Mountain,CO,Public,Cost Plus,Design-Build,Moderate,Low,Standard,2021-05-24,2021-10-22,2021,113113100,424,0.357,0.3675,0.9986,1.0089,0.0083,-4,0.9553,25,0,0.697,0.96
PRJ3-01855,Harbor District 1855,Mixed-Use,Southeast,NC,Private,Lump Sum,Design-Bid-Build,High,Moderate,Fast,2021-04-14,2022-08-26,2022,325080500,970,0.515,0.4924,0.8965,0.9414,0.0614,22,0.9361,10,17,0.852,0.958
PRJ3-01856,Horizon Transit Program 1856,Infrastructure,Mountain,ID,Public,Guaranteed Maximum Price,IPD,Very High,Moderate,Standard,2019-10-08,2021-03-23,2021,395154800,1327,0.401,0.328,0.8885,0.7887,0.0517,97,0.862,35,20,0.682,0.986
PRJ3-01857,Copper Office Campus 1857,Commercial,Midwest,MI,Public-Private Partnership,Lump Sum,CMAR,Moderate,Moderate,Standard,2023-12-23,2025-01-17,2025,44902100,695,0.564,0.6212,1.0189,1.0373,-0.0121,-40,1.0976,5,15,0.696,0.9581
PRJ3-01858,Copper Water Program 1858,Heavy Civil,Southeast,FL,Public,Cost Plus,Design-Build,Moderate,High,Fast,2019-10-03,2020-10-26,2020,257563800,932,0.418,0.4049,1.032,0.9362,0.0131,12,1.052,0,15,0.529,0.9648
PRJ3-01859,Summit Town Center 1859,Mixed-Use,Mountain,WY,Private,Unit Price,CMAR,Moderate,Low,Standard,2022-05-06,2023-09-12,2023,100966300,876,0.565,0.5604,1.0462,0.9754,-0.0436,4,1.0069,2,15,0.8,0.9596
PRJ3-01860,Mesa Residences 1860,Residential,Southeast,TN,Public,Cost Plus,Design-Build,Low,Low,Fast,2023-11-08,2024-08-03,2024,28681100,657,0.41,0.4424,1.0981,1.0624,-0.0371,-21,1.1091,16,7,0.201,0.9833
PRJ3-01861,Redwood Manufacturing Facility 1861,Industrial,Southwest,AZ,Private,Cost Plus,IPD,Low,Low,Standard,2019-07-13,2020-05-11,2020,247226100,840,0.361,0.3887,1.0571,1.0497,-0.0209,-23,1.0316,35,0,0.354,0.9486
PRJ3-01863,Crescent Water Program 1863,Heavy Civil,Southeast,NC,Private,Lump Sum,Design-Build,Very High,Moderate,Standard,2022-02-10,2023-06-21,2023,178444000,1160,0.428,0.4043,1.0084,0.9259,-0.0115,27,0.991,20,21,1.099,0.9527
PRJ3-01864,Riverside Marketplace 1864,Commercial,West,CA,Private,Cost Plus,Design-Bid-Build,High,Moderate,Fast,2022-09-03,2023-06-20,2023,43715600,672,0.432,0.3934,0.8481,0.9227,0.0732,26,0.977,15,13,0.39,0.9722
PRJ3-01865,Cedar Education Center 1865,Institutional,West,NV,Private,Lump Sum,Design-Build,Moderate,Moderate,Fast,2023-08-19,2024-10-23,2024,211436200,731,0.59,0.6002,0.9463,1.0064,0.0221,-7,0.9927,0,0,0.205,0.9691
PRJ3-01866,Evergreen Urban Village 1866,Mixed-Use,West,CA,Public,Lump Sum,Design-Build,Moderate,High,Slow,2018-01-15,2019-05-14,2019,217993700,898,0.539,0.4993,0.9231,0.9872,0.0388,36,0.9628,8,0,0.7,0.9707
PRJ3-01867,Evergreen Water Program 1867,Heavy Civil,Southeast,GA,Public,Lump Sum,Design-Bid-Build,High,High,Standard,2024-07-20,2025-12-10,2025,37071000,1021,0.498,0.4717,0.9534,0.9473,0.008,27,0.9052,3,12,0.728,0.9554
PRJ3-01868,Canyon Medical Center 1868,Institutional,Northeast,MA,Public,Guaranteed Maximum Price,CMAR,Very High,Low,Standard,2019-09-15,2021-01-12,2021,95900400,818,0.593,0.5617,0.9433,0.931,0.0407,26,0.8827,21,12,0.842,0.9556
PRJ3-01869,Copper Education Center 1869,Institutional,Mountain,ID,Private,Lump Sum,Design-Bid-Build,Very High,Moderate,Fast,2021-04-14,2022-07-06,2022,91771200,1038,0.432,0.3862,0.7963,0.9276,0.1153,48,0.9166,35,27,0.597,0.9701
PRJ3-01870,Redwood Apartments 1870,Residential,Mountain,CO,Private,Lump Sum,CMAR,Very High,Moderate,Slow,2021-02-24,2022-01-25,2022,40428700,564,0.594,0.4345,0.9399,0.7834,0.0494,90,0.9163,23,17,1.022,0.9464
PRJ3-01871,Evergreen Logistics Center 1871,Industrial,Mountain,MT,Private,Guaranteed Maximum Price,CMAR,Moderate,Moderate,Standard,2021-09-03,2023-04-02,2023,176687500,990,0.582,0.5845,1.0161,1.0108,-0.011,-2,1.0798,21,12,0.11,0.9798
PRJ3-01872,Redwood Town Center 1872,Mixed-Use,Mountain,MT,Public,Cost Plus,Design-Bid-Build,High,High,Standard,2024-01-24,2025-05-09,2025,110223100,793,0.594,0.6223,1.0853,1.0227,-0.0251,-22,0.9871,13,23,0.709,0.9631
PRJ3-01873,Canyon Manufacturing Facility 1873,Industrial,West,OR,Public,Unit Price,CMAR,Moderate,Moderate,Fast,2020-01-22,2021-08-26,2021,69812500,1218,0.478,0.5035,1.062,1.0786,-0.04,-31,1.0248,0,10,0.609,0.9708
PRJ3-01874,Northstar Medical Center 1874,Institutional,West,CA,Public,Lump Sum,Design-Bid-Build,High,Moderate,Slow,2023-06-02,2024-06-06,2024,133300400,1026,0.361,0.3503,0.9655,0.9339,0.0174,11,0.9381,22,11,0.747,0.9504
PRJ3-01875,Canyon Housing 1875,Residential,Mountain,CO,Private,Cost Plus,Design-Build,Moderate,Low,Slow,2024-12-01,2025-09-28,2025,37263700,642,0.469,0.4981,0.8269,1.0306,0.1081,-19,1.012,35,14,0.774,0.9538
PRJ3-01876,Crescent Transit-Oriented Development 1876,Mixed-Use,Southwest,TX,Private,Guaranteed Maximum Price,Design-Build,Very High,Low,Slow,2018-08-09,2019-09-07,2019,409567200,951,0.415,0.3711,0.8168,0.9033,0.1162,42,0.8643,18,2,0.442,0.9436
PRJ3-01877,Granite Education Center 1877,Institutional,Northeast,NJ,Private,Cost Plus,Design-Build,Moderate,High,Fast,2023-07-02,2025-01-09,2025,56722600,968,0.576,0.5714,1.0341,1.0227,-0.0163,4,0.9838,13,15,0.255,0.9521
PRJ3-01878,Redwood Distribution Hub 1878,Industrial,West,WA,Public,Unit Price,Design-Bid-Build,Moderate,Moderate,Standard,2024-08-03,2025-09-08,2025,123312900,948,0.423,0.3868,1.018,0.9042,-0.0109,34,1.0428,9,0,0.526,0.9477
PRJ3-01879,Copper Urban Village 1879,Mixed-Use,Southwest,AZ,Private,Cost Plus,Design-Bid-Build,Moderate,Moderate,Standard,2021-12-22,2023-04-03,2023,137659300,1077,0.434,0.4361,0.8653,0.9601,0.0814,-2,0.9653,10,1,0.509,0.9459
PRJ3-01880,Lakeview Civic Complex 1880,Institutional,Northeast,NY,Private,Cost Plus,Design-Build,Very High,Moderate,Fast,2024-05-05,2025-08-08,2025,108650600,960,0.48,0.4918,1.0363,0.9964,-0.0261,-11,0.9267,1,15,0.886,0.9583
PRJ3-01881,Cedar Process Plant 1881,Industrial,Midwest,MN,Private,Unit Price,Design-Bid-Build,High,Moderate,Slow,2021-03-12,2022-04-06,2022,127935000,752,0.519,0.5021,0.908,0.9363,0.0481,13,0.909,26,10,0.699,0.9434
PRJ3-01882,Summit Bridge Program 1882,Heavy Civil,Southwest,AZ,Private,Guaranteed Maximum Price,CMAR,Moderate,Moderate,Standard,2019-05-16,2021-03-25,2021,313571600,1140,0.596,0.5681,1.0018,0.9781,0.025,32,1.0499,12,5,0.519,0.9652
PRJ3-01883,Copper Residences 1883,Residential,Southeast,TN,Private,Lump Sum,IPD,Moderate,High,Standard,2022-08-31,2023-06-20,2023,19679500,599,0.49,0.4894,1.1475,0.9687,-0.0843,0,1.0228,0,19,0.938,0.9615
PRJ3-01884,Harbor Research Facility 1884,Institutional,Midwest,MN,Public,Lump Sum,CMAR,High,Moderate,Standard,2024-09-02,2025-09-13,2025,148760500,724,0.52,0.495,1.0051,0.9221,0.0039,18,0.97,5,10,0.212,0.9555
PRJ3-01885,Granite Civic Complex 1885,Institutional,West,NV,Private,Cost Plus,Design-Build,Moderate,High,Standard,2020-05-02,2021-03-15,2021,80312500,849,0.374,0.3745,1.0718,1.0051,-0.0317,0,1.0931,26,7,0.331,0.9716
PRJ3-01886,Lakeview Research Facility 1886,Institutional,Midwest,MO,Public,Cost Plus,Design-Bid-Build,Moderate,Moderate,Fast,2023-12-24,2025-07-28,2025,130580500,1027,0.567,0.5514,0.9332,0.9638,0.0566,16,0.9565,11,18,0.701,0.9679
PRJ3-01887,Canyon Research Facility 1887,Institutional,Southwest,AZ,Public,Lump Sum,Design-Build,Low,Low,Fast,2024-04-05,2025-10-19,2025,79600100,996,0.565,0.5308,0.9397,0.9574,0.029,34,1.0202,8,0,0.627,0.9659
PRJ3-01888,Riverside Neighborhood 1888,Residential,Midwest,MI,Private,Cost Plus,Design-Bid-Build,Moderate,Moderate,Slow,2024-08-15,2025-01-28,2025,108711000,457,0.364,0.3224,0.9302,0.8614,-0.0049,19,0.9929,13,5,0.749,0.9533
PRJ3-01889,Cedar Distribution Hub 1889,Industrial,West,OR,Private,Guaranteed Maximum Price,CMAR,Moderate,Low,Standard,2022-04-19,2023-06-05,2023,343166500,941,0.438,0.4394,0.9995,0.9772,-0.0154,-1,0.9121,8,7,0.94,0.947
PRJ3-01890,Summit Residences 1890,Residential,Southeast,VA,Private,Lump Sum,CMAR,Moderate,Low,Fast,2024-02-19,2024-09-29,2024,53302800,620,0.361,0.328,1.0416,0.9182,-0.0291,20,1.0009,28,9,0.461,0.9657
PRJ3-01891,Evergreen Corporate Center 1891,Commercial,Midwest,MN,Public,Guaranteed Maximum Price,Design-Bid-Build,Moderate,Moderate,Standard,2024-03-03,2024-09-28,2024,127950600,510,0.411,0.4434,0.9526,1.0275,0.0212,-17,0.9903,28,26,0.624,0.9759
PRJ3-01892,Cedar Apartments 1892,Residential,West,WA,Private,Unit Price,IPD,Moderate,High,Standard,2022-09-25,2023-08-20,2023,18724300,641,0.514,0.5841,1.0888,1.1169,-0.0438,-45,0.9,6,9,0.471,0.9701
PRJ3-01893,Cedar Neighborhood 1893,Residential,West,NV,Private,Lump Sum,Design-Bid-Build,Moderate,Low,Fast,2020-11-19,2021-07-11,2021,36978100,495,0.473,0.4698,0.8977,0.9964,0.077,2,0.8714,2,8,0.562,0.9739
PRJ3-01894,Canyon Office Campus 1894,Commercial,Southeast,TN,Private,Unit Price,CMAR,Moderate,Moderate,Standard,2024-11-17,2025-09-17,2025,74282800,695,0.438,0.4383,0.9087,1.0381,0.0391,0,1.0513,9,12,0.18,0.956
PRJ3-01895,Cedar Housing 1895,Residential,Midwest,MI,Public,Cost Plus,IPD,Very High,Moderate,Standard,2018-02-14,2019-06-08,2019,120776500,842,0.569,0.5202,0.8782,0.9154,0.0761,41,0.9422,15,20,0.897,0.9343
PRJ3-01896,Evergreen Civic Complex 1896,Institutional,West,NV,Private,Lump Sum,CMAR,Moderate,Moderate,Standard,2023-03-06,2024-02-12,2024,85498300,882,0.389,0.3536,0.9081,0.9064,0.0288,31,1.0874,0,6,0.028,0.9577
PRJ3-01897,Granite Retail Center 1897,Commercial,Southeast,TN,Public,Guaranteed Maximum Price,Design-Bid-Build,Very High,Moderate,Slow,2022-01-19,2022-12-29,2022,53645200,723,0.476,0.4502,0.8392,0.8978,0.0628,19,0.9409,22,17,0.717,0.9472
PRJ3-01898,Liberty Public Works Program 1898,Infrastructure,Southeast,VA,Private,Guaranteed Maximum Price,CMAR,High,Low,Fast,2021-06-05,2022-09-09,2022,248410500,1310,0.352,0.3185,0.9761,0.9598,0.0095,44,0.9163,17,7,0.46,0.9557
PRJ3-01899,Copper Education Center 1899,Institutional,Mountain,UT,Public,Guaranteed Maximum Price,Design-Bid-Build,High,Moderate,Standard,2019-06-23,2020-02-16,2020,78278000,662,0.36,0.3822,0.9663,0.9838,0.0256,-15,0.91,27,13,0.888,0.9717
PRJ3-01900,Cedar Marketplace 1900,Commercial,Mountain,ID,Private,Guaranteed Maximum Price,CMAR,High,Moderate,Fast,2024-01-15,2025-02-07,2025,46099600,696,0.559,0.5528,1.0301,0.9894,0.0012,4,0.9946,8,17,0.388,0.9657
PRJ3-01901,Redwood Process Plant 1901,Industrial,Mountain,UT,Private,Lump Sum,Design-Build,High,High,Fast,2019-09-06,2020-09-12,2020,272516400,772,0.483,0.4952,1.0149,1.006,-0.0041,-9,0.9294,30,7,0.628,0.9707
PRJ3-01902,Crescent Transit-Oriented Development 1902,Mixed-Use,Midwest,MI,Public,Guaranteed Maximum Price,Design-Build,Very High,Moderate,Slow,2018-12-09,2020-07-23,2020,176383500,1158,0.512,0.488,0.9884,0.9771,0.0122,28,0.9066,38,21,0.735,0.9401
PRJ3-01903,Riverside Retail Center 1903,Commercial,Southwest,AZ,Public,Unit Price,Design-Bid-Build,Very High,Moderate,Standard,2023-09-07,2024-12-30,2024,51675900,855,0.562,0.4952,0.9083,0.8718,0.0378,57,0.908,23,9,0.689,0.94
PRJ3-01904,Evergreen Corporate Center 1904,Commercial,Southwest,TX,Private,Lump Sum,Design-Bid-Build,Moderate,Moderate,Slow,2022-07-21,2023-08-20,2023,80056300,878,0.45,0.4793,0.9374,0.9618,0.0425,-26,0.922,4,11,0.592,0.9654
PRJ3-01905,Riverside Town Center 1905,Mixed-Use,Southeast,VA,Private,Lump Sum,Design-Bid-Build,Low,Low,Fast,2021-10-12,2022-09-15,2022,122504000,821,0.412,0.3954,0.9507,0.9964,0.0328,14,0.9765,3,6,0.795,0.9632
PRJ3-01906,Liberty Education Center 1906,Institutional,Southeast,NC,Public,Cost Plus,IPD,Very High,Low,Fast,2024-04-21,2025-03-19,2025,169010600,858,0.387,0.331,0.9115,0.8294,0.0122,48,1.013,7,8,0.708,0.9529
PRJ3-01907,Liberty Highway Improvements 1907,Heavy Civil,West,NV,Private,Cost Plus,CMAR,Moderate,Low,Slow,2024-06-02,2025-06-26,2025,105464400,936,0.416,0.3852,0.9216,0.9381,0.0286,29,0.984,26,0,0.272,0.9658
PRJ3-01908,Lakeview Corporate Center 1908,Commercial,Mountain,CO,Private,Guaranteed Maximum Price,CMAR,Moderate,High,Standard,2023-03-09,2023-10-04,2023,38647900,523,0.4,0.3881,1.073,0.9989,-0.0166,6,1.0113,21,15,0.485,0.9586
PRJ3-01909,Gateway Bridge Program 1909,Heavy Civil,Midwest,MN,Private,Lump Sum,Design-Build,Low,Moderate,Standard,2024-05-11,2025-08-31,2025,141929100,878,0.544,0.5884,1.138,1.1092,-0.0499,-39,1.0136,4,12,0.282,0.9732
PRJ3-01910,Summit Housing 1910,Residential,Mountain,UT,Public,Guaranteed Maximum Price,CMAR,Very High,Moderate,Fast,2020-04-11,2021-01-05,2021,103141500,642,0.42,0.3771,0.8877,0.8903,0.0657,28,1.0479,29,26,0.653,0.9693
PRJ3-01911,Mesa Retail Center 1911,Commercial,Southeast,NC,Private,Cost Plus,IPD,Very High,High,Fast,2021-11-11,2023-01-04,2023,71587000,759,0.553,0.5365,1.0426,0.9352,-0.0356,13,0.9671,1,11,1.0,0.9935
PRJ3-01912,Crescent Logistics Center 1912,Industrial,West,NV,Public-Private Partnership,Guaranteed Maximum Price,CMAR,Moderate,Moderate,Standard,2021-04-22,2022-06-15,2022,165552300,1133,0.37,0.4249,1.0271,1.0579,-0.0111,-62,0.9875,7,12,0.192,0.9669
PRJ3-01913,Northstar Education Center 1913,Institutional,Mountain,CO,Private,Guaranteed Maximum Price,Design-Bid-Build,Moderate,Moderate,Standard,2020-01-26,2020-12-17,2020,197221000,831,0.393,0.3537,1.0098,0.8822,-0.0115,33,0.9671,17,0,0.602,0.9594
PRJ3-01914,Summit Logistics Center 1914,Industrial,Northeast,NY,Private,Lump Sum,IPD,Moderate,Low,Standard,2018-09-08,2019-06-17,2019,331683100,647,0.437,0.4674,0.9375,1.0068,0.0431,-20,0.9417,0,4,0.832,0.9776
PRJ3-01915,Summit Marketplace 1915,Commercial,Southeast,TN,Private,Unit Price,Design-Bid-Build,Very High,Moderate,Standard,2018-09-03,2019-10-28,2019,62418800,706,0.596,0.5101,0.8894,0.8652,0.0577,61,0.9135,20,22,0.505,0.969
PRJ3-01916,Summit Residences 1916,Residential,Mountain,WY,Public,Lump Sum,CMAR,High,Low,Standard,2019-04-19,2019-11-11,2019,27327800,442,0.468,0.4244,0.9507,0.8914,0.026,19,1.0118,18,7,0.719,0.979
PRJ3-01917,Granite Residences 1917,Residential,Mountain,UT,Public-Private Partnership,Guaranteed Maximum Price,IPD,Moderate,Low,Fast,2024-05-04,2024-11-14,2024,44288600,555,0.35,0.3377,1.0032,0.9278,-0.0018,7,1.0364,18,9,0.619,0.9631
PRJ3-01918,Copper Bridge Program 1918,Heavy Civil,Southeast,TN,Private,Lump Sum,Design-Build,Moderate,Moderate,Slow,2020-06-24,2021-08-10,2021,179787000,1115,0.37,0.3258,0.958,0.9095,0.0125,49,0.9331,30,6,0.458,0.9778
PRJ3-01919,Gateway Housing 1919,Residential,Northeast,NJ,Private,Unit Price,Design-Build,Very High,Moderate,Slow,2023-11-23,2024-09-22,2024,13704000,866,0.352,0.3928,0.9118,1.058,0.0425,-35,0.9919,28,18,0.725,0.9619
PRJ3-01920,Cedar Research Facility 1920,Institutional,Mountain,ID,Private,Guaranteed Maximum Price,Design-Bid-Build,Very High,Low,Standard,2019-04-23,2020-11-27,2020,87306900,1015,0.576,0.4858,0.8946,0.8303,0.0649,92,0.7882,33,19,0.695,0.9595
PRJ3-01921,Redwood Manufacturing Facility 1921,Industrial,Northeast,NJ,Private,Lump Sum,Design-Bid-Build,High,Low,Standard,2019-04-18,2020-06-28,2020,142928900,807,0.542,0.4267,0.8855,0.8852,0.0572,93,0.9746,44,21,1.058,0.9656
PRJ3-01922,Redwood Apartments 1922,Residential,Northeast,CT,Private,Guaranteed Maximum Price,CMAR,High,High,Standard,2020-06-24,2021-06-06,2021,58949000,595,0.584,0.5116,0.943,0.929,0.0338,43,1.0403,5,16,0.564,0.9861
PRJ3-01923,Lakeview Bridge Program 1923,Heavy Civil,Midwest,MO,Private,Guaranteed Maximum Price,Design-Build,High,High,Standard,2021-09-11,2023-02-14,2023,332913900,1041,0.501,0.4966,1.0404,1.0264,-0.0176,5,1.0228,19,9,0.741,0.9547
PRJ3-01924,Lakeview Distribution Hub 1924,Industrial,Midwest,IL,Public,Guaranteed Maximum Price,Design-Bid-Build,High,Moderate,Slow,2020-01-23,2020-12-26,2020,186374800,813,0.416,0.3141,0.9165,0.8133,0.0205,83,0.9027,33,19,0.658,0.9501
PRJ3-01925,Northstar Highway Improvements 1925,Heavy Civil,Midwest,MN,Public-Private Partnership,Cost Plus,Design-Bid-Build,Very High,High,Slow,2023-10-07,2025-09-28,2025,401173800,1364,0.53,0.4938,0.8179,0.9044,0.0874,49,0.9271,16,22,0.695,0.9842
PRJ3-01926,Horizon Water Program 1926,Heavy Civil,West,OR,Private,Lump Sum,IPD,Moderate,Moderate,Standard,2021-08-07,2023-02-03,2023,109887300,1075,0.507,0.4759,0.9653,0.9433,-0.0005,33,0.9112,24,11,0.655,0.9578
PRJ3-01927,Redwood Airport Improvements 1927,Infrastructure,Southeast,TN,Private,Lump Sum,Design-Bid-Build,High,High,Slow,2018-12-13,2020-11-01,2020,294457200,1240,0.556,0.5245,0.9094,0.9175,0.0232,39,0.8372,28,13,0.432,0.9605
PRJ3-01928,Gateway Apartments 1928,Residential,Midwest,OH,Public,Lump Sum,Design-Build,Moderate,Low,Fast,2020-12-24,2021-10-03,2021,35330400,555,0.511,0.4936,0.9808,1.0218,0.0303,10,0.9441,11,16,0.67,0.9787
PRJ3-01929,Pioneer Earthworks Package 1929,Heavy Civil,West,OR,Public,Cost Plus,CMAR,High,High,Fast,2021-11-13,2022-12-06,2022,156570200,1052,0.369,0.306,1.0464,0.8983,-0.0168,66,1.0052,18,11,0.808,0.985
PRJ3-01930,Northstar Research Facility 1930,Institutional,Mountain,UT,Public,Guaranteed Maximum Price,Design-Build,Moderate,Moderate,Standard,2022-02-09,2023-02-12,2023,108535200,904,0.408,0.443,0.9923,1.081,0.0199,-32,0.9364,10,7,0.694,0.9702
PRJ3-01931,Northstar Neighborhood 1931,Residential,Midwest,IL,Private,Guaranteed Maximum Price,Design-Build,Moderate,Moderate,Standard,2022-04-23,2023-01-24,2023,35596800,606,0.456,0.4695,1.067,1.0337,-0.0264,-8,1.0433,2,5,0.714,0.9799
PRJ3-01932,Liberty Process Plant 1932,Industrial,Southeast,VA,Private,Lump Sum,Design-Bid-Build,High,High,Standard,2022-08-19,2023-11-17,2023,136565800,912,0.499,0.4807,0.988,1.0331,0.005,17,0.9977,19,13,0.354,0.9781
PRJ3-01933,Harbor Town Center 1933,Mixed-Use,Mountain,WY,Public,Lump Sum,Design-Bid-Build,High,Low,Standard,2023-01-20,2024-01-18,2024,114739400,977,0.372,0.3212,0.8882,0.8594,0.0442,50,0.818,25,12,0.472,0.9571
PRJ3-01934,Copper Corporate Center 1934,Commercial,Southeast,FL,Public,Guaranteed Maximum Price,Design-Build,Very High,Low,Slow,2022-04-06,2023-08-17,2023,72708500,839,0.594,0.5085,0.8907,0.8099,0.0652,72,0.9644,25,24,0.653,0.9393
PRJ3-01935,Lakeview Residences 1935,Residential,Northeast,CT,Public,Cost Plus,IPD,High,Moderate,Fast,2023-09-20,2024-04-19,2024,38021500,581,0.365,0.3865,1.0051,1.053,0.0051,-12,1.0031,6,11,0.714,0.9752
PRJ3-01936,Riverside Bridge Program 1936,Heavy Civil,Southeast,TN,Public,Guaranteed Maximum Price,Design-Bid-Build,Low,Moderate,Slow,2024-09-05,2025-12-08,2025,174090200,1173,0.392,0.3369,1.0287,0.8763,-0.0006,65,0.9376,9,12,0.234,0.9557
PRJ3-01937,Riverside Housing 1937,Residential,Midwest,MO,Public,Cost Plus,Design-Bid-Build,Moderate,Low,Standard,2020-12-14,2021-06-29,2021,31793400,483,0.409,0.3804,0.953,0.9314,0.0085,14,1.056,18,13,0.625,0.9624
PRJ3-01938,Lakeview District 1938,Mixed-Use,Mountain,MT,Private,Guaranteed Maximum Price,IPD,Low,High,Fast,2024-11-15,2025-09-09,2025,201693700,797,0.375,0.3968,1.0287,1.037,-0.0023,-17,1.0252,3,20,0.235,0.9703
PRJ3-01939,Harbor Civic Complex 1939,Institutional,West,WA,Public,Guaranteed Maximum Price,IPD,High,Moderate,Standard,2020-03-06,2021-01-28,2021,130957100,835,0.394,0.3845,1.0253,0.9769,-0.0049,8,0.9841,18,0,0.597,0.9807
PRJ3-01940,Crescent Town Center 1940,Mixed-Use,Southeast,NC,Public,Guaranteed Maximum Price,Design-Build,High,Moderate,Standard,2018-09-01,2019-08-28,2019,125681800,994,0.364,0.3657,0.9921,0.9906,0.0005,-2,0.9155,12,13,0.461,0.9639
PRJ3-01941,Copper Marketplace 1941,Commercial,Northeast,MA,Private,Cost Plus,Design-Build,High,Moderate,Fast,2019-06-02,2020-05-15,2020,39634700,845,0.412,0.4411,0.9851,1.0154,0.0048,-25,0.9698,0,17,0.45,0.9829
PRJ3-01942,Canyon Public Works Program 1942,Infrastructure,West,NV,Private,Cost Plus,Design-Build,Moderate,High,Standard,2019-10-06,2021-03-28,2021,222955500,1458,0.37,0.3815,1.0314,1.0041,-0.0076,-17,1.0682,0,0,0.738,0.9657
PRJ3-01943,Harbor Manufacturing Facility 1943,Industrial,Southeast,VA,Public,Lump Sum,Design-Bid-Build,Moderate,Moderate,Slow,2024-05-19,2025-03-16,2025,166800500,814,0.37,0.3628,0.9449,0.9505,0.0041,6,0.8555,16,9,0.545,0.9635
PRJ3-01944,Redwood Airport Improvements 1944,Infrastructure,Midwest,MO,Public,Lump Sum,CMAR,Moderate,High,Standard,2022-08-21,2023-09-24,2023,402777500,1119,0.357,0.3948,1.0324,1.0264,0.001,-42,0.9235,0,20,0.512,0.978
PRJ3-01945,Summit Utility Corridor 1945,Infrastructure,West,CA,Private,Cost Plus,CMAR,High,Moderate,Slow,2023-03-22,2024-12-02,2024,182256600,1370,0.454,0.3578,0.9057,0.7875,0.0393,132,0.9674,33,2,0.888,0.963
PRJ3-01946,Horizon Retail Center 1946,Commercial,West,CA,Public,Lump Sum,Design-Build,Moderate,Moderate,Standard,2022-10-21,2023-05-24,2023,72393200,406,0.53,0.5499,0.97,0.9802,0.0334,-8,0.9949,8,4,0.312,0.9607
PRJ3-01947,Copper Retail Center 1947,Commercial,Mountain,UT,Private,Unit Price,CMAR,High,Moderate,Fast,2019-03-22,2020-02-17,2020,65434200,647,0.514,0.4886,0.9151,0.9305,0.0534,16,1.0011,20,11,0.86,0.9724
PRJ3-01948,Northstar Logistics Center 1948,Industrial,Midwest,MI,Private,Lump Sum,IPD,High,High,Standard,2023-11-14,2024-10-31,2024,65520900,971,0.363,0.3411,0.9905,0.9426,-0.0015,21,1.0122,9,14,0.988,0.9602
PRJ3-01949,Redwood Bridge Program 1949,Heavy Civil,Northeast,MA,Public-Private Partnership,Guaranteed Maximum Price,CMAR,Very High,Moderate,Standard,2018-02-13,2019-11-12,2019,241315800,1219,0.523,0.5636,0.9218,0.9695,0.0538,-49,0.977,27,18,1.083,0.9372
PRJ3-01950,Canyon Transit-Oriented Development 1950,Mixed-Use,Northeast,PA,Public,Cost Plus,CMAR,High,Low,Standard,2021-05-17,2023-01-01,2023,46613800,1075,0.553,0.461,0.8435,0.7967,0.0894,99,0.9237,20,23,0.822,0.9672
PRJ3-01951,Gateway Manufacturing Facility 1951,Industrial,Mountain,MT,Public,Lump Sum,Design-Bid-Build,Moderate,Moderate,Standard,2024-03-08,2025-03-08,2025,61492900,700,0.522,0.5668,1.0332,1.0213,-0.0428,-31,1.0026,17,10,0.423,0.9733
PRJ3-01952,Granite Residences 1952,Residential,Midwest,MN,Public,Cost Plus,Design-Bid-Build,Moderate,High,Standard,2020-05-06,2021-01-14,2021,112583600,601,0.422,0.4373,0.9321,1.0736,0.0244,-9,0.9304,0,8,0.773,0.9652
PRJ3-01953,Gateway Office Campus 1953,Commercial,West,WA,Private,Unit Price,CMAR,High,Low,Standard,2023-03-05,2023-11-22,2023,73111200,655,0.4,0.402,0.9205,0.9622,0.0456,-1,0.8842,23,1,0.903,0.9553
PRJ3-01954,Crescent Office Campus 1954,Commercial,Southwest,AZ,Private,Guaranteed Maximum Price,Design-Bid-Build,High,Low,Standard,2020-04-02,2021-01-15,2021,118794200,632,0.456,0.4401,0.9858,0.939,0.0061,10,0.8528,9,11,0.956,0.9478
PRJ3-01955,Redwood Office Campus 1955,Commercial,Mountain,UT,Private,Lump Sum,Design-Bid-Build,Low,High,Standard,2017-12-10,2019-04-10,2019,47684200,844,0.577,0.6179,0.9498,1.0469,0.0157,-35,0.9487,0,18,0.398,0.9802
PRJ3-01956,Redwood Civic Complex 1956,Institutional,Southeast,FL,Private,Lump Sum,Design-Bid-Build,Very High,Low,Slow,2021-10-16,2022-11-28,2022,156043100,976,0.419,0.3804,0.7443,0.8851,0.133,38,0.8066,43,16,0.982,0.9662
PRJ3-01957,Summit Marketplace 1957,Commercial,West,CA,Private,Cost Plus,CMAR,Moderate,Moderate,Standard,2021-07-07,2022-01-16,2022,47980200,519,0.372,0.3669,0.9598,1.0029,0.0011,3,1.0764,40,13,0.389,0.9496
PRJ3-01958,Crescent Residences 1958,Residential,Mountain,CO,Public,Guaranteed Maximum Price,Design-Bid-Build,Moderate,Low,Slow,2020-06-22,2021-02-26,2021,27712900,460,0.543,0.468,0.8761,0.8952,0.0421,34,0.9163,42,10,0.232,0.9582
PRJ3-01959,Copper District 1959,Mixed-Use,Mountain,UT,Private,Unit Price,CMAR,Moderate,Moderate,Standard,2024-04-25,2025-05-12,2025,87006700,981,0.39,0.352,1.0121,0.9374,0.0043,37,0.8554,11,11,0.449,0.9482
PRJ3-01960,Liberty Neighborhood 1960,Residential,Northeast,NJ,Private,Cost Plus,Design-Build,Low,Low,Standard,2018-07-09,2019-05-02,2019,85775300,680,0.438,0.3983,0.9359,0.9455,0.0147,27,1.0292,19,14,0.604,0.9673
PRJ3-01961,Riverside Office Campus 1961,Commercial,Northeast,CT,Private,Guaranteed Maximum Price,Design-Bid-Build,Moderate,Moderate,Slow,2018-09-23,2019-09-13,2019,63557100,691,0.515,0.457,0.946,0.9135,0.0279,40,0.9344,25,10,0.298,0.9529
PRJ3-01962,Copper Town Center 1962,Mixed-Use,Southeast,NC,Public,Guaranteed Maximum Price,CMAR,Very High,Moderate,Fast,2018-08-02,2020-01-17,2020,160996800,1077,0.495,0.4314,1.0425,0.9347,-0.0281,68,0.923,33,22,0.505,0.9451
PRJ3-01963,Northstar Process Plant 1963,Industrial,Southeast,VA,Private,Lump Sum,Design-Build,High,High,Standard,2023-02-07,2024-01-26,2024,379354800,895,0.395,0.3748,1.0581,0.9463,-0.0452,18,1.0742,23,16,0.712,0.9843
PRJ3-01964,Redwood Corporate Center 1964,Commercial,Mountain,ID,Private,Lump Sum,Design-Bid-Build,Moderate,High,Fast,2018-04-19,2019-03-09,2019,60823000,878,0.37,0.3705,0.944,1.0266,0.0206,0,1.095,28,5,0.348,0.9686
PRJ3-01965,Lakeview Bridge Program 1965,Heavy Civil,Mountain,MT,Private,Cost Plus,IPD,Low,High,Standard,2021-01-05,2022-07-01,2022,153652400,1157,0.469,0.4465,1.0878,0.9944,-0.0225,26,1.1236,6,12,0.697,0.969
PRJ3-01966,Evergreen Urban Village 1966,Mixed-Use,Southwest,NM,Public,Guaranteed Maximum Price,Design-Bid-Build,Very High,Low,Standard,2020-08-25,2021-08-17,2021,444408100,826,0.433,0.3689,0.9292,0.9153,0.0117,53,0.8841,45,3,0.997,0.9521
PRJ3-01967,Crescent Public Works Program 1967,Infrastructure,Midwest,MO,Public-Private Partnership,Guaranteed Maximum Price,Design-Build,Moderate,Moderate,Slow,2020-07-22,2021-11-08,2021,181695200,1124,0.422,0.3854,0.9762,0.9738,-0.0006,41,1.064,32,18,0.673,0.9602
PRJ3-01968,Gateway Bridge Program 1968,Heavy Civil,Midwest,MN,Private,Lump Sum,CMAR,High,High,Fast,2022-04-09,2024-01-03,2024,219120100,1213,0.523,0.5119,0.9251,0.9504,0.0401,13,0.9592,0,20,0.685,0.9697
PRJ3-01969,Copper Office Campus 1969,Commercial,Midwest,OH,Public,Cost Plus,IPD,Moderate,Moderate,Standard,2021-03-02,2022-02-12,2022,65706900,643,0.541,0.5355,0.9668,0.9975,0.0211,4,1.0382,0,15,0.796,0.9728
PRJ3-01970,Crescent Residences 1970,Residential,Mountain,UT,Private,Unit Price,Design-Bid-Build,Moderate,Low,Fast,2024-07-09,2025-03-07,2025,73771600,593,0.407,0.389,0.9114,0.9926,0.0453,11,0.9438,19,10,1.072,0.9965
PRJ3-01971,Riverside Process Plant 1971,Industrial,Mountain,MT,Public,Lump Sum,Design-Build,Low,Moderate,Fast,2020-03-02,2021-01-28,2021,117455600,753,0.441,0.4319,1.0527,1.0067,-0.0212,7,0.9471,9,17,0.05,0.9806
PRJ3-01972,Gateway Public Works Program 1972,Infrastructure,Midwest,MO,Private,Guaranteed Maximum Price,Design-Build,Moderate,Moderate,Slow,2023-05-04,2025-01-22,2025,238387100,1146,0.549,0.4985,0.9886,0.926,-0.0105,58,0.8749,0,1,0.421,0.968
PRJ3-01973,Gateway Research Facility 1973,Institutional,West,OR,Private,Lump Sum,Design-Bid-Build,Moderate,Low,Slow,2024-10-09,2025-07-25,2025,142345300,716,0.405,0.3528,0.9242,0.8936,0.0306,37,0.9858,22,15,0.655,0.9442
PRJ3-01975,Gateway Public Works Program 1975,Infrastructure,Southeast,VA,Public-Private Partnership,Guaranteed Maximum Price,Design-Bid-Build,Very High,High,Fast,2021-02-11,2022-10-26,2022,322957200,1386,0.449,0.45,0.9545,0.9649,0.012,-1,1.0045,12,15,0.794,0.9832
PRJ3-01976,Gateway District 1976,Mixed-Use,Mountain,ID,Public,Unit Price,Design-Bid-Build,Low,High,Slow,2020-05-03,2021-08-22,2021,272778800,974,0.489,0.5049,0.9287,0.9886,0.0344,-15,0.9672,21,17,0.335,0.9763
PRJ3-01977,Gateway Utility Corridor 1977,Infrastructure,Northeast,NJ,Public-Private Partnership,Guaranteed Maximum Price,Design-Bid-Build,Very High,Moderate,Slow,2017-12-03,2020-01-15,2020,197366600,1505,0.514,0.4593,0.8482,0.8602,0.0573,82,0.7789,26,17,1.454,0.9524
PRJ3-01978,Harbor Apartments 1978,Residential,West,OR,Public,Guaranteed Maximum Price,Design-Bid-Build,Very High,Moderate,Standard,2020-05-13,2021-03-10,2021,19086200,619,0.487,0.4537,0.9166,0.898,0.0431,21,0.9117,11,21,0.704,0.9699
PRJ3-01979,Evergreen Apartments 1979,Residential,Midwest,MO,Private,Guaranteed Maximum Price,IPD,Low,Moderate,Standard,2024-04-02,2024-10-12,2024,18849200,533,0.363,0.4135,0.9758,1.1126,0.0064,-27,1.1419,11,9,0.672,0.9738
PRJ3-01980,Evergreen Highway Improvements 1980,Heavy Civil,Southwest,TX,Private,Unit Price,CMAR,Moderate,Moderate,Slow,2020-08-24,2021-09-28,2021,299343500,1093,0.366,0.3056,0.956,0.9307,0.0029,66,0.8809,9,8,0.992,0.9472
PRJ3-01981,Pioneer Urban Village 1981,Mixed-Use,Mountain,CO,Private,Unit Price,CMAR,Very High,High,Slow,2023-10-08,2025-02-27,2025,266052500,1031,0.493,0.4667,0.8387,0.9649,0.0857,27,0.8883,36,6,0.912,0.9584
PRJ3-01982,Copper Apartments 1982,Residential,West,WA,Private,Lump Sum,CMAR,High,Moderate,Standard,2024-08-06,2025-05-21,2025,32547800,580,0.498,0.444,0.9097,0.8831,0.0538,31,0.9743,8,0,0.695,0.9701
PRJ3-01983,Aspen Manufacturing Facility 1983,Industrial,Southeast,NC,Private,Lump Sum,Design-Build,Moderate,Low,Fast,2019-04-23,2020-10-27,2020,172131200,946,0.585,0.6048,0.965,1.0252,0.009,-19,0.9676,1,7,0.521,0.9624
PRJ3-01984,Lakeview Retail Center 1984,Commercial,Midwest,MI,Private,Guaranteed Maximum Price,IPD,Low,High,Standard,2022-11-24,2023-06-03,2023,41334800,433,0.443,0.4395,1.1091,1.0242,-0.0469,2,1.046,6,7,0.794,0.9878
PRJ3-01985,Granite Civic Complex 1985,Institutional,Mountain,ID,Public,Cost Plus,IPD,Moderate,Moderate,Slow,2019-05-25,2020-02-23,2020,98355400,737,0.373,0.3268,0.9111,0.9031,0.0271,34,0.971,0,27,0.818,0.9758
PRJ3-01986,Mesa Apartments 1986,Residential,Mountain,UT,Private,Lump Sum,CMAR,Moderate,Moderate,Fast,2024-10-06,2025-10-08,2025,30525200,775,0.474,0.484,1.0096,0.9733,-0.0001,-8,1.0656,12,18,0.192,0.9558
PRJ3-01987,Summit Utility Corridor 1987,Infrastructure,Southeast,NC,Public-Private Partnership,Guaranteed Maximum Price,Design-Build,Low,High,Fast,2024-06-11,2025-09-22,2025,140535500,1237,0.379,0.4192,1.0587,1.1007,-0.0078,-50,1.0679,0,11,0,0.97
PRJ3-01988,Pioneer Housing 1988,Residential,West,WA,Private,Lump Sum,CMAR,Very High,Moderate,Standard,2023-06-20,2024-07-03,2024,162582100,722,0.526,0.5081,0.8848,0.8792,0.0581,13,0.8582,21,12,0.607,0.986
PRJ3-01989,Liberty Medical Center 1989,Institutional,Midwest,OH,Private,Lump Sum,CMAR,Very High,Moderate,Standard,2024-07-19,2025-05-25,2025,51892300,718,0.433,0.4391,0.9789,1.0141,-0.0064,-4,0.9245,12,16,0.957,0.9397
PRJ3-01990,Lakeview Marketplace 1990,Commercial,West,OR,Public-Private Partnership,Cost Plus,Design-Bid-Build,High,Moderate,Fast,2021-03-22,2022-05-27,2022,68993500,800,0.539,0.5486,0.9939,0.9718,0.0152,-8,0.9317,6,19,0.418,0.9656
PRJ3-01991,Harbor Town Center 1991,Mixed-Use,Southwest,TX,Public,Unit Price,Design-Bid-Build,High,High,Standard,2023-10-07,2024-11-28,2024,211374500,912,0.459,0.4145,0.9296,0.9719,0.0028,41,0.9774,24,15,0.636,0.9788
PRJ3-01992,Canyon Water Program 1992,Heavy Civil,Northeast,CT,Private,Guaranteed Maximum Price,CMAR,Very High,High,Slow,2021-08-16,2023-08-06,2023,148672600,1357,0.531,0.4744,0.8868,0.9203,0.0762,77,0.9934,12,10,0.405,0.9354
PRJ3-01993,Harbor Transit-Oriented Development 1993,Mixed-Use,Southeast,NC,Public,Guaranteed Maximum Price,Design-Build,High,Moderate,Fast,2024-08-15,2025-11-07,2025,139523100,1010,0.445,0.4218,1.0894,0.9867,-0.0539,23,0.986,19,12,0.602,0.9751
PRJ3-01994,Horizon Apartments 1994,Residential,Mountain,WY,Private,Cost Plus,Design-Build,High,Moderate,Standard,2020-09-18,2021-10-28,2021,27251100,746,0.544,0.4764,0.9576,0.8957,0.0185,50,0.9867,15,25,0.204,0.9719
PRJ3-01995,Evergreen Process Plant 1995,Industrial,Northeast,MA,Private,Lump Sum,CMAR,Very High,Moderate,Standard,2023-06-18,2024-07-28,2024,233754100,969,0.419,0.3689,0.9663,0.9257,0.0503,49,0.9745,28,13,0.849,0.9684
PRJ3-01996,Mesa Bridge Program 1996,Heavy Civil,Mountain,UT,Private,Cost Plus,CMAR,Moderate,High,Fast,2024-10-01,2025-12-18,2025,88510600,1146,0.387,0.4,0.8738,1.0468,0.0498,-15,0.9949,0,18,0.187,0.979
PRJ3-01997,Aspen Civic Complex 1997,Institutional,Mountain,WY,Public,Lump Sum,Design-Build,Very High,Moderate,Slow,2023-04-06,2024-04-06,2024,59778100,921,0.398,0.3576,0.8035,0.8501,0.0718,37,0.8901,35,17,0.657,0.9678
PRJ3-01998,Aspen Town Center 1998,Mixed-Use,Midwest,MN,Private,Unit Price,IPD,Very High,Low,Fast,2020-05-07,2021-07-25,2021,113565300,753,0.59,0.5918,0.8378,1.0229,0.0968,-1,0.9668,16,15,0.329,0.964
PRJ3-01999,Crescent Utility Corridor 1999,Infrastructure,Northeast,NJ,Private,Unit Price,CMAR,Low,High,Slow,2021-07-11,2022-12-29,2022,330102700,1109,0.484,0.4856,0.9337,0.9762,0.0399,-2,0.9238,8,15,0.487,0.9897
PRJ3-02000,Northstar Highway Improvements 2000,Heavy Civil,Mountain,UT,Private,Unit Price,Design-Build,Moderate,High,Standard,2020-04-14,2021-07-14,2021,147958800,1138,0.401,0.4363,1.0382,1.034,0.0029,-40,0.9937,3,7,0.529,0.9537
PRJ3-02001,Gateway Utility Corridor 2001,Infrastructure,Northeast,NY,Private,Cost Plus,IPD,High,Moderate,Fast,2021-03-17,2022-07-14,2022,43278000,1353,0.358,0.3606,1.0191,0.9919,-0.0027,-4,1.0705,2,18,0.36,0.9609
PRJ3-02002,Copper Town Center 2002,Mixed-Use,Southwest,TX,Public,Guaranteed Maximum Price,Design-Bid-Build,Very High,High,Standard,2024-11-13,2025-12-30,2025,104081000,908,0.454,0.5112,0.9586,1.0196,0.0438,-52,0.8993,24,5,0.916,0.9648
PRJ3-02003,Canyon Apartments 2003,Residential,Southwest,NM,Private,Guaranteed Maximum Price,Design-Build,Moderate,High,Standard,2021-10-17,2022-10-07,2022,55010300,770,0.462,0.4889,0.9989,1.0809,0.012,-21,1.0653,7,3,0.621,0.9831
PRJ3-02004,Horizon Marketplace 2004,Commercial,Southeast,GA,Public-Private Partnership,Guaranteed Maximum Price,Design-Bid-Build,Low,Low,Slow,2023-03-03,2023-12-31,2023,126227800,624,0.487,0.4475,0.9352,0.9173,0.0209,25,0.9211,18,16,0.671,0.9526
PRJ3-02005,Canyon Research Facility 2005,Institutional,West,OR,Private,Lump Sum,CMAR,High,High,Standard,2023-01-08,2023-12-03,2023,79832700,635,0.519,0.496,0.9345,0.9556,0.0352,15,0.9398,0,0,0.451,0.9625
PRJ3-02006,Northstar Bridge Program 2006,Heavy Civil,West,WA,Public,Unit Price,Design-Bid-Build,Moderate,Moderate,Standard,2023-05-13,2025-03-16,2025,245678000,1133,0.594,0.5383,1.0606,0.8977,-0.031,63,0.9565,9,1,0.897,0.9583
PRJ3-02007,Pioneer Logistics Center 2007,Industrial,West,NV,Private,Cost Plus,Design-Bid-Build,Moderate,Low,Standard,2023-06-19,2024-08-15,2024,250873100,925,0.458,0.4655,0.9545,1.0297,0.0215,-7,0.9784,0,1,0.55,0.957
PRJ3-02008,Cedar Medical Center 2008,Institutional,Midwest,OH,Public,Guaranteed Maximum Price,IPD,Low,Low,Fast,2023-09-11,2024-11-03,2024,135442500,826,0.508,0.5259,1.0741,1.0521,-0.0506,-15,1.0021,3,13,0.414,0.9745
PRJ3-02009,Cedar Corporate Center 2009,Commercial,Southeast,VA,Private,Unit Price,CMAR,High,Moderate,Standard,2020-03-07,2020-08-02,2020,38288500,329,0.451,0.4473,0.9804,0.981,0.0152,1,1.0156,3,17,0.8,0.9818
PRJ3-02010,Cedar Earthworks Package 2010,Heavy Civil,Southwest,NM,Private,Lump Sum,Design-Build,Low,Moderate,Slow,2018-06-17,2019-08-28,2019,153175500,1057,0.414,0.427,0.9886,1.0159,0.0077,-14,0.8649,27,3,0.272,0.9765
PRJ3-02012,Crescent Medical Center 2012,Institutional,Mountain,UT,Private,Guaranteed Maximum Price,Design-Build,High,High,Fast,2023-01-13,2023-11-14,2023,135616400,678,0.451,0.4786,0.9907,1.074,0.0059,-19,1.001,16,14,0.479,0.981
PRJ3-02013,Evergreen Transit-Oriented Development 2013,Mixed-Use,Midwest,OH,Public-Private Partnership,Unit Price,CMAR,High,Low,Fast,2020-07-18,2021-10-07,2021,251698600,1155,0.387,0.3713,1.0513,0.8749,-0.0254,18,0.9296,34,26,0.707,0.9662
PRJ3-02014,Lakeview Neighborhood 2014,Residential,Mountain,ID,Private,Guaranteed Maximum Price,Design-Build,High,Low,Fast,2019-07-17,2019-12-10,2019,20227900,361,0.406,0.3927,1.0518,0.9753,-0.0154,5,1.0047,0,11,0.506,0.9515
PRJ3-02015,Riverside Civic Complex 2015,Institutional,Southwest,NM,Private,Unit Price,CMAR,Moderate,Moderate,Standard,2024-12-17,2025-12-19,2025,114278900,746,0.492,0.4432,1.0187,0.886,-0.0064,36,0.992,0,0,0.732,0.9739
PRJ3-02016,Lakeview Neighborhood 2016,Residential,Southeast,NC,Public,Guaranteed Maximum Price,CMAR,High,High,Slow,2022-10-18,2023-10-24,2023,35679300,691,0.537,0.5213,0.9435,0.9884,0.0431,11,0.9868,0,18,0.623,0.9541
PRJ3-02017,Lakeview Education Center 2017,Institutional,Midwest,OH,Public,Cost Plus,Design-Bid-Build,High,High,Standard,2022-07-21,2023-07-15,2023,89282700,880,0.409,0.3502,0.8575,0.817,0.0538,52,0.9536,18,13,0.721,0.9683
PRJ3-02018,Gateway Civic Complex 2018,Institutional,West,OR,Public,Lump Sum,CMAR,High,Moderate,Standard,2025-05-02,2025-12-18,2025,75236600,608,0.379,0.3849,0.9108,0.9545,0.0441,-4,1.0142,27,3,0.648,0.9871
PRJ3-02019,Northstar Apartments 2019,Residential,West,NV,Private,Unit Price,IPD,Very High,High,Slow,2024-12-11,2025-07-26,2025,36618000,608,0.374,0.3504,1.0011,0.9261,-0.0031,14,0.985,35,10,0.499,0.9517
PRJ3-02020,Northstar Town Center 2020,Mixed-Use,Mountain,UT,Private,Guaranteed Maximum Price,Design-Build,Very High,Low,Standard,2018-02-07,2019-09-01,2019,204786600,1256,0.455,0.3825,0.8688,0.8175,0.0775,91,0.935,19,20,1.203,0.9584
PRJ3-02021,Copper Transit-Oriented Development 2021,Mixed-Use,Southeast,VA,Private,Unit Price,Design-Bid-Build,High,Moderate,Standard,2020-11-21,2021-12-01,2021,77277900,901,0.417,0.3953,0.9674,0.9523,0.0143,20,1.0283,51,10,0.494,0.9724
PRJ3-02022,Redwood Residences 2022,Residential,Midwest,MO,Private,Cost Plus,Design-Bid-Build,High,Moderate,Fast,2022-02-02,2022-08-03,2022,33429100,453,0.403,0.3797,1.0051,0.9735,-0.0053,11,1.0485,21,14,0.931,0.9684
PRJ3-02023,Summit District 2023,Mixed-Use,Southeast,TN,Public,Guaranteed Maximum Price,IPD,Moderate,High,Standard,2021-05-16,2022-07-19,2022,212707300,743,0.578,0.5504,0.9461,0.9655,0.0172,20,1.0432,5,3,0.359,0.9807
PRJ3-02024,Gateway Public Works Program 2024,Infrastructure,Midwest,IL,Public,Lump Sum,CMAR,Moderate,Low,Fast,2023-04-19,2025-01-06,2025,286309200,1139,0.552,0.5182,0.9396,0.9348,0.0333,39,0.8234,15,13,0.343,0.9515
PRJ3-02025,Harbor Retail Center 2025,Commercial,West,NV,Public,Guaranteed Maximum Price,Design-Build,Moderate,Moderate,Slow,2023-02-23,2023-11-06,2023,91386200,554,0.463,0.4548,0.8325,0.9322,0.0925,5,1.0394,14,4,0.845,0.9626
PRJ3-02026,Evergreen Retail Center 2026,Commercial,Southeast,VA,Public,Cost Plus,CMAR,Moderate,Moderate,Standard,2022-04-17,2023-01-20,2023,84698700,542,0.513,0.4769,1.0455,0.9548,0.014,20,0.8678,9,14,0.727,0.9637
PRJ3-02027,Riverside Logistics Center 2027,Industrial,Southwest,TX,Public,Guaranteed Maximum Price,Design-Bid-Build,Very High,Low,Slow,2023-09-03,2024-10-16,2024,207867500,955,0.429,0.3917,0.8705,0.8832,0.0701,36,0.9039,29,10,0.911,0.9257
PRJ3-02028,Harbor Residences 2028,Residential,Southeast,NC,Private,Cost Plus,Design-Build,Low,High,Standard,2021-08-10,2022-03-26,2022,40162800,490,0.467,0.5338,1.0198,1.0555,-0.014,-33,1.1264,7,2,0.214,0.9945
PRJ3-02029,Gateway Airport Improvements 2029,Infrastructure,Northeast,CT,Public-Private Partnership,Lump Sum,IPD,Very High,Moderate,Standard,2017-09-02,2019-02-27,2019,165213700,1174,0.463,0.4087,0.9744,0.9552,-0.0098,64,0.9045,4,21,0.735,0.9536
PRJ3-02030,Aspen Utility Corridor 2030,Infrastructure,West,NV,Private,Guaranteed Maximum Price,CMAR,High,Low,Slow,2022-02-06,2023-10-18,2023,442837400,1335,0.464,0.4239,0.8752,0.882,0.0744,54,0.8738,31,0,0.533,0.939
PRJ3-02031,Summit Town Center 2031,Mixed-Use,Midwest,OH,Public,Cost Plus,CMAR,Moderate,Low,Standard,2022-01-10,2022-12-08,2022,121800100,625,0.532,0.5684,0.8944,1.004,0.0553,-23,0.9912,36,8,0.95,0.9823
PRJ3-02032,Pioneer Earthworks Package 2032,Heavy Civil,Southeast,NC,Private,Guaranteed Maximum Price,CMAR,Moderate,Low,Standard,2018-02-14,2019-07-11,2019,517927400,974,0.526,0.4474,0.9553,0.8286,0.0308,77,1.0119,16,6,0.668,0.9585
PRJ3-02033,Harbor Neighborhood 2033,Residential,Southwest,AZ,Public-Private Partnership,Unit Price,Design-Bid-Build,High,Moderate,Fast,2020-04-03,2021-02-19,2021,16642900,681,0.474,0.4718,0.9601,1.0482,0.0023,1,1.0073,9,19,0.851,0.9816
PRJ3-02034,Aspen Retail Center 2034,Commercial,Southwest,TX,Private,Unit Price,IPD,Moderate,Moderate,Slow,2025-02-25,2025-12-26,2025,51037800,542,0.561,0.5211,1.069,0.9172,-0.0264,22,0.9904,13,12,0.618,0.9914
PRJ3-02035,Northstar Urban Village 2035,Mixed-Use,Southwest,NM,Private,Unit Price,Design-Bid-Build,Moderate,Moderate,Standard,2022-10-18,2023-11-07,2023,71352000,755,0.511,0.4703,1.0189,0.9371,0.0021,31,0.9364,0,18,0.674,0.9837
PRJ3-02036,Gateway Public Works Program 2036,Infrastructure,Northeast,NJ,Private,Unit Price,CMAR,Low,Low,Standard,2021-02-13,2022-05-17,2022,523471300,1053,0.435,0.3939,0.8911,0.9067,0.0605,43,0.8796,29,5,0.46,0.9652
PRJ3-02037,Horizon Urban Village 2037,Mixed-Use,Northeast,NY,Public,Unit Price,CMAR,Low,Moderate,Standard,2024-06-05,2025-01-08,2025,433191300,612,0.355,0.296,0.9666,0.9935,0.0267,36,0.962,15,18,0.197,0.957
PRJ3-02038,Summit Corporate Center 2038,Commercial,West,WA,Public,Lump Sum,Design-Bid-Build,Low,Moderate,Standard,2024-06-11,2025-08-09,2025,85385100,787,0.539,0.5555,0.9372,1.0094,0.0329,-13,0.9424,3,1,0.709,0.9664
PRJ3-02039,Pioneer Earthworks Package 2039,Heavy Civil,Mountain,WY,Public,Unit Price,Design-Bid-Build,Moderate,Moderate,Standard,2021-07-19,2023-04-13,2023,130096900,1077,0.588,0.5268,0.874,0.9035,0.0853,66,0.94,25,17,0.27,0.9247
PRJ3-02040,Mesa Marketplace 2040,Commercial,West,CA,Public-Private Partnership,Lump Sum,Design-Bid-Build,High,Moderate,Fast,2021-12-01,2022-11-03,2022,44672100,855,0.395,0.3667,0.9923,0.9208,0.018,24,0.9514,8,7,0.539,0.947
PRJ3-02041,Summit Neighborhood 2041,Residential,Southwest,TX,Private,Lump Sum,IPD,Very High,Moderate,Standard,2021-07-09,2022-06-05,2022,23863600,868,0.382,0.3733,0.9918,0.9867,0.0169,8,0.9812,11,14,0.903,0.9562
PRJ3-02042,Harbor Earthworks Package 2042,Heavy Civil,West,CA,Public,Unit Price,CMAR,High,Moderate,Slow,2019-05-20,2021-08-23,2021,97458700,1391,0.594,0.4691,0.9082,0.798,0.0348,174,0.9246,27,9,1.116,0.9453
PRJ3-02043,Harbor Airport Improvements 2043,Infrastructure,Midwest,IL,Private,Guaranteed Maximum Price,IPD,High,Moderate,Slow,2023-10-23,2025-07-10,2025,189031500,1328,0.472,0.4435,0.9135,0.9349,0.0315,38,0.995,15,17,0.865,0.9757
PRJ3-02044,Liberty Civic Complex 2044,Institutional,Northeast,CT,Public,Lump Sum,IPD,Low,Moderate,Standard,2020-04-23,2021-05-08,2021,78985000,699,0.545,0.6174,0.9274,1.0989,0.0371,-51,1.0347,6,22,0.226,0.9834
PRJ3-02045,Canyon Residences 2045,Residential,Southwest,TX,Private,Cost Plus,Design-Bid-Build,Moderate,High,Standard,2021-10-06,2022-06-21,2022,48616800,481,0.537,0.5241,0.9504,0.9683,0.0268,6,1.1016,0,0,0.596,0.9527
PRJ3-02046,Summit Water Program 2046,Heavy Civil,Southwest,TX,Private,Unit Price,Design-Bid-Build,Low,Moderate,Slow,2018-08-24,2020-03-19,2020,185889100,1007,0.57,0.5169,0.8863,0.917,0.0585,53,0.8824,34,6,0.724,0.954
PRJ3-02047,Granite Residences 2047,Residential,Midwest,MN,Private,Lump Sum,Design-Build,High,Moderate,Fast,2018-12-17,2019-09-27,2019,15476300,653,0.436,0.4773,0.8651,1.12,0.0618,-27,0.9524,0,13,1.013,0.9801
PRJ3-02048,Mesa Apartments 2048,Residential,Midwest,OH,Public,Cost Plus,Design-Bid-Build,Moderate,Moderate,Fast,2021-04-10,2021-12-09,2021,48902100,538,0.453,0.532,1.07,1.1029,-0.0364,-43,1.0083,20,9,0.885,0.9476
PRJ3-02049,Canyon Airport Improvements 2049,Infrastructure,Southwest,NM,Public,Cost Plus,Design-Build,Low,Low,Standard,2023-11-22,2025-05-18,2025,117785600,1164,0.467,0.4952,0.9084,1.0057,0.0451,-33,1.0066,0,5,0.925,0.9641
PRJ3-02050,Pioneer Neighborhood 2050,Residential,Mountain,CO,Private,Guaranteed Maximum Price,Design-Build,Low,Moderate,Standard,2019-02-14,2019-05-26,2019,40946200,240,0.421,0.4348,1.1233,0.969,-0.0522,-3,1.1511,7,11,0.628,0.9689
PRJ3-02051,Cedar Residences 2051,Residential,West,OR,Public,Lump Sum,IPD,Low,Moderate,Standard,2023-01-08,2023-06-19,2023,91176600,331,0.49,0.5277,1.0477,1.0397,-0.0236,-12,1.0609,10,3,0.448,0.9934
PRJ3-02052,Pioneer Medical Center 2052,Institutional,West,OR,Private,Guaranteed Maximum Price,Design-Bid-Build,High,Moderate,Fast,2020-10-12,2022-01-04,2022,86095000,801,0.561,0.5953,1.0053,1.0284,0.0176,-28,0.9365,20,12,0.576,0.9365
PRJ3-02053,Summit Research Facility 2053,Institutional,Midwest,OH,Private,Lump Sum,IPD,High,Moderate,Fast,2022-12-16,2024-01-03,2024,50942300,963,0.398,0.379,1.0332,0.9778,0.002,18,1.0248,9,22,0.499,0.9775
PRJ3-02054,Canyon Retail Center 2054,Commercial,Mountain,MT,Public-Private Partnership,Cost Plus,Design-Build,Moderate,High,Standard,2019-01-10,2019-09-17,2019,56707600,496,0.506,0.5347,1.0105,1.0653,-0.0191,-14,0.994,0,7,0.571,0.9852
PRJ3-02055,Gateway Housing 2055,Residential,West,NV,Private,Guaranteed Maximum Price,Design-Bid-Build,Very High,High,Standard,2018-07-19,2019-05-16,2019,81566300,593,0.508,0.5283,0.8123,0.9857,0.1148,-12,0.8653,23,5,1.002,0.9489
PRJ3-02056,Crescent Medical Center 2056,Institutional,Midwest,MI,Public,Guaranteed Maximum Price,Design-Build,Moderate,Low,Standard,2018-01-21,2019-02-11,2019,71091000,726,0.532,0.5299,0.9722,0.9663,-0.0016,2,1.0115,8,13,0.758,0.9489
PRJ3-02057,Mesa Corporate Center 2057,Commercial,Southeast,TN,Public,Unit Price,Design-Build,High,Moderate,Fast,2024-08-04,2025-05-28,2025,40191500,611,0.487,0.5023,0.9254,1.0026,0.0395,-9,0.9898,0,23,0.706,0.9729
PRJ3-02058,Crescent Housing 2058,Residential,West,CA,Public,Lump Sum,Design-Bid-Build,Moderate,Low,Standard,2019-09-11,2020-03-25,2020,36428200,465,0.422,0.415,1.0003,0.9753,-0.0006,3,0.9025,11,13,0.389,0.9695
PRJ3-02059,Riverside Public Works Program 2059,Infrastructure,Southwest,TX,Private,Unit Price,Design-Bid-Build,Very High,Moderate,Standard,2019-09-06,2021-04-08,2021,315773700,1264,0.459,0.4216,0.9836,0.8969,-0.0076,47,0.8528,37,12,0.912,0.9346
PRJ3-02060,Evergreen Medical Center 2060,Institutional,Midwest,MO,Public,Lump Sum,Design-Bid-Build,Low,Low,Fast,2022-12-03,2024-05-13,2024,92486100,916,0.576,0.5427,0.9366,0.9641,0.0357,31,0.9762,12,15,0.084,0.9687
PRJ3-02061,Redwood Water Program 2061,Heavy Civil,West,NV,Public,Lump Sum,Design-Build,Moderate,Moderate,Standard,2020-06-10,2021-12-11,2021,204747700,1127,0.488,0.4655,0.9838,0.9655,0.0216,25,1.0455,4,17,0.717,0.9707
PRJ3-02062,Northstar Water Program 2062,Heavy Civil,Midwest,MN,Private,Guaranteed Maximum Price,CMAR,Moderate,High,Standard,2023-09-24,2025-07-04,2025,192765800,1101,0.59,0.5912,1.0871,0.9947,-0.0637,-1,1.0483,3,15,0.471,0.9516
PRJ3-02063,Gateway Urban Village 2063,Mixed-Use,West,OR,Private,Lump Sum,CMAR,Moderate,Low,Slow,2020-04-16,2021-10-22,2021,92940100,1200,0.462,0.4379,0.8881,0.9621,0.0437,29,0.883,5,6,0.522,0.9538
PRJ3-02064,Copper Neighborhood 2064,Residential,Southwest,TX,Private,Cost Plus,Design-Bid-Build,High,Low,Standard,2019-01-10,2019-10-09,2019,22273100,562,0.485,0.4587,0.8478,0.9184,0.0909,15,0.8976,4,0,0.791,0.9678
PRJ3-02065,Granite Residences 2065,Residential,Midwest,MO,Public,Lump Sum,CMAR,High,Moderate,Fast,2020-04-15,2020-10-25,2020,60358600,545,0.355,0.3314,0.8904,0.9616,0.0568,13,1.0276,0,23,0.11,0.9719
PRJ3-02066,Riverside Medical Center 2066,Institutional,Southwest,TX,Private,Lump Sum,Design-Bid-Build,Low,Moderate,Standard,2021-04-03,2022-03-18,2022,85231300,746,0.468,0.4701,1.0073,0.966,0.0046,-2,0.904,0,0,0.567,0.9857
PRJ3-02067,Granite Apartments 2067,Residential,Mountain,CO,Private,Guaranteed Maximum Price,CMAR,High,Moderate,Slow,2023-03-13,2023-08-07,2023,31163500,341,0.433,0.4207,0.8276,0.9067,0.0986,4,0.9032,19,6,0.399,0.9784
PRJ3-02068,Canyon Water Program 2068,Heavy Civil,West,WA,Private,Unit Price,CMAR,Very High,High,Slow,2018-06-10,2019-11-02,2019,134956900,1069,0.478,0.4675,0.7985,0.9556,0.1328,11,0.7228,25,16,0.865,0.9852
PRJ3-02069,Gateway Urban Village 2069,Mixed-Use,Southeast,NC,Private,Guaranteed Maximum Price,CMAR,Moderate,Low,Slow,2024-05-21,2025-07-15,2025,105819300,739,0.569,0.4953,0.9643,0.8256,0.0122,54,0.9563,23,16,0.803,0.9448
PRJ3-02070,Granite Medical Center 2070,Institutional,Mountain,WY,Private,Lump Sum,Design-Build,High,High,Fast,2023-10-08,2025-03-02,2025,47758800,912,0.561,0.5657,1.0927,0.9868,-0.0609,-4,0.9716,0,11,0.122,0.9699
PRJ3-02071,Liberty Urban Village 2071,Mixed-Use,Southwest,AZ,Private,Guaranteed Maximum Price,CMAR,Low,High,Standard,2021-08-12,2023-02-04,2023,286316900,910,0.595,0.6295,1.1064,1.0955,-0.0529,-31,1.0557,11,10,0.648,0.9628
PRJ3-02072,Riverside Highway Improvements 2072,Heavy Civil,West,NV,Private,Lump Sum,CMAR,Very High,High,Slow,2024-04-11,2025-09-27,2025,280836100,1018,0.525,0.481,0.8085,0.8397,0.117,45,0.8725,18,6,0.798,0.9614
PRJ3-02073,Lakeview Bridge Program 2073,Heavy Civil,Northeast,NY,Private,Unit Price,Design-Build,Moderate,Moderate,Slow,2023-05-20,2024-08-12,2024,260699000,1026,0.439,0.3843,0.9763,0.888,0.0202,56,0.9654,13,7,0.695,0.9644
PRJ3-02074,Evergreen Office Campus 2074,Commercial,Mountain,ID,Public,Guaranteed Maximum Price,Design-Bid-Build,Low,Moderate,Standard,2022-05-23,2022-12-26,2022,26321200,593,0.367,0.3503,0.9336,0.9733,-0.0081,10,0.9894,33,3,0.456,0.9846
PRJ3-02075,Pioneer Public Works Program 2075,Infrastructure,Mountain,WY,Public,Cost Plus,Design-Build,High,Moderate,Fast,2021-12-24,2023-07-08,2023,794354500,1316,0.427,0.4001,1.0175,0.8986,-0.0114,35,0.9632,33,5,0.579,0.9734
PRJ3-02076,Mesa Water Program 2076,Heavy Civil,Mountain,UT,Private,Guaranteed Maximum Price,CMAR,Moderate,High,Standard,2024-01-03,2025-02-26,2025,402641900,974,0.432,0.4372,0.909,0.9448,0.0102,-5,1.1305,0,17,0.81,0.9447
PRJ3-02077,Canyon Manufacturing Facility 2077,Industrial,Midwest,MO,Public,Lump Sum,Design-Build,Moderate,Moderate,Standard,2020-06-24,2021-11-09,2021,83189100,1027,0.49,0.443,0.9494,0.8942,0.0075,48,1.0598,27,11,0.263,0.9549
PRJ3-02079,Crescent Logistics Center 2079,Industrial,Mountain,UT,Public,Lump Sum,Design-Build,Very High,Moderate,Standard,2019-06-15,2020-09-21,2020,128557700,984,0.472,0.4162,0.8664,0.8589,0.05,55,0.8912,37,21,1.065,0.9775
PRJ3-02080,Evergreen Apartments 2080,Residential,Mountain,WY,Public,Lump Sum,IPD,Very High,Moderate,Standard,2020-10-15,2021-07-28,2021,54890100,712,0.403,0.4068,1.0315,0.9957,-0.0065,-3,1.0246,28,19,0.848,0.9581
PRJ3-02081,Riverside Process Plant 2081,Industrial,Southeast,NC,Public,Guaranteed Maximum Price,Design-Build,Moderate,Moderate,Standard,2020-12-12,2022-05-06,2022,216871800,897,0.569,0.5819,0.976,1.0358,0.0134,-12,0.9883,24,4,0.71,0.9695
PRJ3-02082,Canyon Education Center 2082,Institutional,West,WA,Private,Cost Plus,Design-Build,High,High,Standard,2020-07-18,2021-05-08,2021,121667300,654,0.45,0.4291,0.9533,0.9642,0.0036,14,0.9792,0,7,0.77,0.9596
PRJ3-02083,Lakeview Earthworks Package 2083,Heavy Civil,Mountain,MT,Public,Cost Plus,Design-Build,Moderate,High,Standard,2018-11-22,2020-01-17,2020,387597100,1053,0.4,0.4013,0.9544,1.0326,0.0274,-1,1.0642,4,21,0.525,0.9726
PRJ3-02084,Harbor Distribution Hub 2084,Industrial,West,WA,Public,Guaranteed Maximum Price,Design-Build,High,High,Slow,2024-12-19,2025-08-28,2025,122550100,716,0.352,0.3529,0.9525,0.9418,0.009,-1,0.9312,12,14,0.38,0.935
PRJ3-02085,Mesa Neighborhood 2085,Residential,Southeast,TN,Private,Lump Sum,Design-Build,Moderate,Moderate,Fast,2022-10-12,2023-09-17,2023,44055500,649,0.524,0.5588,0.9817,1.0871,0.012,-23,1.0353,6,12,0.389,0.9749
PRJ3-02086,Harbor Medical Center 2086,Institutional,West,NV,Private,Guaranteed Maximum Price,CMAR,Very High,Low,Standard,2022-05-17,2023-07-03,2023,106852800,885,0.466,0.4718,0.8592,0.957,0.0823,-5,0.9464,31,14,1.019,0.9466
PRJ3-02087,Pioneer Office Campus 2087,Commercial,Midwest,IL,Private,Unit Price,Design-Bid-Build,High,Moderate,Standard,2024-06-13,2025-05-26,2025,126442500,697,0.498,0.5265,0.8743,1.0435,0.0972,-20,0.9426,36,18,0.952,0.9596
PRJ3-02088,Granite Residences 2088,Residential,West,NV,Private,Lump Sum,Design-Bid-Build,Moderate,Moderate,Standard,2023-03-22,2023-11-23,2023,108264500,506,0.487,0.4977,0.9574,1.0053,0.0384,-5,1.0398,8,5,0.267,0.969
PRJ3-02089,Copper Corporate Center 2089,Commercial,Midwest,MI,Private,Cost Plus,CMAR,Very High,Low,Fast,2019-01-01,2020-03-19,2020,150968300,762,0.582,0.4992,0.8708,0.8416,0.0618,63,0.9508,14,27,0.787,0.9698
PRJ3-02090,Summit Education Center 2090,Institutional,Southeast,VA,Private,Lump Sum,Design-Build,Moderate,Low,Slow,2020-09-25,2021-10-06,2021,165767600,829,0.454,0.4272,0.9441,0.9435,0.0138,22,1.0363,21,13,0.7,0.9462
PRJ3-02091,Harbor Distribution Hub 2091,Industrial,Southwest,NM,Private,Guaranteed Maximum Price,Design-Bid-Build,Very High,High,Standard,2020-06-09,2022-02-22,2022,202984500,1100,0.567,0.4817,0.8727,0.8828,0.0835,94,1.0045,27,14,0.776,0.9637
PRJ3-02092,Canyon Utility Corridor 2092,Infrastructure,Southwest,TX,Private,Unit Price,Design-Build,High,High,Fast,2021-02-18,2022-07-01,2022,182539000,1266,0.394,0.4021,1.0715,1.0058,-0.0235,-10,0.865,18,12,0.396,0.9579
PRJ3-02093,Lakeview Logistics Center 2093,Industrial,Southwest,TX,Public,Unit Price,CMAR,High,Low,Slow,2022-01-16,2023-08-08,2023,56377800,1114,0.511,0.4798,0.8047,0.8941,0.1061,35,0.8421,33,9,0.968,0.9438
PRJ3-02094,Liberty Airport Improvements 2094,Infrastructure,Southwest,AZ,Public-Private Partnership,Guaranteed Maximum Price,Design-Build,Moderate,Low,Standard,2023-06-26,2025-04-05,2025,950000000,1090,0.596,0.5724,0.8502,0.9675,0.0881,26,0.9589,10,0,0.37,0.9659
PRJ3-02095,Northstar Transit Program 2095,Infrastructure,Southwest,TX,Public,Guaranteed Maximum Price,Design-Build,High,Moderate,Standard,2022-08-08,2024-07-22,2024,143188800,1399,0.511,0.5304,1.0379,1.0244,-0.0303,-27,0.9633,37,5,0.656,0.9695
PRJ3-02096,Riverside Utility Corridor 2096,Infrastructure,Mountain,CO,Private,Unit Price,CMAR,Low,Moderate,Slow,2018-07-13,2019-07-12,2019,152624500,910,0.401,0.4067,0.9824,0.9885,0.0048,-5,1.0858,21,9,0.485,0.9511
PRJ3-02097,Liberty Water Program 2097,Heavy Civil,Southeast,GA,Public,Lump Sum,Design-Bid-Build,Very High,High,Standard,2024-02-12,2025-05-18,2025,327638100,1092,0.423,0.462,0.959,1.0288,0.0496,-43,0.9255,20,16,1.016,0.9495
PRJ3-02098,Pioneer Office Campus 2098,Commercial,Northeast,NJ,Private,Unit Price,Design-Build,Moderate,Moderate,Standard,2024-04-19,2025-04-08,2025,114493300,722,0.491,0.4816,0.9871,0.9751,0.0059,7,1.1307,14,19,0.993,0.9722
PRJ3-02099,Pioneer Corporate Center 2099,Commercial,Midwest,MO,Public,Unit Price,Design-Bid-Build,Moderate,Moderate,Fast,2021-04-01,2022-08-27,2022,43476000,869,0.591,0.6052,0.9622,0.9987,0.0022,-12,1.0264,9,17,0.62,0.9871
PRJ3-02100,Gateway Utility Corridor 2100,Infrastructure,West,WA,Public,Guaranteed Maximum Price,Design-Build,Moderate,Low,Standard,2021-04-23,2022-11-28,2022,267231400,1045,0.559,0.5077,1.0234,0.926,-0.0263,54,0.9854,3,10,0.876,0.9667
PRJ3-02101,Canyon Utility Corridor 2101,Infrastructure,Mountain,MT,Private,Cost Plus,CMAR,Low,Moderate,Slow,2023-11-05,2025-09-26,2025,229879900,1290,0.536,0.5029,0.8784,0.9674,0.0783,43,0.9699,11,14,0.342,0.9833
PRJ3-02102,Evergreen Manufacturing Facility 2102,Industrial,Southeast,TN,Public,Guaranteed Maximum Price,CMAR,High,High,Standard,2018-07-02,2019-12-14,2019,48699900,1017,0.522,0.519,1.0009,0.9882,-0.0116,3,0.989,20,21,0.356,0.952
PRJ3-02103,Horizon Earthworks Package 2103,Heavy Civil,West,CA,Private,Cost Plus,CMAR,High,High,Standard,2022-03-16,2023-06-24,2023,227971800,1036,0.449,0.4438,1.0618,0.923,-0.0112,5,0.9634,8,0,0.334,0.9621
PRJ3-02104,Summit Transit Program 2104,Infrastructure,Midwest,OH,Private,Cost Plus,Design-Bid-Build,Moderate,Low,Standard,2023-12-20,2025-06-11,2025,208609300,1141,0.473,0.4575,0.8056,0.9026,0.1167,18,0.9416,54,17,0.76,0.9628
PRJ3-02105,Harbor Bridge Program 2105,Heavy Civil,West,OR,Public-Private Partnership,Cost Plus,Design-Bid-Build,Very High,High,Standard,2022-07-12,2024-11-07,2024,241599800,1478,0.575,0.5556,0.9609,0.9561,0.0212,29,1.0012,28,4,0.199,0.9683
PRJ3-02106,Pioneer Logistics Center 2106,Industrial,Midwest,MN,Private,Lump Sum,Design-Build,Low,Low,Fast,2023-01-31,2024-01-25,2024,176213000,635,0.566,0.5854,0.9832,1.0196,0.0137,-12,1.0481,9,10,0.725,0.9806
PRJ3-02107,Mesa Education Center 2107,Institutional,West,NV,Public,Cost Plus,CMAR,High,High,Standard,2023-08-26,2024-08-01,2024,135578100,836,0.409,0.3967,0.8855,0.9515,0.066,10,1.0524,0,6,0.644,0.9573
PRJ3-02108,Gateway Research Facility 2108,Institutional,Midwest,MI,Public,Unit Price,Design-Bid-Build,High,High,Standard,2022-08-16,2023-09-27,2023,45491800,1069,0.381,0.371,0.9399,0.9852,0.0199,11,1.0279,17,15,0.814,0.9683
PRJ3-02109,Copper Highway Improvements 2109,Heavy Civil,Northeast,PA,Public-Private Partnership,Cost Plus,Design-Build,Moderate,Moderate,Standard,2023-09-23,2025-04-28,2025,118903100,1163,0.502,0.5344,1.0381,1.0195,-0.0364,-38,1.0001,19,16,0.432,0.9688
PRJ3-02110,Horizon Research Facility 2110,Institutional,Southwest,TX,Private,Lump Sum,Design-Bid-Build,Moderate,Moderate,Fast,2019-09-25,2020-09-17,2020,108882100,860,0.417,0.4392,0.9231,0.9905,0.0555,-19,1.0362,0,9,0.477,0.9559
PRJ3-02111,Cedar Retail Center 2111,Commercial,Southeast,TN,Public,Cost Plus,Design-Build,Low,High,Standard,2019-12-04,2020-07-19,2020,78537800,496,0.461,0.4641,0.9846,1.0299,0.0131,-2,0.9503,7,1,0.819,0.9613
PRJ3-02112,Crescent Office Campus 2112,Commercial,Mountain,UT,Public,Guaranteed Maximum Price,Design-Build,Moderate,High,Standard,2021-03-07,2022-06-27,2022,85171100,873,0.547,0.5617,0.9913,1.0666,0.0015,-13,1.0355,0,14,0.425,0.969
PRJ3-02113,Lakeview Bridge Program 2113,Heavy Civil,Midwest,MO,Private,Guaranteed Maximum Price,CMAR,Very High,Moderate,Slow,2020-04-11,2022-02-27,2022,306354700,1282,0.536,0.4987,0.9454,0.8982,0.019,48,0.9798,48,11,1.081,0.9487
PRJ3-02114,Horizon Transit Program 2114,Infrastructure,Southeast,GA,Private,Guaranteed Maximum Price,IPD,Very High,Moderate,Slow,2022-04-22,2024-03-07,2024,576922000,1230,0.557,0.4574,0.8981,0.8458,0.0641,122,0.8246,26,21,0.675,0.9573
PRJ3-02115,Liberty Office Campus 2115,Commercial,Mountain,WY,Private,Guaranteed Maximum Price,CMAR,Low,Low,Fast,2023-03-25,2024-02-02,2024,98508700,573,0.548,0.5607,0.9952,0.9777,-0.0055,-7,0.9796,0,18,0.454,0.9512
PRJ3-02116,Mesa Public Works Program 2116,Infrastructure,Northeast,MA,Private,Guaranteed Maximum Price,Design-Bid-Build,High,Low,Slow,2019-07-11,2022-01-10,2022,638720800,1556,0.588,0.4887,0.8122,0.8581,0.1117,154,0.9395,41,25,0.952,0.9625
PRJ3-02117,Summit Public Works Program 2117,Infrastructure,Northeast,NY,Private,Cost Plus,Design-Build,Low,Moderate,Standard,2023-06-05,2025-01-04,2025,262622500,1222,0.474,0.5008,1.013,1.0238,-0.0174,-33,0.9888,6,19,0.622,0.9609
PRJ3-02118,Granite Research Facility 2118,Institutional,Northeast,PA,Private,Lump Sum,CMAR,Moderate,Moderate,Slow,2022-03-18,2023-03-29,2023,217828900,956,0.394,0.3882,0.9005,0.9571,0.0231,6,0.9677,31,9,0.457,0.9718
PRJ3-02119,Granite Town Center 2119,Mixed-Use,West,NV,Private,Cost Plus,IPD,Low,High,Fast,2023-04-20,2024-12-28,2024,177191800,1050,0.589,0.6267,1.062,1.0696,-0.0339,-40,0.9735,16,8,0.175,0.958
PRJ3-02120,Cedar Apartments 2120,Residential,Midwest,MN,Public-Private Partnership,Guaranteed Maximum Price,IPD,Very High,Moderate,Standard,2023-06-16,2024-05-19,2024,43162400,696,0.486,0.4678,0.9158,0.9844,0.0446,13,0.9328,16,17,0.595,0.9344
PRJ3-02121,Mesa Apartments 2121,Residential,Northeast,MA,Public-Private Partnership,Lump Sum,Design-Bid-Build,Very High,High,Standard,2019-03-02,2020-01-02,2020,19740900,657,0.467,0.4472,1.0521,0.9944,-0.0136,13,1.0398,6,27,0.703,0.9559
PRJ3-02122,Evergreen Earthworks Package 2122,Heavy Civil,Southeast,TN,Private,Guaranteed Maximum Price,Design-Bid-Build,Moderate,Moderate,Fast,2019-11-16,2021-01-25,2021,131050900,1069,0.408,0.4033,0.9217,0.9597,0.0469,5,1.0903,10,7,0.774,0.9678
PRJ3-02123,Crescent Housing 2123,Residential,West,NV,Public,Cost Plus,Design-Bid-Build,Moderate,Moderate,Standard,2020-08-04,2021-08-09,2021,59614400,666,0.557,0.4675,0.9698,0.8889,0.0193,60,0.9561,21,1,0.836,0.9695
PRJ3-02124,Redwood Airport Improvements 2124,Infrastructure,Southeast,FL,Public,Guaranteed Maximum Price,IPD,Very High,Moderate,Slow,2021-12-11,2023-01-17,2023,509844300,1039,0.387,0.3363,0.9117,0.8627,0.0442,53,1.0286,19,20,0.723,0.951
PRJ3-02125,Copper Process Plant 2125,Industrial,West,OR,Private,Guaranteed Maximum Price,Design-Build,Moderate,High,Fast,2018-02-24,2019-02-23,2019,156865300,734,0.496,0.475,1.0039,0.9225,-0.0361,15,1.1271,8,15,0.606,0.9739
PRJ3-02126,Aspen Neighborhood 2126,Residential,Mountain,MT,Private,Unit Price,Design-Build,Very High,Moderate,Fast,2018-05-23,2019-04-13,2019,88762600,637,0.511,0.4882,1.001,0.9575,0.0073,15,0.9571,27,16,1.118,0.9501
PRJ3-02127,Granite Transit Program 2127,Infrastructure,Southeast,VA,Private,Guaranteed Maximum Price,IPD,Moderate,High,Slow,2023-06-07,2025-02-27,2025,264928600,1266,0.499,0.5218,1.0072,0.9931,-0.0021,-29,0.9715,17,9,0.455,0.9702
PRJ3-02128,Liberty Residences 2128,Residential,Southeast,FL,Public,Unit Price,Design-Bid-Build,High,Moderate,Standard,2024-12-09,2025-08-30,2025,60655600,513,0.515,0.5353,0.9845,0.9621,0.0057,-10,0.9381,0,16,0.563,0.9693
PRJ3-02129,Liberty Airport Improvements 2129,Infrastructure,West,NV,Public-Private Partnership,Lump Sum,IPD,Moderate,Low,Standard,2019-02-18,2021-03-03,2021,192324800,1456,0.511,0.5108,0.9133,1.0067,0.0514,0,1.017,20,10,0.332,0.9617
PRJ3-02130,Mesa Retail Center 2130,Commercial,Mountain,UT,Public,Guaranteed Maximum Price,Design-Bid-Build,Moderate,High,Standard,2023-06-07,2024-01-11,2024,127120000,500,0.436,0.4519,0.9291,1.0204,0.0338,-8,1.0514,12,2,0.199,0.9726
PRJ3-02131,Gateway Education Center 2131,Institutional,Northeast,MA,Public,Unit Price,CMAR,Moderate,Moderate,Slow,2025-04-06,2025-10-29,2025,133879600,564,0.367,0.392,0.8708,1.0974,0.0709,-14,0.9397,24,16,0.42,0.9715
PRJ3-02132,Harbor Residences 2132,Residential,West,CA,Public,Cost Plus,IPD,High,Moderate,Fast,2022-02-16,2023-02-16,2023,91909800,632,0.578,0.5376,0.9501,0.9598,0.0059,26,1.0617,0,20,0.609,0.9959
PRJ3-02133,Evergreen Town Center 2133,Mixed-Use,Southeast,NC,Private,Lump Sum,Design-Bid-Build,Low,Moderate,Fast,2023-08-06,2024-10-12,2024,389081400,893,0.485,0.4891,1.0023,0.9939,-0.0053,-4,1.0369,24,26,0.493,0.9596
PRJ3-02134,Riverside Apartments 2134,Residential,Mountain,MT,Public,Cost Plus,CMAR,Low,Low,Standard,2024-10-10,2025-05-30,2025,89793500,631,0.368,0.3811,0.9033,0.9756,0.04,-8,0.9932,3,16,0.757,1.0
PRJ3-02135,Canyon Manufacturing Facility 2135,Industrial,Southwest,NM,Public,Cost Plus,CMAR,Very High,High,Fast,2020-06-02,2021-06-12,2021,137223200,933,0.403,0.3731,1.0069,0.9304,-0.0089,28,1.0646,4,0,0.524,0.9544
PRJ3-02136,Northstar Neighborhood 2136,Residential,Northeast,NY,Public,Lump Sum,CMAR,High,High,Slow,2021-12-20,2022-09-19,2022,42621800,463,0.59,0.5727,0.9259,0.9319,0.0464,8,0.8984,14,11,0.654,0.9615
PRJ3-02137,Liberty Apartments 2137,Residential,Northeast,NY,Public,Cost Plus,CMAR,High,Moderate,Standard,2025-03-08,2025-07-29,2025,208434000,406,0.354,0.299,0.99,0.907,-0.006,22,0.9694,29,27,0.929,0.9487
PRJ3-02138,Cedar Manufacturing Facility 2138,Industrial,Northeast,PA,Private,Guaranteed Maximum Price,Design-Bid-Build,High,Moderate,Standard,2024-07-01,2025-07-09,2025,114828000,897,0.416,0.4194,0.9759,0.9937,-0.0085,-3,0.9412,18,5,0.762,0.9578
PRJ3-02139,Pioneer Research Facility 2139,Institutional,Southeast,FL,Private,Cost Plus,Design-Build,Low,Moderate,Standard,2021-06-07,2022-05-28,2022,59364600,658,0.54,0.4794,0.9868,0.9489,0.0035,40,1.0259,4,8,0.499,0.9894
PRJ3-02140,Mesa Civic Complex 2140,Institutional,Midwest,MO,Private,Lump Sum,CMAR,Low,High,Fast,2017-12-12,2019-03-21,2019,104522400,865,0.537,0.5026,1.0576,0.9187,-0.0225,30,1.055,0,12,0.609,0.978
PRJ3-02141,Gateway Logistics Center 2141,Industrial,West,NV,Public,Lump Sum,Design-Build,High,High,Slow,2021-11-05,2023-01-28,2023,76841300,923,0.487,0.4162,1.0504,0.8745,-0.0286,65,0.8589,18,7,0.942,0.9735
PRJ3-02142,Liberty Corporate Center 2142,Commercial,Midwest,MN,Public,Lump Sum,Design-Bid-Build,High,Low,Slow,2022-11-03,2023-11-11,2023,56469900,646,0.578,0.4631,0.9085,0.8462,0.0477,74,0.929,35,13,0.756,0.9522
PRJ3-02143,Evergreen Corporate Center 2143,Commercial,Mountain,ID,Public,Cost Plus,Design-Build,High,High,Standard,2019-04-21,2020-07-13,2020,20367500,993,0.453,0.4384,0.9786,0.9221,-0.0058,15,0.9392,34,7,0.473,0.9733
PRJ3-02144,Horizon Logistics Center 2144,Industrial,Southeast,NC,Private,Guaranteed Maximum Price,CMAR,Low,Moderate,Standard,2021-08-11,2022-07-07,2022,134587200,897,0.369,0.3781,0.9313,0.9765,0.0367,-8,0.9735,18,21,0.347,0.9854
PRJ3-02145,Copper Earthworks Package 2145,Heavy Civil,Southeast,VA,Private,Lump Sum,Design-Build,Moderate,Low,Standard,2021-03-20,2023-01-08,2023,368971200,1141,0.578,0.5082,0.854,0.9583,0.0746,80,0.9523,0,9,0.724,0.9669
PRJ3-02146,Northstar Town Center 2146,Mixed-Use,Mountain,UT,Private,Guaranteed Maximum Price,Design-Build,High,Moderate,Standard,2024-07-23,2025-05-02,2025,130535200,626,0.453,0.4041,0.9054,0.9403,0.0591,31,0.8913,7,17,0.442,0.9677
PRJ3-02147,Summit Residences 2147,Residential,Northeast,NY,Public-Private Partnership,Unit Price,Design-Bid-Build,High,High,Standard,2024-12-22,2025-09-13,2025,31404500,563,0.472,0.4431,0.965,0.9916,0.0208,16,0.9945,8,11,0.61,0.9709
PRJ3-02148,Crescent Utility Corridor 2148,Infrastructure,Mountain,WY,Public,Lump Sum,Design-Bid-Build,Moderate,High,Slow,2023-12-03,2025-02-01,2025,516330100,1114,0.383,0.3719,1.0354,0.9494,0.0053,12,0.9427,41,18,0.852,0.942
PRJ3-02149,Copper Housing 2149,Residential,Midwest,IL,Public,Guaranteed Maximum Price,CMAR,Very High,Moderate,Slow,2019-04-07,2019-12-28,2019,45500500,620,0.428,0.3796,0.7982,0.8984,0.0872,30,0.9103,20,5,0.65,0.95
PRJ3-02150,Cedar Residences 2150,Residential,Mountain,UT,Private,Lump Sum,CMAR,Moderate,Low,Slow,2020-04-02,2020-09-17,2020,26291000,444,0.38,0.3831,0.7726,0.9684,0.0801,-1,1.0759,7,2,0.981,0.9538
PRJ3-02151,Crescent Town Center 2151,Mixed-Use,Mountain,ID,Public-Private Partnership,Lump Sum,IPD,High,Low,Standard,2023-12-23,2025-03-13,2025,41932800,887,0.503,0.5025,0.8508,0.9336,0.0984,0,1.015,19,18,0.55,0.9521
PRJ3-02152,Northstar Transit-Oriented Development 2152,Mixed-Use,Midwest,MN,Public-Private Partnership,Unit Price,CMAR,Moderate,High,Slow,2019-04-14,2020-05-01,2020,159729600,911,0.421,0.4408,0.9431,0.9744,0.0348,-18,0.9318,8,9,1.095,0.9788
PRJ3-02153,Summit Distribution Hub 2153,Industrial,Midwest,IL,Public,Lump Sum,IPD,High,Moderate,Fast,2022-08-19,2023-10-25,2023,207629200,1069,0.405,0.4136,0.9694,0.9856,0.0217,-9,1.0307,14,11,0.839,0.9569
PRJ3-02154,Aspen Medical Center 2154,Institutional,Mountain,ID,Private,Lump Sum,Design-Build,High,Low,Standard,2020-09-24,2021-11-23,2021,88832900,794,0.536,0.4976,0.9431,0.9418,0.0281,31,0.8822,10,19,0.901,0.9732
PRJ3-02155,Canyon Retail Center 2155,Commercial,Southeast,GA,Private,Lump Sum,IPD,Very High,High,Fast,2024-06-18,2025-04-22,2025,116673300,661,0.466,0.4394,1.15,0.9693,-0.0749,18,1.0171,4,23,0.931,0.9913
PRJ3-02156,Harbor Urban Village 2156,Mixed-Use,Mountain,ID,Private,Guaranteed Maximum Price,CMAR,Moderate,High,Slow,2020-03-05,2022-02-07,2022,347587100,1180,0.597,0.5648,0.8708,0.9538,0.0762,38,0.9571,26,9,0.81,0.9477
PRJ3-02157,Mesa Urban Village 2157,Mixed-Use,Mountain,WY,Public,Cost Plus,CMAR,Moderate,Moderate,Fast,2023-04-08,2024-10-08,2024,402438300,1051,0.523,0.4803,1.0379,0.989,-0.0195,45,0.9331,8,23,0.474,0.9582
PRJ3-02159,Cedar Public Works Program 2159,Infrastructure,West,NV,Private,Cost Plus,IPD,Moderate,Moderate,Slow,2024-02-24,2025-12-28,2025,118627900,1395,0.483,0.4251,0.9338,0.9264,0.017,81,0.9702,14,13,0.646,0.9717
PRJ3-02160,Evergreen Marketplace 2160,Commercial,West,CA,Public,Lump Sum,Design-Bid-Build,High,Moderate,Fast,2023-07-03,2024-02-18,2024,97840300,588,0.392,0.3768,0.986,0.9607,0.0034,9,1.0106,17,13,0.416,0.9653
PRJ3-02161,Gateway Utility Corridor 2161,Infrastructure,West,CA,Private,Lump Sum,CMAR,Very High,High,Slow,2023-05-11,2025-05-20,2025,169433500,1262,0.587,0.5445,0.899,0.8427,0.0665,54,0.9247,9,8,0.87,0.9473
PRJ3-02162,Granite Manufacturing Facility 2162,Industrial,Southeast,NC,Public,Guaranteed Maximum Price,Design-Build,Moderate,Moderate,Fast,2021-02-15,2021-12-08,2021,209616100,728,0.407,0.4054,1.022,0.9288,-0.0061,1,1.16,25,16,0.134,0.9466
PRJ3-02163,Northstar Water Program 2163,Heavy Civil,Mountain,ID,Public,Guaranteed Maximum Price,IPD,Moderate,High,Fast,2020-06-13,2021-09-10,2021,94590700,940,0.483,0.505,1.0882,1.0581,-0.0522,-21,1.0641,7,14,0.874,0.9627
PRJ3-02164,Riverside Public Works Program 2164,Infrastructure,West,CA,Private,Guaranteed Maximum Price,Design-Bid-Build,High,High,Slow,2019-08-03,2021-07-10,2021,487289000,1312,0.539,0.5199,0.9095,0.9411,0.0542,25,0.9988,6,6,0.658,0.9556
PRJ3-02165,Northstar Highway Improvements 2165,Heavy Civil,West,NV,Public-Private Partnership,Lump Sum,IPD,Moderate,Moderate,Fast,2021-11-07,2023-03-15,2023,133120300,1001,0.493,0.4584,1.1197,0.9987,-0.023,35,1.0595,0,7,0.488,0.9542
PRJ3-02167,Evergreen Retail Center 2167,Commercial,Northeast,CT,Public,Cost Plus,Design-Bid-Build,Very High,Low,Standard,2020-11-22,2021-09-02,2021,56990500,673,0.422,0.3947,0.961,0.9735,0.0201,18,0.9075,38,15,1.162,0.9671
PRJ3-02168,Canyon Education Center 2168,Institutional,Southwest,NM,Public,Cost Plus,IPD,Moderate,Low,Standard,2020-12-25,2021-11-02,2021,126541800,721,0.434,0.4229,0.9958,0.9825,-0.0081,8,1.0975,21,17,0.843,0.9933
PRJ3-02169,Granite Distribution Hub 2169,Industrial,Northeast,CT,Private,Unit Price,IPD,Moderate,High,Fast,2018-10-13,2019-10-03,2019,165565600,971,0.366,0.4091,1.1262,1.0536,-0.0352,-42,1.0325,0,18,0.804,0.9638
PRJ3-02170,Cedar Corporate Center 2170,Commercial,West,NV,Private,Unit Price,CMAR,Moderate,High,Fast,2022-03-12,2023-01-19,2023,121959100,607,0.516,0.5536,1.1219,1.0991,-0.0509,-23,1.1092,0,0,0.38,0.9922
PRJ3-02171,Redwood Water Program 2171,Heavy Civil,Southwest,AZ,Private,Guaranteed Maximum Price,IPD,High,Low,Slow,2021-05-03,2022-11-20,2022,481422400,1061,0.534,0.4426,0.9285,0.8389,0.0447,97,0.7962,19,0,0.615,0.9555
PRJ3-02172,Pioneer Process Plant 2172,Industrial,Midwest,IL,Public,Cost Plus,IPD,Very High,Low,Standard,2019-08-04,2020-07-29,2020,356376300,870,0.414,0.3563,0.8625,0.8973,0.0661,50,0.9213,17,19,0.677,0.9574
PRJ3-02173,Pioneer Utility Corridor 2173,Infrastructure,Mountain,UT,Private,Lump Sum,CMAR,Moderate,Low,Standard,2018-07-01,2020-02-17,2020,385129400,1147,0.52,0.49,0.9474,0.9386,0.007,34,0.948,7,8,0.205,0.9618
PRJ3-02174,Horizon Process Plant 2174,Industrial,Midwest,IL,Private,Lump Sum,Design-Bid-Build,Low,Moderate,Standard,2018-07-08,2019-11-13,2019,298628200,885,0.558,0.5434,0.9025,0.9907,0.0731,13,1.0758,10,16,0.027,0.9706
PRJ3-02175,Gateway Office Campus 2175,Commercial,Mountain,CO,Private,Guaranteed Maximum Price,Design-Bid-Build,High,Low,Fast,2021-09-10,2022-09-20,2022,87729000,802,0.468,0.4566,0.8967,0.9345,0.0625,9,1.1347,13,17,0.735,0.9531
PRJ3-02176,Crescent Distribution Hub 2176,Industrial,Southwest,AZ,Private,Cost Plus,CMAR,Moderate,Moderate,Slow,2022-06-13,2023-04-12,2023,145501000,734,0.413,0.3891,0.9114,0.9037,0.0369,18,1.0057,22,0,0.353,0.9372
PRJ3-02177,Copper Retail Center 2177,Commercial,West,OR,Private,Guaranteed Maximum Price,Design-Bid-Build,High,Moderate,Standard,2021-07-12,2022-06-02,2022,82625300,645,0.504,0.4249,0.8998,0.8515,0.0542,51,0.9244,5,2,0.496,0.9789
PRJ3-02178,Liberty Marketplace 2178,Commercial,Midwest,IL,Private,Lump Sum,Design-Build,Moderate,High,Standard,2022-06-05,2023-05-11,2023,38961200,624,0.545,0.5072,1.1028,0.9112,-0.0699,24,1.0568,9,11,0.582,1.0
PRJ3-02179,Riverside Marketplace 2179,Commercial,Mountain,WY,Public,Cost Plus,Design-Bid-Build,Low,High,Standard,2024-03-13,2025-02-14,2025,67701700,693,0.489,0.5049,1.0106,1.0073,-0.0075,-11,0.8957,14,14,0.239,0.9602
PRJ3-02180,Northstar Corporate Center 2180,Commercial,Midwest,IL,Private,Guaranteed Maximum Price,Design-Build,Low,Low,Standard,2021-04-01,2022-03-30,2022,50974100,653,0.557,0.5316,1.0462,0.9436,-0.0217,17,0.9677,7,6,0.244,0.9972
PRJ3-02181,Mesa Bridge Program 2181,Heavy Civil,Mountain,CO,Private,Lump Sum,Design-Bid-Build,Very High,Moderate,Standard,2018-09-14,2020-03-21,2020,367729600,1412,0.393,0.3681,0.883,0.8854,0.0459,35,0.9635,44,16,0.786,0.9657
PRJ3-02182,Cedar Water Program 2182,Heavy Civil,Southeast,GA,Private,Lump Sum,CMAR,Moderate,Low,Standard,2017-12-31,2019-09-21,2019,152042500,1165,0.54,0.5319,0.9879,0.9938,0.0281,9,0.9906,1,19,0.586,0.9496
PRJ3-02183,Granite Office Campus 2183,Commercial,Midwest,IL,Public,Unit Price,CMAR,Very High,High,Fast,2018-10-21,2019-08-26,2019,70090200,802,0.386,0.3008,1.0141,0.8627,0.0011,68,0.9145,16,13,0.757,0.9773
PRJ3-02184,Lakeview District 2184,Mixed-Use,Midwest,OH,Public,Guaranteed Maximum Price,Design-Build,High,Moderate,Standard,2021-05-07,2022-11-15,2022,236157000,1089,0.512,0.4815,0.8979,0.89,0.0333,33,1.0061,20,19,0.687,0.9625
PRJ3-02185,Pioneer Distribution Hub 2185,Industrial,Southwest,NM,Private,Cost Plus,Design-Bid-Build,High,Moderate,Fast,2021-10-07,2022-09-27,2022,52924800,895,0.397,0.3524,0.9754,0.9711,0.0312,40,0.9617,5,8,0.564,0.98
PRJ3-02186,Evergreen Office Campus 2186,Commercial,Southeast,FL,Public,Guaranteed Maximum Price,IPD,High,Moderate,Fast,2022-05-24,2023-08-15,2023,32540900,873,0.514,0.4859,0.984,0.9358,0.0169,25,1.0878,6,12,0.692,0.9721
PRJ3-02187,Lakeview Transit Program 2187,Infrastructure,Mountain,CO,Private,Cost Plus,Design-Build,High,Low,Fast,2024-02-07,2025-09-15,2025,950000000,1137,0.516,0.491,0.9683,1.0136,0.0245,28,0.8891,9,3,0.323,0.9677
PRJ3-02188,Riverside Marketplace 2188,Commercial,West,OR,Private,Guaranteed Maximum Price,Design-Bid-Build,Low,Low,Standard,2024-04-23,2024-12-04,2024,59239200,483,0.466,0.4601,1.0131,0.9708,-0.0115,3,1.0471,22,2,0.619,0.9597
PRJ3-02189,Evergreen Earthworks Package 2189,Heavy Civil,West,NV,Private,Unit Price,IPD,High,Moderate,Fast,2023-07-20,2025-03-12,2025,141694900,1088,0.553,0.5997,0.9108,1.0794,0.0441,-51,1.114,0,4,0.164,0.9844
PRJ3-02190,Liberty Earthworks Package 2190,Heavy Civil,West,CA,Private,Guaranteed Maximum Price,CMAR,Moderate,Low,Standard,2021-10-06,2023-04-06,2023,180674400,914,0.599,0.51,0.9739,0.8408,0.0323,81,1.0242,13,13,0.365,0.9758
PRJ3-02191,Pioneer Bridge Program 2191,Heavy Civil,West,CA,Public-Private Partnership,Unit Price,CMAR,High,High,Fast,2024-12-16,2025-12-12,2025,370044800,769,0.47,0.4732,1.0024,0.9455,0.006,-2,1.0437,3,0,0.839,0.9709
PRJ3-02192,Mesa Bridge Program 2192,Heavy Civil,Mountain,UT,Private,Lump Sum,Design-Build,Moderate,Moderate,Standard,2017-10-21,2019-04-18,2019,206332500,1160,0.469,0.4612,0.9182,0.991,0.0495,9,1.0083,33,20,0.508,0.9496
PRJ3-02193,Canyon Water Program 2193,Heavy Civil,West,NV,Public,Lump Sum,IPD,Moderate,Moderate,Standard,2024-01-07,2025-09-30,2025,111350200,1332,0.475,0.468,0.9639,0.9837,0.0025,9,0.9871,0,0,0.505,0.9626
PRJ3-02194,Copper Highway Improvements 2194,Heavy Civil,West,OR,Public,Lump Sum,Design-Build,Moderate,Moderate,Fast,2022-08-22,2023-07-26,2023,113021400,903,0.375,0.3824,0.9816,1.0043,0.0076,-7,1.0365,20,1,0.55,0.9935
PRJ3-02195,Horizon Residences 2195,Residential,Midwest,IL,Private,Guaranteed Maximum Price,Design-Build,High,Moderate,Standard,2020-04-15,2020-11-06,2020,19245200,511,0.403,0.3504,0.9925,0.8632,0.0106,27,0.9927,12,10,0.628,0.9768
PRJ3-02196,Copper Town Center 2196,Mixed-Use,Southeast,TN,Private,Unit Price,Design-Bid-Build,High,High,Standard,2024-07-12,2025-08-20,2025,102329100,997,0.406,0.384,0.8525,0.9967,0.0664,22,0.9317,1,12,0.461,0.9568
PRJ3-02197,Gateway Retail Center 2197,Commercial,Southwest,NM,Private,Guaranteed Maximum Price,Design-Build,High,Moderate,Slow,2024-12-08,2025-08-04,2025,106447500,615,0.39,0.3705,0.9479,0.9426,0.0167,12,0.8444,29,13,0.855,0.9595
PRJ3-02198,Liberty Water Program 2198,Heavy Civil,Southwest,TX,Private,Unit Price,CMAR,Very High,Moderate,Standard,2018-08-24,2020-04-24,2020,83245900,1278,0.477,0.4079,0.7923,0.8163,0.1102,88,0.7925,23,8,0.334,0.9477
PRJ3-02199,Crescent Bridge Program 2199,Heavy Civil,Mountain,WY,Private,Guaranteed Maximum Price,Design-Build,Very High,Moderate,Fast,2021-07-07,2022-12-28,2022,333221800,988,0.546,0.4171,1.0085,0.8201,0.0042,127,0.872,25,11,0.81,0.9583
PRJ3-02200,Evergreen Process Plant 2200,Industrial,Northeast,NY,Private,Lump Sum,IPD,Low,Moderate,Slow,2022-10-16,2023-09-16,2023,257399200,879,0.382,0.3912,0.9363,0.9774,0.0245,-8,0.929,4,0,0.147,0.968
PRJ3-02201,Mesa Logistics Center 2201,Industrial,Southwest,TX,Public,Unit Price,Design-Bid-Build,Low,High,Standard,2023-02-23,2023-11-25,2023,89157500,649,0.425,0.4003,0.9865,0.9024,0.0155,16,1.0286,27,5,0,0.9905
PRJ3-02202,Harbor Manufacturing Facility 2202,Industrial,Midwest,MI,Public,Cost Plus,CMAR,High,Moderate,Standard,2022-01-05,2023-04-05,2023,162559000,1219,0.374,0.3721,0.7891,1.013,0.0877,2,0.9256,9,18,0.529,0.95
PRJ3-02203,Pioneer Medical Center 2203,Institutional,Southeast,GA,Private,Lump Sum,CMAR,Low,High,Standard,2020-10-25,2021-07-19,2021,93835700,490,0.546,0.5911,1.009,1.0387,-0.0058,-22,1.0192,1,11,0.478,0.9803
PRJ3-02204,Mesa Civic Complex 2204,Institutional,Mountain,UT,Private,Lump Sum,Design-Bid-Build,Very High,Moderate,Slow,2023-12-10,2025-06-07,2025,192282000,971,0.562,0.4691,0.8025,0.8864,0.1471,90,0.859,15,9,0.994,0.9662
PRJ3-02206,Riverside Water Program 2206,Heavy Civil,Midwest,MN,Public,Guaranteed Maximum Price,Design-Build,Very High,High,Slow,2023-05-07,2024-09-26,2024,346698100,1307,0.389,0.3297,0.8879,0.8743,0.0481,78,0.8822,19,16,0.614,0.9622
PRJ3-02207,Liberty Retail Center 2207,Commercial,Southwest,TX,Private,Lump Sum,CMAR,Low,Moderate,Standard,2023-06-14,2024-03-06,2024,49109000,747,0.357,0.3891,1.0199,1.0149,0.0082,-24,0.9953,4,8,1.057,0.9785
PRJ3-02208,Riverside Earthworks Package 2208,Heavy Civil,Mountain,CO,Public-Private Partnership,Guaranteed Maximum Price,IPD,High,Moderate,Standard,2023-04-14,2024-12-19,2024,733252300,1279,0.481,0.4369,0.9747,0.9138,0.0236,56,0.9453,40,9,0.76,0.9761
PRJ3-02209,Gateway Urban Village 2209,Mixed-Use,West,NV,Public,Lump Sum,Design-Build,Moderate,Moderate,Slow,2022-11-23,2024-03-26,2024,90084000,849,0.576,0.599,1.1409,1.0546,-0.0731,-20,0.9993,15,14,0.478,0.974
PRJ3-02210,Cedar Education Center 2210,Institutional,Northeast,PA,Private,Guaranteed Maximum Price,Design-Bid-Build,High,High,Standard,2022-11-09,2024-03-17,2024,165024700,836,0.592,0.558,1.02,0.9352,-0.014,28,1.0284,19,14,0.716,0.9756
PRJ3-02211,Lakeview Neighborhood 2211,Residential,Midwest,IL,Public,Lump Sum,IPD,Moderate,Low,Fast,2021-12-04,2023-04-18,2023,29434800,857,0.584,0.5038,0.9122,0.9028,0.0385,69,0.9183,7,12,0.184,0.9838
PRJ3-02212,Lakeview Medical Center 2212,Institutional,Southwest,TX,Public-Private Partnership,Lump Sum,Design-Bid-Build,High,Moderate,Standard,2020-10-23,2022-02-28,2022,65466900,1110,0.445,0.4831,1.0138,1.116,-0.0046,-42,0.9692,5,14,0.889,0.966
PRJ3-02213,Liberty Housing 2213,Residential,Southwest,AZ,Public,Guaranteed Maximum Price,Design-Build,High,Low,Standard,2025-02-03,2025-12-30,2025,70352100,615,0.538,0.4816,0.9197,0.9807,0.0674,35,1.0395,17,6,0.614,0.97
PRJ3-02214,Redwood Utility Corridor 2214,Infrastructure,Northeast,CT,Private,Guaranteed Maximum Price,CMAR,High,Moderate,Fast,2021-07-16,2023-08-01,2023,85605700,1249,0.598,0.5769,1.0827,0.9678,-0.0478,26,0.908,39,20,0.334,0.9581
PRJ3-02215,Redwood Housing 2215,Residential,Midwest,OH,Public,Lump Sum,IPD,High,Moderate,Fast,2024-11-23,2025-05-27,2025,37562900,529,0.351,0.3017,1.0897,0.9133,-0.0066,26,1.1459,0,18,0.854,0.9843
PRJ3-02216,Northstar District 2216,Mixed-Use,Midwest,MI,Private,Cost Plus,Design-Build,Low,Moderate,Slow,2020-07-21,2022-02-07,2022,189301500,962,0.589,0.6324,0.9512,1.0549,0.0202,-42,1.0357,3,17,0.769,0.9866
PRJ3-02217,Pioneer Bridge Program 2217,Heavy Civil,West,CA,Public,Unit Price,IPD,High,Moderate,Standard,2022-03-18,2023-04-05,2023,416075100,1041,0.368,0.3679,0.8978,1.0039,0.0246,0,1.0185,19,2,0.541,0.9436
PRJ3-02218,Horizon District 2218,Mixed-Use,Southwest,TX,Private,Guaranteed Maximum Price,IPD,Low,Low,Standard,2018-06-24,2019-11-20,2019,123012300,905,0.569,0.5734,0.9861,1.0033,0.0093,-4,0.9867,0,0,0.602,0.9653
PRJ3-02219,Harbor Neighborhood 2219,Residential,West,OR,Private,Unit Price,Design-Bid-Build,Moderate,Low,Fast,2024-10-08,2025-09-07,2025,110141500,622,0.537,0.4795,0.9787,0.9331,0.0246,36,0.9835,4,2,0.696,0.9684
PRJ3-02220,Riverside Apartments 2220,Residential,Northeast,MA,Private,Lump Sum,CMAR,High,Moderate,Standard,2023-12-03,2024-08-14,2024,52769900,472,0.542,0.5262,0.9795,0.9386,-0.0095,7,0.9095,4,9,0.737,0.9669
PRJ3-02221,Harbor Process Plant 2221,Industrial,Northeast,CT,Private,Guaranteed Maximum Price,CMAR,High,Low,Standard,2020-10-01,2021-08-22,2021,352823300,910,0.358,0.3669,0.9339,0.9782,-0.0046,-8,0.9578,5,13,0.605,0.9777
PRJ3-02222,Lakeview Apartments 2222,Residential,Mountain,WY,Public,Guaranteed Maximum Price,Design-Build,Very High,Low,Fast,2019-03-05,2019-08-26,2019,49373000,415,0.421,0.4199,0.9191,0.9117,0.0512,0,0.9343,12,22,1.016,0.9539
PRJ3-02223,Lakeview Civic Complex 2223,Institutional,Mountain,CO,Private,Cost Plus,Design-Build,Very High,Moderate,Standard,2020-03-21,2021-05-28,2021,157325700,984,0.441,0.3853,0.9561,0.9309,0.0139,55,0.9465,27,15,0.898,0.9565
PRJ3-02224,Aspen Highway Improvements 2224,Heavy Civil,Mountain,UT,Public,Guaranteed Maximum Price,CMAR,Moderate,High,Standard,2020-08-05,2021-11-28,2021,212399300,1019,0.472,0.4429,0.9979,0.9494,-0.0096,30,1.0541,6,18,0.738,0.9626
PRJ3-02225,Riverside Corporate Center 2225,Commercial,Southeast,FL,Public,Guaranteed Maximum Price,CMAR,Low,High,Standard,2025-06-14,2025-12-16,2025,103541600,351,0.528,0.5508,1.0446,1.0589,-0.0188,-8,1.0385,0,7,0.386,0.9708
PRJ3-02226,Mesa Transit Program 2226,Infrastructure,West,NV,Public,Lump Sum,Design-Build,Low,Moderate,Standard,2021-07-12,2022-09-17,2022,708328700,960,0.45,0.4086,1.0362,0.9783,-0.0001,40,0.9309,7,0,0.528,0.9875
PRJ3-02227,Mesa Urban Village 2227,Mixed-Use,Southeast,GA,Private,Guaranteed Maximum Price,Design-Bid-Build,Very High,High,Fast,2019-07-04,2020-07-17,2020,144154500,878,0.432,0.4691,1.031,1.0283,-0.0383,-33,1.0303,8,30,0.817,0.983
PRJ3-02228,Mesa Research Facility 2228,Institutional,Midwest,MN,Public-Private Partnership,Cost Plus,CMAR,High,High,Fast,2020-04-10,2021-06-20,2021,47855100,1056,0.413,0.4053,0.9448,0.9788,0.0226,8,1.0352,0,18,0.565,0.9657
PRJ3-02229,Granite Apartments 2229,Residential,West,WA,Public-Private Partnership,Lump Sum,Design-Bid-Build,High,Low,Slow,2022-11-17,2023-05-22,2023,41807900,469,0.397,0.3387,1.0002,0.8084,0.0135,27,0.9095,41,8,0.735,0.927
PRJ3-02230,Gateway Medical Center 2230,Institutional,Southwest,NM,Public,Guaranteed Maximum Price,CMAR,Very High,Low,Fast,2024-03-09,2025-10-09,2025,94438000,1112,0.521,0.4729,0.9555,0.988,0.0209,53,1.0004,20,9,0.875,0.9263
PRJ3-02231,Harbor Public Works Program 2231,Infrastructure,Southeast,NC,Private,Guaranteed Maximum Price,Design-Build,Moderate,Moderate,Fast,2022-09-05,2023-10-26,2023,129170000,959,0.434,0.4456,0.9219,1.0224,0.0499,-11,1.0535,18,19,0.71,0.9913
PRJ3-02232,Crescent Retail Center 2232,Commercial,West,NV,Private,Unit Price,Design-Bid-Build,Very High,Moderate,Slow,2023-03-02,2024-04-20,2024,101321600,744,0.558,0.5288,0.8913,0.9202,0.0569,22,0.8313,38,11,0.698,0.9383
PRJ3-02233,Mesa Airport Improvements 2233,Infrastructure,Midwest,MI,Public-Private Partnership,Lump Sum,CMAR,Low,Low,Standard,2022-07-14,2023-11-09,2023,90804000,965,0.501,0.4857,0.901,0.9863,0.0681,15,1.0891,27,24,0.79,0.9584
PRJ3-02234,Cedar Residences 2234,Residential,Mountain,UT,Private,Lump Sum,Design-Bid-Build,Moderate,High,Standard,2021-09-25,2022-07-29,2022,52856000,714,0.43,0.4459,0.9466,1.0109,0.0225,-11,0.8843,24,17,0.555,0.9738
PRJ3-02235,Riverside Water Program 2235,Heavy Civil,Mountain,WY,Private,Unit Price,Design-Build,Moderate,Moderate,Standard,2023-10-19,2025-07-28,2025,180263200,1213,0.535,0.5325,0.7898,0.9708,0.1468,3,1.0256,29,0,0.58,0.9717
PRJ3-02236,Canyon Education Center 2236,Institutional,Southeast,FL,Public,Guaranteed Maximum Price,Design-Build,High,Moderate,Standard,2021-09-24,2022-06-28,2022,98800400,739,0.375,0.3935,1.0281,1.0608,-0.0009,-14,1.0794,13,20,1.27,0.9856
PRJ3-02237,Northstar Research Facility 2237,Institutional,West,CA,Private,Lump Sum,Design-Build,High,Low,Slow,2024-02-07,2025-09-08,2025,113695100,1044,0.555,0.5252,0.8883,0.9313,0.053,31,0.8692,25,0,1.012,0.9555
PRJ3-02238,Copper Residences 2238,Residential,Mountain,WY,Public,Lump Sum,CMAR,Moderate,Moderate,Slow,2024-01-22,2024-12-05,2024,41650900,722,0.441,0.4018,0.9051,0.9259,0.0456,28,0.9879,26,12,0.673,0.965
PRJ3-02239,Cedar Medical Center 2239,Institutional,West,OR,Public,Guaranteed Maximum Price,Design-Bid-Build,High,Moderate,Fast,2024-12-12,2025-12-13,2025,90049400,778,0.471,0.4216,0.8999,0.9068,0.0429,38,0.9237,41,13,0.668,0.9581
PRJ3-02240,Cedar Marketplace 2240,Commercial,West,CA,Private,Guaranteed Maximum Price,CMAR,Moderate,Moderate,Slow,2023-08-12,2024-09-03,2024,298233600,676,0.574,0.526,0.9772,0.867,0.0169,32,0.9228,7,9,0.3,0.9572
PRJ3-02241,Canyon Residences 2241,Residential,Midwest,MI,Public-Private Partnership,Lump Sum,Design-Bid-Build,Moderate,Moderate,Slow,2019-10-03,2020-10-01,2020,58926600,610,0.598,0.5106,1.1092,0.8733,-0.0516,53,0.8707,3,28,0.43,0.9762
PRJ3-02242,Redwood Housing 2242,Residential,Midwest,MN,Private,Unit Price,IPD,Moderate,Moderate,Standard,2024-07-16,2025-01-15,2025,30796900,399,0.461,0.4588,1.0475,0.965,-0.0165,1,1.0917,0,29,0.618,0.9817
PRJ3-02243,Lakeview Urban Village 2243,Mixed-Use,Mountain,CO,Private,Lump Sum,Design-Build,Moderate,Low,Fast,2023-04-22,2024-06-21,2024,163408600,976,0.437,0.4002,0.8832,0.9721,0.0496,36,0.9731,23,16,0.55,0.9634
PRJ3-02244,Crescent Residences 2244,Residential,Southwest,NM,Private,Lump Sum,CMAR,Moderate,High,Slow,2018-07-06,2019-07-24,2019,58502800,737,0.52,0.5675,1.0825,1.0406,-0.0371,-35,0.993,27,12,0.629,0.9677
PRJ3-02245,Redwood Research Facility 2245,Institutional,Southeast,NC,Private,Guaranteed Maximum Price,Design-Bid-Build,Moderate,Moderate,Standard,2020-02-07,2021-03-19,2021,193869500,786,0.517,0.5128,0.8886,1.0096,0.0658,3,0.9075,1,12,0.418,0.9727
PRJ3-02246,Summit Retail Center 2246,Commercial,Southeast,GA,Public,Lump Sum,Design-Bid-Build,Moderate,Low,Slow,2020-07-03,2021-09-23,2021,42542600,801,0.559,0.5575,0.8805,0.9554,0.0728,1,0.9551,24,21,0.559,0.9534
PRJ3-02247,Summit Manufacturing Facility 2247,Industrial,Southwest,TX,Private,Lump Sum,Design-Bid-Build,High,High,Slow,2024-06-01,2025-10-13,2025,89699400,983,0.508,0.5072,0.9226,0.9983,0.046,1,0.9546,14,8,0.976,0.9811
PRJ3-02248,Cedar Earthworks Package 2248,Heavy Civil,West,NV,Public,Cost Plus,Design-Build,High,Moderate,Standard,2022-12-03,2024-07-07,2024,310415000,1073,0.543,0.5682,0.9319,1.043,0.0415,-27,1.0396,20,4,0.494,0.9566
PRJ3-02249,Pioneer Research Facility 2249,Institutional,Southeast,FL,Private,Guaranteed Maximum Price,CMAR,Moderate,Low,Slow,2019-01-14,2020-06-22,2020,112436200,921,0.571,0.5148,0.8664,0.9404,0.0666,52,0.9162,34,9,0.279,0.9418
PRJ3-02250,Northstar Bridge Program 2250,Heavy Civil,Southwest,TX,Private,Unit Price,Design-Bid-Build,Moderate,High,Standard,2020-02-15,2021-03-18,2021,119218300,896,0.444,0.4429,1.051,0.9857,-0.005,1,0.9651,15,13,0.467,0.9594
PRJ3-02251,Mesa Education Center 2251,Institutional,West,CA,Private,Unit Price,CMAR,Moderate,Low,Standard,2021-12-18,2023-03-23,2023,89985700,838,0.549,0.4937,0.9565,0.9377,0.0205,46,0.8707,25,7,0.741,0.9577
PRJ3-02252,Gateway District 2252,Mixed-Use,West,NV,Public-Private Partnership,Lump Sum,CMAR,Moderate,High,Standard,2022-08-18,2023-12-28,2023,243815200,1254,0.397,0.3954,0.9326,1.0035,0.0246,2,0.8658,18,0,0.42,0.9472
PRJ3-02253,Mesa Residences 2253,Residential,Mountain,UT,Public,Guaranteed Maximum Price,IPD,Moderate,Moderate,Standard,2024-06-19,2024-11-23,2024,119123900,438,0.359,0.3649,1.0152,1.0549,-0.0237,-3,1.1079,3,21,0.381,0.9383
PRJ3-02254,Copper Earthworks Package 2254,Heavy Civil,Southeast,FL,Public,Guaranteed Maximum Price,CMAR,High,High,Standard,2020-03-02,2021-09-14,2021,151732500,1197,0.469,0.5071,0.953,1.0577,0.0467,-46,0.9363,9,14,0.496,0.9499
PRJ3-02256,Copper Office Campus 2256,Commercial,Mountain,MT,Public,Unit Price,Design-Bid-Build,Moderate,High,Slow,2023-05-07,2024-07-22,2024,81309600,747,0.593,0.5693,0.9039,0.9336,0.0626,18,0.898,25,14,0.379,0.9531
PRJ3-02257,Mesa Bridge Program 2257,Heavy Civil,Midwest,MI,Private,Unit Price,IPD,Moderate,Moderate,Slow,2021-04-02,2022-08-05,2022,438111500,1095,0.448,0.3892,0.9743,0.892,-0.0182,64,0.9228,19,12,0.586,0.9712
PRJ3-02258,Crescent Residences 2258,Residential,Southwest,NM,Public,Unit Price,Design-Build,Moderate,Moderate,Standard,2021-09-24,2022-05-24,2022,36169100,681,0.356,0.356,1.0092,0.9755,0.001,0,1.0963,0,2,0.445,0.9713
PRJ3-02259,Gateway Transit-Oriented Development 2259,Mixed-Use,Southwest,NM,Private,Cost Plus,Design-Bid-Build,Very High,Moderate,Fast,2022-11-05,2024-10-21,2024,192405100,1210,0.592,0.5469,0.826,0.955,0.1108,55,0.9652,28,0,0.991,0.9753
PRJ3-02260,Riverside Research Facility 2260,Institutional,Southeast,GA,Public,Lump Sum,Design-Bid-Build,Moderate,High,Standard,2025-03-16,2025-12-18,2025,44177500,671,0.413,0.3819,1.0121,0.9996,-0.0235,21,0.9898,19,12,0.691,0.9853
PRJ3-02261,Aspen Highway Improvements 2261,Heavy Civil,Midwest,MN,Private,Cost Plus,Design-Bid-Build,Moderate,High,Standard,2022-06-01,2023-12-17,2023,120392900,1274,0.443,0.4333,0.9541,0.9871,-0.0007,12,0.9923,17,20,0.851,0.9615
PRJ3-02262,Northstar Residences 2262,Residential,Midwest,MN,Private,Cost Plus,IPD,Moderate,Moderate,Standard,2022-10-09,2023-06-06,2023,27409100,565,0.426,0.4432,0.9632,1.016,0.0118,-10,1.16,8,21,0.959,0.9819
PRJ3-02263,Liberty Corporate Center 2263,Commercial,Northeast,MA,Private,Lump Sum,Design-Build,High,High,Slow,2018-11-22,2019-07-19,2019,42097800,616,0.388,0.3844,1.0032,0.9914,0.0014,2,0.9826,7,16,0.591,0.9684
PRJ3-02264,Canyon Public Works Program 2264,Infrastructure,West,CA,Private,Guaranteed Maximum Price,Design-Build,Low,Moderate,Fast,2023-05-22,2025-02-28,2025,372050700,1141,0.568,0.6065,1.0738,1.077,-0.0478,-44,0.9961,0,8,0.619,0.9749
PRJ3-02265,Redwood Airport Improvements 2265,Infrastructure,Southwest,NM,Public,Cost Plus,IPD,High,Moderate,Fast,2018-06-21,2019-11-12,2019,371970600,1134,0.449,0.4592,0.9514,1.0036,0.0343,-12,1.0466,2,15,0.393,0.9827
PRJ3-02266,Canyon Residences 2266,Residential,West,CA,Public-Private Partnership,Guaranteed Maximum Price,Design-Build,Low,Moderate,Fast,2019-11-21,2020-07-26,2020,15745500,415,0.599,0.5812,1.0392,0.956,-0.0104,7,1.0682,26,3,0.368,0.9588
PRJ3-02267,Summit Office Campus 2267,Commercial,Southeast,GA,Private,Cost Plus,Design-Bid-Build,Moderate,Moderate,Standard,2021-07-03,2022-07-17,2022,96530200,741,0.512,0.5494,0.9774,1.0217,0.0219,-28,1.0185,6,21,0.659,0.9669
PRJ3-02268,Aspen Apartments 2268,Residential,West,OR,Private,Guaranteed Maximum Price,Design-Build,Moderate,High,Standard,2023-11-10,2024-11-24,2024,59731900,664,0.573,0.6286,1.0019,1.12,-0.0102,-37,0.99,14,2,0.362,0.9836
PRJ3-02269,Summit Distribution Hub 2269,Industrial,Southeast,NC,Public-Private Partnership,Guaranteed Maximum Price,CMAR,Moderate,Moderate,Standard,2024-04-12,2025-05-15,2025,120058600,706,0.565,0.6503,0.935,1.12,0.0609,-60,0.9811,16,10,0.241,0.9675
PRJ3-02270,Aspen Urban Village 2270,Mixed-Use,Southeast,NC,Private,Lump Sum,Design-Build,Low,Moderate,Standard,2020-11-01,2021-11-28,2021,99958400,667,0.589,0.6274,0.8821,1.0337,0.0815,-26,0.9773,18,3,0.651,0.9765
PRJ3-02271,Redwood Medical Center 2271,Institutional,Southwest,NM,Private,Lump Sum,Design-Build,Moderate,High,Fast,2024-05-05,2025-08-01,2025,22743600,813,0.558,0.6219,0.9246,1.0854,0.0319,-52,1.1591,15,8,0.361,0.9919
PRJ3-02272,Mesa Retail Center 2272,Commercial,West,WA,Public,Guaranteed Maximum Price,Design-Build,Low,Low,Standard,2019-02-22,2019-10-04,2019,120329100,509,0.442,0.4217,0.897,0.9975,0.0393,10,1.014,14,8,0.837,0.9678
PRJ3-02273,Harbor Retail Center 2273,Commercial,Midwest,OH,Private,Cost Plus,Design-Build,Low,High,Slow,2022-12-21,2023-08-23,2023,167579100,546,0.45,0.4915,1.02,1.0412,-0.0143,-23,1.0743,21,12,0.349,0.9693
PRJ3-02274,Granite Medical Center 2274,Institutional,Southwest,NM,Private,Lump Sum,Design-Bid-Build,Moderate,Low,Standard,2023-06-24,2024-05-14,2024,291154800,698,0.467,0.4373,0.9099,0.9148,0.0428,21,0.8753,8,11,0.664,0.9517
PRJ3-02275,Northstar Water Program 2275,Heavy Civil,Northeast,NJ,Private,Cost Plus,Design-Build,High,Moderate,Slow,2018-07-09,2020-06-10,2020,100560400,1262,0.557,0.5042,0.9179,0.8985,0.0173,67,0.9625,25,19,1.012,0.9567
PRJ3-02276,Liberty Education Center 2276,Institutional,Southwest,NM,Public,Guaranteed Maximum Price,Design-Build,Very High,Moderate,Slow,2023-07-15,2024-05-16,2024,266513400,747,0.41,0.3452,0.9528,0.8823,0.0369,48,0.8865,44,18,1.024,0.9432
PRJ3-02277,Mesa Marketplace 2277,Commercial,West,CA,Public,Cost Plus,Design-Build,Moderate,Moderate,Fast,2024-01-25,2024-10-02,2024,226188000,517,0.486,0.5202,0.9715,1.0091,0.0149,-18,1.0196,14,0,0.274,0.9613
PRJ3-02278,Crescent Urban Village 2278,Mixed-Use,Southwest,TX,Private,Cost Plus,CMAR,Moderate,Moderate,Standard,2024-03-15,2025-05-28,2025,273478600,923,0.476,0.505,1.0249,1.0534,-0.0136,-27,1.0295,17,1,0.592,0.9665
PRJ3-02279,Granite Distribution Hub 2279,Industrial,Northeast,PA,Private,Unit Price,CMAR,Very High,Low,Standard,2023-08-10,2024-07-21,2024,132138900,870,0.398,0.3407,0.9477,0.8599,0.0396,50,0.839,19,16,1.27,0.962
PRJ3-02280,Aspen Research Facility 2280,Institutional,Mountain,WY,Public,Cost Plus,IPD,High,Low,Slow,2018-10-21,2020-01-03,2020,107722300,1097,0.401,0.3808,0.8882,0.9203,0.0566,22,0.8966,32,13,0.95,0.9352
PRJ3-02281,Mesa District 2281,Mixed-Use,West,WA,Private,Unit Price,Design-Build,Moderate,Low,Fast,2022-01-12,2023-04-28,2023,199560900,1069,0.441,0.426,0.98,0.9777,0.0193,16,0.8885,19,2,0.468,0.9684
PRJ3-02282,Granite Medical Center 2282,Institutional,Mountain,ID,Public-Private Partnership,Cost Plus,Design-Bid-Build,Low,Low,Standard,2020-07-22,2021-10-02,2021,110809000,827,0.529,0.4774,0.9309,0.9439,0.0634,43,0.9847,29,5,0.413,0.9533
PRJ3-02283,Northstar Corporate Center 2283,Commercial,West,CA,Public,Guaranteed Maximum Price,Design-Bid-Build,Low,Low,Fast,2022-10-22,2023-07-20,2023,157160000,470,0.577,0.56,1.0364,0.9863,0.0013,8,0.9412,0,8,0.388,0.9631
PRJ3-02284,Crescent Bridge Program 2284,Heavy Civil,Mountain,MT,Public-Private Partnership,Unit Price,Design-Bid-Build,Moderate,Moderate,Fast,2024-08-16,2025-11-21,2025,171912300,944,0.49,0.504,0.9018,1.0134,0.0645,-13,0.9709,16,14,0.686,0.9621
PRJ3-02285,Horizon Highway Improvements 2285,Heavy Civil,Midwest,MI,Public,Guaranteed Maximum Price,CMAR,High,Low,Standard,2019-12-23,2021-01-18,2021,375909800,1078,0.364,0.3775,1.0157,1.0002,0.0047,-15,0.9156,11,26,0.597,0.9692
PRJ3-02286,Harbor Public Works Program 2286,Infrastructure,Midwest,MO,Private,Unit Price,Design-Bid-Build,Moderate,High,Fast,2020-09-09,2022-10-27,2022,654780800,1403,0.555,0.5559,0.9476,1.0039,0.0297,-1,1.0804,34,13,0.755,0.9618
PRJ3-02287,Mesa Office Campus 2287,Commercial,Mountain,ID,Private,Unit Price,Design-Build,Moderate,Moderate,Standard,2020-03-16,2021-02-10,2021,92566300,570,0.582,0.6336,0.9859,1.0824,0.01,-29,1.0741,0,18,0.176,0.983
PRJ3-02288,Pioneer Transit-Oriented Development 2288,Mixed-Use,Southwest,AZ,Private,Unit Price,Design-Build,High,High,Standard,2022-09-11,2023-09-07,2023,239444000,910,0.397,0.3859,0.8502,0.9666,0.0667,10,0.8689,1,10,0.589,0.9727
PRJ3-02289,Pioneer Urban Village 2289,Mixed-Use,West,NV,Public,Guaranteed Maximum Price,Design-Bid-Build,High,Moderate,Standard,2024-11-15,2025-12-19,2025,144198800,1111,0.36,0.3599,0.9325,0.9572,0.0312,0,0.9924,2,0,0.768,0.9558
PRJ3-02290,Aspen Apartments 2290,Residential,Mountain,CO,Private,Unit Price,CMAR,High,Moderate,Slow,2024-06-13,2025-01-19,2025,62840600,586,0.377,0.3591,0.9892,0.9208,0.0003,10,0.8989,25,17,0.651,0.9406
PRJ3-02291,Lakeview Water Program 2291,Heavy Civil,Southwest,TX,Public,Lump Sum,Design-Bid-Build,Moderate,Moderate,Slow,2021-04-02,2023-02-14,2023,273629100,1167,0.586,0.5415,0.9115,0.8983,0.0659,52,0.9901,19,0,0.663,0.9606
PRJ3-02292,Gateway Logistics Center 2292,Industrial,Southeast,FL,Public,Guaranteed Maximum Price,CMAR,Low,Moderate,Fast,2018-02-22,2019-06-13,2019,171730500,856,0.557,0.5553,1.0191,1.0142,0.0041,1,1.1247,0,20,0.329,0.9709
PRJ3-02293,Copper Process Plant 2293,Industrial,West,OR,Private,Guaranteed Maximum Price,IPD,Moderate,Moderate,Standard,2019-12-14,2021-07-07,2021,86311800,1133,0.504,0.5045,0.9957,1.0195,0.0177,-1,1.0116,15,3,0.57,0.9594
PRJ3-02294,Evergreen Urban Village 2294,Mixed-Use,Northeast,NJ,Private,Unit Price,CMAR,Low,Low,Standard,2021-07-04,2022-03-25,2022,276490000,728,0.363,0.3684,0.9804,1.0496,-0.0002,-4,0.9787,0,19,0.46,0.9574
PRJ3-02295,Copper Transit-Oriented Development 2295,Mixed-Use,Midwest,OH,Private,Unit Price,Design-Build,Moderate,Low,Standard,2019-02-01,2020-05-21,2020,81576200,953,0.499,0.4859,0.9836,0.9684,0.0086,13,0.9016,11,12,0.66,0.9524
PRJ3-02296,Liberty Research Facility 2296,Institutional,Northeast,MA,Public,Unit Price,Design-Build,High,Moderate,Slow,2023-11-17,2025-07-24,2025,285623400,1054,0.584,0.5262,0.8809,0.8817,0.052,61,0.8911,13,18,0.883,0.9468
PRJ3-02297,Redwood Airport Improvements 2297,Infrastructure,Southeast,NC,Private,Cost Plus,IPD,Low,Low,Slow,2021-08-08,2023-06-28,2023,203831900,1218,0.566,0.4829,0.9495,0.8799,0.0356,101,0.9702,10,9,0.098,0.9695
PRJ3-02298,Copper Medical Center 2298,Institutional,Southeast,FL,Private,Unit Price,CMAR,Very High,Low,Standard,2019-04-26,2020-09-06,2020,152473400,896,0.558,0.4273,0.954,0.7954,0.0152,117,0.9487,35,8,0.602,0.9724
PRJ3-02299,Copper Corporate Center 2299,Commercial,West,CA,Public-Private Partnership,Lump Sum,IPD,Very High,Moderate,Slow,2019-12-02,2021-02-01,2021,85632000,713,0.599,0.539,1.0343,0.8971,-0.0242,43,0.9697,17,0,0.696,0.9542
PRJ3-02300,Riverside Airport Improvements 2300,Infrastructure,Northeast,NY,Private,Guaranteed Maximum Price,Design-Build,High,Moderate,Slow,2021-07-03,2022-08-13,2022,249865900,1117,0.364,0.3298,0.9696,0.8683,0.0176,38,1.0162,11,15,0.724,0.9531
PRJ3-02301,Summit Housing 2301,Residential,Southeast,NC,Public,Unit Price,CMAR,Low,Low,Fast,2022-03-23,2023-01-24,2023,76266900,612,0.503,0.552,0.8887,1.0898,0.0613,-30,1.0895,0,11,0.664,0.9813
PRJ3-02302,Aspen Retail Center 2302,Commercial,West,NV,Public,Lump Sum,Design-Build,Low,High,Standard,2023-12-19,2024-08-28,2024,216074700,545,0.465,0.4689,1.006,0.9713,0.0072,-2,1.01,9,7,0.721,0.966
PRJ3-02303,Crescent Neighborhood 2303,Residential,Midwest,MN,Private,Lump Sum,Design-Bid-Build,High,High,Slow,2021-04-03,2022-03-05,2022,54994600,752,0.448,0.4039,0.946,0.9246,0.0162,33,1.0061,16,14,0.35,0.9517
PRJ3-02304,Canyon Water Program 2304,Heavy Civil,Southeast,NC,Public,Lump Sum,CMAR,High,Low,Standard,2021-04-09,2022-04-02,2022,140923800,936,0.383,0.3494,0.8851,0.9935,0.0407,31,0.9633,21,5,0.751,0.9601
PRJ3-02305,Liberty Housing 2305,Residential,Southwest,AZ,Public,Guaranteed Maximum Price,CMAR,Moderate,Moderate,Fast,2023-01-11,2023-11-19,2023,80922300,801,0.39,0.3715,1.0077,1.0512,0.0023,15,0.9445,15,9,0.433,1.0
PRJ3-02306,Copper Research Facility 2306,Institutional,Mountain,ID,Public,Unit Price,IPD,High,High,Slow,2024-09-12,2025-08-15,2025,84879200,852,0.396,0.3939,1.0152,0.9941,-0.0122,2,0.9278,23,17,0.761,0.9598
PRJ3-02308,Evergreen Manufacturing Facility 2308,Industrial,West,NV,Public,Unit Price,Design-Bid-Build,Moderate,Moderate,Slow,2019-01-11,2020-08-16,2020,116431500,1006,0.58,0.5237,0.851,0.9371,0.1137,57,0.9236,12,6,0.953,0.9556
PRJ3-02309,Gateway Research Facility 2309,Institutional,West,WA,Public,Unit Price,CMAR,Very High,High,Standard,2021-03-14,2022-05-11,2022,65480200,939,0.451,0.4262,0.931,0.9686,0.0322,23,0.9142,20,6,0.739,0.9557
PRJ3-02310,Mesa Research Facility 2310,Institutional,West,OR,Public,Lump Sum,CMAR,Low,Moderate,Fast,2022-08-07,2023-10-03,2023,153355100,884,0.478,0.4624,1.0385,0.9791,-0.0094,14,1.0451,2,3,0.111,0.9682
PRJ3-02311,Gateway Highway Improvements 2311,Heavy Civil,Midwest,OH,Private,Guaranteed Maximum Price,Design-Build,Very High,Moderate,Standard,2020-12-11,2022-07-23,2022,293119600,1078,0.547,0.4742,0.9461,0.8866,0.0326,78,0.912,25,16,0.76,0.9605
PRJ3-02312,Copper Transit Program 2312,Infrastructure,West,WA,Public,Lump Sum,CMAR,High,Low,Standard,2020-05-10,2022-07-03,2022,299475800,1362,0.576,0.5498,0.947,0.9262,0.0342,36,0.8988,28,16,0.652,0.9639
PRJ3-02313,Pioneer Housing 2313,Residential,Mountain,UT,Public,Lump Sum,Design-Build,Low,Moderate,Fast,2023-09-12,2024-12-10,2024,36076100,761,0.599,0.6283,1.0928,1.0384,-0.0521,-22,1.0913,21,21,0.692,0.9739
PRJ3-02314,Pioneer Residences 2314,Residential,Mountain,CO,Private,Unit Price,Design-Build,Moderate,Moderate,Standard,2021-10-10,2022-06-26,2022,83258100,575,0.452,0.4775,0.9426,1.0489,0.0307,-15,0.9037,1,6,0.849,0.9608
PRJ3-02315,Canyon Utility Corridor 2315,Infrastructure,Southeast,FL,Public-Private Partnership,Cost Plus,CMAR,Low,Moderate,Standard,2021-03-03,2022-08-06,2022,172717400,1102,0.473,0.4494,0.9704,0.9635,-0.0035,26,0.9414,14,11,0.681,0.9789
PRJ3-02316,Aspen Office Campus 2316,Commercial,Mountain,UT,Public-Private Partnership,Guaranteed Maximum Price,Design-Bid-Build,High,Moderate,Standard,2024-08-12,2025-06-17,2025,39237600,728,0.425,0.472,1.0195,1.0456,-0.0155,-34,1.0601,18,14,0.74,0.9478
PRJ3-02317,Redwood Apartments 2317,Residential,Southeast,GA,Public,Guaranteed Maximum Price,CMAR,Moderate,High,Standard,2024-02-24,2024-11-22,2024,46757500,460,0.592,0.5633,0.9489,1.0461,0.027,13,0.988,10,14,0.427,0.9593
PRJ3-02318,Crescent Earthworks Package 2318,Heavy Civil,West,OR,Public,Guaranteed Maximum Price,CMAR,High,Moderate,Fast,2019-03-17,2020-10-20,2020,151233300,1087,0.537,0.531,0.9876,1.0034,0.009,7,0.9487,19,14,0.799,0.9832
PRJ3-02319,Aspen Bridge Program 2319,Heavy Civil,Mountain,WY,Private,Guaranteed Maximum Price,Design-Bid-Build,Low,Moderate,Fast,2020-05-11,2021-10-19,2021,120470600,1140,0.462,0.4397,1.083,1.0061,-0.0305,25,1.0394,23,14,0.136,0.9677
PRJ3-02320,Crescent Housing 2320,Residential,Southwest,TX,Private,Lump Sum,CMAR,High,High,Fast,2021-06-20,2022-07-08,2022,163776000,702,0.547,0.5737,0.9695,1.0623,0.0246,-19,0.9528,10,6,0.653,0.9827
PRJ3-02321,Pioneer Airport Improvements 2321,Infrastructure,Southwest,NM,Private,Guaranteed Maximum Price,Design-Build,Moderate,High,Slow,2017-07-18,2019-02-01,2019,171138900,1062,0.531,0.4678,0.9277,0.8819,0.0395,67,0.9764,33,8,0.533,0.9735
PRJ3-02322,Aspen Marketplace 2322,Commercial,West,CA,Private,Unit Price,Design-Bid-Build,Moderate,High,Standard,2021-11-08,2022-08-02,2022,106732400,707,0.379,0.3368,1.0114,0.8719,-0.0077,30,0.9463,4,12,0.25,0.9785
PRJ3-02323,Gateway Transit Program 2323,Infrastructure,West,CA,Private,Lump Sum,Design-Bid-Build,Moderate,Low,Fast,2022-06-20,2024-05-16,2024,300607000,1217,0.572,0.5789,0.844,1.0284,0.093,-8,0.9666,21,0,0.518,0.9724
PRJ3-02324,Pioneer Apartments 2324,Residential,West,NV,Public,Cost Plus,CMAR,Low,Low,Slow,2023-05-16,2024-01-03,2024,48217000,436,0.534,0.4968,1.0466,0.9679,-0.0011,16,1.0238,17,10,0.56,0.9687
PRJ3-02325,Copper Medical Center 2325,Institutional,West,CA,Public,Lump Sum,Design-Build,Moderate,High,Standard,2024-09-15,2025-07-26,2025,93743400,695,0.453,0.4801,0.9736,1.052,0.0081,-19,1.1485,18,8,0.103,0.9687
PRJ3-02326,Granite Residences 2326,Residential,Southwest,NM,Private,Guaranteed Maximum Price,CMAR,Very High,High,Standard,2020-01-21,2020-10-27,2020,117500800,568,0.494,0.4773,0.9031,0.9362,0.0505,10,0.9787,30,13,0.779,0.9692
PRJ3-02327,Gateway Apartments 2327,Residential,West,NV,Public,Lump Sum,Design-Build,High,High,Standard,2024-10-13,2025-06-06,2025,136125400,541,0.437,0.4992,1.15,1.0764,-0.0705,-34,1.0946,12,4,0.479,0.9693
PRJ3-02328,Mesa Retail Center 2328,Commercial,West,WA,Private,Lump Sum,Design-Bid-Build,Moderate,Moderate,Standard,2023-03-01,2023-09-01,2023,188073000,425,0.435,0.4185,1.0122,0.9903,-0.0331,7,0.9908,10,0,0.296,0.9731
PRJ3-02329,Cedar Logistics Center 2329,Industrial,West,CA,Public-Private Partnership,Lump Sum,Design-Build,Moderate,High,Standard,2019-11-10,2021-03-10,2021,118528800,1077,0.452,0.4132,1.1028,0.9697,-0.0273,42,1.1162,16,0,0.491,0.9601
PRJ3-02330,Riverside Water Program 2330,Heavy Civil,Southeast,NC,Private,Cost Plus,Design-Bid-Build,High,Moderate,Fast,2024-03-18,2025-12-21,2025,95451500,1252,0.514,0.4915,0.8751,0.9553,0.0767,28,1.0019,30,12,0.692,0.9855
PRJ3-02331,Aspen Logistics Center 2331,Industrial,Mountain,MT,Private,Unit Price,IPD,Moderate,High,Slow,2023-10-21,2025-03-05,2025,148474000,1024,0.49,0.5104,1.0412,1.0359,-0.0251,-21,1.1398,0,13,0.825,0.9605
PRJ3-02332,Harbor Retail Center 2332,Commercial,West,WA,Public,Lump Sum,CMAR,Moderate,High,Standard,2023-03-10,2024-01-14,2024,72046000,812,0.382,0.3577,1.06,0.9911,-0.0091,20,1.0751,13,11,0.565,0.9732
PRJ3-02333,Liberty Utility Corridor 2333,Infrastructure,Midwest,MO,Public,Guaranteed Maximum Price,Design-Bid-Build,Low,Moderate,Fast,2018-01-24,2019-10-25,2019,137916100,1262,0.507,0.493,1.0863,0.9724,-0.0402,18,1.0519,0,14,0.511,0.9734
PRJ3-02334,Summit Manufacturing Facility 2334,Industrial,Southeast,VA,Public,Unit Price,Design-Build,Moderate,Moderate,Fast,2022-03-13,2023-07-24,2023,333796100,884,0.564,0.5531,0.9567,0.9699,-0.0034,10,1.0696,22,15,0.529,0.9596
PRJ3-02335,Cedar Office Campus 2335,Commercial,Mountain,WY,Private,Lump Sum,Design-Build,High,Low,Standard,2022-03-09,2023-01-01,2023,74932100,718,0.416,0.3705,0.9512,0.8638,0.0062,33,0.8714,12,10,0.771,0.9363
PRJ3-02336,Lakeview Office Campus 2336,Commercial,Northeast,NY,Private,Cost Plus,IPD,Very High,Moderate,Fast,2023-06-13,2024-05-03,2024,48352600,657,0.496,0.4764,0.9755,0.9879,0.0033,13,1.0164,7,13,0.948,0.9839
PRJ3-02337,Gateway Retail Center 2337,Commercial,Southeast,NC,Public,Unit Price,Design-Bid-Build,High,High,Standard,2024-07-10,2025-05-22,2025,130827400,620,0.51,0.4906,0.9605,0.9224,-0.0021,12,0.9527,4,11,0.58,0.9515
PRJ3-02338,Riverside Neighborhood 2338,Residential,Mountain,ID,Public-Private Partnership,Guaranteed Maximum Price,Design-Build,High,Moderate,Slow,2024-11-09,2025-04-28,2025,37295900,449,0.379,0.3619,0.9367,0.9523,0.0365,8,0.9235,36,15,0.312,0.9582
PRJ3-02339,Riverside Process Plant 2339,Industrial,Southeast,FL,Private,Guaranteed Maximum Price,Design-Build,Very High,Moderate,Fast,2024-04-10,2025-01-20,2025,65974500,671,0.426,0.3504,0.973,0.8956,0.0071,51,0.9095,20,23,0.962,0.9702
PRJ3-02340,Copper Civic Complex 2340,Institutional,Mountain,UT,Public,Unit Price,CMAR,Moderate,Low,Standard,2020-11-03,2021-08-03,2021,64476800,673,0.406,0.393,0.9917,0.9728,0.0004,9,0.9577,19,15,0.581,0.9512
PRJ3-02341,Horizon Residences 2341,Residential,Midwest,MN,Private,Unit Price,IPD,Moderate,High,Standard,2022-12-11,2023-06-28,2023,26388200,430,0.465,0.4947,0.9305,1.1037,0.0417,-13,0.9917,19,11,0.354,0.9686
PRJ3-02342,Cedar Manufacturing Facility 2342,Industrial,Southeast,VA,Public,Unit Price,Design-Build,High,Low,Standard,2019-10-06,2021-04-16,2021,94765500,968,0.577,0.5073,0.8816,0.8641,0.0691,67,0.9965,30,13,0.397,0.9775
PRJ3-02343,Redwood Retail Center 2343,Commercial,West,OR,Public,Lump Sum,IPD,Very High,Moderate,Fast,2021-08-05,2022-05-06,2022,46870600,720,0.381,0.4172,1.0036,1.12,0.0143,-26,0.902,10,0,0.829,0.9573
PRJ3-02344,Liberty Neighborhood 2344,Residential,Southwest,AZ,Private,Guaranteed Maximum Price,Design-Build,Moderate,Low,Fast,2020-08-20,2021-11-02,2021,40900600,817,0.538,0.5309,1.0035,0.9634,0.0048,6,1.1016,0,0,0.402,0.9655
PRJ3-02345,Harbor Bridge Program 2345,Heavy Civil,Midwest,MN,Private,Unit Price,Design-Build,High,Low,Standard,2019-08-22,2021-02-21,2021,220882200,1097,0.501,0.4722,0.8523,0.9614,0.0959,32,0.9646,7,6,0.852,0.9607
PRJ3-02346,Lakeview Transit Program 2346,Infrastructure,Southeast,FL,Public,Cost Plus,Design-Bid-Build,High,Moderate,Standard,2018-01-03,2019-07-10,2019,172728300,1247,0.444,0.4287,0.9862,0.9531,0.0173,19,1.0056,22,10,0.632,0.9705
PRJ3-02347,Gateway Corporate Center 2347,Commercial,Mountain,ID,Public,Guaranteed Maximum Price,CMAR,Moderate,Low,Standard,2023-09-07,2024-10-13,2024,60586800,791,0.509,0.4675,0.9736,0.9147,0.0235,33,0.9927,1,12,0.672,0.9663
PRJ3-02348,Summit Education Center 2348,Institutional,Midwest,OH,Private,Unit Price,Design-Build,Very High,Moderate,Standard,2021-12-10,2023-05-13,2023,140755600,913,0.569,0.4891,0.9465,0.8705,0.0323,73,0.9336,0,15,1.054,0.9671
PRJ3-02349,Evergreen Highway Improvements 2349,Heavy Civil,Northeast,MA,Public,Cost Plus,Design-Bid-Build,High,Moderate,Standard,2020-01-16,2021-07-09,2021,173073100,1095,0.494,0.5052,0.8988,0.983,0.0831,-12,0.8854,29,18,0.296,0.9568
PRJ3-02350,Canyon Housing 2350,Residential,Southeast,FL,Private,Lump Sum,Design-Bid-Build,High,Moderate,Standard,2022-02-15,2022-05-16,2022,142132900,258,0.352,0.3201,0.9626,0.9645,0.0069,8,0.9591,8,18,0.563,0.9801
PRJ3-02351,Summit Office Campus 2351,Commercial,Midwest,MO,Public,Lump Sum,Design-Build,Moderate,Moderate,Fast,2018-04-06,2019-01-26,2019,90361500,823,0.359,0.3702,0.9119,1.0924,0.0187,-9,1.0431,0,11,0.498,0.9588
PRJ3-02352,Harbor Bridge Program 2352,Heavy Civil,Mountain,WY,Private,Cost Plus,IPD,High,Low,Fast,2024-03-24,2025-08-06,2025,164509300,1137,0.44,0.4177,0.9174,0.9397,0.0157,25,0.9722,19,13,0.898,0.9721
PRJ3-02353,Copper Apartments 2353,Residential,Southwest,TX,Public-Private Partnership,Unit Price,Design-Bid-Build,Moderate,Moderate,Fast,2024-10-09,2025-02-25,2025,53278200,379,0.369,0.3533,0.9997,0.9399,0.0001,6,1.0893,3,14,0.563,0.962
PRJ3-02354,Northstar Highway Improvements 2354,Heavy Civil,Southeast,TN,Private,Guaranteed Maximum Price,CMAR,High,High,Slow,2023-12-23,2024-12-23,2024,320987300,907,0.404,0.362,0.923,0.9215,0.0355,38,0.8928,2,29,0.846,0.9494
PRJ3-02355,Horizon Bridge Program 2355,Heavy Civil,Southwest,TX,Public,Lump Sum,CMAR,Moderate,Low,Standard,2023-06-19,2024-06-05,2024,545718300,672,0.524,0.4944,0.9966,0.9009,0.0107,20,1.0324,26,5,0.723,0.9642
PRJ3-02356,Pioneer Distribution Hub 2356,Industrial,Northeast,NY,Public,Cost Plus,IPD,Moderate,High,Standard,2022-07-31,2023-10-06,2023,141938000,811,0.533,0.5413,0.958,1.0374,0.0107,-7,0.9281,20,14,0.647,0.9677
PRJ3-02357,Harbor Public Works Program 2357,Infrastructure,Mountain,UT,Private,Guaranteed Maximum Price,Design-Bid-Build,Low,High,Fast,2018-07-05,2019-12-16,2019,201880500,1182,0.448,0.4659,0.9451,1.0557,0.0052,-21,1.0091,23,10,0.138,0.954
PRJ3-02358,Crescent Civic Complex 2358,Institutional,Mountain,CO,Public,Unit Price,Design-Build,Moderate,Low,Slow,2021-03-20,2022-06-07,2022,130177000,758,0.587,0.5406,0.8591,0.9084,0.0745,35,0.8839,0,8,0.675,0.958
PRJ3-02359,Aspen Logistics Center 2359,Industrial,Southeast,FL,Private,Unit Price,CMAR,Moderate,High,Standard,2024-08-09,2025-08-11,2025,173046500,953,0.386,0.3832,0.8851,0.9622,0.0375,3,1.0101,3,32,0.635,1.0
PRJ3-02360,Lakeview Process Plant 2360,Industrial,Southeast,VA,Public,Guaranteed Maximum Price,Design-Build,High,Low,Standard,2018-01-15,2019-04-07,2019,81616700,864,0.518,0.4965,1.0058,0.9893,-0.0127,19,0.9857,36,7,0.675,0.9536
PRJ3-02361,Gateway Town Center 2361,Mixed-Use,Mountain,WY,Private,Guaranteed Maximum Price,IPD,High,High,Slow,2022-03-18,2023-04-06,2023,316205700,1042,0.369,0.3381,1.0363,0.907,-0.0052,32,0.8815,11,19,0.454,0.9776
PRJ3-02362,Cedar Civic Complex 2362,Institutional,Southeast,NC,Private,Lump Sum,Design-Build,High,High,Fast,2020-09-11,2021-08-25,2021,316517700,784,0.445,0.4337,1.0266,0.9935,0.0064,9,1.005,13,23,0.558,0.9689
PRJ3-02363,Gateway Residences 2363,Residential,Southeast,FL,Public,Guaranteed Maximum Price,Design-Bid-Build,Moderate,Low,Standard,2019-02-10,2019-12-04,2019,62741700,547,0.544,0.5112,0.8726,0.9425,0.0843,18,0.8874,22,17,0.659,0.9574
PRJ3-02364,Granite Public Works Program 2364,Infrastructure,Northeast,MA,Private,Lump Sum,CMAR,Very High,Moderate,Fast,2024-05-15,2025-07-11,2025,79877000,1132,0.373,0.3864,1.006,1.0173,0.0008,-15,0.916,10,7,0.759,0.9356
PRJ3-02365,Lakeview Corporate Center 2365,Commercial,Southwest,AZ,Public,Guaranteed Maximum Price,IPD,Very High,High,Slow,2019-11-05,2020-11-15,2020,48597700,648,0.581,0.5964,1.0089,0.9608,0.0028,-10,0.9383,26,20,0.792,0.9545
PRJ3-02366,Redwood Town Center 2366,Mixed-Use,West,OR,Private,Lump Sum,CMAR,Moderate,High,Slow,2020-02-12,2021-05-27,2021,240063700,930,0.506,0.4956,0.9522,0.9058,0.0287,10,0.9692,22,2,0.654,0.958
PRJ3-02367,Northstar Highway Improvements 2367,Heavy Civil,Southeast,NC,Private,Cost Plus,IPD,Low,Low,Standard,2022-05-23,2023-07-27,2023,228996600,1046,0.412,0.3567,0.9157,0.8579,0.024,58,0.9191,2,15,0.587,0.9492
PRJ3-02368,Copper Town Center 2368,Mixed-Use,Midwest,IL,Public,Lump Sum,Design-Bid-Build,High,Moderate,Standard,2024-03-15,2025-07-21,2025,227232300,1035,0.477,0.4184,0.9486,0.9153,0.0054,61,0.9514,0,13,0.507,0.9882
PRJ3-02369,Northstar Logistics Center 2369,Industrial,Southeast,VA,Private,Guaranteed Maximum Price,CMAR,Moderate,Moderate,Standard,2021-03-24,2022-06-14,2022,54724700,779,0.574,0.5486,0.9325,0.9748,0.0559,20,1.0234,0,15,0.233,0.9714
PRJ3-02370,Evergreen Corporate Center 2370,Commercial,West,CA,Public,Unit Price,Design-Build,High,Moderate,Standard,2023-08-11,2024-04-11,2024,83804100,645,0.379,0.3631,1.0403,0.9623,0.0025,10,0.9305,21,0,0.562,0.9684
PRJ3-02371,Riverside Neighborhood 2371,Residential,West,NV,Public,Lump Sum,IPD,Moderate,Low,Slow,2018-11-01,2019-06-20,2019,65614000,470,0.493,0.5185,0.9342,1.0179,0.026,-12,0.9788,16,0,0.589,0.9573
PRJ3-02372,Northstar Research Facility 2372,Institutional,West,CA,Private,Unit Price,Design-Bid-Build,High,Low,Standard,2018-12-16,2020-01-11,2020,145591700,873,0.448,0.377,0.9966,0.8864,0.0099,62,0.8854,29,9,0.663,0.9718
PRJ3-02373,Mesa Civic Complex 2373,Institutional,Mountain,WY,Private,Unit Price,Design-Bid-Build,Moderate,High,Standard,2024-03-04,2025-02-13,2025,203852100,721,0.481,0.5192,0.9142,1.0502,0.044,-28,1.0106,4,3,0.224,0.9622
PRJ3-02374,Northstar Housing 2374,Residential,Northeast,PA,Public,Cost Plus,Design-Bid-Build,Moderate,Moderate,Slow,2018-12-12,2019-08-03,2019,37680600,589,0.398,0.3836,0.8244,0.9408,0.0838,8,0.9482,24,23,0.812,0.9751
PRJ3-02375,Horizon Neighborhood 2375,Residential,Southeast,TN,Public,Lump Sum,CMAR,High,Low,Standard,2024-04-02,2024-12-15,2024,45738300,586,0.44,0.4411,0.9362,1.0063,0.0273,-1,0.8268,13,15,0.7,0.9473
PRJ3-02376,Horizon Research Facility 2376,Institutional,Midwest,MI,Public-Private Partnership,Guaranteed Maximum Price,IPD,Moderate,High,Fast,2018-11-10,2019-08-13,2019,337567400,574,0.481,0.5472,1.0762,1.112,-0.0512,-38,1.052,0,10,0.096,0.9588
PRJ3-02377,Mesa Highway Improvements 2377,Heavy Civil,Midwest,IL,Private,Unit Price,CMAR,Moderate,Moderate,Fast,2024-04-10,2025-08-16,2025,125189900,1225,0.403,0.4246,0.9616,0.9781,0.0412,-26,0.9575,4,17,0.48,0.9936
PRJ3-02378,Granite Corporate Center 2378,Commercial,Southwest,NM,Private,Unit Price,Design-Bid-Build,Moderate,Moderate,Slow,2022-03-12,2023-01-18,2023,59585100,524,0.597,0.5159,0.8729,0.8201,0.0813,42,0.8802,15,0,0.394,0.9608
PRJ3-02379,Liberty Research Facility 2379,Institutional,Southeast,GA,Private,Cost Plus,Design-Bid-Build,Low,Low,Standard,2022-02-10,2023-01-04,2023,94046900,667,0.493,0.4931,0.9059,0.983,0.0486,0,0.9723,21,4,0.5,0.9613
PRJ3-02380,Canyon Civic Complex 2380,Institutional,Southeast,GA,Private,Unit Price,Design-Bid-Build,Very High,Low,Fast,2022-10-20,2023-09-23,2023,141318800,718,0.472,0.4431,0.8725,0.933,0.0797,21,0.962,29,8,0.669,0.9505
PRJ3-02381,Evergreen Public Works Program 2381,Infrastructure,Mountain,CO,Public,Cost Plus,Design-Build,High,Moderate,Standard,2023-01-16,2025-03-09,2025,520370300,1348,0.581,0.5351,0.9936,0.9299,0.0066,62,1.0044,25,13,0.366,0.9696
PRJ3-02382,Evergreen Water Program 2382,Heavy Civil,Midwest,OH,Private,Guaranteed Maximum Price,Design-Bid-Build,Moderate,Moderate,Fast,2020-01-18,2021-04-16,2021,400447500,1116,0.407,0.3961,0.9872,0.959,-0.0115,12,0.9167,0,14,0.7,0.9536
PRJ3-02383,Cedar District 2383,Mixed-Use,Southeast,FL,Public,Cost Plus,CMAR,Low,High,Standard,2019-10-21,2020-07-04,2020,220802900,693,0.371,0.4366,0.9665,1.1037,0.0045,-45,1.0706,7,7,0.332,0.9738
PRJ3-02384,Liberty District 2384,Mixed-Use,Midwest,MI,Public,Unit Price,CMAR,Low,Low,Slow,2018-02-06,2019-09-02,2019,256567500,996,0.576,0.4693,0.8157,0.8484,0.0977,106,1.0184,39,23,0.673,0.9586
PRJ3-02385,Summit Civic Complex 2385,Institutional,West,OR,Private,Lump Sum,CMAR,Moderate,Moderate,Standard,2024-06-05,2025-04-09,2025,143718000,660,0.468,0.465,0.9372,0.9219,0.0262,2,0.9494,6,15,0.85,0.9797
PRJ3-02386,Redwood Urban Village 2386,Mixed-Use,West,NV,Private,Cost Plus,CMAR,High,High,Standard,2023-09-05,2025-05-13,2025,268339800,1104,0.558,0.5946,0.9242,1.0346,0.0387,-40,1.0337,12,4,0.675,0.9672
PRJ3-02387,Summit Apartments 2387,Residential,West,WA,Private,Lump Sum,Design-Build,Very High,Low,Fast,2021-01-10,2021-07-28,2021,131824700,529,0.377,0.3262,0.9878,0.9078,-0.0026,27,0.9144,1,0,0.709,0.9595
PRJ3-02388,Aspen Bridge Program 2388,Heavy Civil,West,OR,Private,Unit Price,Design-Build,Moderate,Moderate,Slow,2019-08-10,2021-05-28,2021,71770900,1227,0.536,0.5498,0.9581,1.009,0.0378,-17,0.9063,2,0,0.994,0.9707
PRJ3-02389,Aspen Distribution Hub 2389,Industrial,Northeast,NJ,Private,Guaranteed Maximum Price,Design-Build,High,Moderate,Standard,2023-06-16,2024-10-12,2024,269388800,863,0.561,0.5105,0.9425,0.9201,0.0326,44,1.0744,11,19,0.616,0.9722
PRJ3-02390,Evergreen Public Works Program 2390,Infrastructure,Southeast,VA,Public,Cost Plus,Design-Build,Moderate,Moderate,Standard,2023-05-08,2024-07-08,2024,342871600,1179,0.363,0.3006,0.9851,0.9307,-0.0044,74,0.9787,8,14,0.585,0.9705
PRJ3-02391,Riverside Highway Improvements 2391,Heavy Civil,West,NV,Private,Lump Sum,CMAR,Moderate,High,Fast,2019-11-05,2021-08-07,2021,129282700,1227,0.523,0.4913,1.0456,0.9109,-0.0117,39,1.0342,0,0,0.555,0.973
PRJ3-02392,Crescent Urban Village 2392,Mixed-Use,Southwest,AZ,Private,Cost Plus,Design-Build,Low,Moderate,Standard,2019-08-09,2021-01-28,2021,177481500,1050,0.513,0.5261,0.9833,1.0491,0.0157,-14,1.0003,10,11,0.68,0.9726
PRJ3-02393,Granite Marketplace 2393,Commercial,West,OR,Private,Lump Sum,Design-Build,Moderate,Moderate,Slow,2024-08-01,2025-10-21,2025,153947500,815,0.548,0.4668,0.9609,0.901,0.0007,66,0.9608,23,0,0.607,0.9845
PRJ3-02394,Mesa Research Facility 2394,Institutional,West,WA,Private,Guaranteed Maximum Price,Design-Bid-Build,Moderate,High,Fast,2022-05-04,2023-07-28,2023,122928400,816,0.552,0.5323,1.15,0.9281,-0.0855,16,1.0414,12,13,0.437,0.9829
PRJ3-02395,Evergreen Marketplace 2395,Commercial,Northeast,CT,Private,Guaranteed Maximum Price,CMAR,High,High,Standard,2020-01-20,2020-11-11,2020,52828300,608,0.487,0.4787,0.9744,0.9826,0.0265,5,1.0856,12,15,0.238,0.9822
PRJ3-02396,Copper Office Campus 2396,Commercial,Northeast,NJ,Public-Private Partnership,Unit Price,Design-Build,High,Moderate,Fast,2025-01-04,2025-12-25,2025,96176100,713,0.498,0.4765,1.0299,0.9768,-0.0395,15,0.9349,10,28,0.087,0.9521
PRJ3-02397,Riverside Process Plant 2397,Industrial,Mountain,CO,Private,Lump Sum,IPD,Low,Low,Standard,2022-11-07,2023-11-16,2023,415583400,700,0.535,0.4794,0.9982,0.9214,-0.0162,39,1.0499,7,4,0.505,0.9695
PRJ3-02398,Mesa Bridge Program 2398,Heavy Civil,Northeast,NJ,Private,Cost Plus,Design-Bid-Build,High,Moderate,Slow,2023-11-01,2024-10-27,2024,97636100,1031,0.351,0.3046,0.862,0.8718,0.0437,48,0.8868,13,20,0.922,0.9494
PRJ3-02399,Crescent Transit-Oriented Development 2399,Mixed-Use,Southeast,TN,Private,Cost Plus,CMAR,Moderate,High,Standard,2019-03-08,2020-06-15,2020,121736400,960,0.485,0.4542,0.9805,0.931,0.0104,30,1.1472,33,10,0.746,0.9755
PRJ3-02400,Cedar District 2400,Mixed-Use,Southeast,GA,Public,Unit Price,Design-Bid-Build,Moderate,High,Slow,2019-04-09,2019-11-17,2019,204377000,560,0.398,0.3383,0.9288,0.8766,0.0139,33,0.8795,14,9,0.649,0.9449
