Project_ID,RFI_Count_to_Date,RFI_Count_per_10M,Avg_RFI_Response_Days,RFI_On_Time_Rate,Overdue_RFI_Rate,High_Critical_Overdue_Rate,RFI_Revision_Rate,RFI_Reopen_Rate,RFI_to_Change_Rate,Approved_Change_Value_Pct_Budget,Pending_Change_Exposure_Pct_Budget,Change_Approval_Cycle_Days,Old_Pending_Change_Rate,Forecast_Incorporation_Lag_Days,Contingency_Utilization_Pct,Revision_Loop_Rate,Workflow_Handoff_Rate,Workflow_Risk_Score_Snapshot
PRJ3-00001,90,5.018,8.369,0.3527,0.3117,0.0834,0.1331,0.0468,0.2094,0.0184,0.014,24.186,0.2549,2.938,0.2891,0.2169,0.3613,3
PRJ3-00002,133,4.496,10.566,0.3348,0.4097,0.0716,0.108,0.0267,0.1206,0.0238,0.0017,11.092,0.1871,0.465,0.1111,0.2348,0.3374,2
PRJ3-00003,65,5.217,8.835,0.3278,0.2951,0.0998,0.177,0.0868,0.2244,0.0068,0.0429,24.067,0.3396,5.362,0.4106,0.2698,0.4326,4
PRJ3-00004,26,4.535,10.169,0.3059,0.4179,0.1373,0.1295,0.0582,0.2123,0.0282,0.0301,10.747,0.0566,2.75,0.1683,0.1339,0.1914,3
PRJ3-00005,86,3.626,4.96,0.6782,0.1088,0.023,0,0.0038,0.0492,0.0161,0.0072,17.204,0.2961,8.113,0.1139,0.1805,0.2685,2
PRJ3-00006,56,4.691,8.276,0.4243,0.3198,0.0678,0.086,0.0074,0.1277,0.0269,0.0057,15.694,0.3109,1.697,0.163,0.3015,0.188,2
PRJ3-00007,124,4.162,7.269,0.3647,0.2927,0.075,0.0348,0.0435,0.0711,0.0125,0.0171,12.947,0.1334,1.449,0.03,0.1716,0.2681,2
PRJ3-00008,57,4.268,6.158,0.3667,0.271,0.0725,0.06,0.0762,0.0936,0.0167,0.0035,11.871,0.2258,3.005,0.3159,0.1732,0.4338,1
PRJ3-00009,96,4.691,14.102,0.08,0.5084,0.0931,0.0378,0.0267,0.0952,0.0201,0.0115,9.752,0.1474,6.334,0.2328,0.1429,0.3487,4
PRJ3-00011,50,5.203,8.9,0.2275,0.3243,0.0834,0.0124,0,0.2443,0.0266,0.0267,28.457,0.3287,7.87,0.2655,0.1756,0.3949,4
PRJ3-00012,52,6.246,11.746,0.1192,0.3233,0.0914,0.115,0.0318,0.2625,0.0616,0.0385,21.338,0.2802,7.834,0.4072,0.3567,0.4036,5
PRJ3-00013,92,6.373,10.122,0.2445,0.324,0.0919,0.1826,0.0622,0.2684,0.0606,0.0317,24.253,0.3381,4.168,0.5504,0.3313,0.3051,4
PRJ3-00014,30,8.215,10.366,0.161,0.3413,0.1108,0.2712,0.07,0.1626,0.0308,0.0338,28.527,0.3445,2.611,0.362,0.335,0.4744,4
PRJ3-00015,4,4.252,12.2,0.08,0.4244,0.1013,0.0999,0.0502,0.02,0.0025,0.005,14.556,0.2083,4.371,0.249,0.1717,0.2922,3
PRJ3-00016,72,5.14,6.076,0.3666,0.2508,0.058,0.0636,0.0181,0.1184,0.0601,0.037,23.799,0.3715,5.297,0.4996,0.3209,0.4961,4
PRJ3-00017,109,5.997,6.69,0.4323,0.3086,0.0929,0.1107,0.0315,0.3098,0.0478,0.0338,22.268,0.3097,7.013,0.3558,0.2342,0.3638,4
PRJ3-00018,51,5.416,7.081,0.3752,0.3032,0.0696,0.2054,0.0824,0.2466,0.0291,0.0394,30.825,0.4223,2.785,0.3573,0.33,0.4508,4
PRJ3-00019,18,3.305,8.847,0.2564,0.3728,0.0973,0.1186,0.0477,0.26,0.0125,0,14.643,0.1235,1.273,0.1686,0.1308,0.2536,1
PRJ3-00020,59,6.252,11.789,0.08,0.3742,0.1154,0.1172,0.0311,0.0542,0.0094,0.0244,25.161,0.3883,11.426,0.3171,0.2232,0.3576,5
PRJ3-00021,54,4.517,4.699,0.3874,0.1947,0.0639,0.0899,0.0175,0.2734,0.0214,0.0304,20.731,0.2694,6.519,0.3234,0.2872,0.3648,3
PRJ3-00022,13,4.898,12.663,0.0913,0.5698,0.1285,0.1534,0.0414,0.247,0.0392,0.019,26.135,0.4249,2.669,0.4274,0.1829,0.3587,4
PRJ3-00023,100,4.757,5.513,0.369,0.2501,0.067,0.1626,0.066,0.1658,0.0494,0.0287,17.906,0.1741,0.39,0.3555,0.1906,0.1771,2
PRJ3-00024,20,3.338,7.019,0.4519,0.269,0.0404,0.0996,0.0605,0.02,0,0.0201,24.998,0.2872,1.952,0.2054,0.1688,0.2833,2
PRJ3-00025,68,5.966,9.943,0.1762,0.3809,0.0645,0.0991,0.0315,0.2548,0.0435,0.019,15.262,0.3269,1.892,0.2854,0.1948,0.3438,3
PRJ3-00026,29,3.229,9.215,0.3038,0.3744,0.0978,0.0699,0.031,0.0809,0.0129,0.0009,26.654,0.3932,6.801,0.135,0.212,0.2488,3
PRJ3-00027,100,6.122,14.769,0.08,0.4376,0.0794,0.1892,0.0456,0.2017,0.0358,0.0551,29.534,0.3635,5.445,0.3488,0.2879,0.3477,6
PRJ3-00028,34,7.835,9.681,0.1824,0.3163,0.0727,0.1117,0.0397,0.232,0.0308,0.0195,14.103,0.1176,2.942,0.1736,0.1224,0.3989,2
PRJ3-00029,103,5.533,8.95,0.2263,0.3893,0.0886,0.0872,0.0278,0.2457,0.0554,0.0396,26.003,0.3186,6.378,0.4859,0.179,0.2933,4
PRJ3-00030,58,6.268,8.631,0.3433,0.4184,0.1004,0.2428,0.0464,0.1257,0.0149,0.0059,30.172,0.2649,7.212,0.2524,0.3349,0.2896,4
PRJ3-00031,53,6.288,11.189,0.08,0.4234,0.1025,0.1413,0.0621,0.2239,0.0622,0,24.318,0.3518,2.5,0.3957,0.2792,0.4109,3
PRJ3-00032,240,4.136,4.477,0.4052,0.1187,0.0596,0.135,0.0657,0.355,0.0636,0.0387,28.011,0.2988,7.396,0.4899,0.3079,0.2928,4
PRJ3-00033,23,4.296,5.035,0.3801,0.1933,0.0239,0.0189,0.0001,0.0475,0.0184,0.0096,21.774,0.3539,2.869,0.3611,0.2018,0.3613,2
PRJ3-00034,106,8.22,14.914,0.08,0.595,0.1517,0.2155,0.0654,0.2764,0.0454,0.0628,35.6,0.4854,10.258,0.5282,0.3532,0.3101,8
PRJ3-00035,31,9.944,9.978,0.1599,0.3597,0.1197,0.0674,0.034,0.2841,0.0367,0.0156,20.37,0.2855,6.59,0.309,0.1578,0.3765,3
PRJ3-00036,28,3.546,10.202,0.2833,0.3618,0.0877,0.065,0.026,0.0588,0.0229,0.0092,18.989,0.2543,2.303,0.2506,0.1721,0.4082,2
PRJ3-00037,8,2.576,7.203,0.3594,0.3349,0.118,0.0485,0.0121,0.0998,0.0395,0,22.529,0.261,0,0.3574,0.1606,0.3069,1
PRJ3-00038,47,3.265,4.592,0.5352,0.1759,0.0427,0.1192,0.0607,0.0532,0.041,0,13.121,0.1624,4.411,0.175,0.1687,0.1683,1
PRJ3-00039,80,6.137,10.955,0.1921,0.3719,0.1014,0.0937,0.0492,0.2888,0.0547,0.0464,25.947,0.271,4.36,0.4017,0.2238,0.3635,5
PRJ3-00040,193,5.046,8.468,0.2317,0.3138,0.1033,0.0709,0.0056,0.0362,0.029,0.0347,33.058,0.496,10.216,0.4662,0.2207,0.4041,5
PRJ3-00041,32,3.133,5.944,0.4686,0.2758,0.0583,0.0118,0.0224,0.0482,0,0.0075,5,0.0523,2.838,0.1194,0.0002,0.3452,1
PRJ3-00042,64,5.229,6.011,0.4321,0.2258,0.0521,0.0813,0.0075,0.0539,0.0375,0.0414,15.74,0.3695,9.826,0.1458,0.136,0.3097,4
PRJ3-00043,22,6.697,2,0.6488,0.1384,0.0806,0.0853,0.0707,0.0997,0.0094,0,9.21,0.2057,0.546,0.2476,0.1053,0.3126,1
PRJ3-00044,28,5.592,7.107,0.2686,0.2531,0.1013,0.1448,0.0675,0.1098,0.0452,0.0196,15.291,0.3406,5.451,0.219,0.2104,0.2516,2
PRJ3-00045,23,4.982,2.332,0.4975,0.0879,0.0176,0.1535,0.0591,0.0732,0.0118,0.0019,18.666,0.1996,1.802,0.0981,0.2081,0.2936,1
PRJ3-00046,85,4.534,2,0.6265,0.084,0.0444,0.0929,0.0237,0.1152,0.0172,0.0041,14.825,0.2014,0,0.234,0.1717,0.2714,1
PRJ3-00047,65,4.85,4.712,0.6382,0.1625,0.0287,0.1053,0.021,0.1209,0.0242,0.0059,20.339,0.2465,0,0.2858,0.2361,0.2664,1
PRJ3-00048,44,4.876,7.017,0.3505,0.2844,0.0489,0.1201,0.051,0.1795,0.0433,0,5,0.1334,11.388,0.197,0.0883,0.4739,2
PRJ3-00049,6,3.562,6.619,0.4111,0.3133,0.0758,0.0706,0.0399,0.0753,0.0472,0.0137,21.907,0.2218,1.872,0.1798,0.2385,0.3406,2
PRJ3-00050,91,5.28,9.0,0.2366,0.3584,0.0969,0.1414,0.0612,0.078,0.0223,0.0304,13.245,0.0939,3.698,0.4255,0.1224,0.2806,3
PRJ3-00051,56,5.215,7.875,0.2333,0.3013,0.0509,0.105,0.056,0.1487,0.0113,0.0332,21.457,0.3846,7.725,0.2251,0.152,0.1587,3
PRJ3-00052,22,5.288,12.439,0.08,0.482,0.0912,0.178,0.0786,0.3128,0.0237,0.0323,19.24,0.1807,1.382,0.2391,0.1943,0.349,4
PRJ3-00053,193,4.89,7.953,0.4286,0.3366,0.0633,0.0535,0.0601,0.1163,0,0.0079,34.028,0.3094,5.475,0.1491,0.2561,0.3091,3
PRJ3-00054,52,5.089,2.8,0.5378,0.1192,0.0466,0.0097,0,0.1407,0.0316,0,14.012,0.2369,4.881,0.2615,0.1513,0.2646,1
PRJ3-00055,48,6.562,13.082,0.0825,0.5519,0.1208,0.1392,0.0371,0.2189,0.0307,0.0251,34.886,0.4054,8.625,0.5002,0.3002,0.4042,6
PRJ3-00056,99,4.291,7.681,0.4738,0.2251,0.0873,0.0879,0.0754,0.0869,0.027,0,11.151,0.1635,0.276,0.3198,0.1133,0.3397,1
PRJ3-00057,64,3.835,10.657,0.2133,0.4301,0.0824,0.0315,0.0341,0.0328,0.0363,0.0072,16.93,0.1855,0,0.1847,0.1845,0.2803,2
PRJ3-00058,33,4.218,4.532,0.5626,0.1198,0.0841,0.0854,0.0319,0.1215,0.0208,0,21.366,0.3358,2.979,0.1915,0.1473,0.3987,1
PRJ3-00059,112,5.646,9.074,0.1455,0.3267,0.0921,0.1261,0.0872,0.2298,0.0837,0.0167,21.966,0.2308,5.454,0.2438,0.2766,0.3392,3
PRJ3-00060,50,4.787,7.948,0.2873,0.321,0.0779,0,0.0233,0.0617,0,0.0105,32.846,0.3902,0.633,0.1542,0.2859,0.3083,3
PRJ3-00061,142,5.331,5.407,0.334,0.2543,0.1039,0.1424,0.0375,0.2237,0.0452,0.03,22.716,0.2986,6.311,0.3619,0.2461,0.2717,3
PRJ3-00062,64,5.42,5.011,0.5158,0.2783,0.1361,0.1038,0.0343,0.305,0.0466,0.026,20.174,0.2577,2.419,0.2134,0.1806,0.3889,3
PRJ3-00063,240,4.356,8.36,0.3798,0.3298,0.0513,0.1293,0.048,0.1761,0.0423,0.0321,15.859,0.1757,5.766,0.2539,0.2578,0.3527,3
PRJ3-00064,71,6.357,13.692,0.08,0.39,0.1263,0.3188,0.102,0.2934,0.0605,0.0334,29.595,0.3482,3.23,0.5033,0.359,0.2319,5
PRJ3-00065,21,2.822,7.423,0.502,0.2504,0.0706,0.1165,0.0331,0.1179,0.054,0.0359,12.668,0.2247,4.453,0.4683,0.1768,0.1435,3
PRJ3-00066,157,5.999,11.344,0.08,0.4614,0.1068,0.1502,0.0519,0.152,0.0466,0.028,30.72,0.374,9.594,0.3869,0.2777,0.321,5
PRJ3-00067,89,4.17,6.913,0.32,0.2859,0.0965,0,0,0.0749,0.0123,0.0058,6.536,0.1062,3.376,0.1617,0.0982,0.331,2
PRJ3-00068,74,4.148,5.853,0.3615,0.3203,0.0613,0.2076,0.049,0.0621,0.0018,0.0301,16.903,0.248,2.533,0.0697,0.2561,0.3427,3
PRJ3-00069,24,5.978,8.658,0.2326,0.3355,0.0951,0.2692,0.0475,0.1581,0.0373,0.0223,24.081,0.3067,5.581,0.3055,0.2859,0.4517,3
PRJ3-00070,87,6.372,12.406,0.08,0.4444,0.0876,0.1516,0.0671,0.2406,0.0398,0.0227,23.4,0.3462,3.985,0.3259,0.3149,0.3471,4
PRJ3-00071,51,4.549,9.613,0.212,0.2973,0.0545,0.1389,0.0379,0.2769,0.0501,0.005,14.364,0.2724,4.95,0.289,0.165,0.3712,2
PRJ3-00072,82,5.041,7.372,0.294,0.1207,0.0573,0.2211,0.0519,0.1969,0.049,0.0368,15.117,0.1891,5.319,0.2654,0.2759,0.3335,3
PRJ3-00073,143,6.282,8.857,0.5204,0.4585,0.1164,0.1182,0.0034,0.3387,0.0514,0.0179,13.868,0.1708,3.086,0.3468,0.1617,0.4239,3
PRJ3-00074,126,6.354,6.651,0.358,0.3251,0.113,0.1803,0.0211,0.2602,0.0404,0.0318,28.962,0.2607,8.149,0.3815,0.3259,0.4771,4
PRJ3-00075,19,2.843,9.059,0.1448,0.4175,0.1098,0.0118,0.0085,0.0972,0.0242,0.0274,10.765,0.1144,3.592,0.2136,0.0864,0.336,3
PRJ3-00076,12,3.585,8.238,0.3853,0.3424,0.0953,0.0975,0.0183,0.0556,0.0411,0.0126,15.624,0.2169,0.111,0.2474,0.1345,0.1737,2
PRJ3-00077,17,3.949,3.879,0.4679,0.1632,0.0661,0.0818,0.0217,0.1067,0.0346,0.0117,18.548,0.2527,3.706,0.3357,0.1905,0.3321,2
PRJ3-00078,29,4.598,5.652,0.4895,0.2738,0.0537,0.0338,0.0103,0.0405,0.0507,0.0144,30.307,0.4711,4.96,0.0687,0.1811,0.2183,3
PRJ3-00079,80,4.532,7.772,0.3775,0.3538,0.0566,0.0369,0.0482,0.107,0.0197,0.037,28.056,0.3489,0.864,0.3327,0.1915,0.3574,3
PRJ3-00080,53,4.837,8.77,0.2823,0.3955,0.0605,0.1143,0.0742,0.0676,0.0252,0.0455,9.695,0.2122,4.458,0.4365,0.1314,0.4436,4
PRJ3-00081,59,4.702,7.727,0.435,0.2318,0.0602,0.119,0.0672,0.0349,0.0131,0.013,8.049,0.1724,4.636,0.4308,0.1271,0.4049,2
PRJ3-00082,83,4.674,5.745,0.5152,0.2425,0.079,0.1024,0,0.0487,0.0575,0.0112,15.846,0.1393,0.7,0.2089,0.1842,0.2957,1
PRJ3-00083,116,5.405,8.989,0.2432,0.3232,0.0591,0.1468,0.0725,0.1366,0,0.0087,12.38,0.2148,1.883,0.2489,0.1562,0.3629,2
PRJ3-00084,48,4.985,11.789,0.08,0.4712,0.0771,0.1317,0.0342,0.0569,0.0725,0.0159,18.082,0.4044,7.858,0.2993,0.1216,0.2738,4
PRJ3-00085,44,4.924,8.711,0.2832,0.2219,0.0908,0.1271,0.0616,0.0653,0,0.0289,21.114,0.1798,6.62,0.0504,0.248,0.2637,3
PRJ3-00086,87,4.133,8.416,0.2102,0.2455,0.0778,0.0677,0.0407,0.1144,0.0285,0,20.851,0.206,0.868,0.266,0.2604,0.2863,1
PRJ3-00087,46,3.612,6.211,0.2622,0.2393,0.0664,0.0704,0.0694,0.2023,0.0103,0.0063,23.329,0.2595,5.878,0.3245,0.2339,0.3051,2
PRJ3-00088,73,6.517,15.538,0.08,0.5584,0.1477,0.2066,0.0354,0.2813,0.0424,0.0456,27.479,0.2873,3.969,0.3766,0.3039,0.3676,6
PRJ3-00089,10,2.067,4.995,0.4357,0.155,0.0544,0.0745,0.0214,0.1982,0,0.0246,5,0.0821,2.658,0.2192,0.0617,0.2837,2
PRJ3-00090,160,4.764,4.519,0.481,0.1727,0.051,0.137,0.0334,0.1367,0.0568,0.0247,15.603,0.2869,2.072,0.2153,0.2248,0.3257,2
PRJ3-00091,37,6.133,7.631,0.3745,0.3689,0.0615,0.132,0.0222,0.1499,0.0183,0.0292,25.599,0.3699,4.722,0.29,0.2712,0.4026,4
PRJ3-00092,57,5.093,9.868,0.2102,0.3873,0.0776,0.061,0.0392,0.1864,0.0618,0,32.781,0.3788,6.501,0.3362,0.1833,0.3977,3
PRJ3-00093,24,5.373,14.224,0.08,0.4674,0.1358,0.17,0.064,0.2988,0.0534,0.0311,26.674,0.277,4.143,0.3288,0.2801,0.4764,5
PRJ3-00094,128,6.5,13.736,0.08,0.5244,0.1453,0.1875,0.0541,0.1485,0.0646,0.0311,34.197,0.4283,11.66,0.4686,0.3047,0.5311,7
PRJ3-00095,71,7.75,12.39,0.161,0.3297,0.0866,0.1526,0.0713,0.2915,0.0339,0.0593,26.896,0.3223,1.298,0.2892,0.2205,0.3576,5
PRJ3-00096,64,4.437,10.155,0.2535,0.3904,0.1039,0.0984,0.0268,0.1897,0.0504,0.0462,9.092,0.1352,7.483,0.4352,0.1638,0.3828,4
PRJ3-00097,57,3.756,6.573,0.2251,0.1473,0.0561,0.0405,0.0063,0.02,0.0214,0.0009,12.258,0.1992,5.793,0.2554,0.1546,0.3276,1
PRJ3-00098,57,4.824,5.749,0.5025,0.197,0.0716,0.1655,0.0561,0.2492,0.0781,0.0379,10.062,0.2232,8.724,0.4492,0.1642,0.3974,3
PRJ3-00099,57,4.594,9.46,0.3083,0.2692,0.0533,0.1185,0.0295,0.1175,0.0171,0,10.167,0.2052,0.715,0.064,0.1747,0.3346,1
PRJ3-00100,240,3.032,7.023,0.3594,0.1964,0.0769,0.1753,0.0213,0.2503,0.0226,0.04,21.103,0.28,2.146,0.2338,0.2762,0.4292,3
PRJ3-00101,48,4.815,4.662,0.5661,0.1311,0.065,0.1078,0.0377,0.0665,0.0366,0,18.003,0.2288,4.393,0.2042,0.1608,0.2701,1
PRJ3-00102,72,5.154,8.778,0.327,0.2694,0.0764,0.0009,0.0014,0.1287,0.0546,0,20.866,0.1926,3.68,0.4115,0.0883,0.3481,2
PRJ3-00103,123,4.152,10.819,0.2386,0.393,0.0876,0.1228,0.0398,0.1524,0.0068,0.0104,22.634,0.2298,4.12,0.1833,0.1971,0.2206,3
PRJ3-00104,30,4.758,6.392,0.4264,0.2783,0.0723,0.086,0.0558,0.1171,0.0521,0.0166,6.265,0.1038,5.712,0.3386,0.1225,0.2324,2
PRJ3-00105,67,4.593,13.336,0.08,0.4228,0.0545,0.0444,0.0372,0.147,0.0453,0.0408,27.572,0.3923,9.832,0.2426,0.2521,0.2129,6
PRJ3-00106,124,6.521,13.628,0.08,0.3484,0.068,0.184,0.0935,0.2744,0.0344,0.031,27.182,0.4904,7.79,0.3856,0.265,0.3624,5
PRJ3-00107,33,8.721,15.61,0.08,0.6352,0.1347,0.2494,0.0434,0.1568,0.0374,0.0151,20.828,0.3506,1.175,0.2836,0.2281,0.3188,4
PRJ3-00108,15,2.373,8.428,0.3038,0.3332,0.0636,0.172,0.0452,0.2077,0.0473,0,20.64,0.2219,3.083,0.2679,0.2737,0.4017,2
PRJ3-00109,113,4.793,11.127,0.1489,0.2661,0.0844,0.1948,0.064,0.238,0.0452,0.0327,23.595,0.2214,6.78,0.1559,0.3248,0.4025,4
PRJ3-00110,130,5.026,9.47,0.1923,0.2679,0.0536,0.1379,0.0313,0.151,0.0334,0.0137,15.162,0.3198,0.814,0.2699,0.1673,0.3637,2
PRJ3-00111,75,5.484,8.132,0.255,0.2189,0.0274,0.0314,0.0036,0.0667,0.009,0.0368,30.052,0.3201,3.146,0.2901,0.2468,0.3735,4
PRJ3-00112,9,2.023,6.274,0.3409,0.2339,0.0565,0.0739,0.0353,0.02,0.0324,0,27.526,0.279,1.454,0.2696,0.2511,0.258,2
PRJ3-00113,105,5.225,3.959,0.4022,0.2061,0.0527,0.1413,0.0649,0.2405,0.0337,0.01,19.261,0.2369,3.761,0.1375,0.2286,0.1226,2
PRJ3-00114,102,7.547,11.875,0.2052,0.4563,0.1295,0.17,0.084,0.3401,0.0556,0.026,24.633,0.3334,5.766,0.3577,0.2941,0.415,5
PRJ3-00115,58,5.41,14.063,0.08,0.474,0.1057,0.0302,0.0171,0.2376,0.0313,0.0427,21.633,0.4194,1.403,0.3502,0.2043,0.4581,5
PRJ3-00116,66,5.29,7.314,0.1762,0.275,0.0829,0.1328,0.0221,0.2968,0.0706,0.0254,22.512,0.2429,2.175,0.3042,0.2112,0.3404,3
PRJ3-00117,64,5.294,11.367,0.1093,0.3596,0.088,0.12,0.032,0.136,0.067,0.036,34.098,0.328,4.721,0.4729,0.2408,0.3891,5
PRJ3-00118,91,5.386,6.617,0.3359,0.2374,0.0378,0.163,0.0417,0.2664,0.0498,0.0186,14.294,0.2096,4.174,0.3197,0.0986,0.2583,2
PRJ3-00119,103,4.939,7.053,0.2231,0.2499,0.0659,0.1913,0.0788,0.1962,0.0654,0.0142,9.573,0.2143,0,0.4116,0.2163,0.2487,2
PRJ3-00120,36,6.828,5.958,0.3645,0.1935,0.0677,0.2074,0.0177,0.3002,0,0.0236,24.517,0.2584,5.568,0.365,0.2442,0.4428,3
PRJ3-00121,57,4.984,10.916,0.2725,0.4489,0.1094,0.1681,0.0448,0.0838,0.0099,0.0305,34.999,0.4114,4.711,0.2857,0.3638,0.3066,5
PRJ3-00122,137,4.818,8.299,0.4414,0.3511,0.0757,0.0846,0.042,0.1429,0.0457,0,5,0.1832,5.254,0.3087,0.0868,0.2331,2
PRJ3-00123,14,2.624,8.15,0.2319,0.2573,0.0862,0.0412,0.037,0.0995,0.0208,0.0172,20.965,0.2014,0.798,0.279,0.2172,0.3755,2
PRJ3-00124,33,4.448,5.574,0.513,0.2002,0.0492,0.1122,0.0377,0.1872,0.0304,0.007,11.956,0.1387,3.248,0.1991,0.0781,0.4056,1
PRJ3-00125,62,5.388,7.396,0.4893,0.1689,0.0544,0.0907,0.0709,0.102,0.0216,0.0274,14.534,0.174,8.823,0.2786,0.1854,0.4476,3
PRJ3-00126,17,5.834,10.017,0.2362,0.2857,0.1051,0.0604,0.0211,0.1741,0.0128,0.0028,13.713,0.1212,7.07,0.0621,0.1148,0.2886,2
PRJ3-00127,77,4.499,9.937,0.192,0.3465,0.1306,0.0838,0.0344,0.1888,0.0287,0,18.831,0.0947,0.347,0.2656,0.1704,0.3003,2
PRJ3-00128,34,5.442,10.092,0.1345,0.4607,0.0832,0.1848,0.0331,0.0577,0.0213,0.0153,25.309,0.3115,6.271,0.2002,0.2441,0.1337,4
PRJ3-00129,15,3.195,10.086,0.183,0.3854,0.0859,0.1391,0.0359,0.1566,0,0.0155,17.681,0.2414,4.873,0.1871,0.2532,0.3882,3
PRJ3-00130,82,6.924,8.534,0.2251,0.2764,0.0809,0.1458,0.0627,0.1687,0.063,0.0471,39.548,0.4772,1.504,0.4107,0.3519,0.4285,5
PRJ3-00131,83,5.62,6.139,0.5648,0.2713,0.0652,0.0869,0.0261,0.2404,0.0246,0.0572,21.578,0.17,7.397,0.2331,0.2142,0.2793,4
PRJ3-00132,48,4.533,6.175,0.4666,0.2778,0.0714,0.0856,0.032,0.0608,0.0461,0.0296,22.346,0.2243,6.529,0.3669,0.2153,0.3608,3
PRJ3-00133,74,4.092,6.013,0.4994,0.2018,0.0329,0.0051,0.0295,0.02,0.0128,0.0118,14.318,0.2727,0.998,0.2068,0.1235,0.3207,1
PRJ3-00135,43,6.44,6.35,0.4015,0.215,0.0644,0.0782,0.0448,0.2039,0.0422,0.0132,23.99,0.1976,5.543,0.247,0.1356,0.4317,2
PRJ3-00136,61,4.712,4.128,0.5078,0.1883,0.098,0.1489,0.0686,0.158,0.034,0,12.591,0.099,3.654,0.2119,0.2651,0.3958,1
PRJ3-00137,40,5.031,5.99,0.609,0.2801,0.0614,0.1387,0.0286,0.1094,0.0275,0.0396,28.932,0.3341,4.139,0.3103,0.2604,0.4061,4
PRJ3-00138,51,5.534,7.677,0.2672,0.3575,0.1264,0.1138,0.0269,0.3059,0.0677,0.0221,18.805,0.2201,6.773,0.5344,0.2047,0.4284,3
PRJ3-00139,25,3.931,8.794,0.3813,0.3862,0.0951,0.1002,0.0319,0.1504,0.0257,0.0054,25.399,0.305,2.556,0.2754,0.2363,0.1981,3
PRJ3-00140,153,6.784,12.315,0.119,0.441,0.1064,0.235,0.0611,0.2356,0.0455,0.0557,21.941,0.2055,5.551,0.4181,0.3309,0.3835,6
PRJ3-00141,16,4.586,13.767,0.08,0.4793,0.1449,0.1771,0.0705,0.2706,0.0274,0.0226,31.488,0.4134,4.517,0.3522,0.2724,0.4048,5
PRJ3-00142,84,5.11,5.209,0.4839,0.1365,0.0466,0.1488,0.0787,0.2049,0.0057,0.0015,17.922,0.2695,6.996,0.2114,0.2538,0.3077,2
PRJ3-00143,52,4.764,5.759,0.5773,0.2449,0.0329,0.0549,0.0109,0.1792,0.0315,0.001,10.348,0.0724,0,0.2499,0.1286,0.3976,1
PRJ3-00144,107,5.05,11.569,0.08,0.4948,0.1263,0.0237,0.0341,0.2345,0.0343,0.0194,35.606,0.4294,5.307,0.2183,0.2062,0.418,5
PRJ3-00145,28,5.25,10.34,0.2628,0.3218,0.0381,0.066,0.0657,0.02,0.0253,0.0014,21.271,0.1968,5.302,0.2071,0.2897,0.1381,3
PRJ3-00146,96,4.594,5.245,0.47,0.2912,0.076,0.0552,0.0532,0.0569,0.042,0.0242,28.269,0.3431,1.492,0.2303,0.1968,0.3391,3
PRJ3-00147,21,7.699,14.445,0.08,0.4827,0.1187,0.1342,0.0371,0.1411,0.0226,0.0299,18.685,0.29,3.158,0.2456,0.155,0.3186,4
PRJ3-00149,27,3.419,10.418,0.2642,0.2588,0.0918,0.0742,0.0438,0.1938,0.0258,0.0081,16.176,0.2881,6.371,0.1865,0.214,0.3109,3
PRJ3-00150,196,5.843,10.643,0.1259,0.4035,0.0911,0.2824,0.049,0.1832,0.013,0.013,37.025,0.3272,8.846,0.4982,0.3715,0.2487,5
PRJ3-00151,240,4.628,4.694,0.4353,0.2377,0.0503,0.1327,0.0377,0.113,0.0446,0.031,16.865,0.2291,1.282,0.3557,0.1353,0.3511,2
PRJ3-00152,8,1.688,6.57,0.4278,0.2275,0.0526,0.0529,0.0411,0.0611,0.0275,0.0217,21.2,0.2854,8.936,0.2056,0.1647,0.3429,3
PRJ3-00153,126,4.714,6.976,0.4197,0.3903,0.1074,0.1286,0.0606,0.2348,0.0238,0.009,19.993,0.2316,3.264,0.4022,0.2126,0.2713,2
PRJ3-00154,46,5.136,7.489,0.3817,0.3136,0.0762,0.178,0.0551,0.1376,0.0508,0.0483,26.361,0.3904,5.786,0.4836,0.3185,0.1942,4
PRJ3-00155,17,4.031,11.935,0.1111,0.4045,0.0932,0.1034,0.0341,0.163,0.0533,0.019,33.106,0.4178,0,0.3032,0.3294,0.3058,4
PRJ3-00156,128,6.249,8.469,0.2401,0.271,0.061,0.107,0.0196,0.1501,0.0224,0.0196,22.033,0.3286,2.182,0.2178,0.1997,0.5057,2
PRJ3-00157,160,5.609,8.614,0.27,0.2586,0.0796,0.0919,0.0382,0.1917,0.0204,0.0269,20.623,0.3356,7.113,0.3621,0.1872,0.2872,3
PRJ3-00158,4,3.351,7.058,0.3164,0.1611,0.0605,0,0.0096,0.0893,0,0.0078,14.827,0.1688,6.333,0.2012,0.0337,0.3348,2
PRJ3-00159,210,5.799,11.918,0.2205,0.3879,0.092,0.0013,0,0.2049,0.0732,0.0347,16.405,0.1523,6.378,0.4724,0.0906,0.3605,4
PRJ3-00160,115,5.497,9.847,0.1974,0.3941,0.0968,0.1505,0.0602,0.1825,0.0237,0.0409,15.666,0.1902,0,0.3632,0.1945,0.3816,3
PRJ3-00161,63,4.913,8.253,0.3125,0.3202,0.0837,0.0872,0.0039,0.1723,0.0117,0.0124,11.604,0.2451,0.604,0.0961,0.0765,0.2184,2
PRJ3-00162,50,4.277,9.594,0.2791,0.2549,0.0813,0.0908,0.0185,0.0503,0.0463,0.0236,26.278,0.285,5.288,0.1922,0.297,0.3496,4
PRJ3-00163,115,5.2,8.903,0.4293,0.3047,0.0609,0.1513,0.0396,0.1325,0.0133,0.0385,14.5,0.2896,9.232,0.2967,0.2076,0.4378,4
PRJ3-00164,82,6.615,11.525,0.08,0.4773,0.1475,0.0999,0.0397,0.2124,0.0591,0.0216,11.092,0.1065,3.637,0.3795,0.151,0.4162,4
PRJ3-00165,35,4.651,6.961,0.3965,0.2471,0.1015,0.1746,0.0698,0.2307,0.0654,0.0264,28.033,0.3491,3.649,0.3475,0.2739,0.4025,3
PRJ3-00166,194,4.065,5.805,0.3877,0.2106,0.0805,0.1547,0.0229,0.0266,0.0163,0.0238,20.606,0.2773,2.748,0.3443,0.2534,0.3098,2
PRJ3-00167,45,8.561,7.516,0.2929,0.3853,0.1079,0.1934,0.0358,0.0892,0.0193,0.0154,24.225,0.2273,2.682,0.2686,0.2844,0.3434,3
PRJ3-00168,55,5.47,4.63,0.4939,0.1589,0.0704,0.1448,0.049,0.1466,0.0384,0.018,21.84,0.2568,2.266,0.34,0.2854,0.5311,2
PRJ3-00169,23,3.278,7.385,0.2256,0.3229,0.0817,0.1212,0.0402,0.1489,0.0539,0.008,20.019,0.1845,3.768,0.2238,0.196,0.4042,2
PRJ3-00170,120,4.34,6.242,0.4602,0.301,0.0689,0.124,0.0563,0.1532,0,0.0056,12.126,0.1282,1.421,0.272,0.1519,0.2891,1
PRJ3-00171,49,6.899,14.626,0.08,0.4972,0.1234,0.1334,0,0.2484,0.0603,0.0302,27.751,0.2833,3.575,0.3922,0.3455,0.3805,5
PRJ3-00172,37,4.641,4.527,0.5311,0.095,0.0333,0.1074,0.0686,0.0316,0,0.011,16.073,0.2404,4.504,0.2835,0.2298,0.3552,2
PRJ3-00173,91,5.387,3.868,0.5043,0.1505,0.0579,0.0318,0.0295,0.1053,0.0195,0.0086,18.203,0.2316,2.131,0.2376,0.1725,0.2223,1
PRJ3-00174,73,5.99,9.677,0.2004,0.3749,0.1095,0.1311,0.0342,0.1349,0.0441,0.0184,22.403,0.2561,3.376,0.3088,0.2313,0.4288,3
PRJ3-00175,23,3.692,9.83,0.2164,0.3655,0.0745,0.0671,0.0228,0.1644,0.0218,0.0001,18.561,0.2107,1.355,0.1882,0.1026,0.3497,2
PRJ3-00176,186,5.21,6.504,0.375,0.2896,0.1056,0.0165,0.0307,0.1583,0.0665,0,21.59,0.3203,6.793,0.2943,0.1433,0.3297,2
PRJ3-00177,90,3.839,6.98,0.4197,0.3262,0.075,0,0,0.1281,0.0298,0,17.082,0.2482,3.087,0.2672,0.1523,0.2897,1
PRJ3-00178,145,5.959,5.143,0.5128,0.3383,0.0873,0.1085,0.05,0.2177,0.0282,0.0351,25.155,0.3544,10.285,0.2877,0.2952,0.3532,4
PRJ3-00179,27,6.607,6.932,0.3334,0.4239,0.1246,0.1228,0.0233,0.1708,0.0399,0.0168,32.114,0.412,1.681,0.1776,0.3012,0.3464,3
PRJ3-00180,40,6.295,10.568,0.1851,0.4105,0.089,0.0116,0.0098,0.1565,0.0684,0.0477,20.443,0.3018,4.348,0.2032,0.1624,0.3165,4
PRJ3-00181,51,6.534,6.479,0.4059,0.1676,0.0702,0.005,0.0402,0.0773,0.0673,0.0256,31.17,0.4499,6.481,0.3199,0.201,0.4359,3
PRJ3-00182,36,6.364,9.048,0.236,0.3517,0.1404,0.1386,0.0379,0.2932,0.0642,0.0282,29.654,0.3641,10.088,0.4324,0.2724,0.3747,5
PRJ3-00183,110,5.119,8.162,0.25,0.2196,0.0569,0.0676,0.0057,0.0359,0.0081,0.0064,12.12,0.1636,3.582,0.173,0.1279,0.3035,1
PRJ3-00184,47,5.662,9.156,0.1523,0.23,0.0637,0.1556,0.0473,0.3351,0.0406,0.0337,27.031,0.3081,7.706,0.4056,0.2791,0.3424,4
PRJ3-00185,26,5.415,6.288,0.4884,0.2081,0.0412,0.0615,0.05,0.1967,0,0.0007,24.774,0.2288,2.626,0.1655,0.2238,0.3113,2
PRJ3-00186,103,5.827,14.023,0.08,0.5154,0.1061,0.2324,0.1047,0.2376,0.0187,0.0426,20.887,0.2797,4.908,0.5322,0.2708,0.4189,5
PRJ3-00187,106,6.049,8.962,0.3124,0.2548,0.0713,0.1512,0.0729,0.1317,0.0396,0.0317,24.799,0.2038,4.309,0.2792,0.3275,0.366,4
PRJ3-00188,30,3.85,7.467,0.3303,0.2973,0.071,0.1096,0.0215,0.1021,0.0423,0.0094,25.254,0.3562,3.881,0.4001,0.2622,0.407,2
PRJ3-00189,19,3.042,9.701,0.3642,0.3678,0.0796,0.0876,0.0276,0.02,0.0052,0.0221,12.987,0.2051,2.718,0.1273,0.1887,0.2957,3
PRJ3-00190,43,4.292,9.219,0.1773,0.2288,0.0469,0.1045,0.0144,0.0789,0.0138,0.0235,9.624,0.2517,3.87,0.2866,0.1237,0.3383,2
PRJ3-00191,28,3.802,12.707,0.08,0.4265,0.1294,0.0732,0.0372,0.1142,0.0421,0.0124,11.01,0.2672,4.486,0.2386,0.148,0.244,3
PRJ3-00192,70,5.521,11.952,0.0873,0.4965,0.144,0.1725,0.0714,0.1425,0.0357,0.0323,28.54,0.336,9.209,0.3231,0.3143,0.4324,6
PRJ3-00193,81,5.563,7.081,0.4873,0.2307,0.0545,0.1254,0.0435,0.2426,0.0474,0.0423,25.942,0.1514,8.877,0.1864,0.284,0.3282,4
PRJ3-00194,240,5.826,8.814,0.2611,0.3162,0.0932,0.2212,0.049,0.1896,0.052,0.0219,26.876,0.3143,1.289,0.2095,0.3034,0.3809,3
PRJ3-00195,20,2.787,10.438,0.1945,0.3961,0.1304,0.157,0.0172,0.2851,0.0567,0.0344,29.939,0.4536,7.127,0.3678,0.3756,0.4274,5
PRJ3-00196,18,3.313,10.145,0.1056,0.3543,0.0936,0.0414,0.0181,0.101,0.0135,0.0211,13.763,0.2854,7.734,0.2823,0.1443,0.3066,3
PRJ3-00197,17,2.233,5.747,0.2491,0.2929,0.0584,0.0883,0.0391,0.0541,0.0458,0.0056,10.53,0.2569,3.813,0.1801,0.0304,0.2781,1
PRJ3-00198,103,5.47,8.608,0.2503,0.2913,0.0857,0.0862,0.0394,0.2029,0.0468,0.0206,18.483,0.227,7.028,0.3776,0.1967,0.3343,3
PRJ3-00199,74,6.718,11.814,0.08,0.3864,0.1137,0.0447,0.0187,0.2438,0.0374,0.0254,11.706,0.2384,2.274,0.4395,0.1707,0.3157,3
PRJ3-00200,13,8.054,11.125,0.143,0.4094,0.0954,0.1485,0.049,0.1072,0.0262,0.0325,29.11,0.3632,3.684,0.1288,0.2959,0.1808,5
PRJ3-00201,26,3.978,4.987,0.4808,0.0915,0.0361,0.0167,0.0051,0.1173,0.0079,0.0116,27.769,0.3576,0,0.2577,0.2402,0.2261,2
PRJ3-00202,88,4.873,7.12,0.3667,0.2723,0.0468,0.0688,0.0294,0.1322,0.0454,0.0142,33.428,0.3906,2.366,0.2543,0.3742,0.3557,3
PRJ3-00203,96,6.626,7.893,0.1411,0.2762,0.1101,0.0688,0.0037,0.2022,0.0475,0.0304,16.873,0.3677,1.949,0.4378,0.213,0.4917,3
PRJ3-00204,155,5.653,12.884,0.08,0.5029,0.1001,0.1202,0.0634,0.1435,0.0346,0.0295,29.932,0.3618,8.997,0.281,0.2556,0.3901,6
PRJ3-00205,139,5.618,8.185,0.2705,0.2976,0.1144,0.1952,0.0413,0.2655,0.0388,0.0331,5,0.0968,3.984,0.2618,0.1286,0.3884,3
PRJ3-00206,29,6.834,9.253,0.3226,0.3375,0.0538,0.1163,0.0584,0.1373,0.007,0.0161,22.216,0.2064,7.113,0.2489,0.2678,0.2801,3
PRJ3-00207,179,5.802,9.801,0.244,0.3025,0.0782,0.1531,0.0269,0.2147,0.0627,0.039,22.014,0.2125,3.551,0.328,0.2435,0.439,4
PRJ3-00208,168,4.886,4.471,0.4671,0.0954,0.0337,0.0785,0.0376,0.1009,0.0346,0.013,24.031,0.2145,0.434,0.4278,0.1748,0.3407,1
PRJ3-00209,20,4.951,8.839,0.2975,0.2655,0.0793,0.2122,0.0561,0.3011,0.0329,0.043,9.312,0.031,1.364,0.4453,0.2322,0.3528,3
PRJ3-00210,21,3.663,12.549,0.08,0.4416,0.11,0.19,0.0507,0.2362,0.0225,0.0313,36.098,0.3719,3.677,0.2357,0.3592,0.4065,5
PRJ3-00211,195,5.123,7.899,0.2929,0.123,0.0119,0.1924,0.0702,0.1817,0.0181,0.0234,10.351,0.2235,2.602,0.0835,0.2132,0.2615,2
PRJ3-00212,81,3.837,8.042,0.3446,0.3539,0.086,0.1192,0.0279,0.1993,0.0194,0,24.273,0.2757,4.05,0.177,0.2989,0.3375,2
PRJ3-00213,76,5.071,11.037,0.2079,0.3876,0.0993,0.0409,0.0215,0.107,0.0167,0.0278,25.93,0.2867,2.238,0.238,0.2152,0.323,4
PRJ3-00214,41,6.232,9.762,0.2651,0.342,0.0794,0.1221,0.0399,0.1461,0.0304,0.0315,31.808,0.3895,2.875,0.2662,0.2523,0.5051,4
PRJ3-00215,32,5.498,8.262,0.4108,0.3011,0.0703,0.0856,0.0217,0.1213,0.0562,0.0389,26.332,0.3364,9.835,0.2345,0.2225,0.4055,4
PRJ3-00216,35,9.975,11.393,0.2018,0.4123,0.0925,0.1492,0.0492,0.1962,0.051,0.0152,17.726,0.2525,5.943,0.4726,0.3384,0.4491,3
PRJ3-00217,47,4.16,4.788,0.5075,0.2144,0.059,0.1359,0.0636,0.0923,0.0194,0.0102,32.128,0.3677,3.332,0.2315,0.2388,0.3132,3
PRJ3-00218,55,4.695,6.753,0.2988,0.3337,0.1047,0.1329,0.0521,0.2338,0.0079,0.002,13.649,0.277,2.081,0.1868,0.152,0.3905,1
PRJ3-00219,13,5.745,8.112,0.373,0.3275,0.0762,0.0248,0,0.2541,0.0015,0.0175,21.826,0.248,7.582,0.2955,0.1992,0.2939,3
PRJ3-00220,23,2.755,7.816,0.3586,0.2914,0.0841,0.1579,0.0578,0.1351,0.0267,0.0227,25.098,0.2752,5.746,0.3963,0.3196,0.3434,3
PRJ3-00221,13,4.527,13.339,0.1406,0.4126,0.0947,0.0577,0.0374,0.2322,0.0468,0.0051,26.304,0.2492,4.836,0.1991,0.2213,0.1667,4
PRJ3-00222,35,3.68,5.157,0.4514,0.1861,0.0586,0.0853,0.0268,0.02,0.0294,0,17.652,0.1833,1.18,0.2054,0.1372,0.179,1
PRJ3-00223,101,4.221,2,0.5767,0.1118,0.0172,0.0682,0.0315,0.0593,0.0203,0,25.892,0.2957,6.557,0.2666,0.295,0.1411,2
PRJ3-00224,71,5.123,3.148,0.5545,0.1218,0.0691,0.1746,0.0405,0.2487,0.0672,0.0113,29.063,0.3486,5.96,0.38,0.2696,0.4298,3
PRJ3-00225,130,4.559,7.212,0.4393,0.2124,0.0811,0.0638,0.0435,0.1014,0.0647,0.0132,27.255,0.2419,2.101,0.3254,0.2421,0.2819,2
PRJ3-00226,26,5.498,3.36,0.4773,0.1432,0.0144,0.0887,0.0361,0.1141,0,0.0245,22.713,0.2172,0.156,0.1443,0.2187,0.2896,2
PRJ3-00227,66,5.705,11.987,0.1143,0.5183,0.102,0.1647,0.0669,0.2852,0.0494,0.0305,17.735,0.1882,0.177,0.3456,0.2419,0.2671,4
PRJ3-00228,23,3.41,12.466,0.1411,0.3904,0.0962,0.174,0.0739,0.1473,0.0299,0.0078,29.1,0.3295,7.137,0.3018,0.2964,0.3465,4
PRJ3-00229,42,7.708,10.915,0.1446,0.3847,0.1182,0.1858,0.0374,0.2172,0.0447,0.0401,25.14,0.2343,4.13,0.3454,0.2415,0.3725,5
PRJ3-00230,37,5.417,11.356,0.1024,0.4479,0.1275,0.1598,0.0583,0.1074,0.0283,0.0018,14.476,0.1533,3.669,0.3161,0.2153,0.3276,3
PRJ3-00231,39,5.344,9.913,0.1982,0.2688,0.0969,0.1719,0.011,0.2495,0.0172,0,17.224,0.188,4.386,0.1759,0.2232,0.4017,2
PRJ3-00232,4,1.589,5.876,0.3476,0.1247,0.0617,0.177,0.0605,0.2793,0.0303,0,21.096,0.2583,3.145,0.3262,0.1941,0.395,1
PRJ3-00233,22,9.487,7.52,0.2785,0.3128,0.0671,0.1294,0.0415,0.0751,0.0413,0,28.415,0.3198,1.034,0.191,0.1965,0.3004,2
PRJ3-00234,82,6.826,6.868,0.3791,0.2292,0.0806,0.212,0.0566,0.25,0.0764,0.0302,25.643,0.3207,9.194,0.5629,0.3006,0.3941,4
PRJ3-00235,25,7.145,17.182,0.08,0.5683,0.121,0.1125,0.0256,0.1216,0.054,0.0255,27.439,0.3065,5.403,0.3511,0.2479,0.3022,6
PRJ3-00236,143,4.28,8.445,0.2062,0.2981,0.1098,0.1144,0,0.1007,0.0407,0,32.305,0.2815,6.247,0.2623,0.2618,0.283,3
PRJ3-00237,111,5.786,7.027,0.2192,0.2117,0.0711,0.094,0.0721,0.2061,0.0342,0.007,21.368,0.3086,0.525,0.2815,0.2411,0.4249,1
PRJ3-00238,45,7.263,4.713,0.6291,0.17,0.0471,0.0917,0.0288,0.1733,0.0185,0.008,17.95,0.2924,3.17,0.2146,0.1527,0.2864,1
PRJ3-00239,34,5.775,4.425,0.6043,0.0909,0.0372,0.1051,0.0416,0.0805,0.0189,0.0033,17.1,0.2102,3.613,0.1866,0.1385,0.2447,1
PRJ3-00240,240,5.136,8.35,0.3467,0.2238,0.0831,0.1356,0.0126,0.1966,0.0458,0.0464,19.156,0.2725,5.125,0.3052,0.183,0.3373,4
PRJ3-00241,11,2.793,11.249,0.1579,0.3268,0.1061,0.13,0.0377,0.1896,0.0302,0.0157,20.207,0.1609,1.414,0.2325,0.2128,0.393,3
PRJ3-00242,31,6.251,5.648,0.4994,0.2583,0.028,0.2653,0.0704,0.3165,0.0465,0.0302,19.939,0.0898,1.654,0.4034,0.3648,0.3225,3
PRJ3-00243,140,6.286,13.056,0.08,0.4619,0.1272,0.1965,0.0714,0.215,0.0627,0.0409,26.357,0.293,6.342,0.3099,0.3086,0.3165,6
PRJ3-00244,30,5.295,10.01,0.1114,0.2632,0.0609,0.1474,0.0389,0.1251,0.0346,0.0119,15.913,0.2427,6.584,0.202,0.133,0.4534,3
PRJ3-00245,25,4.992,3.897,0.6078,0.1074,0.0554,0.1982,0.0218,0.1991,0.0482,0.0327,11.558,0.2703,1.723,0.2196,0.2345,0.3725,2
PRJ3-00246,80,5.244,11.328,0.0864,0.3041,0.0644,0.046,0.0083,0.0907,0.0284,0.0118,14.792,0.1287,2.853,0.3688,0.1295,0.1898,2
PRJ3-00247,25,4.957,8.072,0.3749,0.2886,0.0818,0.1715,0.0038,0.2677,0.0898,0.0162,9.799,0.1814,5.941,0.4892,0.2299,0.4997,2
PRJ3-00248,27,5.625,10.712,0.1858,0.4127,0.1115,0.0957,0.0309,0.195,0.0439,0.0457,22.5,0.3537,1.991,0.4086,0.2164,0.4006,4
PRJ3-00249,35,4.316,11.338,0.215,0.3948,0.0685,0.0872,0.0413,0.0266,0.0757,0.0173,22.862,0.2936,5.424,0.4463,0.1535,0.2994,4
PRJ3-00250,36,6.738,14.424,0.08,0.5232,0.1357,0.1324,0.0594,0.1757,0.0719,0.0244,27.726,0.328,2.714,0.5023,0.2517,0.4728,5
PRJ3-00251,86,6.638,9.973,0.2543,0.3582,0.1062,0.2105,0.0771,0.3141,0.0657,0.035,11.833,0.1629,6.104,0.4496,0.1959,0.3217,4
PRJ3-00252,66,6.244,7.252,0.2123,0.2005,0.0725,0.2047,0.0632,0.3428,0.0364,0.0263,26.099,0.2812,4.707,0.2664,0.2749,0.3418,3
PRJ3-00253,24,3.768,8.492,0.2169,0.2724,0.08,0.0694,0.0292,0.2133,0.0389,0.0312,18.48,0.1901,6.661,0.321,0.173,0.3669,3
PRJ3-00254,65,7.131,4.681,0.5108,0.2429,0.0259,0.0619,0.0555,0.0744,0,0,28.695,0.2704,3.833,0.2627,0.2477,0.2674,2
PRJ3-00255,47,5.123,5.727,0.4247,0.1486,0.0514,0.1267,0.0629,0.0642,0.0458,0.0048,18.047,0.2353,2.789,0.3561,0.2055,0.2523,1
PRJ3-00256,34,3.715,2.264,0.6722,0.0843,0.0607,0.1254,0.0329,0.2198,0.0632,0.0059,17.048,0.2364,3.369,0.345,0.1244,0.3067,1
PRJ3-00257,123,4.294,12.437,0.0913,0.4487,0.0778,0.0795,0.0407,0.0967,0.0488,0.0133,25.651,0.3408,9.334,0.3184,0.1736,0.3744,4
PRJ3-00258,109,5.495,8.314,0.4521,0.3182,0.0546,0.1475,0.0592,0.2703,0.022,0.0049,13.199,0.1836,3.598,0.1777,0.1585,0.3216,2
PRJ3-00259,81,5.422,7.121,0.4583,0.2671,0.0548,0.1416,0.0529,0.2422,0.0195,0.0218,22.298,0.1534,5.855,0.1562,0.2113,0.3509,3
PRJ3-00260,101,5.979,9.593,0.2215,0.3048,0.0817,0.2268,0.0621,0.2061,0.0529,0.0215,19.307,0.3276,7.659,0.3874,0.2033,0.4097,3
PRJ3-00261,5,1.218,11.973,0.1915,0.4032,0.0727,0.1553,0.0294,0.1708,0.0694,0.0081,11.56,0.1958,5.311,0.2812,0.2212,0.2798,3
PRJ3-00262,20,3.408,4.304,0.4103,0.1542,0.0651,0.1466,0.0465,0.1406,0.0357,0.0109,12.628,0.0663,2.087,0.3968,0.1568,0.3239,1
PRJ3-00263,70,5.575,7.651,0.3068,0.2551,0.0635,0.1149,0.0416,0.1159,0.0583,0.0415,25.89,0.2576,5.655,0.4352,0.2317,0.328,4
PRJ3-00264,135,6.835,8.176,0.3254,0.331,0.0965,0.207,0.0763,0.3288,0.0453,0.0275,27.161,0.3336,5.161,0.2203,0.3061,0.5255,4
PRJ3-00265,18,5.374,9.011,0.2227,0.3094,0.0862,0.1388,0.064,0.2043,0.0329,0.0206,12.584,0.1128,3.316,0.1817,0.0807,0.3477,2
PRJ3-00266,115,5.061,11.545,0.08,0.4563,0.1308,0.0278,0.0358,0.1137,0.0297,0.0319,17.167,0.2635,3.413,0.4924,0.1478,0.2684,4
PRJ3-00267,41,11.231,3.816,0.616,0.1237,0.0623,0.1138,0.0407,0.2696,0.0574,0.031,31.655,0.3241,5.789,0.1834,0.288,0.3794,4
PRJ3-00268,65,4.483,11.521,0.1074,0.5059,0.153,0.1392,0.0447,0.0839,0.042,0.0411,32.325,0.3676,9.419,0.2429,0.2951,0.3936,6
PRJ3-00269,56,5.109,7.011,0.3139,0.224,0.0744,0.2374,0.0608,0.2632,0.0431,0.0309,27.754,0.3488,3.157,0.413,0.2634,0.3145,3
PRJ3-00270,217,5.862,13.632,0.08,0.4802,0.0887,0.0467,0.0418,0.272,0.075,0.03,27.741,0.3754,4.136,0.3035,0.2345,0.3595,5
PRJ3-00271,39,4.471,9.61,0.264,0.3359,0.0566,0.0405,0.0421,0.1438,0.0531,0.0229,15.302,0.2685,4.809,0.2859,0.1648,0.4501,3
PRJ3-00272,69,6.417,5.076,0.5655,0.1176,0.0533,0.0826,0.0265,0.1643,0.0151,0.0385,25.011,0.3605,3.082,0.2591,0.2116,0.3564,3
PRJ3-00273,36,5.639,7.27,0.2987,0.3504,0.0916,0.1586,0.0401,0.1811,0.042,0.0067,20.674,0.3584,0.778,0.3838,0.2106,0.2605,2
PRJ3-00274,46,5.812,8.514,0.2868,0.2932,0.1158,0.1149,0.0539,0.2051,0.0371,0.0246,27.711,0.217,6.872,0.3286,0.3105,0.5226,4
PRJ3-00275,33,3.239,7.476,0.4441,0.3488,0.0822,0.1085,0.0494,0.1179,0.0304,0.0008,29.907,0.4674,4.573,0.3087,0.2862,0.0897,3
PRJ3-00276,22,2.879,4.652,0.5025,0.1777,0.065,0.1062,0.0375,0.191,0.0125,0.0091,32.241,0.2576,4.979,0.2922,0.3274,0.4686,3
PRJ3-00277,67,5.657,8.151,0.169,0.2927,0.0915,0.0624,0.0177,0.1006,0.0562,0.0393,22.825,0.3048,4.05,0.2027,0.2509,0.3276,4
PRJ3-00278,48,5.647,5.368,0.419,0.2358,0.074,0.163,0.0538,0.2805,0.032,0.0444,25.264,0.383,7.933,0.326,0.1803,0.312,4
PRJ3-00279,24,5.693,5.78,0.4312,0.2802,0.0715,0.0615,0.0473,0.1344,0.0263,0.0234,20.291,0.2649,2.205,0.1539,0.1414,0.2215,2
PRJ3-00280,121,7.391,13.566,0.1144,0.589,0.0918,0.2279,0.049,0.2605,0.0481,0.0251,32.811,0.4718,10.055,0.4419,0.3891,0.2993,6
PRJ3-00281,24,6.228,8.463,0.3186,0.248,0.1058,0.1366,0.0332,0.1051,0.0366,0.0222,26.089,0.3492,8.984,0.3792,0.2606,0.4637,4
PRJ3-00282,62,6.887,13.207,0.1128,0.4253,0.1535,0.1618,0.0557,0.1848,0.0419,0.018,12.315,0.2278,1.548,0.3485,0.2071,0.3248,3
PRJ3-00283,13,6.993,8.162,0.3325,0.227,0.0585,0.1215,0.0374,0.0781,0.0246,0.0282,11.292,0.211,3.668,0.4618,0.1759,0.3606,2
PRJ3-00284,38,5.051,5.837,0.3985,0.2011,0.07,0.1487,0.0567,0.112,0.0262,0.0417,27.501,0.324,0,0.4885,0.3715,0.3487,3
PRJ3-00285,56,4.675,11.268,0.08,0.3556,0.0777,0.2002,0.0485,0.2436,0.0443,0.0241,18.47,0.2903,5.861,0.2859,0.2321,0.3257,4
PRJ3-00286,64,3.461,13.496,0.08,0.5207,0.0774,0,0.0007,0.1301,0.0371,0.0402,18.043,0.3169,3.616,0.0417,0.1149,0.2543,5
PRJ3-00287,73,8.371,9.914,0.2785,0.3021,0.0826,0.2637,0.048,0.2354,0.0726,0.0403,40.338,0.4651,1.862,0.4646,0.3574,0.4594,5
PRJ3-00288,240,4.966,10.455,0.08,0.4081,0.1234,0.0951,0.0202,0.0763,0.0255,0.0552,9.434,0.1889,6.082,0.3434,0.1427,0.476,5
PRJ3-00289,5,1.691,4.413,0.5492,0.2174,0.056,0.0814,0.0171,0.109,0.0541,0.0188,6.198,0.1517,4.414,0.2162,0.1385,0.3583,2
PRJ3-00290,37,7.164,13.29,0.08,0.4751,0.0845,0.0139,0.0137,0.1481,0.038,0.027,21.647,0.1563,7.612,0.2065,0.1156,0.3429,5
PRJ3-00291,62,4.677,6.911,0.2414,0.2749,0.1052,0.1877,0.0827,0.1743,0.0263,0.0314,30.719,0.3258,9.499,0.2868,0.3801,0.2026,5
PRJ3-00292,46,5.432,13.285,0.1315,0.3895,0.0963,0.0811,0.0721,0.1807,0.0302,0.0443,31.606,0.448,3.996,0.3373,0.2094,0.4025,6
PRJ3-00293,240,3.081,9.69,0.2323,0.3744,0.1093,0.0996,0.0241,0.135,0.0579,0.0179,28.435,0.4011,2.341,0.2914,0.2355,0.3851,3
PRJ3-00294,11,2.661,10.423,0.0893,0.4519,0.1092,0.0267,0.0165,0.0566,0.0221,0.0161,26.789,0.298,3.732,0.2671,0.1377,0.335,4
PRJ3-00295,30,4.404,8.985,0.2706,0.2716,0.0725,0.0988,0.0137,0.1111,0.0204,0.0242,8.827,0.2021,0.945,0.2647,0.1695,0.4052,2
PRJ3-00296,25,3.552,11.147,0.08,0.5464,0.1035,0.0862,0,0.02,0.0049,0.0268,12.048,0.2187,6.463,0.324,0.1599,0.3098,4
PRJ3-00297,28,6.882,8.273,0.2229,0.2904,0.0953,0.039,0.0146,0.1845,0.0093,0.02,8.275,0.1294,0,0.2139,0.1271,0.3143,2
PRJ3-00298,40,6.361,10.743,0.1979,0.4018,0.1197,0.0632,0.0216,0.2239,0.0493,0.0391,36.91,0.3708,4.92,0.4592,0.2937,0.4508,6
PRJ3-00299,93,5.837,8.815,0.2658,0.2554,0.0948,0.1971,0.0631,0.2193,0.0565,0.0371,27.764,0.3114,6.056,0.4334,0.3657,0.4075,4
PRJ3-00300,224,5.03,7.999,0.4438,0.2999,0.1024,0.04,0.0353,0.02,0.031,0.0015,7.843,0,0,0.2129,0,0.1874,1
PRJ3-00301,19,4.869,8.802,0.3774,0.2224,0.064,0.0769,0.0651,0.1542,0.0371,0.0007,9.303,0.1934,3.538,0.41,0.1083,0.217,1
PRJ3-00302,24,3.288,7.467,0.4402,0.2779,0.0726,0.2087,0.0881,0.2161,0.0217,0.0034,19.071,0.2167,2.712,0.3828,0.2477,0.3479,2
PRJ3-00303,13,2.822,10.573,0.1046,0.3437,0.1066,0.1491,0.0184,0.1837,0.0325,0.0251,29.652,0.325,10.365,0.2438,0.2974,0.529,5
PRJ3-00304,41,6.48,8.566,0.4559,0.2787,0.1161,0.1542,0.0655,0.2773,0.0634,0.0439,43.314,0.439,5.665,0.3502,0.3364,0.4376,6
PRJ3-00305,72,4.102,7.137,0.3067,0.338,0.0689,0.0418,0.0634,0.0496,0.0227,0.0245,12.921,0.217,0.044,0.3006,0.1114,0.2622,2
PRJ3-00306,115,5.409,11.091,0.1499,0.4788,0.0898,0,0.016,0.1225,0.0485,0.0205,26.418,0.3507,4.721,0.1256,0.2446,0.3678,4
PRJ3-00307,65,4.291,12.007,0.1639,0.4529,0.1183,0.1694,0.0553,0.1464,0.051,0.0152,9.22,0.1277,0.906,0.072,0.1676,0.3352,3
PRJ3-00308,101,4.466,6.32,0.3612,0.2342,0.0648,0.0705,0.0406,0.0866,0.0314,0.028,24.306,0.333,3.571,0.3657,0.3286,0.3496,3
PRJ3-00309,48,6.161,13.826,0.08,0.4376,0.1048,0.0673,0.0213,0.2335,0.0701,0.0398,24.056,0.2084,1.22,0.6161,0.2303,0.4424,5
PRJ3-00310,176,5.04,10.533,0.2782,0.2751,0.0596,0.0709,0.0443,0.1249,0,0.0282,11.539,0.1352,3.948,0.2488,0.1137,0.3584,3
PRJ3-00311,59,4.505,10.26,0.1555,0.3296,0.1299,0.1145,0.0128,0.1637,0.03,0.0087,25.823,0.3446,1.959,0.3325,0.2074,0.2374,3
PRJ3-00312,45,7.476,6.951,0.2956,0.1074,0.0588,0.1754,0.0548,0.3463,0.018,0.032,27.327,0.2768,0.653,0.3814,0.2354,0.3554,3
PRJ3-00313,90,4.642,10.988,0.1691,0.4341,0.0881,0.064,0.0115,0.1846,0.0386,0.0021,25.509,0.2452,6.266,0.1204,0.1931,0.3478,3
PRJ3-00314,15,2.912,7.068,0.3808,0.2136,0.1024,0.1073,0.0213,0.2071,0.0495,0.0185,16.08,0.2338,1.168,0.2133,0.1431,0.2827,2
PRJ3-00315,219,5.289,9.408,0.1735,0.3239,0.093,0.0833,0.0474,0.2071,0.0584,0.0348,19.406,0.1842,5.972,0.4422,0.2138,0.3025,4
PRJ3-00316,5,1.517,5.223,0.435,0.2728,0.0549,0.095,0.0167,0.0609,0.0305,0.0078,25.96,0.4578,0.945,0.2029,0.3251,0.3208,2
PRJ3-00317,93,4.449,6.776,0.5035,0.2451,0.0362,0.1721,0.0737,0.1501,0.0256,0.0039,28.734,0.2578,0.495,0.2502,0.3718,0.2877,2
PRJ3-00318,129,5.492,13.456,0.1213,0.3821,0.1224,0.2473,0.0681,0.1888,0.068,0.0303,45.073,0.4805,7.364,0.2728,0.3833,0.4578,7
PRJ3-00319,103,5.618,13.273,0.08,0.5153,0.1334,0.23,0.0545,0.2324,0.0279,0.0341,28.341,0.3006,12.658,0.3235,0.2965,0.454,6
PRJ3-00320,107,4.733,12.934,0.1244,0.496,0.1276,0.0503,0.0035,0.0689,0.0355,0.0121,15.694,0.162,0.947,0.03,0.1997,0.2697,3
PRJ3-00321,71,5.08,6.559,0.3126,0.2259,0.0587,0.1674,0.0366,0.1762,0.0464,0.0233,19.113,0.1527,7.232,0.3653,0.2357,0.3959,3
PRJ3-00322,48,3.959,6.94,0.3842,0.3472,0.1163,0.0538,0.0252,0.2343,0.0495,0.0169,35.799,0.4676,7.237,0.2462,0.2996,0.3925,4
PRJ3-00323,58,6.883,10.291,0.2675,0.2921,0.0752,0.2221,0.0656,0.1894,0.0601,0.0272,25.691,0.3297,0.08,0.3675,0.3098,0.3023,3
PRJ3-00324,41,6.434,9.156,0.283,0.3424,0.1319,0.1306,0.0311,0.2704,0.044,0.0345,16.598,0.0878,0.374,0.2359,0.2567,0.4025,3
PRJ3-00325,104,5.407,17.243,0.08,0.6353,0.1099,0.092,0.0297,0.1671,0.0825,0.0463,40.536,0.3901,5.923,0.5642,0.4641,0.4371,8
PRJ3-00326,37,3.69,6.391,0.4402,0.2324,0.0696,0.0429,0.0129,0.2251,0.0574,0.02,15.793,0.2342,5.91,0.2708,0.1122,0.3665,2
PRJ3-00327,81,4.605,7.962,0.2343,0.2453,0.0738,0.0694,0.023,0.2572,0.0589,0.0209,14.641,0.1348,3.504,0.3688,0.1336,0.2747,2
PRJ3-00328,56,4.371,9.528,0.2681,0.3301,0.0522,0.0437,0.0267,0.02,0.0025,0.0031,37.274,0.3817,9.686,0.397,0.2533,0.3322,4
PRJ3-00329,43,5.304,6.317,0.4942,0.2072,0.0606,0.0359,0.0101,0.02,0.0299,0.0032,12.903,0.1333,0,0.0338,0.1512,0.1797,1
PRJ3-00330,32,5.289,6.177,0.2786,0.244,0.0702,0.2188,0.0583,0.2175,0.0377,0.0239,26.798,0.3339,6.633,0.3334,0.3353,0.3287,3
PRJ3-00331,8,2.618,6.966,0.2973,0.1878,0.0696,0.1628,0.0197,0.1848,0.0331,0,16.533,0.1526,4.674,0.1028,0.326,0.2912,2
PRJ3-00332,39,6.661,9.091,0.3839,0.3286,0.1288,0.1784,0.0439,0.1526,0.0694,0.0196,25.934,0.3639,2.34,0.332,0.3214,0.5189,3
PRJ3-00333,95,5.265,12.728,0.08,0.49,0.143,0.0857,0.0067,0.0987,0.0268,0.0232,30.838,0.2315,3.506,0.2218,0.3214,0.3715,5
PRJ3-00334,20,4.986,8.126,0.3088,0.1594,0.0599,0.1395,0.0392,0.2295,0.0484,0,29.308,0.4063,4.54,0.3279,0.3165,0.3656,2
PRJ3-00335,72,4.429,14.352,0.08,0.5484,0.1308,0.1224,0.0334,0.1051,0.0094,0.025,17.152,0.2178,2.793,0.23,0.2279,0.3174,4
PRJ3-00336,176,5.634,12.312,0.08,0.3693,0.0904,0.1917,0.0362,0.1598,0.0208,0.011,10.133,0.1472,5.255,0.342,0.2101,0.4125,3
PRJ3-00337,19,5.476,4.237,0.448,0.1448,0.0536,0.0927,0.0196,0.1077,0.0292,0,5,0.2177,2.991,0.2464,0.0973,0.4306,1
PRJ3-00338,38,6.138,12.92,0.08,0.5537,0.1218,0.1894,0.0522,0.2319,0.0465,0.0324,20.08,0.2015,4.958,0.3672,0.3192,0.404,5
PRJ3-00339,55,6.144,12.399,0.08,0.3786,0.1076,0.2272,0.059,0.1249,0.0317,0.0262,20.655,0.2068,3.523,0.4236,0.2493,0.3506,4
PRJ3-00340,100,6.208,3.162,0.6735,0.1266,0.0536,0.0559,0.0431,0.1815,0.0273,0.0345,21.815,0.3291,5.571,0.5474,0.1354,0.398,3
PRJ3-00341,78,4.135,8.198,0.3661,0.19,0.047,0.0784,0,0.1909,0.0405,0,12.791,0.1176,1.796,0.2153,0.2332,0.3915,1
PRJ3-00342,32,6.705,9.043,0.3364,0.2799,0.1092,0.1496,0.027,0.2935,0.0404,0.0285,30.201,0.335,2.061,0.3318,0.2689,0.3605,4
PRJ3-00343,91,4.175,11.427,0.2211,0.4164,0.095,0,0.0095,0.0816,0.0368,0.0411,25.567,0.2772,5.654,0.3425,0.2439,0.4129,5
PRJ3-00344,17,4.324,7.93,0.3705,0.279,0.0979,0.161,0.071,0.2305,0.0356,0.0224,31.216,0.3307,3.592,0.2895,0.2723,0.4029,3
PRJ3-00345,217,5.21,9.418,0.2927,0.2753,0.0857,0.0388,0.0302,0.134,0.0213,0.0162,27.816,0.288,1.485,0.3832,0.1446,0.3281,3
PRJ3-00346,69,3.916,8.109,0.3977,0.3509,0.0957,0.054,0.034,0.1347,0.037,0,8.953,0.0705,5.485,0.1943,0.1253,0.3824,2
PRJ3-00347,188,5.506,8.815,0.2409,0.3225,0.1411,0.1606,0.0273,0.2431,0.036,0.0058,25.645,0.3563,6.797,0.2348,0.2471,0.2512,3
PRJ3-00348,4,1.177,9.432,0.192,0.3465,0.0854,0.11,0.055,0.1701,0.0504,0.0015,27.924,0.3594,0.55,0.3491,0.3162,0.269,2
PRJ3-00349,51,5.371,16.03,0.08,0.518,0.0927,0.0987,0.0148,0.1169,0.0123,0.0296,44.31,0.4446,2.242,0.3859,0.3419,0.3617,7
PRJ3-00350,38,3.74,6.645,0.5425,0.2356,0.0563,0.0006,0.0556,0.0821,0,0.0239,5.142,0.1268,3.869,0.289,0.1127,0.3253,2
PRJ3-00351,18,8.017,2.538,0.6681,0.1541,0.0432,0.0773,0.0007,0.02,0.0298,0.029,6.269,0.1582,6.011,0.2239,0.1107,0.2592,2
PRJ3-00352,53,5.755,8.267,0.3066,0.3022,0.0738,0.1574,0.0256,0.0536,0,0.0347,19.466,0.2132,2.282,0.3096,0.1766,0.3752,3
PRJ3-00353,114,4.653,7.708,0.3954,0.3674,0.0915,0.0561,0.0305,0.02,0.0285,0.002,9.757,0.0961,3.55,0.1774,0.1413,0.3212,2
PRJ3-00354,96,5.662,10.91,0.08,0.3619,0.1125,0.0805,0.0421,0.1985,0.0259,0.0181,17.829,0.181,2.147,0.3207,0.1631,0.2184,3
PRJ3-00355,50,7.559,8.292,0.2785,0.3183,0.1213,0.2256,0.0546,0.2889,0.0644,0.0262,20.268,0.3117,4.369,0.4103,0.1828,0.4653,3
PRJ3-00356,34,4.85,12.596,0.08,0.4935,0.1462,0.2156,0.0816,0.2202,0.0332,0.0343,5,0.0416,8.586,0.3927,0.1742,0.3621,5
PRJ3-00357,62,4.197,9.901,0.3104,0.3073,0.0508,0.1656,0.0591,0.286,0.0235,0.0453,15.17,0.2904,3.289,0.2964,0.1727,0.3643,4
PRJ3-00358,48,5.187,12.103,0.0955,0.4769,0.1224,0.1146,0.0496,0.2457,0,0.0029,11.436,0.1223,1.412,0.2024,0.188,0.3852,3
PRJ3-00359,113,6.342,9.242,0.1831,0.2899,0.0933,0.1327,0.0549,0.1233,0.0278,0.0412,25.965,0.3361,7.715,0.4654,0.2227,0.3871,4
PRJ3-00360,130,5.276,10.875,0.08,0.4597,0.1212,0.1342,0.0566,0.2007,0.0416,0.0304,12.356,0.2312,5.309,0.378,0.2041,0.322,4
PRJ3-00361,176,3.974,5.167,0.4721,0.1595,0.0505,0.1103,0.0361,0.0834,0.0618,0,20.613,0.2654,3.09,0.3975,0.2291,0.2561,1
PRJ3-00362,51,3.929,4.64,0.4194,0.1558,0,0.0387,0,0.0584,0.0187,0,14.074,0.1632,0.587,0.157,0.1292,0.3876,1
PRJ3-00363,24,7.919,2.525,0.5901,0.173,0.0863,0.1951,0.0639,0.2223,0.0421,0.0343,32.675,0.4158,10.125,0.3071,0.3584,0.3209,5
PRJ3-00364,76,4.542,5.107,0.5558,0.2802,0.0885,0.2741,0.0578,0.0614,0.0169,0.0209,14.295,0.269,4.429,0.1274,0.2505,0.3871,2
PRJ3-00365,114,5.712,10.351,0.2109,0.3844,0.0698,0.1865,0.0334,0.164,0.0418,0.0424,12.263,0.2299,4.639,0.2619,0.2362,0.3328,4
PRJ3-00366,61,5.249,10.822,0.1324,0.4751,0.0937,0.1549,0.0614,0.2572,0.0398,0.0213,25.469,0.3301,8.708,0.2692,0.3282,0.5686,5
PRJ3-00367,17,3.507,10.077,0.1764,0.3471,0.0854,0.1243,0.0337,0.0646,0.0426,0.0103,23.314,0.1842,1.057,0.2629,0.2191,0.4375,3
PRJ3-00368,77,4.676,9.006,0.3447,0.23,0.081,0.0333,0.0408,0.1784,0.0634,0.0178,26.154,0.2567,3.08,0.1407,0.2199,0.3626,3
PRJ3-00369,135,6.299,9.916,0.08,0.3713,0.0895,0.2169,0.0683,0.1782,0.0463,0.0445,23.796,0.3374,11.284,0.4042,0.2936,0.3609,5
PRJ3-00370,6,3.595,8.293,0.3338,0.307,0.0726,0.1503,0.065,0.2188,0.0271,0.016,25.77,0.3322,5.765,0.3384,0.2809,0.1605,3
PRJ3-00371,46,4.71,9.968,0.08,0.3379,0.0636,0.1978,0.092,0.124,0.0377,0.0478,16.119,0.2567,6.934,0.2727,0.277,0.4993,4
PRJ3-00372,137,6.059,11.918,0.08,0.4312,0.098,0.148,0.0458,0.1694,0.0383,0.0224,29.27,0.2332,4.06,0.3345,0.2685,0.3968,4
PRJ3-00373,94,5.209,11.83,0.0876,0.459,0.1018,0.1962,0.033,0.2598,0.035,0.0291,16.42,0.2388,3.987,0.4636,0.2608,0.3954,4
PRJ3-00374,105,6.489,9.543,0.3395,0.3356,0.0942,0.1535,0.0392,0.2934,0.0641,0.0478,31.137,0.3893,2.739,0.6426,0.2871,0.5509,5
PRJ3-00375,97,5.876,5.552,0.5282,0.2047,0.0652,0.0917,0.037,0.3221,0.0264,0.0469,17.242,0.2452,4.757,0.3961,0.1856,0.4304,3
PRJ3-00376,214,5.008,9.79,0.2026,0.4064,0.085,0.0375,0,0.1916,0.0302,0.0413,18.367,0.1876,1.024,0.318,0.1664,0.3994,3
PRJ3-00377,8,4.483,6.681,0.4504,0.2107,0.0465,0.1096,0.0298,0.1566,0.0129,0.0351,11.678,0.1926,8.425,0.4397,0.0773,0.4412,3
PRJ3-00378,100,5.99,5.916,0.3424,0.1968,0.0581,0.0778,0.0218,0.1358,0.0191,0.0142,14.604,0.1207,2.53,0.4873,0.1992,0.3295,2
PRJ3-00379,30,7.322,6.229,0.4262,0.2573,0.0755,0.1138,0.0245,0.0862,0.0163,0.0274,17.429,0.2328,9.254,0.1316,0.1319,0.3309,3
PRJ3-00380,20,8.292,12.273,0.1257,0.4533,0.1337,0.2086,0.0627,0.2122,0.0548,0.057,26.779,0.3538,7.496,0.368,0.2969,0.409,6
PRJ3-00381,97,5.443,11.368,0.2925,0.3892,0.0922,0.1387,0.0197,0.1527,0.057,0.0281,19.815,0.3176,9.177,0.2518,0.2729,0.3473,4
PRJ3-00382,67,5.714,8.417,0.1557,0.2905,0.0692,0.1568,0.0389,0.2401,0.0352,0.0253,20.768,0.2516,10.93,0.4058,0.2739,0.3595,4
PRJ3-00383,127,5.435,7.712,0.4611,0.2686,0.1005,0.0532,0.0103,0.067,0.0556,0.0448,23.869,0.1803,5.598,0.2453,0.1963,0.3148,4
PRJ3-00384,131,4.58,7.202,0.3547,0.1604,0.0308,0.1449,0.0575,0.0738,0.0188,0.0032,6.49,0.0522,2.951,0.3276,0.0759,0.3614,1
PRJ3-00385,45,5.264,9.725,0.2726,0.3737,0.0932,0.2378,0.0691,0.3388,0.0672,0.0302,13.567,0.168,4.791,0.2043,0.1971,0.3316,3
PRJ3-00386,38,4.954,9.212,0.2618,0.2308,0.0615,0.1453,0.0189,0.2222,0.0332,0.0004,14.452,0.2091,2.624,0.4576,0.1532,0.1939,1
PRJ3-00387,30,8.588,5.009,0.4596,0.314,0.0758,0.098,0.0419,0.1459,0.0685,0.0091,5,0.0546,3.477,0.5151,0.106,0.3111,2
PRJ3-00388,19,4.72,4.383,0.5962,0.2308,0.1014,0.1314,0.0492,0.2634,0.0184,0.0264,13.726,0.0777,0.644,0.3713,0.1725,0.4524,2
PRJ3-00389,142,6.763,8.518,0.2934,0.3085,0.0924,0.1715,0.0464,0.3224,0.1071,0.0294,34.076,0.2569,3.597,0.3844,0.2689,0.4625,4
PRJ3-00390,77,5.444,8.341,0.2465,0.2385,0.0749,0.0681,0.0321,0.1651,0.0459,0,21.841,0.3034,6.345,0.1304,0.1155,0.367,2
PRJ3-00391,13,7.044,12.974,0.08,0.4883,0.0977,0.2107,0.0466,0.1368,0.0453,0.0263,33.878,0.4684,6.868,0.3564,0.3114,0.4272,6
PRJ3-00392,72,4.027,7.767,0.2698,0.2429,0.0719,0,0.0355,0.02,0.0342,0.0148,21.831,0.1499,1.735,0.2024,0.188,0.3636,2
PRJ3-00393,159,6.148,10.616,0.1362,0.335,0.0943,0.2293,0.0527,0.1964,0.0258,0.0316,15.563,0.2914,0.461,0.4136,0.2009,0.4784,3
PRJ3-00394,237,6.019,5.477,0.4111,0.088,0.0328,0.1686,0.0648,0.2205,0.0269,0.0191,19.71,0.3571,1.413,0.1866,0.1734,0.4161,2
PRJ3-00395,49,4.915,9.188,0.1362,0.2485,0.0594,0.1312,0.0339,0.1886,0.0332,0.002,6.828,0.1282,0,0.284,0.1489,0.3968,1
PRJ3-00396,240,3.071,6.557,0.3126,0.2504,0.0157,0.1032,0.058,0.0904,0.0286,0.0446,24.684,0.2938,10.267,0.3383,0.2127,0.2497,4
PRJ3-00397,48,5.79,4.959,0.3989,0.1131,0.0499,0.1926,0.0496,0.1678,0.0395,0.0321,22.98,0.1935,0.447,0.3035,0.3148,0.5658,2
PRJ3-00398,75,5.925,12.529,0.1588,0.4108,0.1086,0.1678,0.0773,0.2501,0.051,0.0205,25.116,0.2574,5.157,0.2359,0.1864,0.3099,4
PRJ3-00399,7,1.615,4.224,0.4138,0.1911,0.0645,0.0168,0.0405,0.1388,0.0101,0.011,10.756,0.2159,2.991,0.2681,0.0755,0.1237,1
PRJ3-00400,127,5.482,9.445,0.258,0.3733,0.1231,0.1795,0.0866,0.1372,0.0657,0.0404,26.072,0.3171,9.524,0.3344,0.2006,0.3916,5
PRJ3-00401,137,6.452,5.641,0.526,0.1642,0.0684,0.1572,0.062,0.321,0.0687,0.0085,11.166,0.1436,2.532,0.5465,0.1323,0.323,1
PRJ3-00402,162,6.035,10.27,0.2515,0.4133,0.1387,0.1939,0.0597,0.1749,0.0617,0.0626,25.192,0.3538,2.779,0.2311,0.2709,0.5138,5
PRJ3-00403,126,6.05,11.357,0.1297,0.4762,0.1509,0.1876,0.0445,0.2396,0.0265,0.0286,29.013,0.3584,6.143,0.3827,0.3514,0.3578,5
PRJ3-00404,63,5.175,12.763,0.0878,0.5245,0.143,0.1637,0.0313,0.1541,0.0463,0.0459,38.439,0.4439,2.257,0.5206,0.3459,0.4906,6
PRJ3-00405,188,5.64,6.22,0.4428,0.1856,0.0661,0.2437,0.0738,0.2404,0.0329,0.0061,15.032,0.1809,0.241,0.4039,0.1975,0.3427,1
PRJ3-00406,28,5.729,9.079,0.3318,0.3114,0.0872,0.1377,0.0403,0.1998,0.0287,0.0342,16.851,0.2343,2.291,0.2234,0.2055,0.3446,3
PRJ3-00407,114,5.707,10.001,0.2677,0.2427,0.0413,0.0851,0.0222,0.1077,0.0542,0.0128,9.414,0.1116,10.534,0.2845,0.1927,0.3114,3
PRJ3-00408,96,4.576,2,0.6464,0.0018,0,0.1343,0.0556,0.1472,0.0502,0.018,30.207,0.3145,1.641,0.3504,0.289,0.4263,2
PRJ3-00409,9,3.121,6.33,0.5901,0.3618,0.0875,0.0374,0.0288,0.0882,0.0411,0.0286,18.924,0.2642,3.758,0.4347,0.1537,0.3297,3
PRJ3-00410,194,4.85,13.214,0.0914,0.5287,0.108,0.1305,0.0241,0.1342,0.035,0.0089,34.225,0.3739,0.634,0.1836,0.2646,0.4024,4
PRJ3-00411,70,5.188,8.147,0.3165,0.297,0.0966,0.1699,0.0737,0.1488,0.0304,0.0318,29.796,0.2996,1.938,0.0812,0.316,0.2314,4
PRJ3-00412,170,6.765,11.135,0.1495,0.5249,0.1374,0.1235,0.0322,0.2991,0.0668,0.0103,36.576,0.3004,1.297,0.3257,0.3392,0.6066,4
PRJ3-00413,126,6.204,14.345,0.08,0.5053,0.1192,0.1626,0.0484,0.2869,0.0811,0.0167,36.261,0.538,6.297,0.4588,0.2732,0.5107,6
PRJ3-00414,23,5.35,10.908,0.1106,0.3851,0.0773,0.0712,0.041,0.2188,0.0489,0.0366,30.087,0.3398,3.298,0.2903,0.2337,0.3812,5
PRJ3-00415,101,4.743,2,0.8767,0.1079,0.0198,0.0896,0.0093,0.1747,0.0203,0.0055,22.302,0.1619,6.748,0.2257,0.2682,0.3087,2
PRJ3-00416,158,5.639,9.766,0.2316,0.3965,0.0777,0.1111,0.0116,0.16,0.0332,0.0248,28.586,0.3979,5.02,0.2909,0.2406,0.3969,4
PRJ3-00417,26,5.407,10.682,0.0871,0.3959,0.1199,0.1016,0.0472,0.2502,0.0441,0.0101,23.429,0.2761,0,0.2789,0.2895,0.3066,3
PRJ3-00418,54,5.091,4.174,0.51,0.1477,0.0486,0.0627,0.0523,0.02,0.0274,0.0077,19.527,0.3239,2.463,0.269,0.2493,0.3658,1
PRJ3-00419,69,6.951,9.164,0.2339,0.2527,0.0451,0.1747,0.0559,0.1484,0.0,0.0139,9.529,0.1963,3.199,0.0919,0.1665,0.3102,2
PRJ3-00420,17,3.189,11.361,0.1929,0.4291,0.0957,0.0659,0.0264,0.1555,0.0108,0.0267,12.038,0.1904,6.742,0.1732,0.14,0.4283,4
PRJ3-00421,23,10.555,9.519,0.34,0.428,0.1066,0.1193,0.0417,0.1662,0.0438,0.0503,24.939,0.3366,5.334,0.3315,0.2712,0.4585,5
PRJ3-00422,54,4.775,6.1,0.3976,0.1283,0.0499,0.0388,0.0074,0.1313,0.0031,0,16.882,0.1811,6.275,0.3065,0.1565,0.2632,1
PRJ3-00423,47,4.107,9.34,0.328,0.2889,0.0969,0.0752,0.0196,0.0998,0.0081,0.0222,21.236,0.2596,0,0.3291,0.2071,0.2776,2
PRJ3-00424,104,6.445,11.05,0.1264,0.3712,0.0701,0.1074,0.0379,0.3773,0.0507,0.0517,30.215,0.4148,7.461,0.3354,0.2423,0.3695,6
PRJ3-00425,40,4.236,8.656,0.2313,0.3923,0.053,0,0,0.0395,0.0067,0.0087,27.973,0.4937,4.828,0.2385,0.2652,0.3289,3
PRJ3-00426,34,4.006,7.436,0.4674,0.2158,0.0818,0.0865,0.0338,0.1477,0.0214,0.0248,20.731,0.2479,4.293,0.2855,0.2212,0.288,3
PRJ3-00427,234,5.634,7.851,0.3178,0.1865,0.071,0.2119,0.0563,0.2685,0.0342,0.0205,14.242,0.2929,5.639,0.2941,0.2962,0.3198,2
PRJ3-00428,185,5.262,7.581,0.3304,0.2878,0.107,0.112,0.0554,0.1544,0.0735,0.0377,14.22,0.3096,7.053,0.3057,0.2368,0.2761,4
PRJ3-00429,34,6.238,6.297,0.3776,0.1532,0.0426,0.1644,0.0766,0.0898,0.0543,0.0207,23.441,0.3834,4.696,0.3071,0.2999,0.3714,3
PRJ3-00430,142,6.45,12.463,0.1135,0.452,0.0995,0.1856,0.0619,0.1166,0.0201,0.0287,28.905,0.2854,8.062,0.3766,0.2757,0.4477,5
PRJ3-00431,53,4.476,12.953,0.08,0.5276,0.1237,0.3116,0.0826,0.2524,0.0531,0.0321,34.626,0.4245,6.347,0.2586,0.3825,0.437,6
PRJ3-00433,43,5.765,8.563,0.237,0.3056,0.0968,0.1704,0.0384,0.2695,0.0568,0.0624,26.943,0.4549,6.796,0.4899,0.2823,0.4369,5
PRJ3-00434,240,4.865,12.064,0.1242,0.2969,0.0961,0.0798,0.0235,0.1313,0.0666,0.0507,22.17,0.295,4.668,0.3408,0.2004,0.1821,5
PRJ3-00435,29,4.399,8.61,0.2143,0.2424,0.048,0.1167,0.0126,0.1161,0.0034,0.0176,18.276,0.2236,0,0.3001,0.1911,0.423,2
PRJ3-00436,71,5.255,7.604,0.1805,0.3584,0.0623,0.1417,0.0676,0.1444,0.0139,0.0495,17.658,0.2018,9.146,0.3347,0.1781,0.369,4
PRJ3-00437,101,5.913,12.024,0.1109,0.458,0.0973,0.0213,0.023,0.2137,0.0291,0.0244,17.196,0.3506,0,0.0618,0.2219,0.2964,3
PRJ3-00438,41,4.581,9.971,0.3239,0.3022,0.0607,0.0947,0.0594,0.0451,0.037,0.0078,8.56,0.0462,4.56,0.1959,0.1251,0.3901,2
PRJ3-00439,24,5.907,12.418,0.08,0.5331,0.0955,0.0081,0,0.2946,0.0316,0.023,32.711,0.324,2.009,0.3362,0.2628,0.4529,5
PRJ3-00440,49,4.252,4.917,0.4457,0.1336,0.0451,0.0992,0.0678,0.08,0,0,5,0.0634,1.38,0.1786,0.1525,0.2919,1
PRJ3-00441,58,4.477,15.223,0.08,0.5095,0.1161,0.07,0.0127,0.1863,0.0201,0.0083,8.263,0.1865,1.487,0.3969,0.1022,0.2655,3
PRJ3-00442,95,5.951,8.631,0.08,0.3078,0.0945,0.2692,0.0741,0.2263,0.0775,0.0417,15.011,0.2999,3.204,0.5121,0.2827,0.2822,3
PRJ3-00443,197,4.913,11.077,0.1406,0.3431,0.0352,0.1836,0.0381,0.1855,0.0164,0.0023,20.358,0.2517,1.505,0.212,0.2242,0.1807,2
PRJ3-00444,91,6.29,11.085,0.2745,0.4035,0.0797,0.1248,0.031,0.2164,0.0249,0.0094,13.945,0.2437,1.3,0.2228,0.1782,0.2713,2
PRJ3-00445,40,6.482,8.385,0.2864,0.3485,0.0967,0.1159,0.0536,0.1099,0.0309,0.0356,11.37,0.189,10.231,0.3128,0.2166,0.3463,4
PRJ3-00446,177,5.166,7.417,0.3818,0.1895,0.0414,0.1826,0.0319,0.1665,0.0354,0.0149,20.821,0.3376,3.312,0.2066,0.2515,0.3862,2
PRJ3-00447,33,9.239,9.55,0.1475,0.3551,0.0989,0.1042,0.0535,0.2813,0.0671,0.0404,28.42,0.3428,10.164,0.419,0.1854,0.4737,5
PRJ3-00448,31,5.079,4.177,0.5581,0.2015,0.0387,0.0859,0.0195,0.1514,0.0058,0.0013,27.935,0.2828,0.851,0.155,0.2329,0.2676,2
PRJ3-00449,7,4.088,11.097,0.0814,0.3335,0.092,0.1324,0.0643,0.1775,0.0108,0.0004,20.137,0.1417,6.085,0.0761,0.1375,0.4132,3
PRJ3-00450,83,4.758,6.457,0.3162,0.2267,0.0297,0.2091,0.075,0.1121,0.0513,0.0197,24.481,0.2142,0.19,0.3431,0.2908,0.3835,2
PRJ3-00451,88,4.262,7.317,0.3944,0.2141,0.053,0.0871,0.048,0.0884,0.0363,0,10.522,0.2578,3.506,0.3471,0.106,0.334,1
PRJ3-00452,27,2.741,9.318,0.221,0.3954,0.127,0.0715,0.0009,0.02,0.0183,0.0033,22.937,0.2942,6.405,0.2247,0.1396,0.2209,3
PRJ3-00453,26,4.435,10.96,0.1875,0.4038,0.0842,0.1422,0.0449,0.1971,0.0416,0.0048,8.691,0.1657,0.508,0.2628,0.179,0.3647,2
PRJ3-00454,37,5.466,5.757,0.5888,0.1681,0.0314,0.1456,0.0638,0.1775,0.0249,0.0356,25.843,0.2897,1.078,0.1898,0.2839,0.468,3
PRJ3-00455,29,4.387,6.001,0.3519,0.3352,0.1,0.001,0.012,0.1024,0.0486,0.0217,22.141,0.2181,7.589,0.3084,0.2262,0.3803,3
PRJ3-00456,112,5.462,8.285,0.2899,0.3704,0.0976,0.2767,0.0726,0.3493,0.0199,0.0315,15.992,0.1711,6.692,0.368,0.2895,0.472,3
PRJ3-00457,25,4.047,7.16,0.292,0.2528,0.0366,0.1373,0.0397,0.1669,0.0672,0,15.099,0.189,8.579,0.3584,0.2693,0.4366,2
PRJ3-00458,47,4.466,8.038,0.427,0.2827,0.0953,0.0814,0.0625,0.0787,0.075,0.0082,28.617,0.3194,0,0.2488,0.3613,0.1613,2
PRJ3-00459,86,4.819,11.543,0.1109,0.3591,0.1013,0.0557,0.0648,0.1503,0.0702,0.0212,23.182,0.3421,6.333,0.4686,0.2204,0.3447,4
PRJ3-00460,42,4.24,5.897,0.3114,0.2732,0.0955,0.1502,0.0525,0.0662,0.0101,0,17.296,0.1753,4.425,0.3005,0.2009,0.2721,2
PRJ3-00461,22,4.157,9.877,0.3433,0.2947,0.0559,0.0449,0.0214,0.1871,0.0189,0.0013,31.511,0.2558,0,0.3431,0.209,0.2434,2
PRJ3-00462,67,7.05,6.933,0.2487,0.2019,0.0633,0.1269,0.0511,0.0502,0.0227,0,18.722,0.2828,0,0.19,0.1873,0.41,1
PRJ3-00463,29,5.486,6.616,0.4015,0.2261,0.0605,0.1726,0.0461,0.276,0.0812,0.0336,19.738,0.1809,4.433,0.4139,0.2874,0.3536,3
PRJ3-00464,21,4.682,10.367,0.08,0.362,0.1109,0.1445,0.0171,0.3203,0.0562,0.0103,28.235,0.3346,5.121,0.3058,0.2569,0.3023,4
PRJ3-00465,36,4.622,10.746,0.08,0.3609,0.0764,0.1393,0.0503,0.3306,0.0634,0.0083,23.461,0.2311,7.084,0.5172,0.2724,0.3476,3
PRJ3-00466,43,4.029,9.557,0.1992,0.2532,0.0466,0.1166,0.0093,0.1154,0.0169,0.0036,10.07,0.1333,7.943,0.2243,0.1464,0.3965,2
PRJ3-00467,47,6.251,9.786,0.2453,0.3647,0.0943,0.1396,0.0682,0.1505,0.0395,0.0375,28.669,0.3835,3.152,0.2945,0.2833,0.461,4
PRJ3-00468,16,3.724,10.038,0.1009,0.3329,0.0932,0.2268,0.0581,0.1751,0.0389,0,21.316,0.1952,3.206,0.2444,0.2523,0.4738,2
PRJ3-00469,85,5.122,13.608,0.08,0.4813,0.1189,0.2267,0.0498,0.1062,0.0723,0.0315,29.645,0.2769,1.663,0.3799,0.2557,0.4297,5
PRJ3-00470,103,6.831,6.567,0.3926,0.312,0.0651,0.1567,0.0647,0.2592,0.0517,0.0375,31.597,0.2323,7.826,0.497,0.3158,0.5716,5
PRJ3-00471,77,5.518,12.635,0.08,0.494,0.0651,0.2203,0.1045,0.2016,0.0487,0.05,25.655,0.3041,8.12,0.2682,0.2879,0.4283,6
PRJ3-00472,99,6.073,13.45,0.08,0.4433,0.1174,0.0706,0.0337,0.2551,0.0272,0.0434,19.454,0.2284,6.772,0.3152,0.1928,0.3892,5
PRJ3-00473,64,4.325,3.829,0.5937,0.2209,0.0643,0.1078,0.0389,0.2633,0.029,0.0038,17.897,0.2826,7.528,0.3603,0.2209,0.3756,2
PRJ3-00474,32,4.74,9.842,0.237,0.2417,0.0649,0.1597,0.0553,0.0802,0.0312,0.0039,14.238,0.1848,4.279,0.2454,0.2224,0.2846,2
PRJ3-00475,56,5.177,13.856,0.08,0.4858,0.121,0.0038,0.0398,0.07,0.0223,0.0127,32.681,0.3158,7.971,0.0457,0.2257,0.3538,5
PRJ3-00476,61,3.691,7.261,0.426,0.2643,0.1053,0.2337,0.0786,0.1517,0.0195,0.0108,21.798,0.2256,0,0.3226,0.3158,0.2771,2
PRJ3-00477,49,5.095,7.407,0.3479,0.2326,0.0774,0.0827,0.0165,0.0967,0.0348,0.0149,23.204,0.2415,8.814,0.1863,0.176,0.3967,3
PRJ3-00478,87,3.463,11.712,0.08,0.3137,0.1008,0.0612,0.0561,0.0878,0.0035,0.0181,22.359,0.2009,3.331,0.1852,0.1954,0.2446,3
PRJ3-00479,47,4.434,6.413,0.5414,0.2566,0.0484,0.0732,0.0084,0.0471,0.0274,0.0135,20.614,0.1221,3.831,0.3965,0.3365,0.2114,2
PRJ3-00480,89,5.473,8.956,0.2769,0.1456,0.0396,0.1899,0.0283,0.2106,0.0332,0.0203,18.717,0.202,5.936,0.4152,0.2062,0.3967,2
PRJ3-00481,240,5.229,12.592,0.08,0.4178,0.0881,0.1289,0.0401,0.1908,0.0145,0.0121,34.515,0.3808,6.975,0.3751,0.3191,0.4334,5
PRJ3-00482,34,4.969,9.077,0.1171,0.3489,0.1164,0.1399,0.0288,0.1422,0.0672,0,22.131,0.2932,3.011,0.4275,0.3623,0.3647,2
PRJ3-00483,49,3.816,6.537,0.3521,0.2022,0.0655,0.0515,0.0714,0.1959,0.0401,0,18.087,0.2259,2.735,0.2267,0.1391,0.3243,1
PRJ3-00484,40,3.93,7.666,0.3582,0.4272,0.0799,0.0153,0.0211,0.0781,0.0138,0.0008,15.901,0.2325,1.514,0.2483,0.1965,0.4597,2
PRJ3-00485,231,5.564,12.566,0.08,0.3985,0.094,0.2582,0.0682,0.1958,0.0608,0.0481,31.165,0.2819,2.85,0.3706,0.2947,0.5063,6
PRJ3-00486,13,2.852,7.675,0.319,0.2476,0.0785,0.0793,0.0165,0.2521,0.0316,0.0174,28.073,0.3833,0,0.2969,0.1978,0.2688,2
PRJ3-00487,72,4.666,5.563,0.449,0.1755,0.038,0.047,0.0249,0.1539,0.0262,0,11.922,0.1955,0,0.4424,0.1854,0.3385,1
PRJ3-00488,34,4.888,6.407,0.5063,0.2084,0.0463,0,0.0138,0.0463,0.0042,0.0127,15.797,0.2053,5.549,0.3411,0.1824,0.1633,2
PRJ3-00489,14,3.747,8.111,0.3773,0.3241,0.0617,0,0,0.1091,0.0257,0.0156,20.401,0.2955,1.071,0.2443,0.2074,0.2514,2
PRJ3-00490,38,5.946,9.022,0.1047,0.3242,0.0883,0.1153,0.0225,0.2551,0.0372,0.0176,21.851,0.2487,4.524,0.4022,0.2642,0.3615,3
PRJ3-00491,131,4.935,11.797,0.137,0.4986,0.1124,0.1032,0.0465,0.02,0.0214,0.0305,30.426,0.3683,8.562,0.1357,0.3146,0.2975,6
PRJ3-00492,47,5.215,9.546,0.2573,0.315,0.1014,0.1888,0.0407,0.1504,0.0365,0.0119,21.024,0.2357,2.97,0.3623,0.3061,0.2668,3
PRJ3-00493,211,4.92,7.508,0.645,0.3048,0.0853,0.0312,0.0408,0.0501,0.0438,0,16.765,0.2934,4.347,0.4686,0.1858,0.3538,2
PRJ3-00494,49,5.556,11.086,0.08,0.3678,0.0935,0.1363,0.0108,0.1798,0.025,0.0313,25.213,0.2972,8.183,0.3571,0.2795,0.4614,5
PRJ3-00495,80,5.621,12.208,0.08,0.3547,0.0965,0.1605,0.0111,0.2426,0.0638,0.0202,17.931,0.1955,1.782,0.3147,0.1959,0.3876,3
PRJ3-00496,31,4.748,7.982,0.3826,0.2817,0.086,0.0757,0.0301,0.0951,0.0507,0.0109,16.534,0.2317,3.057,0.4614,0.1367,0.3546,2
PRJ3-00497,211,5.676,11.395,0.0854,0.4562,0.099,0.2097,0.0547,0.1464,0.0546,0.0359,26.843,0.3635,4.026,0.3992,0.2161,0.4095,5
PRJ3-00498,127,5.055,11.391,0.1451,0.42,0.093,0.0876,0.0395,0.0968,0.0226,0.0037,29.65,0.465,8.14,0.5514,0.2698,0.4506,4
PRJ3-00499,122,6.273,12.231,0.08,0.4352,0.1091,0.2207,0.0476,0.2388,0.0539,0.0532,36.062,0.4549,4.637,0.4247,0.3342,0.3478,6
PRJ3-00500,33,7.379,8.444,0.2024,0.2797,0.1302,0.0932,0.0481,0.1799,0.0274,0.0061,18.077,0.3011,1.271,0.357,0.1466,0.2855,2
PRJ3-00501,123,5.844,4.924,0.4929,0.2526,0.0617,0.0969,0,0.2728,0.0444,0.02,26.15,0.3495,0,0.2164,0.2462,0.4054,2
PRJ3-00502,74,4.042,8.913,0.3355,0.3028,0.0566,0.0799,0.0161,0.1569,0.0265,0.0007,23.648,0.1897,9.503,0.156,0.2612,0.2366,3
PRJ3-00503,71,5.223,6.406,0.4775,0.2611,0.0696,0,0.0083,0.1366,0.0398,0.0212,27.199,0.2543,4.597,0.2033,0.1815,0.3148,3
PRJ3-00504,56,6.936,8.508,0.3187,0.3785,0.1124,0.2002,0.0582,0.2219,0.0664,0.0258,16.979,0.212,4.826,0.5121,0.1978,0.4356,3
PRJ3-00505,115,5.708,9.692,0.1323,0.2638,0.0455,0.1237,0.0229,0.2356,0.0585,0.0192,14.153,0.2356,5.078,0.2136,0.1894,0.3491,3
PRJ3-00506,97,5.162,7.715,0.286,0.2921,0.0674,0.1449,0.0331,0.1216,0,0,18.032,0.1903,0.055,0.1831,0.2437,0.2358,1
PRJ3-00507,217,5.383,10.043,0.141,0.412,0.1371,0.2014,0.0645,0.1228,0.0933,0.0323,23.872,0.1903,3.589,0.4283,0.2953,0.2873,4
PRJ3-00508,64,4.728,9.683,0.221,0.374,0.1043,0.127,0.0479,0.1234,0.0267,0.0418,19.979,0.2715,6.816,0.2887,0.2522,0.3635,4
PRJ3-00509,95,4.683,10.749,0.08,0.3592,0.0402,0.0806,0.0312,0.0929,0.0196,0.0258,28.144,0.2711,0.362,0.2158,0.2085,0.3911,3
PRJ3-00510,49,5.312,9.136,0.3192,0.2601,0.0539,0.0623,0.054,0.1338,0.013,0.0372,28.615,0.267,10.119,0.2868,0.2187,0.3971,5
PRJ3-00511,79,5.866,6.313,0.3078,0.1924,0.0514,0.1249,0.0065,0.1789,0.05,0.0258,13.85,0.1282,6.442,0.5416,0.1912,0.3547,3
PRJ3-00512,53,4.208,9.367,0.139,0.3486,0.0611,0.1018,0.0083,0.1654,0,0.0218,5,0.1557,1.79,0.2855,0.1123,0.4427,2
PRJ3-00513,44,7.146,5.474,0.334,0.3243,0.0975,0.136,0.0982,0.2753,0.059,0.0331,13.118,0.2485,2.656,0.3669,0.1844,0.367,3
PRJ3-00515,127,4.748,8.814,0.3306,0.368,0.1081,0.0627,0.0432,0.0253,0.0203,0.0125,20.185,0.1629,0,0.1253,0.2117,0.3327,2
PRJ3-00516,52,4.589,7.181,0.3987,0.2965,0.0889,0.0031,0.001,0.1378,0.0221,0.0229,16.15,0.1631,5.561,0.3418,0.0966,0.5148,3
PRJ3-00517,56,5.422,6.653,0.389,0.2312,0.076,0.1804,0.0515,0.0996,0.0713,0.0314,9.019,0.3201,8.596,0.2247,0.1443,0.4345,3
PRJ3-00519,60,5.034,8.277,0.373,0.3185,0.0794,0.1537,0.0537,0.1118,0.0406,0.0246,23.277,0.2779,1.568,0.1243,0.234,0.3043,3
PRJ3-00520,86,5.27,7.842,0.1784,0.3083,0.0926,0.1139,0.0322,0.0417,0.0567,0.0175,19.085,0.2793,4.259,0.3515,0.2031,0.3156,2
PRJ3-00521,152,4.648,12.401,0.08,0.469,0.1098,0,0.0242,0.1479,0.0285,0.0152,47.541,0.5607,4.665,0.1526,0.3853,0.4577,6
PRJ3-00522,68,4.945,6.12,0.4553,0.2895,0.0685,0.1167,0.0326,0.229,0.0049,0.0337,23.834,0.2439,7.083,0.3413,0.2315,0.4092,4
PRJ3-00523,31,5.898,11.995,0.1046,0.4736,0.1174,0.2142,0.0608,0.3568,0.0325,0.0308,24.159,0.3595,4.317,0.2034,0.2444,0.3789,5
PRJ3-00524,75,4.011,9.172,0.3342,0.3649,0.0752,0.1433,0.007,0.118,0.0097,0.0063,25.076,0.3375,0.095,0.2113,0.2353,0.3391,2
PRJ3-00526,38,4.596,5.902,0.4943,0.2395,0.022,0.0804,0.0546,0.2425,0.0198,0.022,16.668,0.2167,1.689,0.1488,0.1009,0.3221,2
PRJ3-00527,40,4.044,4.426,0.453,0.0642,0.0433,0.2012,0.0399,0.1159,0.0717,0.0176,13.131,0.14,6.745,0.3996,0.1329,0.282,2
PRJ3-00528,25,5.257,8.473,0.2207,0.4291,0.102,0.0154,0.0058,0.0892,0.0142,0.0314,21.166,0.2834,0,0.181,0.2115,0.3016,3
PRJ3-00529,113,6.248,6.283,0.394,0.257,0.0794,0.2228,0.0947,0.207,0.0717,0.0359,37.082,0.4811,3.208,0.3744,0.3824,0.4308,4
PRJ3-00530,53,4.167,8.54,0.3149,0.3218,0.0623,0.1216,0.059,0.115,0.0025,0.0079,18.735,0.2833,1.176,0.1531,0.2098,0.1971,2
PRJ3-00531,94,4.006,3.958,0.5565,0.2337,0.061,0.1214,0.0341,0.1841,0,0.0087,7.839,0.1707,0,0.1173,0.0254,0.3863,1
PRJ3-00532,102,4.485,6.67,0.5461,0.2994,0.0801,0.0724,0.0337,0.0935,0.0202,0.0085,19.173,0.2451,0,0.2747,0.213,0.2161,1
PRJ3-00533,12,2.724,7.896,0.4133,0.3396,0.0724,0.093,0.0524,0.0852,0.0187,0.0016,20.503,0.214,0.108,0.1764,0.1872,0.3032,1
PRJ3-00534,101,4.059,14.583,0.08,0.406,0.0512,0.069,0.058,0.1575,0.0409,0.016,9.973,0.1676,2.329,0.3139,0.1962,0.3937,3
PRJ3-00535,23,5.053,9.194,0.2064,0.3146,0.0848,0.1547,0.0644,0.2102,0.042,0.0168,36.33,0.3459,1.282,0.288,0.4059,0.1635,4
PRJ3-00536,10,4.433,10.142,0.143,0.424,0.1025,0.1418,0.056,0.1786,0.0626,0.0409,23.067,0.306,10.108,0.2627,0.2902,0.4618,5
PRJ3-00537,104,5.154,10.606,0.3216,0.3814,0.086,0.1047,0.021,0.1348,0.0507,0.0304,21.686,0.3255,6.559,0.2946,0.2091,0.2851,4
PRJ3-00538,101,4.77,9.888,0.2416,0.3255,0.0435,0.06,0.0334,0.0909,0.011,0.0249,17.538,0.2835,2.503,0.1566,0.2363,0.258,3
PRJ3-00539,110,5.025,9.069,0.3292,0.2555,0.0972,0.061,0.0288,0.1741,0.0403,0.0079,21.557,0.2126,4.323,0.3517,0.2592,0.4118,2
PRJ3-00540,92,5.088,7.772,0.3333,0.3371,0.0719,0.1112,0.0458,0.111,0.0098,0.0327,37.709,0.468,8.414,0.3212,0.3363,0.331,5
PRJ3-00541,240,2.526,7.072,0.325,0.2376,0.0819,0.1528,0.0489,0.3033,0.0243,0.0178,33.594,0.2354,5.693,0.3401,0.3094,0.3899,4
PRJ3-00542,60,5.69,8.837,0.1641,0.3725,0.0949,0.1941,0.0888,0.2806,0.0502,0.0324,30.945,0.3914,7.687,0.3468,0.2882,0.4063,5
PRJ3-00543,45,8.495,12.751,0.08,0.3884,0.0968,0.2728,0.082,0.224,0.0507,0.0513,19.719,0.3864,4.446,0.4168,0.3322,0.4705,5
PRJ3-00544,88,4.18,5.692,0.4217,0.1953,0.0642,0.0606,0.0108,0.0577,0.0376,0.0006,22.202,0.3329,5.474,0.2138,0.2214,0.2035,2
PRJ3-00545,36,5.027,8.01,0.423,0.2625,0.0934,0.1028,0.0675,0.02,0.0007,0.0231,20.734,0.1487,1.322,0.4248,0.1912,0.2568,2
PRJ3-00546,9,7.118,8.89,0.1888,0.3091,0.0653,0.2367,0.0421,0.2554,0.0359,0.0528,22.117,0.3211,3.811,0.079,0.2294,0.3801,4
PRJ3-00547,60,3.359,7.335,0.5577,0.3157,0.0933,0.0381,0.0216,0.104,0.0178,0.0058,31.048,0.3701,7.191,0.0855,0.2303,0.2719,3
PRJ3-00548,149,5.845,8.549,0.249,0.3375,0.0754,0.0647,0.0277,0.2186,0.0407,0.022,27.13,0.3424,3.676,0.1332,0.2115,0.3415,3
PRJ3-00549,26,4.086,10.228,0.1412,0.3358,0.1017,0.0216,0.0277,0.1756,0.0483,0.0094,22.727,0.219,0.077,0.4307,0.2292,0.4463,2
PRJ3-00550,122,5.62,9.159,0.2599,0.32,0.0806,0.1331,0.0392,0.241,0.0555,0.0069,26.194,0.3349,4.016,0.1682,0.283,0.3897,3
PRJ3-00552,38,10.498,9.691,0.1496,0.4484,0.0988,0.0893,0.0454,0.1475,0.0291,0.0319,36.02,0.4942,7.21,0.1633,0.3143,0.3406,5
PRJ3-00553,212,6.055,9.727,0.2433,0.3797,0.0932,0.1198,0.0214,0.1294,0.0562,0.0153,20.231,0.2976,5.43,0.3261,0.2361,0.3588,3
PRJ3-00554,22,3.878,10.505,0.1736,0.4495,0.0909,0.1761,0.0925,0.0912,0.0275,0.0515,15.482,0.1325,4.774,0.2182,0.269,0.6178,5
PRJ3-00555,81,5.801,2,0.5928,0.1327,0.0624,0.1536,0.0734,0.149,0.0638,0.032,23.944,0.2909,5.329,0.32,0.2475,0.2859,3
PRJ3-00556,46,4.659,3.664,0.5914,0.1427,0.0465,0.104,0.0441,0.2428,0.0277,0.0118,18.836,0.3031,4.869,0.3806,0.1625,0.2462,2
PRJ3-00557,240,2.923,12.201,0.08,0.3319,0.0703,0.144,0.0071,0.1984,0.0451,0.0192,35.852,0.2882,5.344,0.3726,0.3579,0.2191,5
PRJ3-00558,4,1.961,13.199,0.1412,0.4658,0.1034,0.0677,0.0581,0.1345,0.0174,0.0232,25.011,0.2672,1.354,0.238,0.2107,0.1489,4
PRJ3-00559,41,7.283,5.9,0.4005,0.1821,0.0728,0.1789,0.0482,0.3001,0.0549,0.0149,26.853,0.2903,3.633,0.3494,0.2538,0.3595,3
PRJ3-00560,17,4.147,10.619,0.1976,0.3192,0.0904,0.1318,0.0187,0.1771,0.0689,0.0474,16.072,0.2744,7.984,0.5557,0.2276,0.3427,5
PRJ3-00561,240,4.79,7.923,0.2318,0.3143,0.0454,0.1296,0.0434,0.2126,0.0608,0.046,9.388,0.1517,2.878,0.1994,0.1774,0.2943,3
PRJ3-00562,5,2.936,5.578,0.3159,0.2661,0.0537,0.1598,0.0957,0.1724,0.018,0,17.219,0.215,1.99,0.0432,0.217,0.4229,1
PRJ3-00563,7,2.815,7.591,0.439,0.3041,0.064,0.1198,0.0299,0.02,0.0372,0.029,20.088,0.231,4.849,0.3738,0.2632,0.3796,3
PRJ3-00564,54,4.056,10.344,0.1821,0.455,0.1178,0.2113,0.0605,0.2156,0.017,0.0309,16.965,0.2346,4.786,0.2024,0.2727,0.3342,4
PRJ3-00565,142,6.538,16.273,0.08,0.5213,0.1142,0.0818,0.065,0.2762,0.0863,0.0498,22.619,0.409,3.877,0.4328,0.2766,0.4138,6
PRJ3-00566,170,4.516,10.637,0.0811,0.3447,0.0907,0.0997,0.0546,0.1004,0.0419,0,29.889,0.2928,2.925,0.3903,0.2564,0.3452,3
PRJ3-00567,133,5.475,6.256,0.4058,0.2285,0.0927,0.212,0.0737,0.2703,0.0627,0.0379,22.855,0.2406,0,0.2007,0.2867,0.393,3
PRJ3-00568,168,5.71,2,0.6058,0.1244,0.0399,0.1353,0.067,0.1172,0.0592,0.0496,26.398,0.3189,6.083,0.348,0.2763,0.5229,4
PRJ3-00569,83,6.567,11.55,0.08,0.4742,0.1081,0.1692,0.0553,0.256,0.0725,0.0503,32.917,0.1978,5.559,0.2705,0.4028,0.464,6
PRJ3-00570,69,4.794,11.239,0.0877,0.4113,0.0905,0.0497,0.0163,0.0434,0.0333,0.0266,35.151,0.3212,4.248,0.3486,0.2875,0.3076,5
PRJ3-00571,65,4.514,5.735,0.4322,0.1999,0.0446,0.1342,0.0591,0.2046,0.0634,0.0385,18.17,0.3396,0,0.4541,0.2397,0.3347,2
PRJ3-00572,31,3.564,10.554,0.08,0.5005,0.093,0.0573,0.021,0.1311,0,0.0068,28.71,0.3958,5.829,0.2294,0.2779,0.4575,4
PRJ3-00573,138,5.232,10.946,0.125,0.3074,0.065,0.097,0.029,0.2291,0.0218,0.0249,28.847,0.2584,4.192,0.4771,0.3431,0.353,4
PRJ3-00574,98,5.771,14.184,0.08,0.4154,0.1184,0.2097,0.0916,0.2584,0.0628,0.023,28.786,0.4067,6.107,0.37,0.2956,0.4141,5
PRJ3-00575,99,4.952,11.507,0.1068,0.3885,0.0743,0.1691,0.0917,0.1377,0.0281,0.0338,18.623,0.2467,0,0.4,0.2388,0.3295,3
PRJ3-00576,12,3.364,6.295,0.3857,0.1695,0.0733,0.1867,0.0656,0.1601,0.0126,0.0281,23.221,0.3699,6.79,0.3095,0.2393,0.3064,3
PRJ3-00577,99,5.321,6.571,0.3133,0.2604,0.0726,0.0775,0.0339,0.2466,0.063,0.0382,34.346,0.2527,8.99,0.3454,0.3266,0.3279,5
PRJ3-00578,41,5.516,6.937,0.438,0.2206,0.0687,0.1274,0.037,0.1712,0.0473,0.0261,18.828,0.2911,5.591,0.3534,0.2239,0.3631,3
PRJ3-00579,47,5.007,7.867,0.408,0.3071,0.0915,0.1919,0.048,0.1355,0.0576,0.0129,22.562,0.3035,7.345,0.4023,0.2873,0.335,3
PRJ3-00580,240,4.887,11.412,0.1282,0.3928,0.1102,0.0744,0.0504,0.3071,0.0514,0.0468,28.098,0.3257,3.968,0.419,0.2149,0.4952,5
PRJ3-00581,169,5.442,11.813,0.1602,0.3848,0.1129,0.0422,0.0099,0.2128,0.0535,0.0124,14.973,0.1899,1.686,0.2453,0.1925,0.228,3
PRJ3-00582,113,5.63,6.404,0.3403,0.3441,0.0965,0.1158,0.0539,0.1694,0.026,0.0076,21.059,0.2196,1.645,0.31,0.2284,0.3935,2
PRJ3-00583,75,4.551,10.829,0.2345,0.4272,0.108,0.1124,0.0597,0.1187,0.0337,0.0209,8.47,0.1944,3.796,0.3273,0.1898,0.4632,3
PRJ3-00584,34,4.941,9.817,0.2152,0.3634,0.1349,0.1909,0.0863,0.2259,0.0528,0.035,25.423,0.3551,5.422,0.2288,0.281,0.3645,4
PRJ3-00585,27,4.489,5.219,0.5104,0.165,0.0358,0.0422,0.0463,0.1882,0.0812,0.0204,14.138,0.1517,3.074,0.3614,0.2312,0.2401,2
PRJ3-00586,72,5.473,7.87,0.2826,0.2614,0.073,0.1062,0.0296,0.1364,0.0544,0.0185,15.24,0.1918,2.768,0.3311,0.1576,0.4282,2
PRJ3-00587,117,4.393,4.1,0.4712,0.0489,0,0.1334,0.0363,0.1615,0.0084,0.0164,14.852,0.179,0,0.2006,0.1915,0.3191,1
PRJ3-00588,43,6.896,9.961,0.2001,0.3043,0.045,0.0591,0.0485,0.174,0.0324,0.0172,22.338,0.2311,2.953,0.3159,0.1367,0.3445,3
PRJ3-00589,29,4.488,4.025,0.5584,0.1686,0.058,0,0.0377,0.0378,0,0.0033,16.077,0.2004,5.825,0.3354,0.1515,0.3809,2
PRJ3-00590,60,4.931,5.61,0.3338,0.1857,0.0431,0.1195,0.0261,0.0507,0.0181,0.0039,17.889,0.2495,2.425,0.3074,0.2167,0.3639,1
PRJ3-00591,203,5.327,12.626,0.1029,0.5826,0.1253,0.0628,0.0223,0.1184,0.0152,0.0328,22.711,0.1589,7.483,0.0981,0.2746,0.3588,5
PRJ3-00592,19,4.133,14.099,0.08,0.6073,0.1276,0.1112,0.0339,0.0422,0,0.0345,19.026,0.1125,8.09,0.3245,0.1194,0.2462,5
PRJ3-00593,240,4.377,6.625,0.308,0.2087,0.0587,0.1422,0.0721,0.1607,0.0578,0.0421,8.421,0.1028,2.86,0.3315,0.1691,0.2655,3
PRJ3-00594,179,5.388,5.629,0.3955,0.2554,0.0839,0.1472,0.0589,0.2145,0.0363,0.026,9.946,0.1569,0.871,0.3375,0.1627,0.3543,2
PRJ3-00595,35,4.004,7.469,0.4216,0.2742,0.067,0.2432,0.0443,0.2089,0.0149,0.0305,15.339,0.208,6.646,0.3771,0.2426,0.3376,3
PRJ3-00596,49,6.851,8.994,0.2271,0.3152,0.0845,0.1127,0.0349,0.123,0.0404,0.0316,23.677,0.1737,4.775,0.519,0.1954,0.3454,4
PRJ3-00597,56,5.003,6.841,0.4414,0.3041,0.0528,0.0223,0.0262,0.0923,0.0236,0.0234,22.307,0.2738,1.731,0.1765,0.2403,0.3034,2
PRJ3-00598,29,4.953,9.122,0.2654,0.3079,0.0767,0.1111,0.0335,0.1452,0.0051,0.0047,29.317,0.3642,5.541,0.2287,0.2917,0.2619,3
PRJ3-00599,61,3.352,5.47,0.3732,0.203,0.0854,0.1584,0.0594,0.1766,0.0187,0.0138,9.392,0.1884,0,0.0643,0.1839,0.2516,1
PRJ3-00600,139,4.865,7.489,0.4141,0.1538,0.0185,0,0.0276,0.1227,0.0094,0.0437,16.525,0.2197,3.84,0.2633,0.1399,0.291,3
PRJ3-00601,17,4.024,9.522,0.3676,0.221,0.0519,0.1285,0.0296,0.1952,0.0172,0.0169,16.088,0.3504,2.343,0.1908,0.1934,0.288,2
PRJ3-00602,63,4.589,8.362,0.1541,0.4282,0.1003,0.0736,0.0558,0.0988,0.0451,0.0322,27.375,0.3506,4.244,0.1818,0.2219,0.4593,4
PRJ3-00603,44,8.431,4.795,0.432,0.1881,0.0982,0.1741,0.0543,0.1355,0.0516,0.0355,10.214,0.0856,6.614,0.0977,0.1923,0.4752,3
PRJ3-00604,122,6.625,12.909,0.08,0.42,0.1096,0.1355,0.0547,0.27,0.0308,0.0533,43.491,0.4983,10.194,0.3849,0.3198,0.428,8
PRJ3-00605,94,4.295,9.786,0.4072,0.2814,0.1043,0.0201,0.0374,0.1248,0.0439,0.009,17.564,0.2216,5.556,0.3077,0.1048,0.3648,2
PRJ3-00606,87,5.727,6.241,0.4455,0.3281,0.0713,0.17,0.0383,0.1543,0.0342,0.0283,16.238,0.1281,5.774,0.2733,0.1576,0.2856,3
PRJ3-00607,29,8.443,8.253,0.2909,0.2701,0.0651,0.1265,0.0719,0.0897,0.0187,0.0258,17.266,0.198,3.988,0.2777,0.2914,0.3148,3
PRJ3-00608,33,7.283,10.868,0.08,0.3731,0.1145,0.2155,0.0874,0.2416,0.0843,0.019,21.249,0.2547,0.72,0.4912,0.2682,0.493,3
PRJ3-00609,57,4.251,2,0.6204,0.186,0.0436,0.0572,0.047,0.1911,0,0,23.45,0.2554,0,0.2175,0.1677,0.2859,1
PRJ3-00610,37,5.406,6.06,0.514,0.1472,0.0802,0.1562,0.0525,0.2708,0.0498,0.0223,22.585,0.2845,6.806,0.2737,0.2133,0.4433,3
PRJ3-00611,49,5.739,6.669,0.3372,0.2276,0.0471,0.1031,0.0492,0.1398,0.0302,0.0029,13.938,0.125,4.7,0.2975,0.244,0.1847,2
PRJ3-00612,54,4.783,7.811,0.3064,0.322,0.0749,0.1234,0.0345,0.2809,0.0021,0.0054,23.042,0.2834,4.879,0.132,0.2817,0.4647,2
PRJ3-00613,50,3.544,3.935,0.5313,0.083,0.0281,0.0783,0.0016,0.0622,0.0083,0.0048,15.538,0.2067,4.064,0.2053,0.2362,0.3199,1
PRJ3-00614,48,6.811,7.513,0.2834,0.2745,0.066,0.1873,0.1128,0.2657,0.0457,0,26.719,0.3151,3.099,0.2535,0.2298,0.4869,2
PRJ3-00615,145,4.798,9.255,0.1876,0.3782,0.0926,0.0525,0.0433,0.2224,0.0051,0.0073,18.679,0.3979,7.959,0.0939,0.2631,0.2425,3
PRJ3-00616,7,4.364,13.527,0.08,0.3342,0.1029,0.2543,0.0961,0.2194,0.0491,0.0336,26.05,0.3333,2.453,0.2506,0.3541,0.5283,5
PRJ3-00617,76,3.872,8.107,0.3529,0.28,0.0888,0.0703,0.0323,0.1112,0.0213,0.02,19.486,0.2555,2.982,0.3703,0.1842,0.4457,2
PRJ3-00618,4,3.78,6.177,0.4618,0.1252,0.0401,0.1587,0.0462,0.1104,0.0059,0.0001,27.85,0.2591,11.088,0.2067,0.2475,0.3081,3
PRJ3-00619,95,5.027,2.854,0.6048,0.144,0.0708,0.1484,0.0209,0.1555,0.0452,0.0217,16.838,0.2034,4.717,0.3056,0.2053,0.3964,2
PRJ3-00620,143,5.553,8.337,0.2961,0.3427,0.085,0.1716,0.036,0.2507,0.0417,0.0258,25.378,0.2734,1.044,0.3617,0.2762,0.436,3
PRJ3-00621,45,4.129,8.726,0.3079,0.3476,0.0674,0.0496,0,0.02,0.0452,0.0078,16.795,0.2815,4.21,0.3788,0.215,0.3423,2
PRJ3-00622,124,5.366,9.085,0.2928,0.2745,0.0629,0.0861,0.0483,0.0825,0.0823,0.0293,17.698,0.2284,9.932,0.4934,0.1591,0.3902,3
PRJ3-00623,38,5.949,4.723,0.4025,0.2026,0.0802,0.1289,0.0712,0.1275,0.0302,0.0283,24.925,0.3222,4.43,0.2235,0.2554,0.4414,3
PRJ3-00624,92,6.752,5.878,0.4107,0.3083,0.0993,0.1901,0.0792,0.2303,0.0793,0.0205,21.648,0.288,0,0.433,0.1544,0.3583,2
PRJ3-00625,30,3.956,7.845,0.2379,0.2027,0.0699,0.1958,0.081,0.1562,0.0259,0.0048,11.217,0.1698,5.331,0.436,0.2011,0.2673,2
PRJ3-00626,46,5.635,6.755,0.4243,0.2683,0.0811,0.1154,0.0282,0.1703,0.0196,0.0256,22.844,0.293,2.614,0.1594,0.2198,0.3376,3
PRJ3-00627,55,5.15,8.843,0.2731,0.2947,0.1038,0.1017,0.0529,0.2803,0.0516,0.0426,36.222,0.371,1.867,0.343,0.3559,0.2943,5
PRJ3-00628,73,5.725,12.138,0.08,0.3881,0.0773,0.0592,0.0555,0.2477,0.0696,0.0432,32.085,0.3847,6.474,0.4967,0.1357,0.4654,5
PRJ3-00629,18,3.02,7.609,0.4319,0.2667,0.037,0.1203,0.0318,0.2528,0.0255,0.0352,18.049,0.2553,0,0.3321,0.1809,0.2288,2
PRJ3-00630,142,4.923,5.005,0.4039,0.182,0.0889,0.0352,0.0136,0.1519,0.0331,0,23.009,0.2747,5.195,0.2235,0.1399,0.3655,2
PRJ3-00631,150,5.834,8.394,0.2154,0.3353,0.0725,0.0915,0.0248,0.252,0.0297,0.0185,34.226,0.3744,10.146,0.3176,0.2481,0.5265,4
PRJ3-00632,99,4.63,5.782,0.4576,0.2176,0.067,0.1288,0.0596,0.1313,0.0277,0.0148,9.173,0.1455,0,0.2623,0.1787,0.3292,1
PRJ3-00633,10,2.656,11.858,0.08,0.4421,0.095,0.1468,0.0391,0.1872,0.0567,0.0275,28.801,0.3716,11.674,0.2355,0.2935,0.3265,6
PRJ3-00634,52,5.331,9.743,0.1247,0.3736,0.1001,0.0923,0.0402,0.1098,0.0412,0.0417,16.125,0.3351,4.03,0.3006,0.1371,0.2662,4
PRJ3-00635,16,2.217,4.936,0.5862,0.2139,0.0637,0.016,0.0266,0.0734,0.0125,0.0106,17.007,0.198,7.453,0.2772,0.2222,0.1792,2
PRJ3-00636,146,5.424,10.824,0.2344,0.4525,0.1329,0.1603,0.0648,0.1911,0.0246,0.0301,22.042,0.2672,6.093,0.3304,0.2366,0.5548,4
PRJ3-00637,23,5.269,8.407,0.353,0.2522,0.0542,0.0278,0.0505,0.1076,0.0017,0.0015,15.309,0.1893,0,0.1169,0.2479,0.3854,1
PRJ3-00638,152,4.532,7.222,0.4684,0.2131,0.0677,0.1029,0.0352,0.0756,0.0006,0.0085,18.268,0.1357,1.825,0.0865,0.169,0.3567,1
PRJ3-00639,119,4.884,5.649,0.4406,0.2766,0.0688,0.0335,0,0.1124,0.0403,0.0328,20.927,0.368,6.658,0.308,0.1782,0.4981,3
PRJ3-00640,47,7.67,13.917,0.08,0.5677,0.1284,0.2114,0.0722,0.2868,0.0566,0.072,31.224,0.3599,7.947,0.3863,0.2942,0.5396,8
PRJ3-00641,25,7.613,10.978,0.1649,0.409,0.1245,0.165,0.0282,0.2792,0.0703,0.0378,25.319,0.3366,8.691,0.5888,0.2335,0.3606,5
PRJ3-00642,44,6.813,11.045,0.2884,0.5359,0.1516,0.1574,0.0297,0.2858,0.0265,0.043,30.399,0.3587,4.245,0.5005,0.3261,0.4548,6
PRJ3-00643,31,6.259,6.863,0.3854,0.1847,0.0319,0.0043,0.0094,0.167,0.0392,0.024,21.733,0.2578,1.79,0.2789,0.1638,0.3999,2
PRJ3-00644,24,11.002,3.501,0.5761,0.0914,0.0662,0.0817,0.0219,0.0598,0.0139,0.0166,10.396,0.1467,8.003,0.3168,0.1755,0.3019,2
PRJ3-00645,240,5.008,7.521,0.2393,0.2493,0.0785,0.104,0.0168,0.1412,0.0398,0.0267,13.7,0.1819,0,0.3245,0.2055,0.4267,2
PRJ3-00646,36,5.43,5.232,0.4107,0.1511,0.0865,0.0831,0.0343,0.2179,0.0682,0.0158,16.82,0.2201,1.784,0.279,0.1771,0.307,2
PRJ3-00647,8,6.056,10.917,0.2112,0.4134,0.0983,0.1119,0.0088,0.1828,0.0273,0.0352,23.921,0.2449,5.387,0.3718,0.2394,0.2484,4
PRJ3-00648,49,5.703,6.47,0.5576,0.2955,0.0743,0.1648,0.0516,0.2554,0.0591,0.0482,31.266,0.2853,1.957,0.3514,0.3288,0.5023,4
PRJ3-00649,128,4.712,5.218,0.4148,0.1699,0.0918,0.1616,0.0271,0.1603,0.0073,0.0195,22.14,0.2711,2.072,0.1696,0.2734,0.3808,2
PRJ3-00650,87,4.704,7.946,0.339,0.3245,0.0748,0.0711,0.0164,0.1177,0.0288,0.0135,12.35,0.2721,4.564,0.0769,0.0564,0.2472,2
PRJ3-00651,46,5.662,8.443,0.2027,0.3347,0.0925,0.1672,0.0626,0.1834,0.0301,0.0352,22.977,0.2524,6.001,0.293,0.201,0.3045,4
PRJ3-00652,36,5.002,7.703,0.4168,0.2002,0.0167,0.1231,0.0466,0.0759,0.0193,0.0212,31.269,0.3451,3.294,0.2223,0.2514,0.3512,3
PRJ3-00653,111,5.388,6.429,0.3829,0.2421,0.0549,0.1001,0.0511,0.2073,0.0242,0.0133,16.559,0.2265,4.684,0.2667,0.2086,0.4199,2
PRJ3-00654,141,5.212,9.611,0.2544,0.3453,0.0905,0.136,0.0324,0.0844,0.0888,0.0097,18.933,0.2776,0.61,0.3993,0.2244,0.3113,2
PRJ3-00655,42,6.865,14.191,0.08,0.4693,0.0838,0.158,0.0674,0.1041,0.0439,0.0317,28.344,0.4441,3.112,0.273,0.2228,0.5226,5
PRJ3-00656,187,5.922,11.138,0.1486,0.3635,0.1162,0.1231,0.0254,0.2183,0.0421,0.0452,14.016,0.1028,4.753,0.3919,0.1159,0.4533,4
PRJ3-00657,27,4.823,11.12,0.1962,0.3811,0.0908,0.0841,0.0364,0.0995,0,0.0026,20.798,0.2779,1.592,0.1854,0.2283,0.3101,2
PRJ3-00658,15,2.06,11.75,0.186,0.4989,0.1239,0.1568,0.0531,0.2098,0.0621,0.0478,34.199,0.3848,7.876,0.3205,0.3063,0.4963,6
PRJ3-00659,102,4.37,7.994,0.3571,0.3898,0.0897,0.0561,0.0463,0.1662,0.0302,0.0088,14.1,0.1615,4.917,0.2852,0.1626,0.3173,2
PRJ3-00660,4,0.836,11.22,0.08,0.4686,0.1202,0.208,0.0577,0.2702,0.0178,0.0365,22.381,0.3207,8.369,0.4897,0.3051,0.3615,5
PRJ3-00661,50,6.2,9.7,0.2209,0.411,0.1089,0.162,0.0804,0.2151,0.0525,0.0279,23.014,0.3521,4.365,0.4043,0.2267,0.4216,4
PRJ3-00662,131,4.993,7.87,0.388,0.3027,0.0564,0.0871,0.0186,0.1406,0.0412,0.0285,19.47,0.2824,7.624,0.2395,0.138,0.2913,3
PRJ3-00663,74,6.741,11.322,0.2221,0.3416,0.0593,0.0519,0.0443,0.2384,0.0313,0.0161,5,0.0587,7.163,0.3705,0.1411,0.3383,3
PRJ3-00664,144,5.687,9.484,0.3412,0.4002,0.0942,0.1402,0.0569,0.1994,0.0348,0.015,24.729,0.3103,0,0.4815,0.2588,0.4155,3
PRJ3-00665,123,4.755,9.575,0.2083,0.3685,0.0795,0.1738,0.0627,0.1657,0.0157,0.0244,8.914,0.1322,4.623,0.5218,0.1051,0.2605,3
PRJ3-00666,50,3.65,6.931,0.4492,0.3579,0.0915,0.0595,0.031,0.1221,0.0271,0,19.741,0.2941,1.6,0.4708,0.1521,0.2827,1
PRJ3-00667,113,4.263,4.966,0.5358,0.2604,0.0535,0.1001,0.0083,0.1813,0.0441,0.0067,27.243,0.2726,2.967,0.2926,0.2294,0.2786,2
PRJ3-00668,69,4.118,7.099,0.3874,0.2773,0.0732,0.0499,0.0508,0.0552,0.055,0,17.201,0.2755,9.985,0.2777,0.2048,0.3282,2
PRJ3-00669,40,4.386,2,0.5779,0.0523,0.0368,0.1137,0.0697,0.1613,0.0164,0.0007,20.531,0.2449,6.681,0.3264,0.2079,0.2787,1
PRJ3-00670,157,5.289,7.427,0.3987,0.3168,0.1316,0.1757,0.0645,0.1158,0.0599,0.0238,22.162,0.2276,8.099,0.355,0.3092,0.3484,4
PRJ3-00672,17,3.984,2,0.5901,0.1346,0.0222,0.1289,0.0485,0.0671,0,0.0083,23.458,0.2491,3.675,0.0927,0.2768,0.3681,2
PRJ3-00673,33,5.389,4.95,0.4299,0.1458,0.0732,0.0513,0.0163,0.02,0.0422,0.0322,28.966,0.3598,9.214,0.1942,0.2589,0.3577,4
PRJ3-00674,65,6.105,10.552,0.262,0.3888,0.077,0.1892,0.082,0.2074,0.0422,0.029,22.24,0.2641,5.517,0.3019,0.3082,0.2892,4
PRJ3-00675,41,5.022,3.599,0.6123,0.1927,0.015,0.1346,0.0353,0.0812,0.0315,0.0152,15.725,0.2314,4.597,0.1354,0.2219,0.3054,2
PRJ3-00676,4,1.47,13.242,0.0851,0.4683,0.1222,0.0659,0.0416,0.1431,0.0274,0.0294,31.405,0.4749,4.235,0.3159,0.2033,0.3611,5
PRJ3-00677,170,4.841,11.028,0.2037,0.3526,0.0774,0.1657,0.035,0.0984,0.0036,0.0112,14.771,0.2092,6.516,0.2782,0.1798,0.2429,3
PRJ3-00678,9,1.972,2.518,0.6493,0.1033,0.0144,0,0.0385,0.0802,0.0207,0.0139,8.206,0.1653,0.984,0.1222,0.0577,0.3103,1
PRJ3-00679,117,4.491,4.082,0.5514,0.1572,0.0726,0.1561,0.0512,0.2169,0.0323,0.004,16.679,0.0914,1.606,0.2694,0.2926,0.3861,1
PRJ3-00680,113,5.992,5.933,0.1886,0.1524,0.0534,0.1893,0.0678,0.1967,0.0336,0.0244,22.987,0.2973,1.901,0.5045,0.2664,0.4101,2
PRJ3-00681,79,4.804,9.377,0.3275,0.4071,0.1012,0.1053,0.0283,0.1221,0.0307,0.0278,19.128,0.3928,5.879,0.1977,0.2928,0.4083,4
PRJ3-00682,151,5.855,7.585,0.3226,0.3902,0.0704,0.1775,0.0714,0.1943,0.0486,0.0114,30.039,0.3709,3.844,0.4381,0.2881,0.3726,3
PRJ3-00683,46,5.748,6.808,0.5662,0.3535,0.0561,0.0403,0.0316,0.072,0.0072,0.0374,11.751,0.0237,1.859,0.2852,0.1017,0.4104,3
PRJ3-00684,22,4.579,9.841,0.207,0.3317,0.0373,0.0174,0.0109,0.0901,0.02,0.0077,22.718,0.2181,2.712,0.3234,0.2293,0.1438,2
PRJ3-00685,188,5.053,5.432,0.4897,0.1731,0.0806,0.0374,0.0161,0.1656,0.032,0.0321,10.434,0.2008,0,0.1599,0.07,0.3246,2
PRJ3-00686,85,5.248,12.391,0.3228,0.4925,0.1153,0.0676,0.049,0.1211,0.0207,0.0385,18.662,0.2382,7.713,0.4232,0.1865,0.3712,5
PRJ3-00687,12,3.385,8.576,0.3349,0.3737,0.0451,0.1068,0.0445,0.02,0.0267,0.0139,6.207,0.1189,3.168,0.2301,0.0702,0.3176,2
PRJ3-00688,77,5.464,8.414,0.2386,0.258,0.0864,0.0443,0.0206,0.0351,0.0077,0.0035,24.498,0.3319,8.559,0.2224,0.1936,0.5,3
PRJ3-00689,174,5.888,12.171,0.2504,0.4102,0.1187,0.1441,0.0659,0.2335,0.0422,0.0123,19.705,0.3403,1.751,0.2126,0.2228,0.4119,3
PRJ3-00690,190,4.656,6.833,0.3718,0.3232,0.1042,0.0192,0.0079,0.1322,0.0421,0,27.671,0.2725,1.305,0.1716,0.2068,0.3898,2
PRJ3-00691,28,4.116,9.472,0.392,0.3529,0.0843,0.0405,0.034,0.1663,0.0225,0.0125,19.522,0.2126,3.269,0.1518,0.1611,0.2919,2
PRJ3-00692,39,6.612,13.014,0.08,0.5366,0.154,0.1214,0.0343,0.1962,0.0689,0.0492,29.657,0.3469,8.478,0.5292,0.2274,0.5644,7
PRJ3-00693,28,10.639,8.245,0.247,0.3412,0.1084,0.2493,0.0662,0.2991,0.0978,0.0441,32.321,0.3501,7.805,0.3281,0.4042,0.4072,5
PRJ3-00694,10,2.678,2.059,0.6366,0.0232,0.0453,0.1646,0.0566,0.2723,0.0467,0.0401,10.172,0.19,5.91,0.3409,0.1541,0.259,3
PRJ3-00695,81,4.323,5.969,0.4023,0.1965,0.0321,0.0105,0.0284,0.0863,0.0257,0.0059,25.574,0.272,0.761,0.4231,0.1581,0.3217,2
PRJ3-00696,21,8.525,10.371,0.263,0.4081,0.1048,0.1553,0.0469,0.108,0.0111,0.0191,11.619,0.1177,3.341,0.2556,0.1968,0.3991,3
PRJ3-00697,100,4.085,4.466,0.6419,0.0552,0.0263,0,0.0362,0.0415,0.0413,0.0004,21.287,0.2864,5.884,0.3844,0.2184,0.2931,1
PRJ3-00698,38,5.419,12.232,0.08,0.5011,0.129,0.1594,0.0507,0.184,0.0379,0.037,34.074,0.3167,9.636,0.1763,0.3343,0.4041,6
PRJ3-00699,98,5.566,10.925,0.08,0.3433,0.0813,0.0611,0.045,0.1786,0.0164,0.0181,11.493,0.1747,7.561,0.3473,0.1545,0.1695,3
PRJ3-00700,29,4.871,10.878,0.0876,0.3693,0.1014,0.1133,0.049,0.0647,0.0232,0.0234,16.393,0.2596,5.413,0.2177,0.1841,0.3089,3
PRJ3-00701,46,7.736,9.133,0.4105,0.3043,0.056,0.235,0.0702,0.1747,0.0331,0.0042,28.962,0.282,7.563,0.3194,0.31,0.4229,3
PRJ3-00702,42,7.151,13.791,0.08,0.4895,0.1231,0.1088,0.0535,0.1612,0.0704,0.0336,34.564,0.3536,8.244,0.3331,0.3311,0.4546,6
PRJ3-00703,69,5.009,7.243,0.3872,0.2826,0.0758,0.0634,0.0209,0.1396,0.0439,0.0267,22.086,0.2984,6.075,0.3062,0.2495,0.3599,3
PRJ3-00704,72,5.604,12.87,0.1834,0.3756,0.0738,0.1709,0.0714,0.1119,0.0126,0.0026,10.71,0.2538,6.051,0.302,0.2295,0.3953,3
PRJ3-00705,111,6.717,11.467,0.0871,0.3892,0.0993,0.1557,0.0606,0.2916,0.042,0.0392,17.287,0.3581,7.199,0.1841,0.1921,0.4361,4
PRJ3-00706,16,5.569,8.134,0.2787,0.3558,0.078,0.0358,0.0467,0.0915,0.0215,0.0354,14.379,0.235,6.849,0.3622,0.092,0.4041,3
PRJ3-00707,203,5.138,10.392,0.1613,0.3669,0.0748,0.0951,0.0306,0.223,0.0386,0.012,21.731,0.18,6.292,0.269,0.1704,0.3748,3
PRJ3-00708,141,5.502,8.014,0.3697,0.3083,0.0698,0.0817,0.0052,0.1967,0.0394,0.0238,18.401,0.2087,3.643,0.193,0.073,0.37,2
PRJ3-00709,90,4.988,10.277,0.2043,0.3173,0.1055,0.1496,0.0094,0.1577,0.021,0.0435,25.53,0.2748,0,0.1851,0.2743,0.3011,4
PRJ3-00710,44,8.084,9.61,0.204,0.3891,0.0939,0.1895,0.0415,0.0898,0.0479,0.0357,23.38,0.2768,6.435,0.2583,0.217,0.438,4
PRJ3-00711,24,4.939,7.225,0.4393,0.2417,0.0328,0.0833,0.0325,0.0817,0.0396,0.0162,28.85,0.3172,5.289,0.03,0.2318,0.3508,3
PRJ3-00712,16,3.897,10.562,0.0961,0.3424,0.1064,0.1522,0.0715,0.2893,0.0368,0.0514,22.941,0.2755,3.898,0.4826,0.2226,0.4234,5
PRJ3-00713,84,4.837,7.822,0.2849,0.2288,0.0815,0.0132,0.0333,0.1399,0.0184,0.0138,21.81,0.27,1.622,0.2629,0.1538,0.2537,2
PRJ3-00714,41,4.847,9.988,0.1401,0.4711,0.113,0.1548,0.0433,0.2572,0.0367,0.038,21.546,0.2444,3.452,0.4796,0.2519,0.4063,4
PRJ3-00715,93,4.206,10.649,0.2298,0.2716,0.0848,0.108,0.0094,0.0628,0.0128,0.0181,7.015,0.1468,4.334,0.2743,0.1474,0.2666,3
PRJ3-00716,130,5.757,11.772,0.1283,0.3909,0.1005,0.0245,0.0183,0.254,0.032,0.0245,26.853,0.2805,11.421,0.5169,0.2826,0.4675,5
PRJ3-00717,56,4.552,4.129,0.4532,0.2014,0.0773,0.116,0.079,0.1013,0.0135,0.0283,23.978,0.1967,6.883,0.2671,0.2676,0.24,3
PRJ3-00718,132,5.334,11.459,0.08,0.372,0.087,0.1737,0.0242,0.1625,0.0388,0.0166,27.289,0.2039,2.666,0.2558,0.2753,0.2882,4
PRJ3-00719,32,3.81,5.794,0.3885,0.195,0.0952,0.0293,0.0266,0.1372,0.0208,0.0029,20.754,0.1296,1.6,0.153,0.1335,0.2673,1
PRJ3-00720,118,4.784,5.658,0.4133,0.242,0.0517,0.1382,0.0477,0.1165,0.0035,0.0073,17.846,0.2237,4.674,0.2591,0.2084,0.2621,2
PRJ3-00721,40,5.227,8.579,0.2326,0.3448,0.0978,0.021,0.0566,0.1587,0,0.0088,12.633,0.0265,4.133,0.2818,0.1945,0.413,2
PRJ3-00722,128,5.791,10.575,0.2468,0.4225,0.1442,0.2251,0.0506,0.2352,0.0589,0.0073,28.928,0.3289,3.697,0.4194,0.3359,0.4441,4
PRJ3-00723,76,6.402,6.381,0.4508,0.1749,0.0264,0.2793,0.0764,0.1959,0.0877,0.0418,21.613,0.2899,6.091,0.2855,0.1999,0.391,3
PRJ3-00724,69,3.912,9.299,0.1996,0.3449,0.0939,0.0884,0.017,0.0365,0.0159,0,14.806,0.2394,4.112,0.0604,0.2184,0.2855,2
PRJ3-00725,240,3.269,8.269,0.345,0.3594,0.067,0.0795,0.0316,0.0732,0.0425,0.0245,38.384,0.3969,2.608,0.4056,0.4071,0.4014,4
PRJ3-00726,41,6.249,12.263,0.154,0.4184,0.1127,0.1946,0.0714,0.1679,0.008,0.0422,17.171,0.2898,5.863,0.1852,0.2081,0.3828,5
PRJ3-00727,107,6.054,9.305,0.2612,0.3554,0.0807,0.0906,0.0415,0.1125,0.0192,0.0358,27.274,0.3779,4.527,0.2922,0.2922,0.3318,4
PRJ3-00728,85,4.891,5.74,0.4659,0.279,0.0681,0.125,0.0635,0.2131,0.0511,0.0099,16.108,0.1589,6.755,0.1755,0.21,0.2495,2
PRJ3-00729,41,4.233,6.797,0.4183,0.0983,0.0361,0.1457,0.0646,0.142,0.011,0.0102,14.889,0.2721,6.678,0.2426,0.2227,0.3808,2
PRJ3-00730,21,4.459,13.348,0.08,0.5354,0.1309,0.2147,0.0361,0.1249,0.0218,0.0144,28.935,0.3862,2.489,0.2194,0.2996,0.3824,4
PRJ3-00731,86,4.573,7.384,0.3245,0.3185,0.0874,0.1324,0.028,0.093,0.0417,0.0318,25.63,0.1915,6.531,0.3187,0.3568,0.1957,4
PRJ3-00733,42,6.533,8.471,0.3854,0.2991,0.0688,0.1161,0.0679,0.1332,0.0314,0.0337,35.82,0.5311,8.95,0.2863,0.382,0.3525,5
PRJ3-00734,40,3.126,5.845,0.2981,0.2437,0.0741,0.0287,0.051,0.0463,0,0.0048,21.382,0.3857,6.461,0.1071,0.1186,0.2659,2
PRJ3-00735,240,5.14,6.867,0.4286,0.3063,0.0995,0.0938,0.0251,0.2624,0.0271,0.026,23.762,0.275,0.704,0.2868,0.2496,0.4228,3
PRJ3-00736,27,3.205,7.874,0.3126,0.2914,0.0941,0.0079,0.0367,0.0252,0.0182,0.0176,23.779,0.2791,6.257,0.2652,0.2467,0.3782,3
PRJ3-00737,105,5.612,10.949,0.1594,0.3051,0.0675,0.0762,0,0.1165,0.0543,0.0274,32.867,0.3826,3.157,0.2716,0.2717,0.3357,4
PRJ3-00738,98,5.921,3.349,0.6395,0.1976,0.0842,0.2001,0.0573,0.2637,0.0273,0.0404,26.185,0.2447,7.448,0.5271,0.2815,0.3502,4
PRJ3-00739,25,3.257,8.431,0.2533,0.2568,0.1024,0.0888,0.0313,0.1364,0.0351,0,19.979,0.2605,1.1,0.2503,0.1549,0.2566,1
PRJ3-00740,117,3.749,7.738,0.3769,0.3064,0.1001,0.0094,0.0289,0.0974,0,0,14.973,0.18,2.177,0.2615,0.1681,0.1994,1
PRJ3-00741,113,4.618,11.223,0.1543,0.4429,0.1208,0.1013,0.0081,0.1857,0.051,0,18.849,0.2265,0.154,0.3038,0.2708,0.4301,2
PRJ3-00742,165,4.363,7.85,0.2787,0.1313,0.0339,0.0269,0.0149,0.1093,0.0183,0.0012,28.904,0.4,4.563,0.2538,0.1393,0.2234,2
PRJ3-00743,72,5.274,2,0.5626,0.164,0.0622,0.1568,0.0775,0.2112,0.0474,0.0416,18.868,0.1871,2.199,0.5402,0.2858,0.3665,3
PRJ3-00744,30,5.369,11.368,0.117,0.4624,0.1098,0.0254,0,0.099,0.0163,0.0231,30.611,0.3006,8.115,0.2623,0.2598,0.4109,5
PRJ3-00746,39,6.537,10.979,0.1224,0.3958,0.1083,0.0826,0.0264,0.0777,0.0529,0.0229,24.222,0.1668,5.545,0.3019,0.1745,0.3213,4
PRJ3-00748,159,6.162,14.177,0.08,0.5574,0.1461,0.1208,0.0425,0.2808,0.0638,0.0412,39.681,0.5342,7.36,0.4513,0.4089,0.419,7
PRJ3-00749,60,3.993,5.465,0.4064,0.2341,0.053,0.0145,0.0228,0.02,0.0038,0.0058,17.974,0.2268,3.142,0.3196,0.054,0.1626,1
PRJ3-00750,16,3.732,2,0.6147,0.089,0.0077,0,0,0.0949,0.0163,0.0162,5,0.197,2.043,0.3153,0.0873,0.2909,1
PRJ3-00751,68,5.321,4.165,0.3843,0.2556,0.0469,0.0972,0.0602,0.2013,0.061,0.0287,21.42,0.3203,5.893,0.2881,0.2389,0.4605,3
PRJ3-00752,39,5.79,5.515,0.4969,0.1028,0.0272,0.103,0.0309,0.02,0.0524,0.03,26.045,0.287,7.381,0.401,0.2912,0.2571,3
PRJ3-00753,115,4.102,9.058,0.3435,0.4286,0.1021,0.1019,0.0383,0.02,0.0171,0.032,20.643,0.3228,3.299,0.1634,0.2062,0.2969,3
PRJ3-00754,26,5.684,13.011,0.08,0.3431,0.1086,0.0714,0.0274,0.1872,0.0099,0.0128,23.051,0.2705,5.422,0.2282,0.1342,0.3256,4
PRJ3-00755,28,8.946,6.261,0.3842,0.2843,0.0601,0.0154,0.017,0.0215,0.0345,0.0368,28.541,0.3531,0,0.03,0.2248,0.2979,3
PRJ3-00756,65,4.927,6.996,0.3941,0.2233,0.0567,0.1558,0.0571,0.1747,0.0494,0.05,20.241,0.2177,4.268,0.2517,0.2813,0.2615,4
PRJ3-00757,43,4.744,7.064,0.349,0.2722,0.0412,0.1317,0.0425,0.0686,0,0,24.134,0.2604,0,0.2172,0.2734,0.3219,1
PRJ3-00758,21,6.352,6.169,0.3171,0.2873,0.1086,0.0396,0.0377,0.1363,0.0017,0,15.934,0.1243,2.629,0.1945,0.1434,0.2762,1
PRJ3-00759,42,4.714,5.221,0.4187,0.1771,0.0586,0.131,0.051,0.2358,0.0582,0.0127,22.954,0.2494,0,0.3349,0.1899,0.3574,2
PRJ3-00760,29,6.321,13.171,0.08,0.3434,0.1142,0.2321,0.0855,0.2844,0.0844,0.0286,28.997,0.2659,7.79,0.3744,0.2691,0.4158,5
PRJ3-00761,23,5.674,7.74,0.4201,0.37,0.0923,0.097,0.057,0.1741,0.0487,0.0095,19.788,0.1975,8.977,0.3833,0.1936,0.4443,3
PRJ3-00762,50,6.217,11.661,0.1088,0.3552,0.1005,0.1652,0.0639,0.2762,0.0146,0.0061,17.675,0.1485,8.286,0.2831,0.1651,0.3417,3
PRJ3-00763,27,4.707,5.818,0.4302,0.2757,0.0504,0.1095,0.0399,0.2212,0.0226,0.0106,11.429,0.1677,2.313,0.1788,0.2025,0.4221,2
PRJ3-00764,43,5.652,7.955,0.2858,0.4186,0.0827,0.0682,0.0443,0.1624,0.0276,0.0001,19.492,0.2691,2.903,0.3514,0.2173,0.3424,2
PRJ3-00765,48,5.935,11.063,0.2077,0.4927,0.1122,0.1324,0.0486,0.1008,0.0553,0.0047,29.483,0.399,4.293,0.1691,0.1996,0.3827,4
PRJ3-00766,49,4.95,6.218,0.4591,0.2528,0.0902,0.1624,0.0357,0.2274,0.0333,0.0139,23.205,0.3052,1.216,0.3405,0.1369,0.2384,2
PRJ3-00767,62,3.382,2.337,0.6358,0.1056,0.0478,0.0452,0.0376,0.1566,0.0011,0.0014,20.744,0.29,5.674,0.089,0.186,0.1927,1
PRJ3-00768,33,5.648,11.351,0.08,0.4171,0.1001,0.086,0.025,0.1623,0.0321,0.0263,41.02,0.5235,9.218,0.3545,0.2611,0.4209,6
PRJ3-00769,133,4.789,6.855,0.4108,0.2105,0.0292,0.0327,0.0221,0.0227,0.0027,0.0122,20.147,0.2916,4.276,0.03,0.1408,0.3547,2
PRJ3-00770,50,5.733,6.054,0.474,0.2172,0.0764,0.2834,0.0925,0.2519,0.0224,0.0236,34.293,0.356,9.9,0.2317,0.3,0.3619,4
PRJ3-00771,60,4.463,10.403,0.1626,0.3649,0.1217,0.0675,0.0234,0.161,0.03,0.0133,24.317,0.4271,5.147,0.2747,0.1862,0.3279,3
PRJ3-00772,240,4.636,12.002,0.1936,0.4149,0.062,0.1228,0.0461,0.1274,0.029,0.0111,24.299,0.3486,5.663,0.2352,0.2171,0.377,4
PRJ3-00773,129,7.101,11.197,0.1881,0.493,0.1136,0.1745,0.0594,0.2406,0.0534,0.0319,23.233,0.4849,6.823,0.3582,0.2769,0.4514,5
PRJ3-00774,34,3.924,11.822,0.08,0.4665,0.0886,0.0543,0.032,0.2248,0.0256,0.0177,30.2,0.2325,6.97,0.226,0.2071,0.3464,5
PRJ3-00775,68,4.723,3.918,0.5437,0.2247,0.0857,0.0523,0.0181,0.1466,0.0549,0,30.429,0.243,2.412,0.1819,0.3124,0.322,2
PRJ3-00776,59,6.406,10.015,0.2334,0.347,0.1125,0.1764,0.0368,0.3228,0.057,0.0372,35.619,0.422,8.273,0.384,0.3833,0.475,6
PRJ3-00777,199,5.667,7.073,0.3662,0.3031,0.0666,0.0789,0.0265,0.1769,0.0217,0.0234,27.245,0.3028,4.325,0.1954,0.2586,0.181,3
PRJ3-00778,36,4.485,7.371,0.1915,0.3072,0.1065,0.0712,0.0602,0.0543,0.0022,0.0182,5,0.0107,6.343,0.2736,0.1396,0.3147,3
PRJ3-00779,66,4.515,5.058,0.5833,0.222,0.0867,0.013,0.01,0.1424,0.0148,0.0277,30.376,0.33,3.918,0.1628,0.2553,0.3659,3
PRJ3-00780,77,3.719,6.388,0.4713,0.2694,0.0658,0.0498,0.0079,0.0224,0.0176,0.0121,12.449,0.1489,6.579,0.1984,0.1776,0.3712,2
PRJ3-00781,157,4.807,10.308,0.2518,0.3554,0.1157,0.0236,0.0429,0.0549,0.0397,0.0185,10.199,0.204,7.706,0.3683,0.0991,0.3098,3
PRJ3-00782,39,3.84,8.098,0.08,0.2772,0.0664,0.0534,0.0263,0.232,0.0221,0.0137,17.206,0.3204,7.211,0.1818,0.1186,0.4299,2
PRJ3-00783,17,6.355,14.831,0.08,0.4232,0.1208,0.2803,0.0596,0.2353,0.0668,0.0656,34.165,0.4232,3.704,0.3995,0.3683,0.5033,7
PRJ3-00784,144,5.076,7.118,0.3462,0.2266,0.0616,0.1873,0.072,0.0478,0.0699,0.0286,19.259,0.2502,6.949,0.3455,0.2894,0.3727,3
PRJ3-00785,4,2.058,5.216,0.573,0.297,0.0943,0.0642,0.042,0.0706,0,0.0265,20.103,0.3169,9.681,0.2377,0.1767,0.3494,3
PRJ3-00786,95,4.688,3.654,0.4805,0.1306,0.0506,0.0711,0.0079,0.0571,0,0.0077,18.701,0.1735,1.231,0.3035,0.15,0.2572,1
PRJ3-00787,28,6.032,6.022,0.4304,0.1549,0.0447,0.1655,0.06,0.1923,0.0316,0.0032,17.61,0.201,0,0.2583,0.2094,0.3068,1
PRJ3-00788,52,7.032,12.848,0.08,0.3194,0.1115,0.2649,0.0913,0.2147,0.0397,0.0176,20.791,0.3462,3.547,0.4071,0.2265,0.3822,4
PRJ3-00789,79,4.151,2.708,0.6356,0.1578,0.0603,0.0396,0.0311,0.1108,0.0179,0.0084,5.18,0.2032,0,0.2999,0.0479,0.3453,1
PRJ3-00790,17,2.187,6.449,0.5342,0.1911,0.0597,0.0405,0.0191,0.1488,0.0369,0,9.761,0.1939,4.823,0.2375,0.0395,0.3269,1
PRJ3-00791,25,5.68,7.157,0.3461,0.3071,0.0863,0.1645,0.0175,0.1172,0.0437,0.0208,16.543,0.2786,4.873,0.3976,0.1621,0.3772,2
PRJ3-00792,38,4.874,11.317,0.1567,0.431,0.1241,0.0734,0.0353,0.2056,0.0296,0.0005,9.83,0.1653,1.629,0.3118,0.0853,0.3531,2
PRJ3-00793,35,5.835,9.44,0.1933,0.4488,0.1101,0.1039,0.021,0.1477,0.0534,0.0283,32.653,0.3706,0,0.4066,0.3192,0.3483,4
PRJ3-00794,35,3.678,4.46,0.5683,0.3362,0.0685,0.0947,0.0392,0.247,0.0464,0.0232,21.244,0.2405,7.112,0.2466,0.1522,0.2698,3
PRJ3-00795,27,3.673,7.864,0.2899,0.3047,0.0667,0,0.0433,0.084,0.0031,0,16.771,0.1746,0,0.2904,0.2218,0.2538,1
PRJ3-00796,35,3.588,9.353,0.1813,0.3187,0.1014,0.1535,0.0567,0.2309,0.0243,0.0142,11.526,0.2977,1.152,0.2663,0.181,0.4384,2
PRJ3-00797,239,5.129,10.838,0.0985,0.3183,0.0689,0.1244,0.0639,0.1245,0.0271,0.0281,22.52,0.2063,6.111,0.3899,0.2487,0.3062,4
PRJ3-00798,55,4.18,8.752,0.3884,0.2967,0.1023,0.0844,0.0312,0.1972,0.0158,0,26.756,0.2672,0,0.1308,0.1969,0.243,2
PRJ3-00799,83,4.1,3.814,0.5632,0.155,0.0323,0.0857,0.0089,0.02,0.0274,0.0165,12.61,0.1178,5.536,0.3421,0.1189,0.3542,2
PRJ3-00800,104,5.696,12.479,0.08,0.3601,0.0903,0.2218,0.0751,0.0493,0.0464,0.0308,18.132,0.3105,2.14,0.2226,0.2018,0.3818,4
PRJ3-00801,59,5.496,8.166,0.2529,0.2869,0.0922,0.1981,0.0751,0.162,0.0334,0.0267,31.395,0.3557,3.365,0.2501,0.3028,0.2123,4
PRJ3-00802,87,5.101,7.96,0.2867,0.2156,0.0643,0.1842,0.0412,0.2336,0.0223,0.0502,18.7,0.3152,6.884,0.3875,0.2179,0.2282,4
PRJ3-00803,54,4.59,8.16,0.3694,0.4043,0.089,0.0489,0.022,0.165,0.0187,0.0269,23.814,0.3125,5.901,0.1412,0.2207,0.3257,4
PRJ3-00804,107,4.436,8.055,0.4055,0.1531,0.0385,0.0622,0.0289,0.1218,0.0513,0.021,8.733,0.0513,1.685,0.3576,0.1428,0.3107,2
PRJ3-00805,240,4.362,13.235,0.08,0.4997,0.1225,0.1529,0.0502,0.1892,0.0191,0.0109,17.06,0.2113,5.693,0.1605,0.1828,0.4398,4
PRJ3-00806,159,6.056,13.545,0.08,0.3872,0.1085,0.1233,0.042,0.1575,0.0352,0.0547,27.647,0.2311,4.789,0.4303,0.2019,0.438,6
PRJ3-00807,18,3.476,12.918,0.08,0.4414,0.0723,0.0469,0.0162,0.1903,0.0719,0.0169,17.856,0.2482,9.14,0.1699,0.166,0.2514,4
PRJ3-00808,65,5.782,8.546,0.2604,0.2487,0.0943,0.1904,0.0438,0.1576,0.0215,0.0237,20.925,0.2167,0.476,0.2801,0.3165,0.3835,2
PRJ3-00809,4,1.957,2,0.6423,0.1326,0.0134,0.1105,0.053,0.1521,0.0401,0,12.107,0.017,0.754,0.2554,0.1723,0.3591,1
PRJ3-00811,240,4.4,13.059,0.08,0.4198,0.1047,0.145,0.051,0.267,0.0416,0.0043,20.366,0.1776,5.028,0.4672,0.2763,0.4984,3
PRJ3-00812,26,4.668,11.274,0.08,0.4478,0.1068,0.1545,0.0623,0.1065,0.0342,0.0124,17.069,0.279,5.152,0.2572,0.1637,0.3148,3
PRJ3-00813,62,6.124,8.974,0.2718,0.3103,0.0614,0.1336,0.0421,0.2022,0.0591,0.0482,21.745,0.1645,3.065,0.3281,0.2178,0.4233,4
PRJ3-00814,117,5.549,4.533,0.6033,0.2336,0.0714,0.2311,0.0244,0.1829,0.0598,0.031,18.964,0.3064,0.847,0.3845,0.3018,0.3305,2
PRJ3-00815,96,5.041,6.227,0.2086,0.2334,0.0389,0.103,0.0552,0.02,0.0212,0.0307,26.082,0.3445,8.962,0.2685,0.218,0.2416,4
PRJ3-00816,11,3.372,12.869,0.08,0.5401,0.1196,0.1557,0.0331,0.2622,0.038,0.0195,26.584,0.3224,5.005,0.3493,0.2773,0.3108,5
PRJ3-00817,67,5.629,9.488,0.2189,0.3582,0.0812,0.2034,0.0759,0.0891,0.0431,0.0333,14.084,0.1585,7.753,0.3862,0.2456,0.4835,4
PRJ3-00818,49,4.605,4.878,0.6108,0.138,0.0548,0.1802,0.0455,0.02,0.0127,0.0069,14.756,0.169,5.562,0.3209,0.1788,0.2916,2
PRJ3-00819,14,5.11,12.592,0.08,0.533,0.1142,0.1017,0.0245,0.2706,0.0358,0.0447,23.936,0.3471,4.189,0.2734,0.1996,0.4559,5
PRJ3-00820,11,1.551,7.873,0.4169,0.3544,0.0743,0.1706,0.0634,0.2621,0.0239,0.0034,14.612,0.1937,3.925,0.371,0.1293,0.1791,2
PRJ3-00821,4,1.981,12.784,0.08,0.4639,0.0955,0.0443,0.012,0.1081,0.0405,0.0212,28.829,0.2946,6.536,0.351,0.2428,0.2723,5
PRJ3-00822,127,5.779,11.407,0.08,0.3477,0.0941,0.203,0.0805,0.2902,0.0671,0.0363,25.2,0.2209,3.903,0.328,0.2846,0.4032,4
PRJ3-00823,32,7.004,13.215,0.08,0.3997,0.1012,0.161,0.0447,0.1989,0.0747,0.0306,20.351,0.247,9.712,0.4875,0.2448,0.3012,5
PRJ3-00824,51,7.466,13.001,0.08,0.47,0.0971,0.1627,0.0421,0.2401,0.044,0.0423,21.23,0.2793,6.684,0.5954,0.2935,0.4912,5
PRJ3-00825,16,3.976,10.703,0.08,0.2847,0.1066,0.1866,0.042,0.1777,0.0171,0.0225,25.257,0.2325,3.117,0.2741,0.3329,0.191,4
PRJ3-00826,51,5.254,5.5,0.5598,0.1632,0.0763,0.1087,0.0333,0.1615,0.0522,0.0247,22.515,0.2801,1.192,0.2863,0.2634,0.3662,2
PRJ3-00827,145,6.221,8.21,0.3296,0.3298,0.0955,0.18,0.0571,0.2026,0.0522,0.0106,23.344,0.3176,4.5,0.3277,0.2062,0.3926,3
PRJ3-00828,105,5.995,11.992,0.1553,0.4863,0.1167,0.1375,0.078,0.228,0.0683,0.0239,22.415,0.353,2.094,0.3203,0.2549,0.3557,4
PRJ3-00829,27,3.546,9.804,0.1415,0.409,0.078,0.1316,0.0221,0.155,0.0239,0.0031,19.19,0.1051,6.399,0.3796,0.2368,0.3581,3
PRJ3-00830,94,4.503,10.063,0.2319,0.3037,0.093,0.087,0.0428,0.2387,0,0.0132,13.322,0.1462,1.487,0.274,0.1887,0.4598,2
PRJ3-00831,72,4.553,7.962,0.2661,0.2952,0.0684,0.0596,0.0324,0.042,0.0322,0.0168,23.607,0.2714,5.23,0.2231,0.2086,0.3609,3
PRJ3-00832,116,4.704,6.376,0.4167,0.1691,0.0502,0.1293,0.0307,0.02,0.0383,0.026,16.687,0.225,6.413,0.3076,0.2328,0.2907,3
PRJ3-00833,119,5.536,6.342,0.3556,0.301,0.0993,0.1598,0.0155,0.2502,0.0358,0.015,25.118,0.2012,1.426,0.1965,0.2932,0.3784,3
PRJ3-00834,91,4.466,2,0.5778,0,0.0142,0.0985,0,0.0935,0,0.003,25.084,0.2701,0,0.2777,0.2217,0.2241,1
PRJ3-00835,24,3.121,2,0.4848,0.1449,0.0476,0.1204,0.0374,0.1529,0.0071,0.0127,15.318,0.1821,3.717,0.3614,0.2232,0.3084,2
PRJ3-00836,124,5.366,16.689,0.08,0.5041,0.1363,0.0806,0.0228,0.1974,0.0537,0.0174,23.882,0.297,2.672,0.0795,0.2555,0.4563,5
PRJ3-00837,97,5.156,9.468,0.2356,0.2782,0.097,0.0601,0.0459,0.0668,0.0298,0.022,20.969,0.2663,0,0.3577,0.2666,0.493,3
PRJ3-00838,21,3.74,5.694,0.6278,0.3178,0.0606,0.051,0.0243,0.0787,0.019,0.0375,21.788,0.2676,6.129,0.3437,0.1958,0.2964,4
PRJ3-00839,240,4.182,8.974,0.2525,0.3473,0.0883,0.0506,0.0263,0.1534,0.0043,0.006,22.182,0.2137,4.331,0.1183,0.1792,0.347,2
PRJ3-00840,156,5.912,12.271,0.08,0.4109,0.1303,0.0837,0.071,0.3066,0.0314,0.0095,30.301,0.3159,6.791,0.5059,0.2338,0.4307,4
PRJ3-00841,43,4.216,7.602,0.3491,0.2793,0.0709,0.066,0.0454,0.1881,0,0.0049,25.269,0.3338,3.177,0.2923,0.2841,0.3369,2
PRJ3-00842,23,5.571,6.537,0.329,0.2627,0.1066,0.168,0.0267,0.1245,0.0473,0.0352,5,0.1688,3.853,0.3331,0.1667,0.2981,3
PRJ3-00843,68,6.653,15.734,0.08,0.499,0.1382,0.2182,0.0621,0.3016,0.0441,0.0564,24.36,0.4172,6.457,0.526,0.3051,0.4095,7
PRJ3-00844,56,6.878,9.711,0.1954,0.3625,0.1143,0.1891,0.066,0.1481,0.0275,0.0403,16.934,0.1412,4.031,0.3454,0.156,0.3543,4
PRJ3-00845,15,3.383,5.091,0.5984,0.1632,0.0503,0.0136,0.0196,0.1278,0.018,0.0011,16.337,0.2269,0,0.1617,0.1904,0.1917,1
PRJ3-00846,33,6.194,11.949,0.2429,0.459,0.1056,0.0994,0.0223,0.1739,0.0128,0.0266,16.979,0.214,3.271,0.3295,0.172,0.344,4
PRJ3-00847,16,4.146,7.79,0.3995,0.2962,0.0626,0.1767,0.0441,0.207,0.0414,0.0417,31.302,0.3067,8.289,0.381,0.3237,0.5075,5
PRJ3-00848,159,5.99,10.329,0.1234,0.4422,0.1306,0.0715,0,0.2461,0.0579,0.0291,18.522,0.2843,7.265,0.4007,0.154,0.3732,4
PRJ3-00849,61,4.567,10.994,0.1633,0.4195,0.121,0.0491,0.0215,0.1954,0.0183,0.0286,14.053,0.2512,6.881,0.385,0.1365,0.427,4
PRJ3-00850,105,5.235,9.966,0.3302,0.312,0.075,0.0325,0.0303,0.3789,0.0744,0.0425,21.222,0.2002,6.373,0.4202,0.2005,0.2707,4
PRJ3-00851,80,5.491,6.763,0.3307,0.3839,0.0915,0.1117,0.0501,0.2002,0.0274,0.02,31.414,0.3822,1.55,0.3393,0.2806,0.3873,3
PRJ3-00852,25,5.554,10.225,0.1956,0.3947,0.1065,0.2334,0.0462,0.1628,0.0444,0.0251,17.464,0.1775,6.516,0.2656,0.3016,0.2476,4
PRJ3-00853,91,5.096,11.379,0.0858,0.402,0.1104,0.0436,0.0338,0.2088,0.0623,0.0276,24.03,0.2687,6.17,0.4034,0.2071,0.4086,4
PRJ3-00854,43,3.331,2.657,0.5611,0.0497,0.0218,0.2276,0.091,0.1354,0.016,0.0129,10.234,0.1761,6.861,0.1987,0.2356,0.2154,2
PRJ3-00855,28,4.368,10.124,0.08,0.4164,0.0719,0.1189,0.0321,0.1773,0.0272,0.0139,31.741,0.4212,5.932,0.3125,0.293,0.4607,4
PRJ3-00856,4,1.725,7.102,0.3872,0.3614,0.0899,0.0237,0.0371,0.0585,0.0238,0.0156,17.192,0.3001,5.904,0.2256,0.1831,0.2797,3
PRJ3-00857,55,6.529,11.069,0.1614,0.373,0.0921,0.2286,0.0528,0.2496,0.0869,0.0597,27.696,0.3379,6.859,0.5129,0.3147,0.507,6
PRJ3-00858,44,6.499,4.18,0.5624,0.2778,0.1115,0.0063,0.0385,0.2001,0.0182,0.0083,10.806,0.1409,3.54,0.243,0.0603,0.2336,2
PRJ3-00859,99,6.189,13.09,0.1076,0.4647,0.1372,0.1515,0.0416,0.3019,0.0552,0.0362,22.801,0.2467,9.318,0.4662,0.2452,0.4105,6
PRJ3-00860,16,3.519,12.868,0.08,0.2833,0.1079,0.0713,0.0283,0.1326,0.0172,0.0149,10.833,0.2041,0.895,0.1706,0.2063,0.368,3
PRJ3-00861,52,4.715,11.746,0.2513,0.3371,0.1163,0.2155,0.1091,0.3656,0.0752,0.0456,27.901,0.2821,6.502,0.378,0.3893,0.2904,6
PRJ3-00862,22,15.462,7.309,0.4529,0.2128,0.0827,0.0751,0.048,0.1218,0.0438,0.0082,21.698,0.2135,6.662,0.4292,0.2324,0.4041,2
PRJ3-00863,14,2.779,3.299,0.5519,0.1201,0.0796,0.1163,0.0466,0.2961,0.0032,0.0233,19.666,0.2153,5.409,0.2141,0.1837,0.3453,2
PRJ3-00864,130,6.324,7.067,0.234,0.2916,0.12,0.2316,0.0655,0.3317,0.0462,0.0269,26.048,0.3385,4.188,0.2232,0.253,0.4044,3
PRJ3-00865,169,5.186,11.827,0.08,0.3366,0.0968,0.0265,0,0.078,0.0163,0.0413,34.457,0.3583,6.554,0.308,0.2041,0.3716,6
PRJ3-00866,15,4.294,12.16,0.1988,0.3915,0.0976,0.1654,0.0564,0.234,0.0225,0.0215,22.065,0.2624,1.931,0.1697,0.251,0.3201,4
PRJ3-00867,88,4.47,6.503,0.4456,0.2245,0.0736,0.1713,0.0568,0.2602,0.0289,0.0201,20.078,0.2618,0,0.2104,0.196,0.3371,2
PRJ3-00868,75,4.601,9.548,0.3479,0.4034,0.1013,0.081,0.0796,0.1321,0.0407,0.0022,22.501,0.342,7.918,0.3396,0.2074,0.3971,3
PRJ3-00869,19,4.603,3.506,0.6206,0.1906,0.089,0.2624,0.0493,0.3082,0.0147,0.0146,23.884,0.2735,7.677,0.4562,0.28,0.4173,3
PRJ3-00870,68,7.488,6.93,0.2635,0.229,0.0658,0.1349,0.0446,0.2915,0.0343,0.0475,32.214,0.3422,9.132,0.3188,0.3215,0.3752,5
PRJ3-00871,33,4.332,10.663,0.0833,0.3781,0.1055,0.1742,0.0407,0.2643,0.0229,0.0257,31.096,0.3714,1.693,0.2436,0.3136,0.3408,4
PRJ3-00872,56,6.589,11.16,0.104,0.3722,0.1104,0.0977,0.0487,0.3707,0.0279,0.018,25.463,0.2516,0.966,0.2399,0.1791,0.5261,3
PRJ3-00873,118,5.579,8.593,0.434,0.3519,0.1185,0.1825,0.0503,0.1826,0.0218,0.0464,44.944,0.443,5.787,0.206,0.4911,0.2685,6
PRJ3-00874,240,5.438,10.245,0.2016,0.3656,0.077,0.1191,0.0552,0.1401,0.0658,0.0205,26.604,0.3167,7.564,0.1931,0.2852,0.3389,4
PRJ3-00875,14,8.451,4.265,0.5892,0.2495,0.0934,0.1429,0.0511,0.1017,0.0369,0.0089,11.456,0.2383,3.243,0.2155,0.1561,0.3314,2
PRJ3-00876,47,4.874,9.148,0.2023,0.3592,0.094,0.1063,0.0395,0.1295,0.0361,0.0062,14.97,0.1796,7.516,0.378,0.1977,0.3085,3
PRJ3-00877,126,4.847,6.415,0.3894,0.3036,0.0645,0.0858,0.0164,0.1275,0,0.0251,16.695,0.1579,1.921,0.3783,0.1436,0.3004,2
PRJ3-00878,30,5.074,7.873,0.3619,0.259,0.0711,0.1648,0.0669,0.2708,0.0659,0.025,26.337,0.2665,3.907,0.1748,0.3622,0.3958,3
PRJ3-00879,19,4.744,4.466,0.375,0.0962,0.0586,0.1118,0.0631,0.1797,0.0363,0.0161,17.855,0.1856,1.863,0.1661,0.2102,0.3826,1
PRJ3-00880,36,9.36,11.141,0.08,0.4701,0.1213,0.1413,0.0384,0.2537,0.0507,0.0188,28.129,0.4059,5.672,0.3355,0.2929,0.4872,4
PRJ3-00881,97,6.174,9.88,0.219,0.3893,0.1144,0.156,0.0492,0.2675,0.0176,0.0318,33.29,0.3321,4.333,0.413,0.3404,0.5169,5
PRJ3-00882,47,3.671,8.251,0.3318,0.3644,0.0671,0.0822,0.0353,0.1161,0.0314,0.0157,16.26,0.1335,2.277,0.3509,0.2158,0.3436,2
PRJ3-00883,17,5.327,11.231,0.1707,0.3272,0.0839,0.135,0.0512,0.0976,0.0141,0.026,21.498,0.13,0.496,0.2908,0.1397,0.35,3
PRJ3-00884,32,4.232,7.792,0.3565,0.189,0.0345,0.1426,0.0195,0.0961,0.01,0,15.338,0.2625,3.09,0.1436,0.184,0.3236,1
PRJ3-00885,19,7.07,7.329,0.2994,0.2763,0.1054,0.1559,0.0587,0.1669,0.025,0.0164,22.877,0.248,4.699,0.3383,0.2498,0.4273,3
PRJ3-00886,76,6.16,5.286,0.3018,0.178,0.0696,0.1392,0.0242,0.2946,0.0614,0.004,18.224,0.2063,6.914,0.2724,0.1972,0.4181,2
PRJ3-00887,87,3.646,8.797,0.117,0.3212,0.0508,0.1002,0.0376,0.1016,0,0,17.678,0.162,2.459,0.2365,0.1583,0.3403,1
PRJ3-00888,30,4.727,13.936,0.08,0.4819,0.0945,0.1504,0.0529,0.1923,0.0343,0.0252,37.348,0.402,0.392,0.284,0.3495,0.4019,5
PRJ3-00889,90,5.522,12.138,0.2014,0.4372,0.0988,0.1998,0.0829,0.2259,0.0068,0.0163,19.081,0.2727,0,0.3313,0.3284,0.3635,3
PRJ3-00890,46,5.786,4.746,0.5188,0.2979,0.0671,0.1176,0.0465,0.2352,0.0423,0.0078,18.653,0.3005,3.01,0.4489,0.1654,0.3886,2
PRJ3-00891,59,5.952,11.65,0.08,0.3979,0.102,0.1332,0.0521,0.2519,0.0412,0.0181,31.725,0.2792,2.72,0.1404,0.267,0.4192,4
PRJ3-00892,30,3.609,11.26,0.107,0.4662,0.0997,0.1799,0.0565,0.3162,0.0569,0.0563,23.165,0.3761,8.114,0.3021,0.2256,0.3851,6
PRJ3-00893,143,4.72,4.068,0.4883,0.1936,0.0766,0.037,0.0367,0.0418,0.0295,0.0192,22.129,0.2528,3.384,0.2937,0.2281,0.2797,2
PRJ3-00894,11,6.764,7.72,0.3078,0.2909,0.0555,0.1595,0.0523,0.1436,0.0462,0.0192,18.563,0.1749,6.782,0.3844,0.1056,0.4397,2
PRJ3-00895,10,2.8,10.969,0.2652,0.37,0.0711,0.0928,0.0278,0.1904,0.0464,0.0046,32.287,0.267,2.736,0.3794,0.1919,0.4358,3
PRJ3-00896,26,3.653,12.843,0.1572,0.5431,0.1315,0.1102,0.0277,0.1788,0.0205,0.0111,15.709,0.187,1.697,0.2354,0.233,0.2014,3
PRJ3-00897,139,4.925,5.077,0.5769,0.1871,0.0435,0.0678,0.0258,0.02,0.0196,0.0033,13.58,0.1692,0,0.1564,0.1335,0.3025,1
PRJ3-00898,165,4.742,7.161,0.3636,0.2375,0.0674,0.0806,0.0292,0.1214,0.0349,0,11.15,0.0765,0,0.243,0.1944,0.2565,1
PRJ3-00899,158,4.364,12.099,0.3052,0.485,0.0808,0.1243,0.039,0.1263,0.0009,0.0256,11.126,0.3151,1.361,0.1684,0.1412,0.1535,3
PRJ3-00900,27,4.852,9.365,0.1687,0.3585,0.0734,0.1048,0.019,0.1413,0.0246,0,11.389,0.2097,2.013,0.1666,0.1483,0.3562,2
PRJ3-00901,34,8.648,4.82,0.572,0.0306,0.0229,0.1516,0.0363,0.1043,0.0218,0.0155,23.181,0.3663,5.652,0.0948,0.2303,0.3742,2
PRJ3-00902,31,6.384,9.647,0.1607,0.3582,0.078,0.1078,0.0476,0.149,0.0352,0,5,0.0621,6.0,0.3172,0.117,0.288,2
PRJ3-00903,92,7.369,7.43,0.312,0.2713,0.0768,0.2677,0.0697,0.2475,0.0603,0.0298,43.077,0.4253,5.042,0.2725,0.4276,0.5338,5
PRJ3-00904,50,3.991,10.338,0.2537,0.2894,0.0326,0.1696,0.0266,0.1372,0.0304,0.0059,8.396,0.1572,1.604,0.2157,0.0908,0.3101,2
PRJ3-00905,61,4.063,9.589,0.3045,0.3087,0.099,0.0308,0.0561,0.0379,0.037,0.0157,11.416,0.1279,6.842,0.44,0.1271,0.3402,3
PRJ3-00906,28,4.442,10.724,0.1322,0.3672,0.1125,0.1287,0.0546,0.113,0.0353,0.0226,21.062,0.1692,3.626,0.3537,0.2236,0.3419,3
PRJ3-00907,4,0.952,3.969,0.4918,0.1835,0.0465,0.0753,0.0433,0.1383,0,0.011,15.304,0.1245,0,0.2488,0.2025,0.2415,1
PRJ3-00908,4,1.548,5.473,0.4352,0.1119,0.0493,0.071,0.013,0.1984,0.0065,0.0152,13.069,0.2222,0.674,0.1945,0.109,0.3771,1
PRJ3-00909,31,4.065,6.696,0.2387,0.3873,0.0778,0.2055,0.0681,0.2409,0.0334,0.0209,25.05,0.3909,9.487,0.2746,0.2318,0.2929,4
PRJ3-00910,41,4.246,3.895,0.4712,0.0663,0.0718,0.1266,0.0464,0.3258,0.0131,0.0181,24.789,0.1743,1.602,0.4022,0.242,0.2007,2
PRJ3-00912,58,5.859,10.402,0.1401,0.2416,0.0457,0.1355,0.063,0.2148,0.0535,0.0465,16.98,0.2548,10.753,0.3719,0.2244,0.4021,5
PRJ3-00913,27,6.616,7.677,0.2399,0.3328,0.0844,0.1428,0.0449,0.182,0.0221,0.0106,17.324,0.2882,1.558,0.3688,0.1653,0.4476,2
PRJ3-00914,47,4.24,14.321,0.08,0.5427,0.1018,0.0545,0.0264,0.1084,0.0527,0.0277,26.171,0.3129,5.611,0.2978,0.305,0.3341,5
PRJ3-00915,39,3.508,4.799,0.4251,0.2292,0.0443,0.0066,0.0021,0.0217,0.0154,0,6.807,0.2088,3.61,0.2786,0.0869,0.3446,1
PRJ3-00916,31,3.805,6.117,0.381,0.2202,0.08,0.1043,0.0267,0.2404,0.0375,0.0123,23.254,0.3632,2.246,0.277,0.181,0.3786,2
PRJ3-00917,133,5.043,13.122,0.08,0.3843,0.1124,0.115,0.0613,0.1157,0.0619,0.0079,25.845,0.2196,4.571,0.2673,0.2267,0.3196,4
PRJ3-00918,75,4.319,3.966,0.5301,0.0892,0.0367,0.1455,0.0911,0.129,0.0387,0.0046,13.905,0.2624,7.664,0.0797,0.2048,0.4258,2
PRJ3-00919,88,6.611,10.255,0.1635,0.3266,0.0529,0.0799,0.018,0.2139,0.0601,0.0233,30.889,0.4339,6.673,0.4389,0.2087,0.5279,4
PRJ3-00920,25,6.571,8.746,0.1993,0.3502,0.0847,0.0054,0.0149,0.0405,0.0259,0,23.411,0.2687,2.591,0.1893,0.138,0.2997,2
PRJ3-00921,38,4.142,8.214,0.3439,0.3183,0.0601,0.0962,0.0308,0.2178,0.0366,0.015,16.651,0.3223,5.2,0.2406,0.2015,0.3701,2
PRJ3-00922,20,3.781,7.169,0.1546,0.2941,0.1051,0.1681,0.0766,0.0974,0.0244,0.0315,13.916,0.2099,3.052,0.1491,0.1803,0.3077,3
PRJ3-00923,139,4.725,10.749,0.1829,0.4547,0.1075,0.101,0.0451,0.2021,0.0375,0.0169,32.733,0.3886,4.332,0.3578,0.3216,0.5151,4
PRJ3-00924,158,4.901,8.431,0.3988,0.2084,0.0395,0.0549,0.0445,0.1173,0.035,0.0216,20.232,0.2292,6.768,0.2516,0.1954,0.3091,3
PRJ3-00925,20,3.094,6.839,0.4834,0.2428,0.0783,0.1726,0.0198,0.3789,0.0661,0.0123,27.338,0.2611,0.955,0.4153,0.2947,0.5473,2
PRJ3-00926,105,6.366,6.225,0.4734,0.3478,0.0864,0.1541,0.0451,0.1807,0.0607,0.0164,29.588,0.3251,4.003,0.2343,0.3193,0.4536,3
PRJ3-00927,116,4.855,9.302,0.3339,0.388,0.0946,0.0815,0.0591,0.2078,0.0536,0.0288,26.008,0.4205,3.429,0.521,0.1466,0.5078,4
PRJ3-00928,61,6.768,11.94,0.145,0.4731,0.1141,0.0711,0.0307,0.1669,0.0797,0.0318,31.453,0.2953,5.019,0.1921,0.2511,0.4058,5
PRJ3-00929,111,7.134,11.685,0.2568,0.3737,0.0907,0.1488,0.0766,0.203,0.082,0.0407,20.526,0.3431,7.062,0.4254,0.3132,0.5148,5
PRJ3-00930,15,5.05,4.938,0.5419,0.1557,0.064,0,0.0031,0.0995,0.0254,0,14.79,0.1686,0.123,0.2338,0.1929,0.1478,1
PRJ3-00931,8,3.995,11.383,0.0933,0.5324,0.1129,0.1805,0.0375,0.2173,0.0344,0.039,21.223,0.3668,8.557,0.2707,0.3011,0.2751,5
PRJ3-00932,167,5.728,10.46,0.309,0.2169,0.0927,0.2096,0.0781,0.2561,0.0451,0.0393,35.881,0.3532,7.74,0.4169,0.293,0.3664,5
PRJ3-00933,210,4.87,10.158,0.224,0.4173,0.1175,0.1614,0.0502,0.1624,0.0483,0.0261,23.304,0.308,0,0.1835,0.2182,0.2003,3
PRJ3-00934,57,4.726,5.575,0.4638,0.2207,0.0869,0.1349,0.0584,0.1985,0.0466,0,9.041,0.1064,1.206,0.2028,0.1334,0.3546,1
PRJ3-00935,36,3.415,6.643,0.2639,0.1884,0.0421,0.0604,0.0219,0.1065,0.0521,0,17.651,0.1568,2.977,0.2015,0.1555,0.197,1
PRJ3-00936,15,1.72,4.559,0.592,0.1976,0.0569,0.0327,0.0034,0.02,0.0108,0.0232,5,0.0567,5.334,0.2982,0.1452,0.318,2
PRJ3-00937,36,3.991,7.02,0.3984,0.2825,0.0556,0.1096,0.0626,0.1285,0.0425,0,20.729,0.3024,3.125,0.2112,0.1472,0.3034,1
PRJ3-00938,230,5.819,13.34,0.08,0.581,0.1137,0.1009,0.0414,0.136,0.0396,0.0384,27.205,0.2714,6.53,0.4122,0.2003,0.3286,6
PRJ3-00939,103,4.752,5.383,0.5029,0.1645,0.0565,0.1083,0.0418,0.2321,0.0267,0.0011,15.878,0.2641,5.768,0.2082,0.1983,0.3521,1
PRJ3-00940,50,3.678,8.81,0.2648,0.3218,0.0882,0.0653,0.0202,0.0536,0.0332,0,27.585,0.2623,1.445,0.2396,0.2177,0.2314,2
PRJ3-00941,41,4.869,2.351,0.6243,0.1787,0.0706,0.0929,0.0443,0.2168,0.0264,0.0085,10.797,0.2571,2.766,0.231,0.1087,0.3665,1
PRJ3-00942,61,3.397,6.672,0.4214,0.2448,0.054,0.0763,0.0037,0.1265,0.0115,0.0151,13.409,0.2647,6.008,0.2883,0.094,0.3563,2
PRJ3-00943,25,7.99,5.047,0.502,0.2046,0.0323,0.095,0.0351,0.1435,0.017,0.0043,20.89,0.2128,3.043,0.24,0.2056,0.3267,1
PRJ3-00944,61,3.539,8.488,0.2683,0.3034,0.1076,0.1746,0.0737,0.0663,0,0,5,0.1319,1.712,0.2536,0.2293,0.2396,1
PRJ3-00945,115,5.78,8.472,0.316,0.3237,0.1026,0.1783,0.0474,0.1694,0.0374,0.0479,18.523,0.1986,7.952,0.3158,0.3158,0.3924,4
PRJ3-00946,214,5.385,10.329,0.2766,0.4506,0.0961,0.1575,0.0693,0.2212,0.062,0.021,21.232,0.1944,1.276,0.3337,0.2602,0.2668,3
PRJ3-00947,24,4.866,9.23,0.2396,0.2999,0.0768,0.0802,0.0412,0.2099,0.0105,0.0369,8.658,0.1681,5.809,0.2023,0.1479,0.3845,3
PRJ3-00948,25,3.764,8.583,0.4083,0.3257,0.0631,0.1039,0.0331,0.0735,0.0228,0.0037,13.99,0.1896,3.58,0.2178,0.0814,0.3727,2
PRJ3-00949,70,4.532,6.825,0.4468,0.1068,0.069,0.0652,0.0296,0.198,0.0635,0.0127,33.753,0.2691,8.952,0.3396,0.2698,0.3102,3
PRJ3-00950,34,4.29,7.512,0.3986,0.2652,0.0631,0.0851,0.0209,0.0966,0.0064,0.0129,13.569,0.0747,6.191,0.363,0.1848,0.218,2
PRJ3-00951,82,4.799,8.972,0.211,0.2935,0.0886,0.0818,0.0296,0.0395,0,0.0165,27.18,0.2326,4.066,0.2226,0.1709,0.3719,3
PRJ3-00952,89,5.778,8.387,0.2211,0.3262,0.0894,0.1053,0.0246,0.2678,0.0648,0.0036,9.552,0.2072,5.256,0.3441,0.0974,0.4783,2
PRJ3-00953,30,5.123,8.668,0.47,0.3418,0.1055,0.0984,0.0869,0.1049,0.0149,0.0152,15.417,0.1634,0.27,0.2182,0.1904,0.3974,2
PRJ3-00954,131,5.187,11.907,0.0815,0.4236,0.0625,0.1108,0.0386,0.0781,0.0188,0,13.088,0.2026,0.494,0.33,0.2263,0.3288,2
PRJ3-00955,13,7.033,2.723,0.4803,0.1111,0.0413,0.2256,0.0545,0.1864,0.0116,0.0005,14.695,0.1289,5.021,0.242,0.2222,0.2893,1
PRJ3-00956,125,6.444,8.761,0.1107,0.2506,0.0662,0.1767,0.0635,0.2416,0.0374,0.0303,24.904,0.3317,6.769,0.4177,0.2819,0.3922,4
PRJ3-00957,21,5.279,10.507,0.1236,0.323,0.1283,0.0555,0.0057,0.089,0.0694,0.0501,14.958,0.2641,2.761,0.3814,0.1733,0.4378,4
PRJ3-00958,186,6.864,12.801,0.08,0.4733,0.1092,0.2382,0.0711,0.2767,0.065,0.0755,39.821,0.4919,10.749,0.3893,0.3757,0.3197,9
PRJ3-00959,157,5.089,6.319,0.4356,0.1925,0.074,0.0708,0.0449,0.1814,0.0617,0.0168,22.664,0.2874,0.793,0.2059,0.2354,0.3298,2
PRJ3-00960,56,6.811,10.88,0.0858,0.3976,0.1029,0.0778,0.035,0.1776,0.0134,0.0327,26.578,0.3026,8.95,0.2682,0.2255,0.162,5
PRJ3-00961,93,4.599,4.242,0.6324,0.1174,0.0196,0.1499,0.073,0.1496,0.0383,0.0264,19.773,0.1235,5.759,0.3363,0.179,0.3367,2
PRJ3-00962,97,5.696,5.437,0.3084,0.2184,0.0587,0.066,0.0383,0.1505,0.0406,0.0305,14.155,0.1305,7.271,0.2693,0.0795,0.3651,3
PRJ3-00963,28,3.885,8.823,0.2035,0.211,0.0152,0,0.0123,0.0655,0.0089,0.0112,13.979,0.2218,2.994,0.1392,0.05,0.2731,1
PRJ3-00964,92,5.145,4.214,0.5656,0.2184,0.0769,0.0146,0.0147,0.2113,0.0395,0.0022,21.271,0.188,5.012,0.2245,0.2309,0.3914,2
PRJ3-00965,6,1.585,4.498,0.5068,0.2742,0.0856,0.1669,0.0555,0.205,0.0642,0,12.274,0.034,4.863,0.532,0.224,0.4231,2
PRJ3-00966,22,4.011,10.906,0.2365,0.3143,0.0716,0.2239,0.0463,0.1544,0.0275,0.0098,20.031,0.3524,3.326,0.391,0.2077,0.3295,3
PRJ3-00967,29,3.715,10.053,0.1702,0.267,0.0765,0.0452,0.028,0.0564,0.0437,0,19.578,0.2452,3.5,0.3391,0.1855,0.3292,2
PRJ3-00968,239,5.691,10.178,0.1687,0.3556,0.0744,0.0822,0.0295,0.2113,0.0417,0.0324,26.655,0.3989,2.956,0.3308,0.1393,0.4991,4
PRJ3-00969,42,3.532,8.64,0.258,0.3116,0.1071,0.0861,0.0361,0.1788,0.025,0.0264,20.646,0.114,3.551,0.2473,0.1641,0.2462,3
PRJ3-00970,47,4.386,9.292,0.2377,0.316,0.1002,0.0621,0.0545,0.1229,0.0637,0.0335,32.783,0.4402,2.464,0.3316,0.1958,0.3809,4
PRJ3-00971,181,4.218,6.49,0.4929,0.2227,0.0627,0.0155,0.0131,0.02,0.0051,0.0063,23.809,0.2799,2.696,0.1313,0.2052,0.2865,2
PRJ3-00972,85,5.818,10.9,0.214,0.329,0.0758,0.2755,0.09,0.3228,0.0358,0.0542,31.428,0.391,9.568,0.3718,0.2548,0.5506,6
PRJ3-00974,108,5.095,9.272,0.213,0.2889,0.0921,0.0826,0.0327,0.1546,0.0559,0.0255,17.757,0.2663,5.589,0.2242,0.1538,0.5083,3
PRJ3-00975,112,4.708,8.548,0.1184,0.2918,0.0258,0.1128,0.0283,0.02,0.0177,0.0124,18.438,0.2122,3.305,0.3678,0.169,0.3485,2
PRJ3-00976,67,6.313,2.672,0.7228,0.0789,0.0324,0.2044,0.0463,0.2518,0.0663,0.0337,11.746,0.2373,2.567,0.287,0.1695,0.4548,2
PRJ3-00977,63,7.154,13.826,0.08,0.4989,0.1243,0.2637,0.0521,0.2764,0.0177,0.0409,43.387,0.3975,6.988,0.4379,0.4045,0.4249,7
PRJ3-00978,4,2.099,9.943,0.3224,0.2931,0.0492,0.1468,0.0378,0.2176,0.0611,0.0018,33.465,0.3598,5.634,0.2026,0.3074,0.3535,3
PRJ3-00979,22,6.041,10.212,0.2758,0.3585,0.0967,0.1369,0.0543,0.1653,0.0485,0.0525,28.122,0.2569,1.377,0.3852,0.246,0.3405,5
PRJ3-00980,6,2.85,8.269,0.2512,0.3527,0.1007,0.0565,0.0211,0.1286,0.0087,0.0225,25.922,0.4016,5.712,0.2406,0.289,0.3861,4
PRJ3-00981,115,4.957,12.08,0.0889,0.4695,0.1367,0.1716,0.0628,0.0902,0.0696,0.0446,20.751,0.3532,4.131,0.3593,0.2117,0.3978,5
PRJ3-00982,84,4.288,10.967,0.1269,0.4476,0.1034,0.0609,0.0369,0.0746,0.0056,0.0239,19.804,0.3691,6.273,0.1024,0.0824,0.2116,4
PRJ3-00983,240,4.844,7.143,0.3637,0.2279,0.0658,0.0752,0.0214,0.1506,0.0391,0.0202,18.753,0.2693,0,0.2977,0.1795,0.3166,2
PRJ3-00984,85,3.915,7.25,0.4299,0.3773,0.0556,0.089,0.0409,0.0424,0.0152,0.0132,7.727,0.0455,6.619,0.226,0,0.2689,2
PRJ3-00985,98,4.511,7.562,0.3302,0.289,0.0817,0,0.0008,0.1811,0.0504,0.0228,13.967,0.1839,4.065,0.3935,0.1795,0.2516,2
PRJ3-00986,49,5.204,9.924,0.08,0.4222,0.0844,0.1215,0.0312,0.2985,0.0443,0.029,24.443,0.2207,6.313,0.4813,0.2281,0.4851,4
PRJ3-00987,155,5.154,7.282,0.3245,0.2314,0.1048,0.081,0.0608,0.1932,0.0729,0.0172,15.841,0.2319,8.259,0.3348,0.1354,0.2786,3
PRJ3-00988,4,2.422,11.237,0.1777,0.5931,0.1542,0.121,0.0248,0.2433,0.0237,0.0269,24.095,0.3071,2.033,0.3435,0.2911,0.4565,4
PRJ3-00989,21,4.676,13.287,0.1515,0.4144,0.1247,0.0599,0.0514,0.1718,0.0262,0,25.852,0.3117,1.862,0.2775,0.2526,0.4097,3
PRJ3-00990,105,4.37,9.506,0.2555,0.3544,0.0731,0,0.008,0.1019,0.0446,0.007,25.565,0.1942,5.533,0.3815,0.1113,0.2679,3
PRJ3-00991,31,6.179,10.736,0.3084,0.3963,0.0774,0.044,0.0531,0.1924,0.0317,0.0094,16.475,0.2259,3.915,0.3375,0.1555,0.3453,3
PRJ3-00992,81,5.812,12.77,0.105,0.4773,0.1504,0.2229,0.0752,0.2329,0.0496,0.0587,28.615,0.3698,4.462,0.3514,0.2638,0.4149,6
PRJ3-00993,140,5.388,8.377,0.1869,0.3546,0.1576,0.1633,0.0666,0.2277,0.0476,0.0236,22.393,0.2237,7.49,0.477,0.3126,0.4334,4
PRJ3-00994,41,4.627,9.204,0.2236,0.4636,0.0949,0.0672,0.0023,0.1516,0,0.025,7.595,0.1495,2.96,0.1864,0.1144,0.3067,3
PRJ3-00995,4,2.325,9.932,0.3408,0.2953,0.0716,0.0258,0.0178,0.0521,0.0038,0,6.85,0.2739,3.598,0.3081,0.0817,0.2732,2
PRJ3-00996,51,6.192,9.577,0.1109,0.2936,0.0831,0.1461,0,0.1441,0.0452,0.0255,26.773,0.2835,5.949,0.1843,0.3084,0.4176,4
PRJ3-00997,31,4.884,7.904,0.2833,0.2912,0.0987,0.037,0.0434,0.1442,0.0412,0.0243,18.879,0.2049,0,0.2992,0.1868,0.4853,2
PRJ3-00998,38,4.292,9.899,0.1372,0.3388,0.0628,0.0417,0.028,0.1076,0.0108,0.0122,14.852,0.189,4.857,0.2813,0.1404,0.3997,2
PRJ3-00999,94,4.079,7.487,0.3604,0.366,0.0784,0.0974,0.0231,0.1697,0.0056,0,14.089,0.0694,3.302,0.2585,0.2566,0.376,2
PRJ3-01000,62,5.123,10.262,0.08,0.3059,0.0816,0.1146,0.0731,0.0795,0.0469,0.0281,29.004,0.4978,0,0.3173,0.2255,0.3353,3
PRJ3-01001,21,4.772,15.578,0.08,0.5982,0.1458,0.2041,0.0443,0.1295,0.0355,0.0351,36.362,0.4216,6.782,0.3503,0.2386,0.4084,7
PRJ3-01002,33,10.567,14.611,0.08,0.5781,0.1298,0.1438,0.0422,0.1051,0.0189,0.0331,30.233,0.3536,9.449,0.0691,0.2769,0.3267,6
PRJ3-01003,33,5.243,10.104,0.0842,0.4138,0.097,0.1293,0.067,0.1561,0.0582,0.0091,21.556,0.262,7.363,0.2553,0.218,0.364,3
PRJ3-01004,146,4.873,7.292,0.3598,0.3102,0.0669,0.0172,0.0265,0.0448,0.0494,0.0306,15.848,0.0916,1.966,0.2915,0.1008,0.3282,2
PRJ3-01005,23,5.034,6.39,0.2945,0.2798,0.1017,0.0759,0.0574,0.1493,0.0415,0.0134,26.585,0.3479,5.851,0.3801,0.1999,0.3841,3
PRJ3-01006,11,4.285,6.116,0.3827,0.1945,0.0612,0.129,0.0506,0.2072,0.0633,0.0448,15.828,0.2382,3.611,0.3075,0.1778,0.1948,3
PRJ3-01007,124,5.745,10.095,0.2135,0.2861,0.0821,0.1135,0.0559,0.2255,0.0354,0.0285,9.405,0.1442,8.1,0.3885,0.1657,0.3791,4
PRJ3-01008,73,5.157,8.193,0.3577,0.2852,0.0596,0.0309,0.0419,0.207,0.0372,0.0372,34.831,0.4584,13.968,0.201,0.2638,0.387,5
PRJ3-01009,37,6.728,7.939,0.2235,0.1948,0.0618,0.0964,0.0193,0.1025,0.0425,0.0035,28.519,0.279,8.695,0.2683,0.2305,0.2596,3
PRJ3-01010,41,4.498,3.993,0.5272,0.2365,0.0452,0.0597,0.0147,0.02,0.0172,0,5.499,0.1307,0.126,0.1863,0.1159,0.2931,1
PRJ3-01011,28,3.214,9.527,0.2164,0.3861,0.1096,0.1787,0.0597,0.157,0.0265,0.0182,33.978,0.3472,3.96,0.2796,0.3338,0.3476,4
PRJ3-01012,187,6.06,10.653,0.0803,0.4173,0.1145,0.1734,0.0566,0.2119,0.0039,0.0463,31.985,0.3287,3.739,0.4106,0.1591,0.3726,5
PRJ3-01013,89,3.951,5.931,0.5513,0.2149,0.041,0.079,0.0071,0.1333,0.0343,0.0124,20.396,0.2711,4.568,0.4453,0.1852,0.3008,2
PRJ3-01014,50,5.218,9.353,0.2594,0.3196,0.0617,0.0832,0.0037,0.1382,0.0766,0.0194,8.314,0.1292,1.803,0.3339,0.1244,0.353,2
PRJ3-01016,98,4.477,5.594,0.4567,0.1784,0.0793,0.0566,0,0.0403,0.0185,0,9.107,0.1945,0.557,0.2089,0.0372,0.4056,1
PRJ3-01017,23,2.874,10.419,0.0957,0.4063,0.0802,0.041,0.0325,0.121,0.0145,0.028,11.71,0.0914,2.347,0.2223,0.1395,0.2719,3
PRJ3-01018,89,5.985,8.732,0.3002,0.3568,0.1189,0.0941,0.0695,0.1007,0.0497,0.0386,25.802,0.4059,3.4,0.23,0.2898,0.3279,4
PRJ3-01019,82,4.37,8.252,0.3339,0.3519,0.0784,0.0698,0.0044,0.02,0.0358,0.0153,19.862,0.2987,4.265,0.2386,0.2044,0.3052,2
PRJ3-01020,26,4.987,8.071,0.3939,0.292,0.0805,0.1344,0.0716,0.1373,0.0255,0.008,37.325,0.4378,3.209,0.1934,0.3788,0.4167,3
PRJ3-01021,26,4.47,7.731,0.336,0.3471,0.0548,0.0548,0.0208,0.0423,0.0276,0.0223,14.135,0.127,1.16,0.1312,0.14,0.2126,2
PRJ3-01022,27,5.634,10.13,0.1819,0.3262,0.0835,0.0395,0.0196,0.0673,0.0027,0.0132,16.703,0.2999,3.701,0.1098,0.1744,0.3364,2
PRJ3-01023,43,4.647,9.639,0.1187,0.304,0.0997,0.1318,0.0466,0.1344,0.0014,0.019,9.552,0.1318,0.347,0.2467,0.2667,0.338,2
PRJ3-01024,53,5.865,8.278,0.3223,0.3198,0.1284,0.1331,0.0113,0.1184,0.0204,0.035,29.354,0.3892,4.049,0.2574,0.2524,0.2765,4
PRJ3-01025,69,5.063,11.725,0.1601,0.4564,0.1008,0.017,0.0052,0.1365,0.0205,0,25.848,0.3391,9.79,0.1141,0.2754,0.3039,4
PRJ3-01026,74,5.434,11.886,0.1913,0.3703,0.086,0.2365,0.0815,0.2891,0.0856,0.0373,17.524,0.1904,8.095,0.3086,0.3397,0.2978,5
PRJ3-01027,30,6.704,6.072,0.3145,0.2075,0.0722,0.176,0.0477,0.2814,0.0648,0.0258,15.426,0.2523,0.559,0.2754,0.2411,0.4265,2
PRJ3-01028,46,5.787,11.951,0.08,0.4865,0.095,0.0519,0.0402,0.0983,0.0336,0.0301,29.29,0.2983,4.12,0.2778,0.1719,0.4319,5
PRJ3-01029,28,5.914,9.711,0.3101,0.2384,0.0516,0.0769,0.0195,0.2444,0.0651,0.0403,23.53,0.342,3.478,0.3285,0.2227,0.4237,4
PRJ3-01030,27,5.455,11.557,0.08,0.4053,0.0816,0.1013,0.0546,0.1341,0.0097,0.0283,24.95,0.2847,5.004,0.0838,0.1759,0.3695,4
PRJ3-01031,45,5.386,4.702,0.5776,0.1479,0.0428,0.1435,0.042,0.0914,0.0244,0.0129,5.306,0.1504,4.543,0.2255,0.1531,0.3658,2
PRJ3-01032,40,4.803,12.64,0.08,0.438,0.1202,0.1836,0.0548,0.2348,0.0485,0.0453,18.324,0.2276,0.554,0.3065,0.2677,0.4397,4
PRJ3-01033,106,4.44,10.144,0.4117,0.4966,0.1275,0,0.0435,0.1047,0.0505,0.0409,22.58,0.2935,4.85,0.4027,0.1552,0.2435,4
PRJ3-01034,60,5.81,6.101,0.3033,0.2479,0.0705,0.1343,0.0569,0.167,0.0454,0,17.466,0.2116,7.476,0.2455,0.2263,0.3915,2
PRJ3-01035,69,4.945,7.637,0.49,0.203,0.054,0.2107,0.0724,0.2286,0.0257,0,12.303,0.1218,3.998,0.0559,0.2217,0.3008,1
PRJ3-01036,23,4.254,14.327,0.08,0.3651,0.1067,0.0214,0.0161,0.092,0,0.0124,14.947,0.2117,4.747,0.2101,0.1447,0.2867,4
PRJ3-01037,8,1.799,9.88,0.2334,0.2733,0.0787,0.1732,0.0627,0.2604,0.0293,0.0296,9.92,0.2601,7.376,0.3365,0.199,0.2681,3
PRJ3-01038,28,6.724,7.064,0.2675,0.2029,0,0.0639,0.031,0.0691,0,0.0001,18.852,0.1429,3.343,0.2392,0.1594,0.3134,1
PRJ3-01039,91,4.979,11.916,0.0984,0.3985,0.0885,0.025,0.0267,0.2368,0.0575,0.0268,26.532,0.4432,4.376,0.2972,0.2797,0.4425,4
PRJ3-01040,72,4.709,15.341,0.08,0.532,0.112,0.1246,0.0451,0.0872,0.0207,0.0225,18.435,0.156,0,0.1194,0.1804,0.2655,4
PRJ3-01041,157,4.771,6.529,0.2414,0.267,0.0644,0.0082,0.011,0.1479,0.0303,0.033,24.105,0.132,0.475,0.2026,0.2492,0.3577,3
PRJ3-01042,155,5.589,12.307,0.08,0.5489,0.0723,0.153,0.0325,0.223,0.0289,0.0511,27.556,0.3093,4.039,0.349,0.2367,0.3091,6
PRJ3-01043,76,4.718,12.032,0.1205,0.453,0.0903,0.1091,0.0357,0.1106,0.0289,0.0107,14.62,0.2036,2.662,0.2149,0.2339,0.2947,3
PRJ3-01044,8,3.06,10.865,0.1733,0.3617,0.0887,0.1126,0.0362,0.1107,0.0121,0.0102,27.586,0.3479,5.932,0.3235,0.3572,0.4451,4
PRJ3-01045,156,5.518,10.946,0.08,0.3646,0.0827,0.1478,0.0236,0.1351,0.0149,0,18.188,0.2864,2.802,0.2094,0.194,0.2149,2
PRJ3-01046,65,3.867,5.935,0.5698,0.2731,0.0716,0.1205,0.0261,0.1084,0.0071,0.0153,18.268,0.3094,1.908,0.1698,0.208,0.2737,2
PRJ3-01047,19,3.033,6.795,0.4824,0.283,0.0808,0.0892,0.0527,0.056,0.0356,0.0036,14.563,0.1781,0,0.2919,0.2192,0.2416,1
PRJ3-01048,5,2.345,4.234,0.4548,0.087,0.0339,0.0822,0.025,0.1396,0.0293,0.019,21.434,0.3897,0.999,0.1429,0.1782,0.4006,2
PRJ3-01049,46,3.764,3.768,0.5705,0.0316,0.0504,0.0482,0.06,0.1277,0.0152,0.0304,21.547,0.2519,1.059,0.3787,0.1443,0.2604,2
PRJ3-01050,42,4.56,6.93,0.3621,0.1785,0.0355,0.015,0.067,0.0934,0.0532,0.0049,23.805,0.3229,6.316,0.3771,0.1925,0.2794,2
PRJ3-01051,36,4.506,9.294,0.3853,0.3605,0.0886,0.0925,0.0293,0.1543,0.0293,0.0302,25.261,0.2564,7.282,0.3528,0.2103,0.312,4
PRJ3-01052,22,3.689,7.888,0.2995,0.3806,0.1034,0.04,0.0096,0.1759,0.0299,0.0199,17.559,0.2634,7.306,0.3296,0.051,0.2312,3
PRJ3-01053,75,5.895,11.697,0.2252,0.4713,0.1096,0.2129,0.0796,0.2537,0.026,0.0289,21.628,0.2415,9.548,0.2459,0.3135,0.4357,5
PRJ3-01054,35,6.644,10.723,0.1143,0.4041,0.065,0.0707,0.0191,0.136,0.0015,0.0206,19.351,0.2627,5.173,0.171,0.2582,0.4459,3
PRJ3-01055,32,3.255,13.321,0.08,0.5022,0.1192,0.1196,0.037,0.0931,0.0209,0.0392,18.701,0.122,3.209,0.3705,0.2361,0.2807,5
PRJ3-01056,103,5.226,13.917,0.08,0.4708,0.0526,0.138,0.0547,0.1471,0.0333,0.0347,28.019,0.4204,0.522,0.3063,0.2255,0.318,5
PRJ3-01057,52,4.19,10.589,0.1836,0.3937,0.0463,0.0735,0.0031,0.1009,0.0166,0.0219,25.934,0.2754,11.496,0.3859,0.2069,0.2839,5
PRJ3-01058,129,5.606,7.216,0.2997,0.2575,0.0622,0.1139,0.0274,0.1595,0.0567,0.0267,19.673,0.2476,4.888,0.3016,0.1917,0.2731,3
PRJ3-01059,71,3.751,12.124,0.2485,0.4763,0.0939,0.06,0.0003,0.0447,0.0245,0.0398,24.842,0.3526,4.204,0.2701,0.2614,0.2711,5
PRJ3-01060,22,6.854,9.957,0.2055,0.2965,0.073,0.1045,0.0294,0.154,0.0319,0.0178,28.44,0.2703,4.653,0.2538,0.3161,0.2714,4
PRJ3-01061,64,6.449,8.63,0.231,0.3477,0.1226,0.099,0.064,0.2169,0.0204,0.0043,25.636,0.3539,2.861,0.2677,0.2865,0.4507,3
PRJ3-01062,22,5.452,11.753,0.1375,0.3105,0.0981,0.1744,0.0435,0.2662,0.1,0.0583,23.718,0.2672,3.531,0.2137,0.3186,0.3643,5
PRJ3-01063,125,5.775,11.581,0.089,0.5602,0.135,0.1549,0.0772,0.1288,0.039,0.0412,32.361,0.357,4.615,0.4596,0.3106,0.3738,6
PRJ3-01064,93,5.38,13.232,0.08,0.3937,0.1189,0.1723,0.0477,0.2163,0.0473,0.0376,23.514,0.3448,9.549,0.3695,0.2238,0.4573,5
PRJ3-01065,141,4.167,4.81,0.4222,0.1539,0.0138,0.0297,0.0252,0.1262,0,0.0321,20.972,0.2957,1.32,0.1608,0.153,0.2409,2
PRJ3-01066,34,4.319,4.681,0.6054,0.1318,0.0329,0.1971,0.0569,0.0219,0.0228,0.0275,12.46,0.1477,0,0.3697,0.2262,0.3404,2
PRJ3-01067,29,4.456,2.467,0.5886,0.139,0.054,0.0165,0.0125,0.1065,0.0223,0.0051,18.108,0.227,4.255,0.1769,0.1128,0.3187,1
PRJ3-01068,143,5.905,10.501,0.2629,0.3592,0.0853,0.0866,0.0446,0.273,0.0494,0.0216,18.971,0.2591,0,0.3957,0.2557,0.464,3
PRJ3-01069,111,4.838,5.604,0.3434,0.2799,0.1057,0.1693,0.0669,0.1929,0.0328,0.0142,17.016,0.2357,0,0.2003,0.248,0.3969,2
PRJ3-01070,118,6.25,8.498,0.3541,0.3173,0.1143,0.2208,0.0593,0.221,0.0714,0.0244,29.506,0.2972,0,0.3466,0.3355,0.3298,3
PRJ3-01071,16,4.953,4.974,0.5182,0.2409,0.0706,0.0612,0.038,0.0337,0.0405,0.0069,19.483,0.3293,5.05,0.1456,0.1423,0.2173,2
PRJ3-01072,24,5.785,5.41,0.4255,0.2346,0.0379,0.019,0.0006,0.1421,0.0068,0.0148,24.534,0.2489,2.878,0.2298,0.1536,0.3299,2
PRJ3-01073,44,5.307,11.913,0.1904,0.4138,0.1462,0.1446,0.0499,0.2759,0.0695,0.0188,21.324,0.2017,6.122,0.4524,0.3234,0.2861,4
PRJ3-01074,20,6.18,9.24,0.153,0.275,0.1009,0.0808,0.0476,0.1299,0.0143,0.0079,11.369,0.1499,4.138,0.2241,0.1185,0.2748,2
PRJ3-01075,58,5.475,13.89,0.1329,0.4795,0.1492,0.1062,0.0576,0.1504,0.0186,0.021,26.574,0.3191,5.663,0.3397,0.2975,0.4295,5
PRJ3-01076,153,5.085,7.539,0.2972,0.1221,0.0449,0.1431,0.0167,0.1365,0.0332,0.0224,21.855,0.2291,7.082,0.3511,0.2346,0.4257,3
PRJ3-01077,31,4.705,12.501,0.08,0.3931,0.1247,0.1425,0.0737,0.2135,0.0203,0.0251,18.312,0.313,6.256,0.2834,0.2795,0.3518,4
PRJ3-01078,176,6.326,8.881,0.2979,0.2854,0.0585,0.2552,0.0917,0.3169,0.0701,0.0368,13.568,0.2439,5.642,0.4306,0.3021,0.5011,3
PRJ3-01079,211,5.841,8.869,0.3826,0.2768,0.0656,0.1422,0.0518,0.225,0.0654,0.0387,20.77,0.267,6.626,0.459,0.2912,0.389,4
PRJ3-01080,31,6.495,5.305,0.5087,0.2836,0.0725,0.1965,0.0357,0.2665,0.0135,0.0234,28.726,0.1376,2.236,0.168,0.3446,0.2028,3
PRJ3-01081,114,4.71,9.564,0.1855,0.4037,0.1151,0.1018,0.0313,0.1118,0.0432,0.0269,15.469,0.2674,4.752,0.157,0.1056,0.4115,3
PRJ3-01082,17,2.645,8.826,0.2888,0.3513,0.0869,0.0929,0.0178,0.184,0.0332,0.0207,7.532,0.0663,4.924,0.2816,0.1403,0.3081,3
PRJ3-01083,58,4.484,4.414,0.4255,0.1505,0.0591,0.1107,0.0662,0.2112,0.0473,0.0279,8.286,0.0356,2.231,0.2913,0.1824,0.1524,2
PRJ3-01084,31,6.149,10.773,0.1653,0.3645,0.0742,0.1408,0.0705,0.2211,0.0656,0.0538,21.092,0.3313,0,0.4646,0.2647,0.4788,4
PRJ3-01085,47,4.332,6.391,0.4166,0.1762,0.0669,0.131,0.0374,0.2809,0.0426,0.0284,32.163,0.3189,3.18,0.3573,0.3973,0.4864,4
PRJ3-01086,101,4.107,12.8,0.08,0.4202,0.0988,0.0889,0.0279,0.0661,0,0,27.123,0.3937,6.996,0.2278,0.1986,0.4498,4
PRJ3-01087,44,8.297,10.695,0.08,0.3435,0.1028,0.1931,0.0639,0.2321,0.0487,0.0426,20.268,0.2038,3.485,0.4083,0.2743,0.5698,4
PRJ3-01088,62,3.269,6.24,0.4924,0.1803,0.0159,0.1022,0.0204,0.1042,0.0142,0,24.505,0.2704,5.619,0.1939,0.2818,0.3034,2
PRJ3-01089,108,5.81,3.119,0.6909,0.1076,0.0232,0.1764,0.0533,0.2099,0.0439,0.0119,23.999,0.1444,2.073,0.3425,0.2994,0.3759,2
PRJ3-01090,31,5.42,7.227,0.3882,0.2258,0.0567,0.1975,0.0717,0.2055,0.0413,0.008,13.694,0.2428,7.854,0.3143,0.2518,0.08,2
PRJ3-01091,28,3.919,10.025,0.3437,0.4129,0.1262,0.0571,0.0415,0.152,0.0229,0.0132,11.699,0.1668,0,0.2406,0.1632,0.2417,2
PRJ3-01092,133,5.821,9.461,0.2677,0.3845,0.1093,0.23,0.0492,0.1692,0.042,0.0448,22.256,0.2548,2.256,0.2698,0.2311,0.3895,4
PRJ3-01093,154,4.219,7.416,0.4644,0.2421,0.0661,0.1256,0.0316,0.2642,0,0.0292,17.223,0.254,5.896,0.2325,0.1463,0.4421,3
PRJ3-01094,87,5.482,9.883,0.2703,0.3155,0.0831,0.1842,0.0499,0.0621,0.0162,0.001,23.509,0.2375,5.174,0.4007,0.3004,0.3942,3
PRJ3-01095,13,3.81,7.161,0.3065,0.1898,0.0453,0.0907,0.028,0.2125,0.0307,0.0083,25.152,0.3099,1.349,0.2895,0.1779,0.1992,2
PRJ3-01096,81,6.329,7.356,0.3932,0.0435,0.0211,0.0891,0.0241,0.3816,0.0498,0.0301,26.486,0.2562,5.851,0.3878,0.3071,0.4339,3
PRJ3-01097,54,6.608,9.258,0.1914,0.3477,0.0973,0.1251,0.0358,0.2693,0.028,0.0075,34.789,0.3336,4.514,0.3996,0.3075,0.3169,4
PRJ3-01098,40,3.359,10.441,0.1898,0.3008,0.0798,0.1199,0.0325,0.1075,0.0173,0.0172,24.834,0.1947,3.145,0.302,0.2018,0.3594,3
PRJ3-01099,29,6.258,8.587,0.1969,0.4147,0.1105,0.1185,0.0671,0.1717,0.0138,0,20.489,0.2811,0.158,0.4383,0.1286,0.4312,2
PRJ3-01100,75,5.768,7.559,0.2757,0.272,0.0933,0.2336,0.0484,0.2001,0.0078,0.0216,13.009,0.1844,8.339,0.3495,0.2078,0.4537,3
PRJ3-01101,74,7.101,11.907,0.2206,0.3885,0.1244,0.2385,0.1144,0.1936,0.0518,0.0316,28.411,0.3839,5.307,0.4615,0.2521,0.3149,5
PRJ3-01102,45,5.529,16.128,0.08,0.5292,0.1388,0.2102,0.0307,0.2065,0.0555,0.0475,23.301,0.3032,2.417,0.2424,0.305,0.2002,6
PRJ3-01103,45,6.182,6.44,0.4525,0.246,0.0729,0.0715,0.0216,0.0358,0.029,0.0091,10.669,0.1843,2.092,0.3833,0.1052,0.3162,1
PRJ3-01104,99,5.837,11.702,0.08,0.3343,0.1004,0.2032,0.0604,0.1951,0.0533,0.0408,21.875,0.2314,6.782,0.3465,0.2573,0.3752,5
PRJ3-01105,17,2.871,10.583,0.08,0.4539,0.0916,0.2682,0.0904,0.2518,0.011,0.0181,14.005,0.1369,8.311,0.34,0.2699,0.4446,4
PRJ3-01106,101,5.416,9.808,0.1881,0.337,0.0814,0.1406,0.013,0.0729,0.0347,0.0319,21.606,0.2705,10.851,0.2369,0.2998,0.2163,4
PRJ3-01107,199,6.9,10.276,0.204,0.3679,0.1015,0.1271,0.0299,0.3119,0.0587,0.0481,45.7,0.6051,4.138,0.4168,0.4526,0.4591,6
PRJ3-01108,12,2.284,8.536,0.2952,0.2956,0.0559,0.0999,0,0.2001,0.0247,0.0102,15.096,0.2038,1.632,0.4692,0.2132,0.3374,2
PRJ3-01109,173,5.107,9.622,0.1846,0.3424,0.0841,0.1099,0.01,0.1509,0.0467,0.0139,33.409,0.2309,7.551,0.4215,0.3197,0.3074,4
PRJ3-01110,82,4.192,10.013,0.2819,0.3656,0.0701,0.0955,0.0493,0.0883,0.0173,0.0144,25.435,0.2963,4.192,0.1793,0.2598,0.3557,3
PRJ3-01111,56,3.579,7.247,0.3489,0.2399,0.0571,0,0.001,0.1277,0.0115,0.02,6.561,0.0618,0.162,0.1677,0.1304,0.3067,2
PRJ3-01112,64,7.239,13.98,0.08,0.448,0.128,0.2307,0.0885,0.168,0.0491,0.0322,7.592,0.0094,3.694,0.4187,0.1793,0.3976,4
PRJ3-01113,20,4.19,7.801,0.4007,0.3219,0.0779,0.196,0.0762,0.1441,0.018,0,22.475,0.3,6.385,0.2643,0.3433,0.4899,2
PRJ3-01114,25,3.822,6.824,0.4734,0.2203,0.0801,0.13,0.0333,0.1865,0.0119,0.0004,12.155,0.1353,2.148,0.1129,0.1324,0.2608,1
PRJ3-01115,85,7.117,11.864,0.1004,0.3793,0.1191,0.1958,0.0836,0.2078,0.0421,0.0299,22.926,0.2836,4.519,0.3838,0.3014,0.4319,4
PRJ3-01116,173,4.726,8.54,0.2327,0.2559,0.0738,0.1684,0.0663,0.1348,0.0249,0.0113,18.69,0.2295,5.948,0.3147,0.224,0.5114,2
PRJ3-01117,34,4.082,9.059,0.4269,0.3439,0.0608,0.1008,0,0.03,0.0647,0.0331,25.037,0.295,5.136,0.3411,0.1867,0.3154,4
PRJ3-01118,57,4.207,5.867,0.2288,0.0536,0.0853,0.1183,0.0311,0.1235,0.0098,0.0402,14.708,0.2064,1.7,0.204,0.1764,0.4837,2
PRJ3-01119,42,5.487,7.276,0.3634,0.2999,0.0711,0.1221,0.0601,0.1888,0.0038,0.0292,18.464,0.2561,7.089,0.2786,0.2001,0.1379,3
PRJ3-01120,39,4.583,2,0.6823,0.1271,0.0361,0.1338,0.043,0.1355,0.0374,0.0428,15.94,0.2043,6.082,0.406,0.2669,0.2812,3
PRJ3-01121,67,4.878,9.326,0.2229,0.4364,0.1471,0.081,0.0301,0.2009,0.0573,0.0449,16.802,0.243,4.502,0.4971,0.2161,0.2605,4
PRJ3-01122,197,5.853,8.891,0.2676,0.2843,0.0601,0.1697,0.0597,0.2132,0.0599,0.0314,17.291,0.2158,4.42,0.397,0.2671,0.3343,3
PRJ3-01123,20,5.237,8.703,0.2343,0.1864,0.0598,0.0332,0.0106,0.1,0.0193,0.0159,13.58,0.177,3.411,0.471,0.1272,0.3891,2
PRJ3-01124,82,6.227,13.314,0.08,0.5205,0.1033,0.1679,0.076,0.1896,0.0335,0.0335,20.377,0.2823,6.723,0.3253,0.2147,0.4128,5
PRJ3-01125,19,4.279,7.519,0.4452,0.3071,0.0719,0.0057,0.0033,0.02,0.0122,0,25.599,0.2258,7.139,0.2365,0.226,0.2432,2
PRJ3-01126,34,4.354,9.127,0.35,0.3046,0.0676,0.0939,0,0.0656,0,0.0044,10.254,0.1157,0.405,0.1036,0.1773,0.2287,1
PRJ3-01127,11,2.268,11.883,0.1157,0.3591,0.0765,0,0.0347,0.0666,0.0234,0,10.895,0.1307,0,0.21,0.0715,0.2787,2
PRJ3-01128,66,4.889,5.563,0.4342,0.173,0.0425,0.1749,0.0317,0.1453,0.0101,0.0177,13.254,0.0876,6.764,0.2097,0.2078,0.3406,2
PRJ3-01129,99,4.935,6.05,0.4721,0.3458,0.056,0.1571,0.0725,0.1806,0.0347,0.0226,32.856,0.3961,5.948,0.2782,0.2233,0.2351,4
PRJ3-01130,49,5.485,10.99,0.3082,0.3038,0.0491,0.0977,0.0712,0.2707,0.0334,0.0354,21.261,0.2546,5.201,0.4398,0.1531,0.3412,4
PRJ3-01131,170,4.908,6.329,0.5115,0.1821,0.0399,0.1308,0.056,0.1373,0.0343,0.009,21.35,0.2233,6.071,0.3311,0.2189,0.1897,2
PRJ3-01132,53,6.798,12.329,0.08,0.4496,0.1254,0,0.0004,0.2677,0.0737,0.024,19.486,0.2785,5.53,0.3331,0.1946,0.2717,4
PRJ3-01133,26,3.661,7.452,0.3347,0.3048,0.0855,0.0449,0.0493,0.02,0.0469,0.0301,5.17,0.1504,1.594,0.4369,0.0651,0.3962,2
PRJ3-01134,7,2.162,6.129,0.4648,0.2399,0.0674,0.1233,0.0498,0.2333,0.0254,0.0199,10.594,0.129,0,0.1468,0.221,0.3483,2
PRJ3-01135,78,4.752,4.297,0.4663,0.1992,0.0946,0.1365,0.0722,0.1434,0.0785,0.0275,31.399,0.2695,2.381,0.5225,0.2877,0.4405,3
PRJ3-01136,60,5.585,8.78,0.3621,0.228,0.0505,0.084,0.0325,0.1445,0.019,0.0425,17.965,0.2859,0,0.1744,0.1709,0.3505,3
PRJ3-01137,34,4.818,8.728,0.205,0.3718,0.1101,0.1812,0.108,0.2295,0.0352,0.0332,20.642,0.2409,7.659,0.37,0.2732,0.4649,4
PRJ3-01138,45,5.76,7.691,0.3691,0.2855,0.0542,0.1237,0.0527,0.0628,0.0299,0.012,5.314,0.1734,0,0.2106,0.0943,0.2831,1
PRJ3-01139,74,4.981,7.295,0.3942,0.2284,0.0504,0.1161,0.0439,0.2874,0.0414,0.0172,20.371,0.2832,3.159,0.2527,0.2079,0.4827,2
PRJ3-01140,46,4.924,14.1,0.08,0.4353,0.1341,0.0992,0.0393,0.1689,0.0409,0,14.038,0.1986,6.186,0.4606,0.124,0.342,3
PRJ3-01141,69,5.527,9.742,0.1204,0.3771,0.1044,0.1459,0.0664,0.1825,0.0472,0.0517,35.776,0.4132,7.507,0.4266,0.4033,0.4042,6
PRJ3-01142,85,5.471,7.886,0.3567,0.2658,0.0851,0.2013,0.061,0.1294,0.0479,0.03,33.88,0.3052,1.79,0.2044,0.3857,0.3988,4
PRJ3-01143,33,5.482,13.425,0.08,0.4778,0.117,0.2132,0.054,0.2561,0.0581,0.0267,22.205,0.2199,4.636,0.349,0.2242,0.204,5
PRJ3-01144,140,4.081,6.057,0.2637,0.2617,0.048,0.0377,0.0338,0.1162,0.0016,0,21.067,0.417,2.35,0.1899,0.2344,0.3657,1
PRJ3-01145,126,6.357,5.153,0.4678,0.1241,0.0571,0.247,0.049,0.2427,0.0967,0.0359,25.24,0.3615,0.21,0.5513,0.2306,0.3811,3
PRJ3-01146,40,5.256,10.2,0.2744,0.3914,0.0977,0.2028,0.0959,0.1887,0.0309,0.059,19.515,0.174,6.935,0.2368,0.0962,0.2662,5
PRJ3-01147,67,5.414,2.912,0.5916,0.1908,0.0576,0.1145,0,0.1042,0.0249,0,16.302,0.2193,0.157,0.1828,0.1633,0.2721,1
PRJ3-01148,29,5.193,6.856,0.2765,0.2288,0.0582,0.1233,0.038,0.2348,0.0334,0.0269,28.66,0.2932,5.751,0.1295,0.2775,0.2265,3
PRJ3-01149,84,7.102,10.825,0.1098,0.3413,0.0715,0.2327,0.0521,0.1598,0.0566,0.0332,21.477,0.3081,3.832,0.5186,0.3113,0.339,4
PRJ3-01150,101,4.219,7.327,0.4445,0.3251,0.0769,0.0635,0.0159,0.1348,0,0,13.353,0.1822,4.96,0.0416,0.1816,0.2774,2
PRJ3-01151,53,3.517,7.541,0.2148,0.2068,0.0501,0.1312,0.0559,0.2018,0.0506,0,23.672,0.2346,0.881,0.2476,0.2722,0.2011,1
PRJ3-01152,240,4.378,11.547,0.2058,0.2771,0.0676,0.1544,0.0276,0.137,0.0186,0.0057,22.874,0.1791,2.688,0.3339,0.2581,0.2978,3
PRJ3-01153,36,4.917,10.171,0.08,0.2491,0.1036,0.0584,0.0109,0.2117,0.0591,0.0305,22.359,0.2051,1.689,0.2511,0.3056,0.3265,3
PRJ3-01154,76,4.749,12.172,0.0955,0.3848,0.1029,0.0972,0.0015,0.118,0.0387,0,5.186,0.1443,0.667,0.3502,0.0606,0.2631,2
PRJ3-01155,133,6.122,14.055,0.08,0.4076,0.0935,0.1855,0.0607,0.165,0,0.0392,33.6,0.4526,4.984,0.3625,0.3657,0.346,6
PRJ3-01156,87,5.631,9.006,0.2624,0.3353,0.0958,0.008,0.0164,0.1399,0.0476,0.0316,21.325,0.2889,4.071,0.3028,0.0977,0.3378,3
PRJ3-01157,114,6.74,12.245,0.08,0.485,0.108,0.1617,0.0618,0.2212,0.0291,0.0289,29.748,0.2919,4.152,0.2994,0.2633,0.299,5
PRJ3-01158,105,5.5,7.354,0.3915,0.2011,0.0859,0.0974,0.0244,0.1937,0.0402,0.0228,22.651,0.3325,3.823,0.3987,0.2043,0.3723,3
PRJ3-01159,11,4.624,12.486,0.1163,0.3967,0.0878,0.0576,0.0282,0.0494,0.0242,0.0103,22.569,0.1579,4.864,0.2597,0.1336,0.3739,3
PRJ3-01160,71,4.335,6.392,0.5132,0.2779,0.0829,0.1144,0.0396,0.2524,0.0391,0.0253,20.729,0.3538,3.121,0.3736,0.2259,0.4046,3
PRJ3-01161,124,4.309,4.505,0.5657,0.2528,0.0929,0.011,0,0.1141,0.0368,0.0175,13.092,0.1174,1.111,0.1603,0.0952,0.3698,2
PRJ3-01162,131,4.846,3.216,0.4653,0.166,0.0632,0.111,0.0589,0.0549,0.0381,0.0123,21.331,0.3363,0.45,0.2333,0.1816,0.2533,2
PRJ3-01163,25,5.841,5.895,0.4268,0.2897,0.1034,0.104,0.0473,0.0449,0.0092,0.0152,9.118,0.149,2.572,0.3219,0.0677,0.1932,2
PRJ3-01164,62,4.242,4.451,0.6036,0.1946,0.0456,0.113,0.0156,0.11,0.0075,0.0095,24.476,0.3051,2.53,0.3234,0.2483,0.2924,2
PRJ3-01165,36,4.734,3.376,0.6456,0.2031,0.0597,0,0,0.0253,0.0092,0.0091,17.39,0.2728,1.052,0.234,0.0577,0.4487,1
PRJ3-01166,103,5.849,11.098,0.1315,0.4473,0.1112,0.0766,0.0501,0.1693,0.0554,0.0275,33.997,0.4256,6.103,0.4179,0.3106,0.4789,5
PRJ3-01167,107,4.376,5.709,0.3923,0.163,0.0441,0,0.0031,0.1537,0.0229,0.0062,21.823,0.3263,1.045,0.2895,0.1464,0.407,1
PRJ3-01168,62,5.986,9.991,0.1653,0.3486,0.1131,0.1652,0.0607,0.2631,0.0425,0.037,21.288,0.0783,6.35,0.148,0.1896,0.4951,4
PRJ3-01169,83,4.231,4.784,0.5033,0.2255,0.0406,0.0575,0.0198,0.0825,0.0214,0.0138,14.171,0.1599,0,0.168,0.1322,0.3273,1
PRJ3-01170,80,4.226,7.397,0.3384,0.1504,0.0299,0.0764,0.0378,0.1499,0.0314,0.0131,21.186,0.3646,2.452,0.0428,0.186,0.3722,2
PRJ3-01171,40,5.469,12.807,0.0918,0.4455,0.1467,0.2723,0.081,0.2288,0.0466,0.0265,13.137,0.0579,4.31,0.4836,0.2426,0.3916,4
PRJ3-01172,84,6.529,10.307,0.1162,0.4461,0.0914,0.1278,0.0281,0.1065,0.02,0.0053,20.062,0.3399,6.718,0.2845,0.2285,0.3174,3
PRJ3-01173,70,6.006,12.076,0.1184,0.3979,0.1259,0.1586,0.0099,0.3187,0.0504,0.0189,30.972,0.4266,4.602,0.1065,0.2807,0.4053,5
PRJ3-01174,102,5.305,6.368,0.5544,0.1795,0.0548,0.1586,0.0415,0.1105,0.0535,0.0293,31.572,0.4144,3.564,0.3042,0.317,0.2263,3
PRJ3-01175,35,6.428,8.554,0.2822,0.2854,0.0789,0.1223,0.0632,0.113,0.0139,0.0295,17.312,0.2221,11.702,0.2094,0.2089,0.2464,4
PRJ3-01176,189,4.212,2.484,0.6166,0.1609,0.0599,0.0999,0.0369,0.1462,0.0145,0.0044,7.071,0.2684,0.82,0.2928,0.1382,0.3602,1
PRJ3-01177,43,4.44,9.875,0.2482,0.2888,0.09,0.1953,0.0597,0.154,0.0482,0.0391,16.219,0.2108,5.851,0.2468,0.2358,0.2876,4
PRJ3-01178,64,4.981,9.226,0.1946,0.4448,0.1063,0.1044,0.0068,0.1247,0.0025,0,27.742,0.2572,3.706,0.245,0.2225,0.2565,3
PRJ3-01179,215,4.356,9.575,0.2813,0.34,0.1014,0.1143,0.0307,0.0738,0.0099,0,20.696,0.201,5.156,0.3293,0.2103,0.2065,2
PRJ3-01181,215,4.878,9.3,0.1831,0.3143,0.1232,0.1329,0.0166,0.1267,0.0202,0.0166,16.022,0.1397,2.574,0.3739,0.1772,0.2401,2
PRJ3-01182,141,5.26,11.237,0.08,0.3648,0.0793,0.1609,0.0667,0.1635,0.0249,0.0133,19.422,0.2881,0,0.3684,0.3217,0.4515,3
PRJ3-01183,22,3.037,9.488,0.31,0.3165,0.0829,0.1226,0.054,0.067,0.0102,0.0074,23.785,0.3001,0,0.1204,0.3036,0.3553,2
PRJ3-01184,65,5.926,12.384,0.08,0.4051,0.1059,0.1644,0.013,0.2304,0.0398,0.0134,32.097,0.3118,4.05,0.1818,0.3623,0.4449,4
PRJ3-01185,49,6.821,9.2,0.3441,0.3836,0.1422,0.2,0.0646,0.2221,0.0842,0.0256,25.274,0.3017,5.64,0.5144,0.2828,0.5061,4
PRJ3-01186,8,2.377,6.215,0.5308,0.2014,0.0588,0,0.0111,0.0361,0,0,9.988,0.2002,3.517,0.2082,0.1122,0.3204,1
PRJ3-01187,49,4.95,10.431,0.1705,0.2358,0.0961,0.1873,0.0663,0.2224,0.0477,0.0132,12.318,0.0826,6.149,0.204,0.2373,0.2377,3
PRJ3-01188,29,4.692,4.742,0.3987,0.1754,0.061,0.1843,0.0445,0.211,0.0423,0.0221,14.896,0.1984,2.976,0.3029,0.2331,0.3599,2
PRJ3-01189,82,5.515,9.282,0.2866,0.3022,0.0624,0.1238,0.0316,0.1804,0.026,0,5,0,6.996,0.3186,0.0987,0.2746,2
PRJ3-01190,55,6.053,7.403,0.4132,0.2437,0.064,0.0892,0.0555,0.1656,0.0582,0.0321,17.618,0.1724,3.435,0.4395,0.2084,0.2923,3
PRJ3-01191,44,5.586,8.104,0.3355,0.3682,0.0828,0.1053,0.0073,0.179,0.0056,0.0183,31.674,0.2583,4.468,0.2811,0.3315,0.2867,4
PRJ3-01193,86,5.424,9.134,0.2388,0.3423,0.0721,0.0528,0.0311,0.1702,0.0179,0.0131,7.367,0.1948,2.867,0.2143,0.1957,0.2676,2
PRJ3-01194,55,4.779,5.389,0.4805,0.1729,0.0544,0,0.0087,0.1401,0.0348,0,14.761,0.0798,2.305,0.342,0.1043,0.3055,1
PRJ3-01195,24,6.325,11.073,0.08,0.331,0.0999,0.0913,0.0141,0.1592,0.0324,0.003,18.72,0.1343,2.866,0.3595,0.1703,0.3243,2
PRJ3-01196,77,4.232,7.247,0.5394,0.2183,0.0355,0.0201,0.0084,0.101,0.0334,0.015,5,0,1.791,0.2912,0.0919,0.2034,1
PRJ3-01197,10,4.444,2.564,0.5897,0.1432,0.0619,0.1957,0.0578,0.1421,0,0,22.345,0.2842,0.558,0.1767,0.2429,0.282,1
PRJ3-01198,124,6.673,9.249,0.0897,0.3129,0.1101,0.1903,0.0607,0.2222,0.0773,0.043,32.292,0.4572,7.557,0.501,0.2877,0.4927,5
PRJ3-01199,20,4.093,11.677,0.1912,0.4253,0.1119,0.1348,0.0207,0.1241,0.0105,0.0214,23.384,0.2629,1.732,0.4243,0.3093,0.1742,4
PRJ3-01200,60,4.714,7.735,0.3973,0.3037,0.0823,0.0563,0.0502,0.1696,0.0238,0.0214,15.289,0.2783,7.166,0.4377,0.1263,0.338,3
PRJ3-01201,120,4.839,5.143,0.4176,0.2856,0.0616,0.1422,0.0406,0.1288,0.0356,0.0336,5,0.1726,6.82,0.1375,0.1387,0.2948,3
PRJ3-01202,97,5.826,9.986,0.2177,0.4396,0.0905,0.2325,0.0561,0.2775,0.0698,0.0578,12.254,0.1073,2.881,0.3464,0.1282,0.421,4
PRJ3-01203,83,6.392,5.693,0.4425,0.2388,0.0957,0.2074,0.0799,0.2062,0.0606,0.0302,6.708,0.1629,1.956,0.3885,0.1699,0.3628,2
PRJ3-01204,82,4.393,5.478,0.2722,0.2953,0.12,0.0982,0.0169,0.1168,0.0209,0.0091,33.947,0.3066,6.194,0.1931,0.2705,0.3194,3
PRJ3-01205,186,4.348,8.839,0.424,0.3926,0.101,0.1879,0.023,0.1451,0.0039,0,7.659,0.1561,2.727,0.335,0.1433,0.2501,2
PRJ3-01206,240,3.934,7.874,0.3468,0.2965,0.1034,0.2574,0.0529,0.2514,0.0538,0.0073,22.359,0.2506,6.791,0.303,0.2949,0.2535,3
PRJ3-01207,30,5.629,6.777,0.3525,0.2089,0.0553,0.05,0.0201,0.1489,0.0225,0.0163,15.277,0.2257,3.146,0.339,0.212,0.2242,2
PRJ3-01208,70,4.871,5.024,0.4458,0.2147,0.0729,0.0609,0.0428,0.1255,0.0099,0.0185,15.685,0.1426,2.884,0.3244,0.2005,0.2437,2
PRJ3-01209,240,4.828,9.611,0.2375,0.3176,0.0909,0.0865,0.0468,0.2299,0.0489,0.0096,17.278,0.2307,0.108,0.38,0.1912,0.3388,2
PRJ3-01210,135,5.851,7.24,0.2594,0.1454,0.0753,0.1574,0.0413,0.2222,0.0789,0.0228,19.402,0.2176,4.845,0.2866,0.1557,0.4648,2
PRJ3-01211,9,2.993,5.624,0.4262,0.2497,0.0872,0.1068,0.053,0.2664,0.0675,0.0295,21.797,0.2521,5.011,0.4313,0.0784,0.4448,3
PRJ3-01212,79,6.182,9.863,0.2459,0.1627,0.0756,0.1429,0.0201,0.271,0.0622,0.0396,26.758,0.259,3.122,0.3499,0.1906,0.2636,4
PRJ3-01213,50,4.025,3.505,0.5583,0.1496,0.0237,0,0.0067,0.02,0,0.0155,25.52,0.3089,1.477,0.2251,0.109,0.1884,2
PRJ3-01214,19,5.831,11.401,0.1299,0.3269,0.0854,0.2,0.0629,0.193,0.0599,0.0361,27.93,0.3329,0.148,0.3635,0.2427,0.3094,4
PRJ3-01215,147,6.152,9.053,0.2683,0.3582,0.09,0.1601,0.0522,0.1539,0.0517,0.0325,30.217,0.2593,0.565,0.3187,0.2676,0.3455,4
PRJ3-01216,19,4.249,13.254,0.0844,0.4423,0.1161,0.0766,0.069,0.062,0.0255,0,10.108,0.1646,0,0.237,0.1209,0.2003,2
PRJ3-01217,98,5.042,9.511,0.1816,0.2978,0.086,0.0849,0.0316,0.195,0.0492,0.0142,12.481,0.2319,1.537,0.0901,0.139,0.265,2
PRJ3-01218,139,4.413,10.224,0.2048,0.4343,0.0826,0.1003,0.0418,0.1792,0.0714,0.0001,31.697,0.3505,7.319,0.2743,0.2814,0.3444,4
PRJ3-01219,96,6.077,9.487,0.238,0.3786,0.0986,0.1454,0.0301,0.2411,0.0309,0.0375,35.733,0.4607,2.005,0.3533,0.2816,0.3744,5
PRJ3-01220,26,3.499,9.454,0.2641,0.423,0.1008,0.2067,0.0463,0.2465,0.0388,0.0402,26.105,0.4066,2.53,0.3333,0.2731,0.3888,4
PRJ3-01221,42,5.533,13.157,0.0973,0.4275,0.1188,0.143,0.0392,0.1902,0.0657,0.0484,21.435,0.2833,0,0.457,0.2314,0.3705,5
PRJ3-01222,82,4.694,4.695,0.4584,0.1916,0.0283,0.0643,0,0.0706,0.0488,0.0123,12.658,0.1671,3.411,0.3364,0.1309,0.3564,2
PRJ3-01223,53,3.523,5.588,0.5062,0.25,0.0614,0.1199,0.0393,0.1025,0.0253,0.0134,23.194,0.2121,0,0.2343,0.1976,0.4465,2
PRJ3-01224,28,6.016,6.788,0.2988,0.2339,0.0724,0.1233,0.0298,0.1381,0.0054,0.0029,25.752,0.3496,0,0.4067,0.2122,0.3561,2
PRJ3-01225,30,3.553,8.454,0.2981,0.3362,0.1346,0.1798,0.0747,0.2824,0.0013,0.0281,27.083,0.3308,6.082,0.3621,0.223,0.33,4
PRJ3-01226,54,5.99,5.833,0.3461,0.1231,0.0366,0.1475,0.0547,0.203,0.06,0.0169,26.276,0.3713,8.911,0.3541,0.2876,0.3656,3
PRJ3-01227,25,6.068,9.465,0.3248,0.3498,0.0883,0.0698,0.0645,0.0431,0.029,0.018,23.698,0.2811,0,0.1953,0.1372,0.3368,3
PRJ3-01228,33,3.332,4.695,0.3998,0.182,0.0456,0.1039,0.0569,0.1445,0.0167,0,12.247,0.2433,3.722,0.1404,0.1643,0.3586,1
PRJ3-01229,62,5.193,8.348,0.3531,0.3401,0.1164,0.1507,0.0304,0.1633,0.0465,0.0396,21.405,0.1766,1.492,0.6042,0.2719,0.3087,3
PRJ3-01230,41,5.116,3.812,0.4431,0.1213,0.0379,0.2235,0.0787,0.2116,0.0475,0.0017,17.18,0.353,5.054,0.2662,0.242,0.2722,1
PRJ3-01231,17,4.658,4.391,0.5181,0.2028,0.0781,0.1162,0.0567,0.1878,0.0355,0.0135,18.892,0.3677,6.67,0.1311,0.145,0.3837,2
PRJ3-01232,51,5.539,3.32,0.549,0.1939,0.0529,0.2496,0.0828,0.2081,0.0374,0.0175,19.525,0.2341,0,0.2333,0.2622,0.4423,2
PRJ3-01233,16,3.135,10.912,0.199,0.3257,0.0708,0.075,0.0385,0.0844,0.0292,0.0381,10.208,0.1664,6.46,0.3069,0.1369,0.4853,4
PRJ3-01234,38,6.192,5.623,0.3985,0.2571,0.0713,0.1842,0.0554,0.1734,0.0008,0.0147,17.409,0.2781,1.98,0.247,0.3092,0.4136,2
PRJ3-01235,26,5.23,12.104,0.2066,0.3714,0.1246,0.2281,0.0625,0.2584,0.0561,0.0122,22.953,0.3962,0,0.2799,0.3189,0.4097,3
PRJ3-01236,120,6.672,13.144,0.08,0.4866,0.1476,0.1216,0.0446,0.2278,0.0498,0.0292,42.13,0.5139,4.694,0.5307,0.31,0.4652,6
PRJ3-01237,50,5.35,9.401,0.275,0.3848,0.0865,0.1745,0.0529,0.1647,0.0596,0.0389,24.064,0.3235,4.612,0.1947,0.1594,0.3382,4
PRJ3-01238,16,2.406,8.426,0.3439,0.2539,0.0442,0.0974,0.0348,0.0639,0.022,0.0088,8.241,0.1159,2.823,0.1063,0.1494,0.3227,2
PRJ3-01239,106,5.427,4.22,0.4915,0.2611,0.1052,0.0438,0.0095,0.2464,0.0335,0.0424,16.61,0.2866,3.736,0.2482,0.1403,0.3382,3
PRJ3-01240,80,5.082,7.259,0.1977,0.2525,0.0949,0.1817,0.0351,0.2257,0.0413,0.0394,16.192,0.3065,3.595,0.2998,0.2914,0.3362,3
PRJ3-01241,133,6.388,13.868,0.08,0.5259,0.0947,0.1737,0.0275,0.0473,0.0494,0.0095,26.673,0.3263,5.547,0.2152,0.2551,0.3785,4
PRJ3-01242,34,3.775,7.434,0.3675,0.2682,0.0616,0.0524,0.0291,0.105,0.001,0.0101,28.934,0.24,0.42,0.1541,0.226,0.3972,2
PRJ3-01243,13,2.722,10.622,0.1954,0.4464,0.1201,0.0668,0.0378,0.1573,0,0.0059,10.533,0.1982,2.712,0.3629,0.0836,0.305,2
PRJ3-01244,42,8.373,7.284,0.2643,0.2358,0.0963,0.2217,0.0576,0.2605,0.0242,0.051,20.833,0.2194,4.25,0.2582,0.2651,0.2547,4
PRJ3-01245,105,6.501,5.882,0.3151,0.1726,0.0415,0.1696,0.0625,0.1845,0.0215,0.0418,17.47,0.2037,6.932,0.2468,0.2418,0.5007,3
PRJ3-01246,55,3.857,11.256,0.1789,0.4605,0.1263,0.1235,0.0506,0.09,0.0177,0.0076,12.375,0.162,10.925,0.2656,0.2232,0.2207,4
PRJ3-01247,103,6.062,9.276,0.278,0.4381,0.1006,0.0925,0.0036,0.1672,0.0368,0.0117,19.138,0.3803,1.573,0.4425,0.2361,0.381,2
PRJ3-01248,15,5.014,7.49,0.3631,0.3548,0.102,0.1295,0.0222,0.2455,0.0799,0.039,26.213,0.3559,5.086,0.3894,0.3537,0.4306,4
PRJ3-01249,23,2.782,6.052,0.3177,0.152,0.0524,0.1046,0.0492,0.02,0.032,0.0179,20.107,0.2551,5.224,0.3198,0.2469,0.1134,2
PRJ3-01250,39,5.838,11.605,0.1243,0.364,0.1213,0.2258,0.0353,0.3394,0.0912,0.0265,10.789,0.1227,2.733,0.4843,0.2711,0.4425,3
PRJ3-01251,40,4.002,8.357,0.4397,0.2839,0.066,0.1074,0.0504,0.1202,0.0557,0.0211,28.368,0.362,6.157,0.4412,0.362,0.5166,4
PRJ3-01252,97,6.782,11.965,0.08,0.3784,0.1129,0.1413,0.0765,0.1566,0.0305,0.0507,26.911,0.389,6.31,0.4495,0.2352,0.482,6
PRJ3-01253,19,2.888,8.038,0.1617,0.2357,0.0555,0.0817,0.034,0.0878,0.0482,0.0293,22.092,0.282,9.209,0.3171,0.1364,0.3365,3
PRJ3-01254,18,3.583,8.08,0.456,0.3719,0.0795,0.0732,0.0382,0.099,0.0286,0.0245,13.962,0.2423,5.519,0.3101,0.1248,0.3613,3
PRJ3-01255,39,11.765,7.73,0.3251,0.3027,0.0988,0.1469,0.0537,0.3552,0.0443,0.0335,19.673,0.1972,4.825,0.4434,0.2272,0.2748,3
PRJ3-01256,60,5.436,6.735,0.3105,0.1913,0.0674,0.059,0.0315,0.076,0.0098,0.0199,24.381,0.2067,0,0.1186,0.1936,0.3389,2
PRJ3-01257,81,5.333,12.144,0.1347,0.4242,0.0949,0.0974,0.0547,0.1201,0.021,0,30.07,0.391,2.046,0.236,0.1978,0.3292,3
PRJ3-01258,13,1.654,9.496,0.3,0.2669,0.0296,0.1401,0.0228,0.0935,0.003,0.0342,18.065,0.2456,4.488,0.03,0.225,0.3569,3
PRJ3-01259,7,3.93,11.598,0.1337,0.4103,0.1026,0.0473,0.0174,0.0662,0,0.0183,22.01,0.3468,8.109,0.3171,0.1978,0.2958,4
PRJ3-01260,4,1.066,3.757,0.5204,0.13,0.0473,0.0444,0.0668,0.0757,0.0185,0.0113,8.312,0.104,1.226,0.1921,0.0693,0.3224,1
PRJ3-01261,59,4.77,10.009,0.3253,0.4145,0.1313,0.1581,0.0931,0.1116,0.0695,0.0205,28.692,0.3103,0,0.383,0.224,0.3607,3
PRJ3-01262,68,6.181,7.461,0.3639,0.3263,0.1147,0.1212,0.0519,0.2936,0.0518,0.0305,20.613,0.366,1.612,0.5553,0.0813,0.4756,3
PRJ3-01263,55,4.555,10.45,0.1671,0.3466,0.0566,0.2062,0.0659,0.3541,0.0435,0,12.554,0.1618,3.33,0.2828,0.1036,0.3983,2
PRJ3-01264,137,5.275,7.697,0.3763,0.3025,0.0935,0.1039,0.0158,0.1484,0.0183,0.0143,8.171,0.1891,0.175,0.3043,0.1346,0.2618,2
PRJ3-01265,72,4.695,3.414,0.5891,0.1153,0.0586,0.0469,0,0.068,0.0472,0.0007,23.07,0.2052,2.11,0.0796,0.1907,0.3284,1
PRJ3-01266,130,4.436,11.73,0.1172,0.393,0.0852,0.0681,0.0382,0.02,0.0136,0.0204,34.405,0.5092,4.538,0.238,0.2386,0.2011,5
PRJ3-01267,55,4.946,11.847,0.08,0.5117,0.1146,0.2635,0.0831,0.1226,0.0422,0.0356,27.089,0.3552,0.854,0.1966,0.3342,0.4685,5
PRJ3-01268,47,5.587,5.738,0.4047,0.2814,0.0741,0.1105,0.0384,0.1877,0.07,0.0281,18.203,0.2556,6.365,0.2848,0.2186,0.3704,3
PRJ3-01269,152,5.381,11.863,0.08,0.4226,0.1443,0.0963,0.0307,0.1479,0.0284,0.0316,28.159,0.2895,9.865,0.2314,0.1492,0.3664,5
PRJ3-01270,34,6.24,8.914,0.2112,0.3682,0.0859,0.1221,0.0334,0.2093,0.072,0.0238,21.278,0.2891,8.99,0.4146,0.2004,0.3592,4
PRJ3-01271,8,2.035,7.387,0.1811,0.2051,0.0655,0.04,0.0008,0.1586,0.0326,0,9.272,0.1832,1.505,0.1504,0.0806,0.2662,1
PRJ3-01272,74,5.427,5.794,0.5231,0.3125,0.0632,0.1123,0.0273,0.2278,0.0559,0.0221,23.06,0.2319,2.66,0.3303,0.2134,0.1782,3
PRJ3-01273,240,4.015,6.403,0.3572,0.253,0.0703,0.1222,0.052,0.1721,0.0239,0.0186,20.196,0.2916,7.123,0.2985,0.2354,0.3024,3
PRJ3-01274,5,3.036,7.49,0.5264,0.271,0.0734,0.1516,0.0468,0.1259,0.0249,0.0246,14.564,0.2767,1.325,0.1768,0.2087,0.4026,2
PRJ3-01275,240,4.433,6.246,0.4639,0.2669,0.0747,0.2445,0.0754,0.1889,0.0411,0.0209,19.693,0.1917,0.262,0.4328,0.2795,0.3104,2
PRJ3-01276,122,3.949,2.615,0.7866,0.1025,0.047,0.1207,0.0546,0.02,0.0403,0,6.745,0.1224,3.011,0.1938,0.214,0.3731,1
PRJ3-01277,43,6.785,10.646,0.2201,0.4134,0.1437,0.2026,0.045,0.3654,0.0222,0.0325,15.391,0.1912,3.86,0.4288,0.3181,0.4574,4
PRJ3-01278,47,5.299,5.97,0.3369,0.3142,0.0999,0.1577,0.0609,0.1311,0.052,0.004,13.893,0.1808,4.718,0.2622,0.214,0.3946,2
PRJ3-01279,50,4.883,8.886,0.1613,0.3084,0.0795,0.1874,0.0923,0.1118,0.025,0.0293,24.374,0.2126,5.137,0.2199,0.2678,0.2962,4
PRJ3-01280,4,0.907,8.357,0.308,0.2532,0.033,0.0471,0.0442,0.0239,0.0352,0.0118,20.117,0.2167,9.018,0.228,0.1265,0.3034,3
PRJ3-01281,129,5.58,11.518,0.3854,0.4505,0.1289,0.1276,0.0526,0.1371,0.0605,0.0572,21.659,0.3678,6.516,0.505,0.2289,0.3677,6
PRJ3-01282,33,7.238,9.053,0.2127,0.3339,0.0757,0.0953,0.0425,0.1702,0,0.0191,28.234,0.3917,3.94,0.3069,0.2416,0.2586,3
PRJ3-01283,92,5.492,4.683,0.3622,0.1927,0.0623,0.1662,0.0336,0.2387,0.0202,0.032,24.227,0.3851,4.117,0.2223,0.2095,0.2851,3
PRJ3-01284,79,5.357,3.739,0.6907,0.1123,0.0363,0.1043,0.0118,0.2458,0.028,0.0094,27.618,0.2799,1.825,0.3425,0.2984,0.3495,2
PRJ3-01285,44,6.415,8.095,0.333,0.291,0.0669,0.0434,0.053,0.2253,0.0391,0.0322,28.287,0.3707,4.028,0.3483,0.2311,0.5177,4
PRJ3-01286,58,5.378,9.154,0.2582,0.3734,0.1115,0.0537,0.0183,0.0506,0.0163,0.0008,31.097,0.295,4.02,0.2896,0.2409,0.2478,3
PRJ3-01287,31,6.963,8.201,0.3102,0.2982,0.0519,0.1081,0.0018,0.1268,0,0.029,32.471,0.3451,1.947,0.1021,0.2361,0.3623,3
PRJ3-01288,55,5.187,9.816,0.2499,0.3783,0.0653,0.0978,0.0273,0.0365,0.0255,0.0009,5,0.1121,5.772,0.3712,0.0723,0.3463,2
PRJ3-01289,4,0.98,8.986,0.2822,0.3992,0.0618,0.0234,0.0336,0.0989,0.0287,0,15.483,0.1421,2.725,0.236,0.1932,0.3102,2
PRJ3-01290,240,2.913,12.271,0.1612,0.411,0.1064,0.0977,0.0627,0.0551,0.0456,0.0092,37.906,0.439,6.671,0.2559,0.2513,0.3649,5
PRJ3-01291,237,6.206,12.995,0.08,0.4764,0.1514,0.2314,0.0511,0.2236,0.0571,0.0357,22.426,0.3313,4.553,0.4389,0.2596,0.5442,5
PRJ3-01292,100,5.339,6.504,0.4152,0.324,0.1459,0.1762,0.0535,0.2926,0.0622,0.0277,26.423,0.2386,1.476,0.2902,0.306,0.2055,3
PRJ3-01293,150,4.975,10.465,0.3182,0.4092,0.107,0.1606,0,0.1472,0.0428,0.0228,14.099,0.2811,8.196,0.2906,0.1787,0.5118,4
PRJ3-01295,17,2.635,4.642,0.4487,0.2042,0.0371,0.0873,0.0099,0.1385,0.0327,0,14.781,0.1736,0.383,0.2167,0.176,0.3019,1
PRJ3-01296,101,5.506,12.253,0.08,0.3486,0.092,0.1383,0.0511,0.2225,0.0336,0.0258,25.29,0.3685,7.337,0.4858,0.2551,0.3971,5
PRJ3-01297,170,4.968,5.626,0.3638,0.1785,0.0458,0.0871,0.0649,0.1509,0.0336,0.0173,17.419,0.1827,3.188,0.1753,0.1195,0.2768,2
PRJ3-01298,54,4.073,13.334,0.1046,0.3965,0.0901,0.0353,0.0454,0.1588,0.0266,0.0228,5,0.1055,4.452,0.474,0.153,0.2809,4
PRJ3-01299,48,4.655,10.608,0.1884,0.4158,0.0995,0.1209,0.0396,0.1565,0.0232,0.029,8.383,0.1896,5.355,0.2974,0.1004,0.4779,4
PRJ3-01300,13,8.638,11.603,0.08,0.3666,0.091,0.2394,0.0554,0.2688,0.0788,0.0251,13.68,0.1882,0.428,0.504,0.2334,0.3854,3
PRJ3-01301,131,5.838,10.019,0.2622,0.4107,0.0877,0.1313,0.0295,0.2726,0.054,0.0316,11.336,0.2856,3.525,0.3499,0.1503,0.4536,3
PRJ3-01302,134,5.984,4.009,0.425,0.2598,0.1171,0.1837,0.0727,0.2102,0.0476,0.0334,13.489,0.1519,9.488,0.3138,0.2068,0.3454,4
PRJ3-01303,33,3.486,10.136,0.2314,0.3249,0.0839,0,0.0279,0.0712,0.0438,0.0076,9.974,0.2063,1.58,0.2976,0.1579,0.159,2
PRJ3-01304,162,6.117,5.969,0.5653,0.3623,0.1131,0.198,0.0566,0.2708,0.058,0.038,28.906,0.303,5.899,0.3997,0.3096,0.3364,4
PRJ3-01305,15,3.97,12.007,0.1155,0.3308,0.0703,0.0511,0.0281,0.0695,0.0507,0.0293,24.819,0.3974,3.859,0.277,0.2203,0.4922,4
PRJ3-01306,88,3.649,7.734,0.2435,0.2506,0.0492,0.1314,0.0366,0.0735,0.0194,0.013,31.356,0.3099,4.743,0.3982,0.2461,0.3183,3
PRJ3-01307,79,6.929,7.562,0.239,0.2223,0.0871,0.1139,0.0559,0.2072,0.019,0,21.054,0.2524,7.064,0.378,0.2067,0.4427,2
PRJ3-01308,27,5.499,7.751,0.3783,0.1959,0.0517,0.1236,0.0668,0.0978,0.0643,0.0285,18.793,0.2093,1.027,0.2716,0.2127,0.3324,2
PRJ3-01309,60,4.904,8.528,0.2014,0.3499,0.1151,0.1153,0.0672,0.1437,0.0718,0.0007,29.076,0.2987,5.286,0.4062,0.2255,0.3708,3
PRJ3-01310,47,4.552,12.629,0.08,0.4859,0.0954,0.1357,0.0514,0.1442,0.0199,0.0514,36.89,0.4476,4.154,0.206,0.3198,0.5466,6
PRJ3-01311,79,5.231,10.219,0.3008,0.3506,0.0754,0.101,0.0402,0.2265,0.0618,0.0252,5.822,0.2257,3.117,0.361,0.1432,0.3371,3
PRJ3-01312,71,4.907,13.14,0.08,0.4389,0.0592,0.0741,0.0633,0.0797,0.0368,0.0074,29.88,0.2773,4.307,0.0559,0.2777,0.3837,4
PRJ3-01313,108,6.08,8.194,0.327,0.2619,0.0734,0.1428,0.0778,0.206,0.0386,0.0174,28.407,0.539,5.833,0.4663,0.2722,0.4113,3
PRJ3-01314,18,4.486,10.748,0.2036,0.3997,0.0701,0.0966,0.0341,0.1254,0.0044,0.009,38.11,0.3356,4.762,0.1063,0.2307,0.3973,4
PRJ3-01315,13,3.985,9.103,0.1075,0.3221,0.0495,0.0287,0,0.1204,0.0058,0.0018,21.661,0.363,1.221,0.2398,0.2442,0.2738,2
PRJ3-01316,96,4.368,7.586,0.3281,0.1955,0.0622,0.1656,0.0498,0.0885,0.0272,0.0258,21.602,0.1817,0,0.337,0.2552,0.3514,2
PRJ3-01317,21,5.483,8.403,0.3066,0.2527,0.0631,0.1301,0.0146,0.213,0.0313,0.0209,30.879,0.4215,2.424,0.1796,0.177,0.2412,3
PRJ3-01318,27,3.449,16.5,0.08,0.6194,0.1322,0.1498,0.0311,0.0343,0.039,0.0265,18.567,0.2116,7.096,0.1403,0.2052,0.3468,5
PRJ3-01319,10,3.224,7.37,0.3905,0.3557,0.1141,0.0253,0.041,0.0985,0.0056,0.0184,14.89,0.2064,6.384,0.2937,0.0968,0.3627,3
PRJ3-01320,9,2.196,13.949,0.08,0.439,0.1217,0.0793,0.0296,0.1182,0.0112,0.004,23.309,0.2071,5.643,0.3234,0.1997,0.3283,4
PRJ3-01321,107,5.276,11.045,0.1307,0.3504,0.0816,0.1218,0.0499,0.0899,0.0598,0,15.068,0.1206,2.045,0.0853,0.2151,0.296,2
PRJ3-01322,18,3.972,15.736,0.08,0.509,0.0908,0.1201,0.0436,0.2105,0.0274,0.0401,29.671,0.348,12.573,0.2593,0.2388,0.4689,7
PRJ3-01323,54,5.485,8.547,0.3694,0.2461,0.0491,0.1922,0.0569,0.2327,0.0126,0.0235,5,0.1021,3.545,0.3663,0.1922,0.3834,2
PRJ3-01324,48,5.883,6.378,0.1582,0.2511,0.0842,0.2791,0.066,0.2349,0.0504,0.0325,14.922,0.2481,4.76,0.3387,0.3425,0.4257,3
PRJ3-01325,20,4.331,2.417,0.6197,0.1462,0.0591,0.1665,0.0387,0.1937,0.0213,0.0196,11.543,0.1637,4.167,0.2531,0.1817,0.2044,2
PRJ3-01326,37,5.234,9.64,0.1767,0.3323,0.1052,0.0483,0.0293,0.2141,0.0235,0.0056,20.248,0.2138,0,0.2986,0.23,0.3197,2
PRJ3-01327,167,5.625,9.927,0.1832,0.2864,0.1016,0.0436,0.0237,0.1963,0.0476,0.0348,7.866,0.1255,7.152,0.3277,0.1497,0.2995,4
PRJ3-01328,71,7.302,9.172,0.1967,0.3159,0.0797,0.1506,0.0439,0.2085,0.0772,0.0231,22.15,0.3016,8.608,0.3693,0.3217,0.3738,4
PRJ3-01329,100,4.713,6.816,0.2404,0.1657,0.0602,0.0751,0.0095,0.2277,0,0.0163,11.951,0.1654,0.977,0.1793,0.1453,0.4455,1
PRJ3-01330,117,4.69,8.922,0.3147,0.3474,0.0883,0.0918,0.0539,0.1473,0.0557,0.0264,22.212,0.2312,6.958,0.3259,0.2623,0.4607,4
PRJ3-01331,92,6.0,9.466,0.2194,0.3569,0.1202,0.0093,0.0069,0.2178,0.0693,0.0286,25.95,0.3934,4.563,0.3924,0.1438,0.2455,4
PRJ3-01332,39,4.425,8.862,0.3226,0.1824,0.0823,0.1402,0.0566,0.1756,0.0506,0.0094,26.462,0.2852,6.898,0.3332,0.214,0.2359,3
PRJ3-01333,147,6.071,10.454,0.1739,0.2592,0.0823,0.0367,0.0451,0.1848,0.0268,0.0256,28.383,0.3476,11.763,0.2016,0.2648,0.3141,5
PRJ3-01335,36,4.271,13.141,0.1096,0.4979,0.0983,0.1044,0.0593,0.1059,0.0131,0.0068,17.358,0.171,1.07,0.3097,0.1856,0.2052,3
PRJ3-01336,6,1.799,16.356,0.08,0.5014,0.1349,0.1341,0.0501,0.2355,0.0278,0.047,33.71,0.3819,6.582,0.4233,0.3591,0.4281,7
PRJ3-01337,50,5.894,13.464,0.0985,0.4849,0.1132,0.2865,0.0973,0.2705,0.0711,0.0277,35.884,0.4205,1.686,0.2765,0.3689,0.3697,5
PRJ3-01338,23,4.677,9.745,0.1305,0.4915,0.1034,0.1136,0.0361,0.0521,0.0259,0.0177,30.957,0.3837,3.436,0.3842,0.2663,0.3454,4
PRJ3-01339,67,4.838,6.305,0.3294,0.2539,0.0532,0.1223,0.0391,0.1538,0.0108,0.0061,6.122,0.1424,2.906,0.03,0.1797,0.3112,1
PRJ3-01340,33,4.052,9.876,0.2446,0.4556,0.1398,0.0951,0.06,0.1395,0.0491,0.0476,34.315,0.4988,6.198,0.3461,0.3289,0.3874,6
PRJ3-01341,82,4.564,6.571,0.3927,0.2674,0.054,0.0079,0.0011,0.0676,0.0367,0.0241,13.774,0.257,2.298,0.3494,0.1325,0.2242,2
PRJ3-01342,240,4.379,8.336,0.3028,0.3707,0.0697,0.0836,0.0265,0.2081,0.015,0,13.999,0.1469,2.65,0.2491,0.1617,0.144,2
PRJ3-01343,192,6.644,9.083,0.3309,0.3214,0.0636,0.188,0.0986,0.3374,0.0643,0.0306,25.199,0.2976,2.779,0.3477,0.2672,0.3753,3
PRJ3-01344,60,6.056,13.448,0.08,0.4679,0.1142,0.2029,0.0392,0.2393,0.0779,0.0572,22.39,0.3251,5.868,0.5905,0.2233,0.3555,6
PRJ3-01345,29,4.645,13.519,0.08,0.4738,0.1083,0,0.0251,0.02,0.0606,0.0109,34.116,0.483,2.484,0.3032,0.2185,0.3644,4
PRJ3-01346,176,5.194,13.17,0.1083,0.5364,0.1234,0.1541,0.0291,0.1441,0.0253,0.0326,31.601,0.4144,4.536,0.4187,0.2924,0.3109,6
PRJ3-01347,208,5.474,6.59,0.2997,0.3044,0.0805,0.0969,0.0647,0.1541,0.0168,0.0251,35.695,0.3351,6.311,0.2675,0.325,0.3009,4
PRJ3-01348,65,4.619,8.031,0.362,0.31,0.0779,0.0731,0.0527,0.1332,0.0538,0.027,25.88,0.2808,3.657,0.3168,0.2239,0.3495,3
PRJ3-01349,146,6.045,9.832,0.2143,0.3525,0.1029,0.1871,0.1005,0.2688,0.0494,0.0403,20.134,0.1705,3.942,0.3209,0.3017,0.3363,4
PRJ3-01350,10,4.385,7.723,0.3467,0.2729,0.0596,0.1986,0.0423,0.0289,0.0174,0,39.874,0.5871,5.179,0.1235,0.312,0.3502,3
PRJ3-01351,174,5.954,11.421,0.1872,0.3469,0.0802,0.1406,0.0449,0.1566,0.046,0.0344,26.405,0.2861,9.91,0.3721,0.223,0.3686,5
PRJ3-01352,68,5.586,10.829,0.1892,0.3264,0.078,0.1973,0.0551,0.2249,0.0166,0.0009,14.212,0.2074,1.732,0.1613,0.2569,0.4241,2
PRJ3-01353,36,4.859,7.699,0.3091,0.3448,0.0715,0.0921,0.046,0.0933,0.0176,0.0151,18.937,0.2879,0.869,0.1914,0.1884,0.3318,2
PRJ3-01354,16,6.237,10.094,0.2344,0.3841,0.097,0.1858,0.0569,0.3436,0.0427,0.0247,26.498,0.3095,7.054,0.2724,0.2064,0.4301,4
PRJ3-01355,57,3.885,3.426,0.629,0.1458,0.0664,0.0626,0.0715,0.2157,0.019,0.0255,32.628,0.3372,1.794,0.509,0.3325,0.4809,3
PRJ3-01357,27,6.968,14.273,0.08,0.4722,0.1242,0.1549,0.028,0.1759,0.0481,0.0609,30.943,0.3231,0.882,0.3754,0.3839,0.3656,6
PRJ3-01358,54,5.056,11.553,0.131,0.4207,0.1101,0.0334,0.026,0.1707,0.0062,0.0185,14.105,0.2309,0,0.3443,0.0741,0.1303,3
PRJ3-01359,29,4.838,4.059,0.5311,0.2194,0.0599,0.1966,0.0528,0.172,0.0343,0.0132,5,0.0793,1.02,0.2699,0.2563,0.3697,2
PRJ3-01360,49,4.094,4.235,0.5872,0.2187,0.0389,0,0.0201,0.0682,0,0,16.597,0.1458,4.555,0.2396,0.1493,0.3395,1
PRJ3-01361,32,5.523,8.248,0.2962,0.2216,0.0642,0.0607,0.028,0.02,0.0216,0.0273,10.181,0.1686,0.408,0.1599,0.1031,0.2861,2
PRJ3-01362,103,5.229,7.594,0.3264,0.3911,0.0804,0.2063,0.0981,0.2455,0.0281,0.0184,19.695,0.199,3.176,0.2466,0.2633,0.3619,3
PRJ3-01363,98,5.051,15.747,0.08,0.4956,0.1055,0.087,0.0138,0.1769,0.0689,0.0469,41.449,0.4923,0,0.4246,0.3144,0.4871,7
PRJ3-01364,155,4.673,10.908,0.192,0.4031,0.0867,0.1158,0.0193,0.2064,0.0777,0.0123,21.876,0.2597,7.214,0.458,0.2189,0.4639,4
PRJ3-01365,41,8.5,7.688,0.3022,0.3174,0.1076,0.0993,0.0432,0.2003,0.0562,0.0258,41.274,0.4882,5.961,0.3416,0.4273,0.3055,5
PRJ3-01366,15,4.29,4.958,0.5045,0.1186,0.0263,0.0641,0.0057,0.02,0.0059,0.0122,14.753,0.1838,0,0.1938,0.1207,0.3213,1
PRJ3-01367,46,5.079,5.572,0.4831,0.2777,0.0886,0.0738,0.0304,0.0857,0.0301,0.0132,15.568,0.1878,7.26,0.328,0.1675,0.2173,2
PRJ3-01368,102,5.029,6.76,0.2959,0.2537,0.0676,0.0718,0.0137,0.2328,0.0128,0.0229,25.573,0.3832,3.104,0.3814,0.2502,0.4159,3
PRJ3-01369,4,1.369,6.896,0.3264,0.2635,0.0739,0.034,0.0127,0.153,0.0271,0.0091,19.912,0.288,5.477,0.1756,0.1754,0.3558,2
PRJ3-01370,10,2.974,11.105,0.1112,0.4806,0.1042,0.16,0.0478,0.2214,0,0,19.784,0.3507,4.229,0.2423,0.2572,0.1515,3
PRJ3-01371,81,4.673,11.254,0.1018,0.3987,0.1499,0.1926,0.0712,0.1608,0.0322,0.0187,18.863,0.2935,2.701,0.3943,0.1585,0.3776,3
PRJ3-01372,4,1.976,5.048,0.4103,0.17,0.0507,0.0542,0.0603,0.2193,0.0369,0.0003,30.442,0.2653,5.363,0.345,0.2695,0.3253,2
PRJ3-01373,66,5.197,11.229,0.1435,0.4127,0.0953,0.0857,0.028,0.1371,0.0602,0.0298,13.144,0.3154,4.116,0.2499,0.1013,0.4172,4
PRJ3-01374,71,5.439,11.159,0.08,0.3072,0.0612,0.2023,0.0299,0.2515,0.0268,0.0152,28.526,0.4151,2.953,0.3372,0.3146,0.4902,4
PRJ3-01375,175,4.763,12.322,0.0849,0.3929,0.1181,0,0,0.1954,0.0346,0.0185,18.544,0.3389,3.288,0.3155,0.1218,0.2962,3
PRJ3-01376,67,4.78,8.277,0.3186,0.2638,0.0794,0.0391,0,0.1976,0.0373,0.0274,30.533,0.3742,3.668,0.1669,0.2494,0.3296,4
PRJ3-01377,76,5.899,8.995,0.1347,0.2968,0.1008,0.2048,0.0652,0.2961,0.0609,0.0586,19.665,0.1452,10.398,0.3389,0.2518,0.3252,5
PRJ3-01378,149,4.815,9.083,0.3733,0.378,0.0546,0.0949,0.0119,0.1365,0.0172,0.0264,6.461,0.2583,3.057,0.1752,0.0592,0.3128,3
PRJ3-01379,40,6.204,9.519,0.1843,0.3784,0.0843,0.1614,0.0599,0.1595,0.082,0.0293,19.78,0.2341,1.713,0.1912,0.2175,0.5278,3
PRJ3-01380,60,4.871,9.563,0.3365,0.2102,0.0609,0.1219,0.0406,0.2612,0.038,0.0019,16.547,0.2493,0,0.1121,0.2244,0.4401,1
PRJ3-01381,26,4.113,7.559,0.2664,0.3043,0.0646,0.1685,0.0533,0.2224,0.0547,0.0044,32.148,0.3269,1.689,0.476,0.2894,0.3045,3
PRJ3-01382,67,4.893,7.921,0.404,0.3063,0.0935,0.1382,0.0684,0.2665,0.0328,0.0503,5,0.0541,4.131,0.2957,0.1321,0.3817,4
PRJ3-01383,204,6.496,9.774,0.2555,0.3373,0.0855,0.1871,0.0374,0.2682,0.054,0.0502,25.169,0.2519,7.637,0.3456,0.3023,0.4056,5
PRJ3-01384,127,4.334,7.619,0.3653,0.2166,0.0871,0.0864,0.0067,0.1313,0.0231,0.0013,18.808,0.2007,0,0.1221,0.1931,0.4798,1
PRJ3-01385,112,5.776,12.448,0.08,0.4631,0.1002,0.1722,0.0652,0.1269,0.0545,0.0071,36.605,0.3541,6.636,0.3943,0.3921,0.3162,5
PRJ3-01386,13,2.896,9.796,0.2824,0.3198,0.0651,0,0.0432,0.1211,0.0345,0.0098,30.875,0.3989,2.704,0.0482,0.3087,0.3637,3
PRJ3-01387,80,4.545,5.956,0.4156,0.2466,0.091,0.1516,0.0616,0.0339,0.0164,0.0266,17.308,0.2387,4.397,0.3028,0.2659,0.1973,3
PRJ3-01388,115,6.558,10.714,0.1936,0.2745,0.0977,0.1213,0.034,0.2489,0.0764,0.0329,20.792,0.3214,7.52,0.6274,0.1923,0.4175,4
PRJ3-01389,78,4.005,8.859,0.2341,0.4255,0.0851,0.0841,0.0421,0.0885,0.0079,0.0184,7.566,0.1867,3.617,0.1442,0.1276,0.2446,3
PRJ3-01390,34,5.589,8.65,0.3667,0.2156,0.0845,0.0004,0.0233,0.02,0.0142,0.002,5,0.0056,2.609,0.324,0.0424,0.2402,1
PRJ3-01391,15,6.272,11.102,0.1643,0.3823,0.0958,0.1789,0.063,0.0584,0.0032,0.0181,30.107,0.3464,5.551,0.03,0.2591,0.2868,4
PRJ3-01392,12,3.529,13.2,0.08,0.4184,0.1057,0,0.0363,0.0828,0.0129,0,22.745,0.2924,6.126,0.2298,0.1846,0.2218,3
PRJ3-01393,12,2.314,10.729,0.1192,0.4095,0.0949,0.0286,0.0122,0.1076,0.0233,0.0132,11.022,0.107,0,0.275,0.2083,0.5229,2
PRJ3-01394,107,6.099,7.745,0.4452,0.1931,0.0626,0.1509,0.0513,0.2086,0.0451,0.0137,28.57,0.2786,0,0.2012,0.31,0.3507,2
PRJ3-01395,45,3.44,7.071,0.4059,0.161,0.0266,0.0402,0.0343,0.0556,0,0.0126,10.007,0.1194,0.708,0.0424,0.1045,0.144,1
PRJ3-01397,35,7.505,8.231,0.1302,0.3373,0.1305,0.1358,0.0721,0.0836,0.0281,0.0333,27.947,0.4045,2.033,0.2492,0.302,0.4479,4
PRJ3-01398,74,5.592,9.673,0.1564,0.4739,0.1203,0,0.0094,0.2374,0.0449,0.0423,32.677,0.1968,4.132,0.3536,0.2337,0.2465,5
PRJ3-01399,26,4.94,10.685,0.2921,0.3358,0.0949,0.1331,0.0322,0.2428,0.0198,0.0159,27.82,0.2965,8.199,0.5112,0.3484,0.4058,4
PRJ3-01400,71,5.202,8.286,0.2346,0.3793,0.1233,0.2159,0.0629,0.238,0.0401,0.0367,16.688,0.2765,6.905,0.4941,0.2217,0.503,4
PRJ3-01401,56,5.299,9.448,0.1885,0.4267,0.0873,0.3026,0.0843,0.3802,0.0745,0.0438,17.09,0.3303,7.476,0.3742,0.293,0.422,4
PRJ3-01402,93,4.912,11.244,0.1394,0.4919,0.1261,0.1369,0.0764,0.1528,0.076,0.0395,29.522,0.422,10.822,0.3555,0.272,0.3491,6
PRJ3-01403,189,5.826,5.598,0.4118,0.2153,0.0538,0.0781,0.0223,0.2531,0.0364,0.0291,5,0.1416,1.657,0.3839,0.1012,0.3591,2
PRJ3-01404,15,3.807,11.662,0.1709,0.4064,0.0984,0.0846,0.0172,0.0683,0.0387,0.0353,14.576,0.2721,10.658,0.3042,0.1269,0.3938,5
PRJ3-01405,80,5.355,6.208,0.477,0.2959,0.0799,0.169,0.0795,0.2727,0.0452,0.0146,19.93,0.2188,6.101,0.3684,0.2673,0.4333,3
PRJ3-01406,23,3.128,7.649,0.3081,0.2709,0.0701,0.0645,0.0553,0.0233,0.0427,0.002,15.77,0.2318,4.213,0.32,0.1891,0.3459,2
PRJ3-01407,59,5.202,11.347,0.0826,0.4119,0.1258,0.0879,0.056,0.2184,0.0419,0.0134,23.371,0.3615,8.883,0.2883,0.1431,0.3519,4
PRJ3-01408,65,6.18,8.099,0.186,0.2133,0.0666,0.1968,0.0652,0.2844,0.0214,0.0043,22.271,0.3266,4.667,0.3094,0.2154,0.224,2
PRJ3-01409,29,4.18,7.32,0.3487,0.2799,0.0449,0.099,0.0429,0.1338,0.0282,0.0071,20.982,0.316,1.385,0.3101,0.2303,0.3487,2
PRJ3-01410,7,2.649,10.727,0.2245,0.3148,0.0966,0.2308,0.0663,0.2749,0.035,0.0278,28.488,0.2998,8.444,0.2962,0.3512,0.2756,5
PRJ3-01411,92,5.311,6.309,0.3083,0.1769,0.044,0.1213,0.0343,0.1184,0.0404,0.0349,23.754,0.23,6.004,0.2007,0.2275,0.41,3
PRJ3-01412,68,4.27,10.123,0.1986,0.4283,0.113,0.1413,0.0508,0.1885,0.056,0.0468,25.94,0.2848,7.462,0.227,0.3022,0.3355,5
PRJ3-01413,52,5.997,7.485,0.08,0.2698,0.0534,0.1246,0.0496,0.1042,0.0464,0.0128,24.128,0.262,3.012,0.5006,0.2141,0.2839,2
PRJ3-01414,157,4.84,5.035,0.4493,0.1529,0.0367,0.177,0.0246,0.0646,0.0065,0.018,5,0.1001,0,0.1452,0.1809,0.3173,1
PRJ3-01415,18,2.917,4.504,0.4932,0.2056,0.0494,0.0813,0.0394,0.0933,0.0245,0.0103,20.931,0.1125,8.34,0.2305,0.1783,0.1642,2
PRJ3-01416,95,5.399,8.94,0.3969,0.3678,0.108,0.2133,0.0855,0.1335,0.0135,0.0136,21.952,0.2807,1.426,0.2053,0.24,0.3372,2
PRJ3-01417,35,7.636,12.533,0.08,0.4271,0.1131,0.1829,0.0565,0.171,0.0311,0.0249,33.166,0.3321,8.903,0.3412,0.296,0.4967,6
PRJ3-01418,86,7.068,12.729,0.08,0.4612,0.1079,0.1878,0.0596,0.2543,0.0483,0.0452,45.566,0.4862,3.842,0.3798,0.4465,0.5016,7
PRJ3-01419,154,6.309,9.199,0.1899,0.3628,0.1023,0.1285,0.0333,0.2497,0.0361,0.0268,8.912,0.141,3.166,0.3585,0.199,0.3555,3
PRJ3-01420,25,3.567,7.071,0.4514,0.2955,0.0912,0.0461,0,0.1806,0,0,24.743,0.2921,4.896,0.03,0.2347,0.358,2
PRJ3-01421,89,5.212,10.83,0.3179,0.3623,0.0942,0.093,0.0166,0.1537,0.0622,0.0286,31.581,0.3266,2.771,0.3461,0.3031,0.2738,4
PRJ3-01422,6,1.59,5.916,0.5569,0.2182,0.0536,0.1699,0.0754,0.1906,0.0613,0.0381,16.901,0.1152,2.886,0.2767,0.1741,0.4244,3
PRJ3-01423,107,4.834,11.243,0.2614,0.2157,0.0354,0.1684,0,0.2888,0.0239,0.0033,10.363,0.1822,1.286,0.2612,0.1544,0.3307,2
PRJ3-01424,97,5.792,5.908,0.4323,0.2213,0.0625,0.1403,0.0444,0.2738,0.0366,0.0082,26.577,0.3579,3.865,0.2733,0.2711,0.4006,2
PRJ3-01425,56,5.852,9.508,0.176,0.2191,0.0501,0.1417,0.0265,0.1508,0.0649,0,23.419,0.3453,2.385,0.2544,0.3024,0.3889,2
PRJ3-01426,27,2.929,7.814,0.3159,0.2536,0.0679,0.097,0.0319,0.0691,0,0,23.979,0.2373,5.013,0.1712,0.1579,0.3636,2
PRJ3-01427,56,5.868,6.182,0.3828,0.3296,0.093,0.1382,0.0509,0.1537,0.0548,0,29.286,0.3769,3.473,0.4653,0.2268,0.3948,2
PRJ3-01428,66,3.934,10.313,0.3419,0.3757,0.0779,0.0901,0.0519,0.051,0.0615,0.0349,20.672,0.1995,5.511,0.3524,0.1699,0.2616,4
PRJ3-01429,136,4.531,9.995,0.2293,0.404,0.0499,0,0,0.1123,0.0453,0.0189,25.173,0.2697,5.895,0.1836,0.2645,0.4806,4
PRJ3-01430,36,4.413,4.351,0.5209,0.1504,0.0639,0.0213,0.0415,0.1645,0,0.0018,21.68,0.2473,3.11,0.2887,0.2011,0.1884,1
PRJ3-01431,19,8.0,6.655,0.3104,0.2243,0.0855,0.1384,0.0538,0.2362,0.0383,0.0339,29.082,0.2557,1.934,0.3596,0.2919,0.5378,3
PRJ3-01432,79,4.862,5.359,0.4121,0.2095,0.0331,0.0969,0.0082,0.1501,0.0336,0.007,5,0.2242,8.03,0.3932,0.1105,0.1868,2
PRJ3-01433,99,5.279,14.033,0.08,0.4391,0.0967,0,0,0.078,0,0.0283,23.176,0.2948,9.147,0.2928,0.1256,0.4126,5
PRJ3-01434,133,6.375,8.39,0.3619,0.2957,0.0886,0.0379,0.0403,0.0951,0.0355,0.0222,21.896,0.205,2.132,0.3319,0.1588,0.4353,3
PRJ3-01435,119,5.673,13.198,0.08,0.5596,0.1411,0.0652,0.046,0.143,0.0443,0.0344,20.072,0.2655,9.129,0.4437,0.0837,0.5845,5
PRJ3-01436,78,3.898,8.684,0.3236,0.2936,0.0725,0.0751,0.0082,0.0477,0.005,0,21.072,0.2155,1.714,0.1011,0.2035,0.1417,2
PRJ3-01437,59,4.769,8.12,0.3898,0.3406,0.0908,0.0938,0.0444,0.1961,0.0194,0.0194,17.651,0.2144,2.071,0.1756,0.205,0.4073,2
PRJ3-01438,100,5.458,9.471,0.3204,0.2978,0.0737,0.0666,0.0256,0.1818,0.0658,0.0362,16.603,0.2339,5.117,0.4759,0.0591,0.3275,3
PRJ3-01439,62,5.066,8.77,0.3328,0.3658,0.1026,0.2178,0.066,0.1637,0.0067,0.0031,12.546,0.0997,4.357,0.452,0.2083,0.3548,2
PRJ3-01440,44,5.489,15.463,0.08,0.6187,0.1675,0.1549,0.0656,0.1684,0.0826,0.0357,36.751,0.4368,9.406,0.3981,0.3512,0.4003,7
PRJ3-01441,128,5.21,12.982,0.0807,0.4342,0.1338,0.1224,0.0435,0.3012,0.0368,0.0109,15.035,0.2456,1.653,0.436,0.1948,0.3202,3
PRJ3-01442,75,4.011,9.758,0.3372,0.3969,0.1044,0.087,0.004,0.02,0.045,0,20.931,0.3257,0,0.2619,0.1564,0.3544,2
PRJ3-01443,82,5.421,6.343,0.4253,0.2116,0.0711,0.1001,0.0443,0.1795,0.0251,0,21.275,0.1744,3.654,0.3104,0.1868,0.3092,2
PRJ3-01444,29,4.525,6.453,0.3885,0.243,0.0973,0,0.0109,0.2251,0.0,0.0051,31.499,0.3683,3.665,0.4737,0.2505,0.362,3
PRJ3-01445,109,4.841,8.366,0.2128,0.3068,0.0827,0.1634,0.0295,0.273,0.0531,0.0195,19.636,0.3056,2.114,0.3524,0.2891,0.3179,2
PRJ3-01446,26,5.042,5.583,0.5433,0.206,0.0636,0.0704,0.0146,0.02,0.0213,0,12.312,0.1728,0,0.209,0.2026,0.2514,1
PRJ3-01447,51,5.664,11.029,0.2503,0.3005,0.0709,0.0998,0.0059,0.0453,0.0197,0.0225,23.312,0.2166,7.415,0.3172,0.2257,0.3455,4
PRJ3-01448,21,5.765,7.864,0.2041,0.2103,0.048,0.0818,0.0465,0.2042,0.0211,0,17.095,0.203,4.129,0.2312,0.1766,0.2599,1
PRJ3-01450,42,4.471,6.324,0.4432,0.2467,0.0716,0,0.0329,0.093,0.0426,0.017,13.181,0.237,0.502,0.2704,0.0876,0.2199,2
PRJ3-01451,166,5.612,8.759,0.3487,0.3732,0.1041,0.1709,0.0494,0.1572,0.0429,0.0093,13.197,0.2954,5.748,0.2178,0.0962,0.3812,2
PRJ3-01452,50,6.532,8.67,0.2961,0.3182,0.0884,0.0162,0.0231,0.1849,0.0475,0.0308,23.424,0.2916,6.762,0.5445,0.1576,0.3704,4
PRJ3-01453,33,4.15,5.173,0.4735,0.2424,0.0802,0.1065,0.0243,0.1496,0,0.0173,13.266,0.2438,0,0.2545,0.1246,0.3846,2
PRJ3-01454,34,3.832,10.758,0.1401,0.4414,0.1016,0.2446,0.0583,0.1411,0.051,0.0004,39.166,0.4122,0,0.2252,0.3303,0.2851,4
PRJ3-01455,99,4.757,11.237,0.1945,0.4676,0.1211,0.0334,0.0446,0.0896,0.0421,0.0122,20.759,0.2105,0.495,0.1884,0.253,0.3296,3
PRJ3-01456,81,5.436,7.66,0.2368,0.2796,0.073,0.1147,0.0376,0.1238,0.0147,0.0231,8.274,0.168,3.781,0.1351,0.1628,0.1473,2
PRJ3-01457,164,6.485,7.868,0.3002,0.2661,0.101,0.1451,0.0229,0.1821,0.0202,0.0381,29.458,0.235,4.352,0.4517,0.2515,0.3879,4
PRJ3-01458,113,5.39,9.21,0.264,0.3401,0.0912,0.0451,0.0521,0.2039,0.034,0.0123,20.46,0.2572,1.918,0.4502,0.2323,0.3693,2
PRJ3-01459,175,5.477,11.488,0.1027,0.3443,0.0965,0.1188,0.0207,0.1924,0.0485,0.0238,23.093,0.272,0.395,0.4456,0.2003,0.438,3
PRJ3-01460,37,7.639,7.271,0.3443,0.3469,0.069,0.2312,0.06,0.1651,0.0342,0.0338,15.63,0.1395,0,0.3352,0.2347,0.4321,3
PRJ3-01461,15,3.295,8.087,0.2872,0.2961,0.0713,0.1555,0.0223,0.2586,0.0414,0.0303,21.772,0.4403,5.162,0.527,0.2845,0.3749,3
PRJ3-01462,34,6.615,12.625,0.1467,0.4878,0.1178,0.1434,0.0464,0.1478,0.0705,0.0415,16.165,0.3106,8.01,0.3978,0.2005,0.551,5
PRJ3-01463,34,5.084,7.233,0.3085,0.2546,0.0738,0.0112,0.0427,0.1558,0,0.0333,23.943,0.2736,2.984,0.2022,0.2331,0.3999,3
PRJ3-01464,86,4.476,5.331,0.4503,0.2738,0.0638,0.0367,0.0197,0.1683,0.0506,0.0249,31.747,0.4501,2.19,0.4117,0.309,0.3551,3
PRJ3-01465,90,5.473,7.095,0.3676,0.3152,0.0929,0.0538,0.025,0.0624,0.0534,0.0303,17.859,0.215,2.999,0.3048,0.1437,0.3036,3
PRJ3-01466,39,6.337,9.971,0.2274,0.3081,0.0952,0.1233,0.0418,0.1723,0.0534,0.0118,26.119,0.2572,1.22,0.2124,0.2327,0.3011,3
PRJ3-01467,17,3.581,4.351,0.5316,0.2769,0.0873,0,0.0123,0.1372,0.0135,0.0153,12.114,0.1345,3.342,0.245,0.0743,0.4155,2
PRJ3-01468,18,3.834,10.057,0.3656,0.3182,0.105,0.2076,0.0729,0.1907,0.031,0.0263,18.441,0.2069,3.258,0.3326,0.2709,0.4053,3
PRJ3-01469,89,4.008,8.281,0.261,0.2421,0.0715,0.2207,0.0778,0.2531,0.0216,0,17.221,0.1449,5.443,0.3666,0.2358,0.2544,2
PRJ3-01470,86,4.919,4.121,0.5668,0.1504,0.0273,0.0485,0,0.1774,0.023,0.0113,18.799,0.208,4.754,0.2471,0.1026,0.3323,2
PRJ3-01471,44,4.409,10.902,0.231,0.424,0.0767,0.1526,0.0242,0.1147,0.0307,0.0362,20.236,0.3001,7.262,0.2723,0.2603,0.3484,4
PRJ3-01472,56,5.114,9.463,0.1809,0.4239,0.101,0.0673,0.0233,0.2203,0.0322,0.0394,20.397,0.2116,3.803,0.3222,0.2332,0.3063,4
PRJ3-01473,79,5.942,5.754,0.3717,0.2192,0.0642,0.1836,0.0492,0.1169,0.0275,0.0182,9.191,0.0864,6.327,0.2222,0.1891,0.3369,2
PRJ3-01474,65,5.495,11.273,0.08,0.3818,0.1061,0.1331,0.0117,0.2098,0.0774,0.0075,24.978,0.2672,0.342,0.2172,0.3226,0.4116,3
PRJ3-01475,67,6.053,9.445,0.2283,0.5013,0.1582,0.1303,0.0559,0.1388,0.0284,0.0312,27.938,0.3984,9.503,0.3718,0.336,0.4901,5
PRJ3-01476,26,3.245,7.957,0.2596,0.2371,0.055,0.1281,0.047,0.1626,0.0367,0.019,10.743,0.1871,4.927,0.3281,0.1354,0.1471,2
PRJ3-01477,183,6.307,8.21,0.262,0.3261,0.1385,0.175,0.0644,0.4029,0.0673,0.0191,23.116,0.3337,2.744,0.4463,0.2558,0.3593,3
PRJ3-01478,52,5.272,15.816,0.08,0.5385,0.0996,0.1863,0.0384,0.2176,0.0332,0.0351,38.473,0.4272,6.131,0.1459,0.3919,0.4191,7
PRJ3-01479,59,5.502,4.575,0.646,0.1856,0.0541,0.1008,0.0375,0.1169,0.0307,0.0173,19.093,0.2148,6.878,0.2194,0.2059,0.263,2
PRJ3-01480,54,4.784,3.985,0.3981,0.1503,0.0458,0.0951,0.0531,0.1545,0.0296,0.0025,27.721,0.2456,1.521,0.1826,0.2225,0.3633,2
PRJ3-01482,59,5.114,3.208,0.5577,0.2002,0.0609,0.2162,0.0658,0.0764,0,0.0012,8.243,0.2017,4.968,0.042,0.2368,0.36,2
PRJ3-01483,126,5.217,11.055,0.1033,0.3838,0.1165,0.1544,0.0665,0.2763,0.04,0.0255,17.008,0.2002,4.868,0.2853,0.2557,0.408,4
PRJ3-01484,33,3.924,11.482,0.08,0.3156,0.0754,0.0887,0.0541,0.1087,0.0134,0.0232,14.89,0.2328,6.456,0.1742,0.2126,0.3307,3
PRJ3-01485,22,3.334,11.734,0.1468,0.3681,0.0882,0.0168,0.0299,0.0828,0.0132,0,7.882,0.0437,0,0.2221,0.1582,0.2697,2
PRJ3-01486,34,2.939,4.138,0.5637,0.1261,0.0653,0.1851,0.0467,0.1527,0.026,0.0216,32.086,0.3371,6.668,0.3343,0.35,0.2763,4
PRJ3-01487,34,5.582,13.201,0.08,0.4569,0.1261,0.2306,0.091,0.2627,0.0306,0.0268,17.086,0.1879,10.437,0.3216,0.2379,0.3273,5
PRJ3-01488,35,3.803,10.673,0.1775,0.4151,0.0898,0.0467,0.0061,0.0576,0.0129,0.0036,24.011,0.354,4.142,0.2515,0.3477,0.3583,3
PRJ3-01489,4,1.151,7.329,0.3618,0.2566,0.1003,0.1598,0.1009,0.2473,0.0615,0.0075,32.649,0.476,0,0.3411,0.3468,0.3,3
PRJ3-01490,70,5.453,10.351,0.08,0.374,0.0656,0.2453,0.0491,0.0796,0.017,0.0358,20.436,0.3703,3.24,0.467,0.2489,0.2793,4
PRJ3-01491,12,4.676,13.585,0.08,0.3959,0.1254,0.198,0.0408,0.2728,0.0695,0.0358,26.279,0.2933,5.752,0.3174,0.3287,0.3831,5
PRJ3-01492,188,5.855,9.579,0.1857,0.4238,0.1196,0.2184,0.0943,0.231,0.0754,0.0456,23.002,0.202,2.129,0.5382,0.2278,0.49,4
PRJ3-01493,52,3.922,4.836,0.3766,0.0962,0.0491,0.0066,0.0026,0.1614,0,0.0099,14.558,0.2224,6.531,0.1802,0.1787,0.3239,2
PRJ3-01494,29,5.135,7.762,0.3583,0.2569,0.0778,0.0782,0.0375,0.2183,0.0489,0.0157,20.003,0.1687,3.598,0.1712,0.2612,0.3833,2
PRJ3-01495,28,3.325,8.684,0.5397,0.3673,0.1181,0.1216,0.0459,0.2492,0.0743,0.0366,17.829,0.2853,3.871,0.2694,0.2144,0.3217,3
PRJ3-01496,47,6.816,8.408,0.3593,0.2569,0.1003,0.0955,0.062,0.2962,0.0694,0.0283,22.986,0.3233,0,0.331,0.2329,0.4349,3
PRJ3-01497,45,4.522,10.171,0.1713,0.3575,0.0968,0.0916,0.0385,0.1363,0.0124,0.0156,34.33,0.3802,0,0.246,0.1951,0.1658,3
PRJ3-01498,72,4.746,8.993,0.1579,0.452,0.1153,0.0953,0.0091,0.2078,0.0264,0.0179,33.303,0.3087,2.791,0.1549,0.3033,0.2898,4
PRJ3-01499,60,6.635,11.574,0.0808,0.407,0.059,0.0412,0.0303,0.147,0.0557,0.0332,19.121,0.2992,4.991,0.346,0.1458,0.5486,4
PRJ3-01500,21,3.402,6.443,0.4893,0.1675,0.0735,0.0802,0.0119,0.1516,0.0364,0.0142,7.532,0.0104,2.267,0.4055,0.1362,0.3448,2
PRJ3-01501,57,4.773,10.515,0.221,0.4283,0.1083,0.0866,0.0257,0.1851,0.0181,0.0303,27.13,0.4052,6.629,0.3953,0.2886,0.3773,5
PRJ3-01502,120,4.295,9.475,0.1829,0.3066,0.0558,0.1675,0.0508,0.0952,0,0.0135,19.202,0.2944,4.499,0.2131,0.1701,0.3286,2
PRJ3-01503,240,3.301,9.431,0.1851,0.2561,0.0943,0.2077,0.0589,0.2018,0.0553,0.0485,27.081,0.3523,1.425,0.3116,0.2878,0.2589,4
PRJ3-01504,39,5.426,11.339,0.1459,0.4587,0.1152,0.2691,0.0728,0.2683,0.0666,0.0236,24.959,0.3452,1.335,0.3854,0.3683,0.1949,4
PRJ3-01505,63,4.328,2,0.5743,0,0.0073,0.0475,0.0397,0.02,0.0337,0.0016,11.405,0.1387,0,0.2439,0.1071,0.2324,0
PRJ3-01506,53,5.411,6.962,0.3588,0.2654,0.0464,0,0,0.1469,0,0.0048,19.089,0.2407,3.23,0.1338,0.1061,0.3366,1
PRJ3-01507,112,4.976,8.551,0.3518,0.2658,0.0977,0.1325,0.05,0.2259,0.0096,0.0254,19.22,0.265,3.291,0.3138,0.2904,0.3052,3
PRJ3-01508,20,3.26,8.645,0.3735,0.3181,0.0765,0.1628,0.0186,0.1095,0.0032,0.0221,29.459,0.2665,2.113,0.3466,0.337,0.2011,3
PRJ3-01509,90,4.59,10.411,0.2775,0.3784,0.1034,0.0709,0.0312,0.0772,0,0.0157,26.175,0.3926,6.756,0.334,0.2275,0.3936,4
PRJ3-01510,48,3.278,3.189,0.6366,0.085,0.0134,0.0159,0.033,0.02,0.0042,0,11.898,0.2264,4.026,0.2014,0.0783,0.2291,1
PRJ3-01511,46,5.78,8.542,0.3305,0.3161,0.095,0.1159,0.0451,0.2057,0.0342,0.0335,21.995,0.3034,3.942,0.2462,0.301,0.2304,3
PRJ3-01512,116,4.384,5.551,0.5704,0.2198,0.0486,0.1196,0.061,0.0975,0.0211,0.0135,27.48,0.269,2.821,0.2637,0.3142,0.2833,3
PRJ3-01513,67,3.72,7.179,0.3963,0.2549,0.0611,0.0567,0.0225,0.0777,0.0263,0.0128,10.678,0.1087,2.782,0.4322,0.1738,0.3757,2
PRJ3-01514,72,5.388,8.682,0.1158,0.1918,0.0402,0.1668,0.0544,0.1003,0.0056,0.019,11.809,0.1408,3.758,0.2394,0.1756,0.4213,2
PRJ3-01515,52,4.398,6.577,0.4749,0.1234,0.0408,0,0,0.1614,0.0138,0.0115,17.182,0.2667,5.978,0.1794,0.1299,0.2802,2
PRJ3-01516,74,3.548,7.072,0.3887,0.3032,0.0391,0,0.0206,0.0701,0.0237,0,18.777,0.1719,3.035,0.2722,0.1373,0.1765,1
PRJ3-01517,95,5.179,5.102,0.4173,0.101,0.0142,0.0432,0.0507,0.02,0.0386,0,29.355,0.2725,5.332,0.1383,0.1851,0.2929,2
PRJ3-01518,167,4.601,5.832,0.359,0.2232,0.0259,0.1184,0.0722,0.0439,0.0236,0.0186,22.157,0.2501,3.059,0.2322,0.2117,0.4082,2
PRJ3-01519,94,5.26,13.479,0.08,0.458,0.132,0.0609,0.017,0.1876,0.0214,0.0231,38.889,0.4028,6.407,0.428,0.2766,0.3239,6
PRJ3-01520,17,4.482,9.521,0.1619,0.3923,0.0794,0.1035,0.0628,0.1328,0.0686,0.0302,29.122,0.3569,0.141,0.1829,0.2985,0.2924,4
PRJ3-01521,124,5.015,10.368,0.2145,0.3243,0.1101,0.1604,0.099,0.2502,0.0738,0.0373,39.013,0.4323,3.51,0.3847,0.3206,0.2425,5
PRJ3-01522,109,4.241,11.758,0.08,0.4577,0.0839,0.0642,0.0059,0.1501,0.0229,0.0176,18.463,0.3044,3.691,0.1493,0.1577,0.3309,3
PRJ3-01523,85,4.62,5.032,0.4965,0.26,0.0483,0.1069,0.0394,0.1121,0.0144,0.013,16.363,0.2098,5.421,0.35,0.2111,0.351,2
PRJ3-01524,17,2.407,11.728,0.1741,0.3562,0.0513,0.0463,0.035,0.1039,0.004,0.03,16.281,0.0996,6.202,0.2042,0.1105,0.2086,4
PRJ3-01525,38,6.489,7.833,0.2666,0.3246,0.1219,0.2136,0.0756,0.2218,0.0606,0.0608,25.007,0.3998,4.433,0.3695,0.3233,0.5551,5
PRJ3-01526,97,6.086,7.905,0.277,0.2813,0.0702,0.1174,0.0338,0.0883,0.0369,0.0322,25.546,0.35,5.162,0.5043,0.2371,0.4959,3
PRJ3-01527,167,6.177,6.71,0.3026,0.3202,0.1243,0.2563,0.077,0.2417,0.046,0.0314,21.079,0.3655,10.68,0.1801,0.2912,0.3544,4
PRJ3-01528,89,7.24,10.81,0.1476,0.3429,0.0926,0.0754,0.0536,0.2812,0.0343,0.0084,23.961,0.3694,4.384,0.3359,0.1333,0.2793,3
PRJ3-01529,26,7.169,10.293,0.3801,0.4192,0.1257,0.0764,0.0285,0.2027,0.0242,0.0227,32.913,0.4537,7.641,0.4666,0.3124,0.3956,5
PRJ3-01530,59,3.456,2,0.6612,0.2177,0.0309,0.0855,0,0.0754,0.0437,0.0122,25.605,0.2304,1.956,0.2609,0.2916,0.2318,2
PRJ3-01531,40,3.352,4.457,0.4785,0.2077,0.0827,0.1342,0.0432,0.1082,0.0351,0.0106,15.349,0.3713,2.791,0.0822,0.2207,0.4279,2
PRJ3-01532,27,6.209,7.776,0.3443,0.2258,0.042,0.1705,0.0516,0.223,0.0404,0.0049,15.773,0.1822,0,0.1492,0.2426,0.4636,1
PRJ3-01533,28,5.444,7.223,0.5045,0.1822,0.0258,0.0787,0.0302,0.144,0.046,0.0434,21.107,0.4057,5.102,0.4196,0.1586,0.341,3
PRJ3-01534,49,5.356,5.535,0.5499,0.2939,0.0637,0.0422,0.0317,0.1261,0.0604,0,21.304,0.3327,0.896,0.3035,0.1157,0.3531,1
PRJ3-01535,204,4.98,6.893,0.2024,0.2547,0.043,0.1512,0.02,0.129,0.055,0.019,31.172,0.4282,0,0.2648,0.3141,0.2023,3
PRJ3-01536,149,5.918,12.31,0.08,0.463,0.1508,0.0924,0.0289,0.1592,0.0574,0.0434,17.306,0.1886,6.324,0.3488,0.1746,0.423,5
PRJ3-01537,192,5.337,9.741,0.1395,0.36,0.087,0.1247,0.0405,0.1888,0.0178,0.0332,5,0.0753,1.785,0.4035,0.0463,0.3511,3
PRJ3-01538,9,3.216,11.26,0.0827,0.3138,0.0936,0.2035,0.0404,0.168,0.0272,0.0308,19.464,0.2874,1.344,0.3358,0.1354,0.5644,3
PRJ3-01539,10,3.366,8.508,0.3211,0.2887,0.0781,0.063,0.0034,0.0738,0.0537,0.0088,24.709,0.2792,1.994,0.2042,0.1463,0.2374,2
PRJ3-01540,63,5.464,8.849,0.2446,0.4125,0.0584,0,0.0112,0.0655,0.0212,0.0186,17.743,0.136,2.797,0.3926,0.1219,0.3623,2
PRJ3-01541,99,4.998,3.639,0.5993,0.1048,0.0542,0.1709,0.0503,0.0594,0.0214,0.0139,5,0.1804,2.705,0.1833,0.1189,0.2595,1
PRJ3-01542,17,3.64,5.442,0.4171,0.1948,0.0833,0.0822,0.0283,0.1925,0.0248,0.0087,20.99,0.2678,5.366,0.2294,0.1326,0.3856,2
PRJ3-01543,87,4.166,4.091,0.629,0.1936,0.0291,0.0855,0.0261,0.1155,0,0.0137,14.825,0.1264,4.774,0.1093,0.1198,0.4037,2
PRJ3-01544,122,4.676,4.32,0.5965,0.1612,0.0547,0.0325,0.0239,0.1443,0.024,0.0095,16.624,0.2901,0,0.1073,0.181,0.2641,1
PRJ3-01545,112,4.111,6.393,0.5062,0.1489,0.0379,0.006,0.0042,0.0683,0.0273,0,10.387,0.0802,0.316,0.3667,0.154,0.1971,1
PRJ3-01546,15,5.19,14.464,0.08,0.5978,0.1443,0.0693,0.0171,0.1332,0.025,0.0305,27.591,0.3018,6.3,0.23,0.3021,0.4048,6
PRJ3-01547,48,4.378,8.79,0.438,0.333,0.0821,0.158,0.0451,0.2412,0.0324,0.007,13.329,0.2062,1.455,0.2851,0.2196,0.363,2
PRJ3-01548,94,4.89,6.248,0.3138,0.2598,0.0541,0.0832,0.0152,0.133,0.0244,0.0337,35.06,0.406,5.128,0.1527,0.2515,0.3424,4
PRJ3-01549,137,5.718,8.934,0.3275,0.2769,0.0926,0.2811,0.0828,0.1704,0.0126,0.0037,24.44,0.2605,1.912,0.2693,0.3355,0.3809,2
PRJ3-01550,118,6.44,8.336,0.2638,0.1446,0.0241,0.1431,0.0547,0.3439,0.0668,0.0362,34.024,0.355,12.22,0.398,0.3006,0.35,5
PRJ3-01551,116,6.271,6.124,0.4164,0.2831,0.0873,0.1024,0.03,0.2242,0.0717,0.0213,39.036,0.5083,5.661,0.4443,0.3496,0.4465,4
PRJ3-01552,94,5.886,10.752,0.1461,0.3657,0.1051,0.1043,0.0601,0.2605,0.0595,0.0133,26.006,0.2772,3.681,0.5311,0.2639,0.5473,3
PRJ3-01553,13,4.607,9.299,0.3305,0.2844,0.0436,0.2277,0.0464,0.3176,0.0296,0.0284,9.835,0.2814,2.918,0.2188,0.1659,0.3858,3
PRJ3-01554,197,4.711,7.25,0.2811,0.3534,0.0814,0.146,0.037,0.1953,0.0035,0.0216,15.383,0.1868,1.663,0.389,0.1816,0.3274,2
PRJ3-01555,217,5.656,10.054,0.08,0.3185,0.1247,0.1543,0.018,0.2345,0.0682,0.0392,24.552,0.2565,5.065,0.2351,0.2493,0.3254,4
PRJ3-01556,51,4.37,8.156,0.3991,0.2424,0.0742,0.1216,0.0442,0.157,0.0242,0.0179,11.45,0.2347,6.057,0.4165,0.2022,0.3281,2
PRJ3-01557,48,4.346,6.624,0.3411,0.2112,0.0644,0.2692,0.1015,0.2787,0.0175,0.0176,31.309,0.3914,4.16,0.2763,0.3313,0.4627,3
PRJ3-01558,23,4.383,5.577,0.4588,0.2932,0.073,0.1557,0.0506,0.1573,0.0412,0.0507,15.075,0.1466,8.203,0.3247,0.2004,0.3046,4
PRJ3-01559,104,4.408,3.564,0.5039,0.076,0.0393,0.1035,0.0631,0.1936,0,0.0291,29.431,0.2137,3.457,0.2533,0.3285,0.321,3
PRJ3-01560,182,5.104,6.741,0.3372,0.189,0.0594,0.1324,0.0381,0.1683,0.0119,0.0241,15.114,0.0801,7.748,0.3003,0.1303,0.4346,3
PRJ3-01561,240,4.5,8.03,0.341,0.2322,0.0845,0.1122,0.0355,0.2115,0.05,0.0342,31.614,0.3548,3.503,0.4279,0.363,0.3283,4
PRJ3-01562,118,5.819,7.59,0.3259,0.3701,0.0825,0.0914,0.0371,0.1292,0.0621,0.0292,31.375,0.3356,9.513,0.2063,0.2833,0.4803,5
PRJ3-01563,66,5.551,10.922,0.1296,0.3059,0.0769,0.1177,0.0411,0.241,0.0595,0.0303,20.288,0.2453,4.625,0.5911,0.1803,0.3741,4
PRJ3-01564,28,3.971,4.437,0.481,0.2527,0.0848,0.1288,0.0544,0.1809,0.0524,0.0256,25.311,0.2778,3.564,0.2569,0.2598,0.48,3
PRJ3-01565,49,6.178,7.16,0.4111,0.3108,0.064,0.1701,0.0962,0.1932,0.0308,0.0372,21.805,0.2371,5.53,0.3577,0.2677,0.2521,4
PRJ3-01566,51,4.632,5.857,0.2632,0.3092,0.0432,0.0671,0.0606,0.2178,0.0336,0.0244,20.039,0.1539,0.332,0.537,0.1055,0.2974,2
PRJ3-01567,99,6.206,10.514,0.1708,0.3937,0.072,0.094,0.0192,0.286,0.0549,0.0178,26.739,0.3779,6.381,0.488,0.1812,0.3218,4
PRJ3-01568,108,4.029,7.589,0.3712,0.2823,0.0959,0.003,0.0107,0.1572,0.0205,0.0077,11.347,0.1665,0.803,0.1379,0.1136,0.1962,1
PRJ3-01569,30,3.853,6.377,0.3775,0.1954,0.0464,0.0116,0.0014,0.1896,0.0204,0.0427,26.949,0.2936,3.973,0.3187,0.1914,0.3094,4
PRJ3-01570,61,4.01,8.035,0.3085,0.2205,0.078,0.1594,0.0628,0.1582,0.0298,0,19.943,0.2723,9.544,0.2428,0.2396,0.3484,2
PRJ3-01571,81,6.068,7.424,0.3527,0.3234,0.1034,0.0912,0.0252,0.2682,0.0355,0.0213,20.332,0.2231,5.745,0.1418,0.1596,0.2612,3
PRJ3-01572,57,4.453,9.914,0.1248,0.2996,0.0594,0.027,0.0289,0.2018,0.0107,0,27.351,0.3362,5.469,0.0625,0.1613,0.2806,3
PRJ3-01573,109,5.665,7.704,0.2426,0.2186,0.0496,0.1219,0.042,0.146,0.0461,0.0392,22.916,0.2377,7.98,0.3829,0.271,0.3116,4
PRJ3-01574,126,5.294,5.774,0.45,0.1717,0.0236,0.1372,0.0361,0.1914,0.0328,0.0073,26.764,0.2905,1.545,0.4255,0.3039,0.4196,2
PRJ3-01575,15,3.693,6.945,0.3186,0.3012,0.0987,0.1354,0.0359,0.2207,0.0467,0,24.287,0.2534,3.046,0.3466,0.2273,0.333,2
PRJ3-01576,181,4.915,7.305,0.4048,0.3045,0.0668,0.1963,0.0445,0.1472,0.0421,0.0083,13.208,0.11,4.204,0.3095,0.2201,0.2377,2
PRJ3-01577,18,8.485,4.536,0.561,0.1843,0.0364,0.0371,0.0227,0.072,0.0098,0,9.064,0.1284,0.303,0.244,0.1992,0.38,1
PRJ3-01578,23,3.956,2.367,0.6236,0.1609,0.0578,0.104,0.0255,0.1354,0.0218,0.0098,17.578,0.241,7.762,0.1652,0.2456,0.2014,2
PRJ3-01579,72,4.805,5.553,0.2516,0.3467,0.1034,0.132,0.0535,0.1441,0.0766,0.023,20.239,0.3667,3.024,0.4637,0.2312,0.403,3
PRJ3-01580,240,4.878,5.321,0.4367,0.0896,0.0598,0.149,0.0826,0.109,0.0511,0.0131,23.68,0.286,0,0.3221,0.2362,0.3321,2
PRJ3-01581,117,7.048,8.615,0.2297,0.2912,0.0856,0.1671,0.0578,0.2498,0.0426,0.0383,14.586,0.1558,10.393,0.4504,0.1592,0.4484,4
PRJ3-01582,16,4.225,8.714,0.2004,0.3895,0.1148,0.1556,0.0378,0.1532,0.0113,0.0055,14.51,0.2138,4.301,0.2496,0.2355,0.3735,2
PRJ3-01583,75,5.182,5.566,0.418,0.1983,0.0371,0.1225,0.0462,0.1722,0.0444,0.0219,21.919,0.2895,2.545,0.2258,0.2549,0.303,2
PRJ3-01584,22,5.695,7.588,0.3569,0.2029,0.0478,0.1312,0.041,0.1815,0.0155,0.0131,22.219,0.2965,0.68,0.4042,0.2558,0.3823,2
PRJ3-01585,62,3.653,7.595,0.3763,0.229,0.0351,0.0747,0.0287,0.0584,0.0319,0.0193,29.032,0.2522,5.896,0.3766,0.2643,0.3504,3
PRJ3-01586,31,3.581,2.879,0.6462,0.0893,0.0248,0.1311,0.0563,0.1108,0.0244,0,26.526,0.2279,1.29,0.286,0.2956,0.3265,1
PRJ3-01587,31,4.6,8.457,0.2344,0.2691,0.0984,0.1934,0.0758,0.2969,0.0384,0.0605,27.109,0.1931,3.809,0.1969,0.3357,0.3611,5
PRJ3-01588,16,3.452,4.892,0.4022,0.2068,0.0706,0.0811,0.0784,0.1707,0.0616,0.0301,25.282,0.3109,7.777,0.3226,0.1887,0.4694,3
PRJ3-01589,64,5.332,7.196,0.5321,0.2785,0.0917,0.1997,0.0749,0.2393,0.0906,0.0197,14.536,0.1036,2.246,0.3763,0.2199,0.4122,2
PRJ3-01590,24,7.976,11.305,0.1948,0.3388,0.089,0.1524,0.0077,0.2479,0.0423,0,28.887,0.3984,1.531,0.4263,0.2959,0.4783,3
PRJ3-01591,139,5.708,8.546,0.2591,0.3224,0.1076,0.0998,0.0172,0.0792,0.0396,0.0172,36.527,0.4357,2.659,0.3678,0.3629,0.4404,4
PRJ3-01592,234,5.384,13.547,0.08,0.4388,0.134,0.1148,0.0409,0.2511,0.0208,0.0411,20.941,0.2512,7.165,0.2749,0.2686,0.2447,5
PRJ3-01593,153,4.797,9.304,0.3325,0.273,0.085,0.1197,0.0504,0.1563,0.0455,0.0182,22.277,0.259,0.038,0.1283,0.2668,0.3544,2
PRJ3-01594,78,5.108,8.671,0.2249,0.3142,0.0522,0.1824,0.0453,0.2217,0.0532,0.0421,21.944,0.2361,11.2,0.3169,0.2435,0.3422,5
PRJ3-01595,42,4.879,10.529,0.08,0.3904,0.0929,0.1033,0.034,0.2749,0.0377,0.0197,29.85,0.2528,3.938,0.4943,0.3191,0.3353,4
PRJ3-01596,111,4.563,10.828,0.1963,0.3209,0.0735,0.067,0.0373,0.0884,0.026,0.0284,18.678,0.3664,6.295,0.3679,0.2075,0.3854,4
PRJ3-01598,60,6.842,8.992,0.289,0.399,0.0893,0.0847,0.0011,0.2185,0.0334,0.0178,20.176,0.2376,4.161,0.4098,0.2021,0.3769,3
PRJ3-01599,95,6.06,13.869,0.08,0.5535,0.1232,0.0797,0.0232,0.1712,0.0488,0.0047,22.696,0.3336,4.018,0.2188,0.2497,0.3786,4
PRJ3-01600,142,5.401,8.493,0.3607,0.4316,0.1085,0.125,0.0564,0.1838,0.0809,0.0342,13.083,0.28,8.004,0.3784,0.1658,0.4093,4
PRJ3-01601,80,4.819,4.619,0.4401,0.2025,0.0881,0.1809,0.1065,0.0549,0.0838,0.0273,14.166,0.3088,3.252,0.2915,0.153,0.2254,2
PRJ3-01602,4,1.019,9.831,0.1738,0.4484,0.1409,0.1044,0.0526,0.131,0.0244,0,20.91,0.2831,5.035,0.4326,0.2126,0.4103,3
PRJ3-01603,39,3.243,11.748,0.13,0.3676,0.0764,0.1298,0.0493,0.1436,0.0353,0.0181,25.588,0.3067,7.399,0.325,0.2553,0.4134,4
PRJ3-01604,39,6.139,7.39,0.3542,0.2707,0.0891,0.1341,0.055,0.2114,0.0632,0.0381,20.156,0.2923,0,0.2356,0.1329,0.2572,3
PRJ3-01605,31,6.174,12.764,0.0835,0.4095,0.0831,0.1621,0.0461,0.2142,0.0465,0.0345,34.009,0.2504,0.686,0.2847,0.3557,0.4126,5
PRJ3-01606,96,5.601,8.99,0.1462,0.2969,0.0647,0.0726,0.0454,0.1156,0.0576,0.0198,21.668,0.2759,5.537,0.2731,0.2111,0.3764,3
PRJ3-01607,53,4.13,6.175,0.4693,0.1765,0.0723,0.0651,0.0198,0.1033,0.0503,0.0081,21.713,0.1693,1.649,0.2714,0.1776,0.3363,2
PRJ3-01608,5,1.89,9.108,0.3984,0.2867,0.0557,0.1036,0.0344,0.1442,0.0088,0.0074,5,0.1291,5.104,0.2966,0.1768,0.3373,2
PRJ3-01609,40,7.025,11.329,0.2159,0.4205,0.1221,0,0.0189,0.103,0.0464,0.0462,18.4,0.3134,7.563,0.2985,0.1969,0.3392,5
PRJ3-01610,33,3.778,2.171,0.6687,0.0511,0.044,0.1503,0.0855,0.1069,0.0113,0.0285,21.574,0.3417,3.764,0.2944,0.2362,0.2867,2
PRJ3-01611,196,6.188,10.995,0.1642,0.3208,0.1042,0.2545,0.0804,0.2828,0.0167,0.0317,29.639,0.3629,4.465,0.1774,0.3596,0.4701,5
PRJ3-01612,189,4.572,7.165,0.293,0.2781,0.0867,0.1487,0.0512,0.1756,0.0331,0.0171,15.855,0.1263,2.09,0.256,0.1756,0.3426,2
PRJ3-01613,16,3.922,6.812,0.3787,0.2991,0.1097,0.1708,0.0709,0.1727,0.0578,0.0123,33.302,0.3827,4.854,0.2776,0.295,0.4136,3
PRJ3-01614,32,8.061,8.794,0.3178,0.2162,0.0768,0.166,0.0579,0.3001,0.0525,0.0292,27.489,0.2541,8.974,0.5099,0.3111,0.4317,4
PRJ3-01615,158,5.372,5.855,0.3845,0.3494,0.0836,0.0103,0.0145,0.0984,0.0162,0.0487,20.806,0.2343,5.58,0.2223,0.1843,0.3186,4
PRJ3-01616,107,4.365,9.362,0.2943,0.2596,0.0672,0.1555,0.039,0.1168,0.0428,0.0058,24.956,0.355,6.596,0.2422,0.2334,0.3049,3
PRJ3-01617,33,3.598,3.855,0.608,0.1096,0.0209,0.0795,0.0513,0.0664,0.0252,0.0021,9.022,0.1408,6.866,0.2235,0.1048,0.3181,1
PRJ3-01618,110,6.246,7.882,0.3257,0.2399,0.0375,0.0463,0.0373,0.2372,0.0494,0.039,24.267,0.3423,4.351,0.2968,0.13,0.2771,3
PRJ3-01619,32,3.895,6.164,0.454,0.2683,0.0714,0.0975,0.0217,0.1937,0.0346,0.0238,23.128,0.1933,2.751,0.4348,0.1864,0.3762,3
PRJ3-01620,11,3.212,10.865,0.1703,0.3729,0.0992,0.0912,0.0331,0.1452,0.0333,0.0293,33.467,0.3793,8.601,0.3225,0.2417,0.3886,5
PRJ3-01621,14,3.478,8.907,0.345,0.343,0.1207,0.1304,0.0304,0.1952,0.0322,0.0426,21.147,0.2125,2.172,0.4354,0.237,0.342,4
PRJ3-01622,64,4.418,9.82,0.3436,0.199,0.0661,0.0965,0.0538,0.1238,0.0283,0.0078,26.383,0.2048,0,0.1499,0.167,0.2956,2
PRJ3-01623,80,5.455,7.767,0.2893,0.3436,0.0961,0.1376,0.0181,0.1027,0.048,0.0172,14.391,0.254,2.32,0.4631,0.2107,0.3196,2
PRJ3-01624,17,7.315,8.835,0.2716,0.3204,0.0488,0.1154,0.0071,0.2152,0.0185,0.0253,23.49,0.1108,4.842,0.3681,0.207,0.3027,3
PRJ3-01625,185,6.106,8.786,0.2425,0.3182,0.1001,0.19,0.0344,0.0993,0.0505,0.0017,28.621,0.379,8.29,0.1381,0.3108,0.3937,3
PRJ3-01626,62,6.532,13.908,0.08,0.4744,0.1029,0.1187,0.0566,0.251,0.0469,0.0095,5,0.0508,0,0.3409,0.1211,0.3241,3
PRJ3-01627,66,5.296,8.483,0.2443,0.311,0.0975,0.1804,0.0127,0.1764,0,0.0058,20.42,0.272,1.551,0.35,0.2403,0.2979,2
PRJ3-01628,4,0.837,8.286,0.2897,0.3507,0.0671,0.1055,0.0401,0.1542,0.0134,0.0127,23.552,0.2637,1.706,0.4319,0.1387,0.3315,2
PRJ3-01629,29,6.91,6.762,0.4411,0.3427,0.0866,0.0018,0.0071,0.0958,0.0372,0,22.057,0.3377,2.354,0.3498,0.2447,0.1962,2
PRJ3-01630,62,3.427,8.552,0.3474,0.3209,0.0728,0.0823,0.0112,0.02,0.0155,0,24.028,0.2975,0.656,0.2799,0.2084,0.2921,2
PRJ3-01631,107,4.977,9.097,0.2815,0.2495,0.0966,0.149,0.0309,0.1622,0.0267,0.0285,18.448,0.211,5.27,0.3938,0.2806,0.3694,3
PRJ3-01632,54,5.399,4.763,0.3106,0.1746,0.0607,0.1533,0.0456,0.2288,0.0098,0.0287,14.032,0.1624,8.215,0.2444,0.1329,0.3522,3
PRJ3-01633,63,4.677,3.287,0.4881,0.1362,0.0377,0.1053,0.0454,0.1544,0.0431,0.0115,23.045,0.2551,2.647,0.3167,0.1955,0.2897,2
PRJ3-01634,31,3.663,7.84,0.412,0.311,0.0644,0.0173,0.0175,0.116,0.0373,0.014,21.908,0.3222,4.827,0.1875,0.254,0.427,3
PRJ3-01635,8,2.213,7.854,0.2594,0.2971,0.0722,0.1103,0.0321,0.121,0.0211,0.0245,27.833,0.3953,3.519,0.4698,0.2231,0.3731,3
PRJ3-01636,86,4.686,10.113,0.2319,0.2617,0.0334,0.038,0.0096,0.0883,0.0231,0.0073,20.323,0.3035,10.09,0.2379,0.1875,0.3642,3
PRJ3-01637,102,5.394,10.055,0.1795,0.251,0.0805,0.1664,0.0625,0.2902,0.0199,0.019,20.435,0.235,4.071,0.3309,0.2634,0.426,3
PRJ3-01638,85,5.631,9.479,0.2354,0.3403,0.0907,0.0995,0.0336,0.2128,0.0415,0.0267,15.372,0.1608,8.019,0.3452,0.1658,0.4346,3
PRJ3-01639,34,5.17,4.853,0.4919,0.1881,0.0647,0,0.0304,0.0722,0.0212,0.0015,14.283,0.1271,1.039,0.2232,0.1381,0.2735,1
PRJ3-01640,25,6.5,9.22,0.1265,0.3236,0.1033,0.1797,0.0579,0.1562,0.0678,0.0349,30.186,0.3237,5.133,0.4332,0.2456,0.4828,4
PRJ3-01641,39,4.993,3.992,0.4428,0.1919,0.0755,0.152,0.0419,0.3193,0.0369,0.039,14.001,0.2804,7.987,0.2957,0.1763,0.3564,3
PRJ3-01642,26,3.4,5.828,0.3168,0.1985,0.0549,0,0,0.1572,0.0035,0.0249,18.725,0.3494,2.623,0.1687,0.1914,0.3644,2
PRJ3-01643,42,3.959,5.427,0.5645,0.1547,0.039,0.1054,0.0366,0.173,0,0.0121,26.717,0.2489,0,0.2774,0.1139,0.3863,2
PRJ3-01644,141,4.955,6.362,0.3889,0.1755,0.0846,0.1347,0.0485,0.1475,0.025,0.0284,31.423,0.3061,5.68,0.3167,0.3009,0.4418,4
PRJ3-01645,24,5.486,2.053,0.6065,0.2129,0.0799,0.1239,0.0539,0.2867,0.0199,0.0165,18.918,0.1379,4.67,0.3404,0.2451,0.3325,2
PRJ3-01646,27,8.135,14.562,0.08,0.5457,0.1072,0.0254,0.0186,0.0489,0.0166,0.0096,15.753,0.3204,7.237,0.3536,0.1943,0.1719,4
PRJ3-01647,148,4.934,11.209,0.1772,0.3991,0.0672,0.09,0.0246,0.0944,0.0215,0.0305,12.826,0.1552,5.58,0.3697,0.1549,0.2095,4
PRJ3-01648,109,4.154,6.979,0.574,0.338,0.0758,0.0987,0.0735,0.1279,0.0454,0,10.048,0.2044,6.96,0.2839,0.14,0.3274,2
PRJ3-01649,60,6.708,6.532,0.6004,0.2469,0.0511,0.0752,0.0278,0.1188,0.0248,0.0072,32.194,0.3612,2.601,0.2249,0.1527,0.2348,2
PRJ3-01650,21,3.493,5.211,0.5238,0.1548,0.0409,0.1351,0.0052,0.1002,0.0341,0.0152,20.665,0.3114,0.05,0.1157,0.2873,0.2787,2
PRJ3-01651,7,2.079,6.41,0.4079,0.1761,0.0719,0.1035,0.058,0.1702,0.0065,0.0244,13.305,0.1997,5.977,0.1436,0.2242,0.3485,3
PRJ3-01652,45,6.051,7.931,0.4085,0.2644,0.0724,0.0685,0.0183,0.1814,0.0435,0.0463,17.977,0.2321,11.503,0.4429,0.2432,0.3803,4
PRJ3-01653,44,4.33,5.766,0.3675,0.2939,0.071,0.0919,0.0389,0.1556,0.0201,0.0197,16.123,0.1939,5.158,0.2739,0.1163,0.3017,2
PRJ3-01654,138,5.376,7.653,0.363,0.2241,0.0657,0.1283,0.0126,0.0994,0.0659,0.0055,22.653,0.2129,2.824,0.3174,0.2272,0.4381,2
PRJ3-01655,42,6.14,4.88,0.3849,0.2216,0.0746,0.1624,0.0578,0.2155,0.053,0.0186,17.141,0.2269,6.754,0.3016,0.1978,0.3387,2
PRJ3-01656,32,5.502,4.959,0.5203,0.1957,0.0511,0.042,0,0.1858,0.0415,0.0302,20.051,0.2274,2.977,0.4327,0.2652,0.3496,3
PRJ3-01657,15,3.419,6.128,0.478,0.2778,0.0756,0.1186,0.0416,0.171,0.027,0.0263,26.825,0.2465,5.407,0.2083,0.3042,0.4088,3
PRJ3-01658,174,5.466,9.271,0.2517,0.3584,0.1186,0.0899,0.0379,0.1703,0.0603,0.0317,24.131,0.1796,6.023,0.4612,0.1444,0.4463,4
PRJ3-01659,39,6.542,2.385,0.7864,0.1295,0.0465,0.0795,0.021,0.2213,0,0.0197,8.48,0.1056,2.943,0.2407,0.157,0.379,2
PRJ3-01660,70,3.995,3.699,0.5387,0.0944,0.0276,0.1057,0.0266,0.0608,0.0252,0,14.925,0.172,5.348,0.1747,0.1966,0.3673,1
PRJ3-01661,240,3.496,3.703,0.5712,0.103,0.0533,0.094,0.068,0.1651,0.05,0.0161,13.338,0.1191,1.762,0.2191,0.2593,0.3532,2
PRJ3-01662,86,4.853,5.927,0.5158,0.2371,0.0782,0.0971,0.0076,0.1993,0.0442,0.0289,37.386,0.3615,0,0.2834,0.3136,0.3359,4
PRJ3-01663,85,4.474,10.707,0.08,0.3444,0.1366,0.1362,0.0188,0.063,0.0247,0.0031,8.413,0.0463,0.397,0.2086,0.1929,0.3461,2
PRJ3-01664,181,5.635,9.776,0.2004,0.2729,0.0914,0.1269,0.0528,0.2127,0.03,0.0375,33.903,0.3658,12.281,0.2981,0.2885,0.4661,6
PRJ3-01665,35,4.577,9.345,0.2445,0.3786,0.0973,0.104,0.0615,0.2405,0.0469,0.0176,26.333,0.2084,6.431,0.2911,0.2781,0.2607,4
PRJ3-01666,48,6.171,16.444,0.08,0.6014,0.1419,0.1425,0.055,0.271,0.056,0.0621,30.657,0.3277,3.053,0.3606,0.3126,0.3705,7
PRJ3-01667,20,4.955,8.875,0.2676,0.414,0.1282,0.2207,0.0427,0.2474,0.0664,0.02,32.05,0.3626,4.198,0.3249,0.2864,0.3538,4
PRJ3-01668,205,5.906,10.983,0.2197,0.4438,0.1145,0.2698,0.0675,0.2475,0.0651,0.0366,21.332,0.2378,1.833,0.4481,0.2971,0.3868,4
PRJ3-01669,152,5.445,7.382,0.1645,0.2905,0.0806,0.1256,0.0531,0.1874,0.0201,0.0152,28.042,0.3395,1.367,0.1688,0.2237,0.4111,3
PRJ3-01670,106,6.209,8.523,0.3338,0.3023,0.0745,0.1861,0.0575,0.2922,0.053,0.0419,21.233,0.1089,6.111,0.2339,0.2401,0.3084,4
PRJ3-01671,73,4.731,8.981,0.1748,0.3437,0.0624,0.0477,0.0237,0.02,0,0.0001,18.374,0.288,10.008,0.1597,0.2508,0.4015,3
PRJ3-01672,35,6.602,10.366,0.08,0.4195,0.0854,0.1734,0.07,0.269,0.0429,0.0133,19.716,0.229,0.614,0.1745,0.2749,0.3351,3
PRJ3-01673,198,5.054,4.928,0.4558,0.2531,0.0471,0.1723,0.0639,0.1423,0.0263,0.0176,29.523,0.2309,3.145,0.3023,0.3151,0.4818,3
PRJ3-01674,14,3.132,7.797,0.3035,0.2745,0.0553,0.0665,0.0218,0.1189,0.0275,0.0092,17.192,0.2197,5.751,0.354,0.2152,0.199,2
PRJ3-01675,203,4.863,11.318,0.1417,0.3545,0.0752,0.0009,0.0396,0.0321,0.0325,0.0234,26.4,0.4057,6.689,0.1204,0.2897,0.3414,4
PRJ3-01676,23,4.911,7.885,0.3698,0.2441,0.0572,0.036,0.0297,0.02,0.0201,0.0019,21.384,0.3481,7.544,0.1048,0.1771,0.2852,2
PRJ3-01677,62,5.088,7.598,0.3435,0.2479,0.0444,0.0795,0.0457,0.0908,0.0276,0.0037,31.301,0.3542,4.359,0.2807,0.229,0.2273,3
PRJ3-01678,32,4.307,9.584,0.2649,0.2832,0.0749,0.0739,0.038,0.02,0.0282,0.0334,22.537,0.2328,6.705,0.1487,0.1326,0.5058,4
PRJ3-01679,86,4.511,6.137,0.4413,0.2288,0.0422,0.1623,0.0564,0.0807,0.0321,0.0069,24.7,0.3318,0,0.3245,0.2929,0.2283,2
PRJ3-01680,25,6.674,6.763,0.4028,0.1838,0.07,0.1862,0.0281,0.2344,0.0419,0.0256,10.951,0.0932,0.999,0.4968,0.1836,0.257,2
PRJ3-01681,23,3.214,8.375,0.4316,0.4069,0.1204,0,0.0267,0.0819,0.0327,0.0194,27.831,0.3666,5.227,0.3391,0.2524,0.223,4
PRJ3-01682,202,4.927,2,0.6884,0.0949,0.0537,0.1108,0.022,0.1232,0.0324,0.0073,20.862,0.1304,7.26,0.3298,0.1974,0.3134,2
PRJ3-01683,69,5.324,10.917,0.08,0.3722,0.0783,0.1964,0.0465,0.111,0.0213,0.0286,29.845,0.296,5.734,0.4606,0.2746,0.286,5
PRJ3-01684,30,4.449,5.321,0.4081,0.2432,0.0584,0.0846,0.0333,0.1563,0.0496,0.0099,23.196,0.3327,0.919,0.3059,0.2827,0.3802,2
PRJ3-01685,15,5.605,9.517,0.3037,0.2866,0.0766,0.0687,0,0.1521,0.0031,0.0263,20.656,0.2732,4.638,0.0904,0.2196,0.3697,3
PRJ3-01686,9,1.612,10.448,0.2577,0.4817,0.099,0.1265,0.0483,0.112,0.0111,0.0344,26.506,0.2392,5.2,0.3521,0.3212,0.2734,5
PRJ3-01687,36,4.561,8.74,0.3839,0.3139,0.0865,0.1459,0.0299,0.2209,0.009,0,17.881,0.287,0,0.246,0.221,0.3143,1
PRJ3-01688,240,5.4,8.975,0.2777,0.2153,0.0869,0.2318,0.0609,0.2745,0.0395,0.0462,27.492,0.3121,4.081,0.3091,0.3496,0.3701,4
PRJ3-01689,65,4.905,8.894,0.2122,0.4175,0.0808,0.1368,0.0128,0.1041,0.0291,0.0035,21.744,0.2901,3.221,0.274,0.252,0.3809,2
PRJ3-01690,79,5.338,9.006,0.2855,0.2281,0.054,0.1524,0.0539,0.2397,0.0398,0.0184,17.603,0.121,7.988,0.3628,0.242,0.2667,3
PRJ3-01691,193,5.454,7.428,0.374,0.2644,0.0907,0.1427,0.0612,0.1708,0.0509,0.0139,24.361,0.3411,2.674,0.3704,0.3118,0.363,2
PRJ3-01692,53,5.453,6.101,0.4794,0.2209,0.067,0.0909,0.0291,0.1488,0.0655,0.0175,15.936,0.2856,0,0.3491,0.0994,0.3618,1
PRJ3-01693,192,5.256,12.478,0.08,0.4629,0.1273,0.0625,0.0287,0.2623,0.0357,0.0303,17.876,0.1787,7.981,0.3798,0.1879,0.41,5
PRJ3-01694,52,5.076,5.507,0.5379,0.2817,0.0699,0.0662,0.0427,0.11,0.0244,0.0106,12.826,0.2814,2.068,0.3884,0.108,0.4033,2
PRJ3-01695,65,4.72,5.582,0.3807,0.2481,0.0643,0.0883,0.0232,0.1308,0.0214,0.0218,20.433,0.281,4.035,0.2812,0.2373,0.3328,2
PRJ3-01696,235,5.423,10.358,0.2864,0.3166,0.0817,0.1565,0.044,0.2057,0.0324,0.0167,25.192,0.3096,4.34,0.0814,0.2483,0.3356,3
PRJ3-01697,164,4.826,7.824,0.3059,0.3211,0.0835,0,0.0488,0.3252,0.0213,0.0122,5,0.193,2.967,0.2146,0.0305,0.2913,2
PRJ3-01698,39,8.776,11.196,0.1392,0.3767,0.0845,0.2012,0.0619,0.2182,0.0505,0.0188,20.206,0.2772,8.66,0.4225,0.2283,0.5078,4
PRJ3-01699,24,4.5,11.425,0.1256,0.4256,0.0994,0.014,0.0039,0.0909,0.0161,0.0194,24.733,0.4541,6.502,0.1994,0.1823,0.3372,4
PRJ3-01700,42,4.541,7.778,0.2843,0.1982,0.0614,0.1814,0.0549,0.1358,0.0495,0.0214,21.661,0.1787,4.288,0.3499,0.2693,0.3901,3
PRJ3-01701,36,3.957,8.89,0.3567,0.3451,0.0803,0.0232,0.0207,0.02,0.0202,0,14.28,0.1891,1.401,0.1472,0.152,0.3447,1
PRJ3-01702,53,4.778,8.353,0.3099,0.2349,0.0696,0.1051,0.0315,0.1738,0.044,0.0151,25.999,0.4217,6.23,0.3628,0.2305,0.3699,3
PRJ3-01704,74,5.061,4.861,0.448,0.2339,0.0548,0.0698,0.028,0.1561,0,0.043,22.958,0.1796,4.991,0.2944,0.1219,0.4043,3
PRJ3-01705,120,6.836,13.166,0.0929,0.5219,0.1319,0.2054,0.0531,0.3056,0.0781,0.0482,37.618,0.4971,6.102,0.5812,0.3821,0.5579,7
PRJ3-01706,21,5.952,12.966,0.08,0.4506,0.1185,0.1685,0.0516,0.0991,0.0378,0.0329,28.777,0.4064,3.507,0.3069,0.3327,0.2123,5
PRJ3-01707,37,5.542,10.333,0.1519,0.3979,0.0846,0.0015,0.0263,0.1188,0.0249,0.0205,27.489,0.2694,5.446,0.135,0.1777,0.2773,4
PRJ3-01708,78,4.706,11.865,0.0855,0.4366,0.0998,0.1902,0.0586,0.1399,0.0204,0,15.974,0.2141,4.461,0.2708,0.2317,0.3259,3
PRJ3-01709,61,6.919,13.303,0.08,0.4798,0.1715,0.2091,0.0244,0.2274,0.0612,0.0331,31.1,0.3828,3.101,0.4709,0.3499,0.4175,6
PRJ3-01710,27,5.691,7.456,0.4109,0.3041,0.1016,0.0676,0.0204,0.145,0.0416,0.0425,14.898,0.2231,3.231,0.5165,0.1918,0.2815,3
PRJ3-01711,74,3.988,8.996,0.4046,0.3377,0.0772,0.0257,0.0161,0.1065,0.0052,0.0073,11.001,0.1914,1.205,0.1616,0.0838,0.3505,2
PRJ3-01712,13,5.632,11.679,0.1616,0.4064,0.1026,0.0634,0.0288,0.0741,0.0107,0.0045,19.143,0.2366,2.901,0.2908,0.1561,0.2148,3
PRJ3-01713,43,10.238,8.992,0.0826,0.2761,0.1127,0.2042,0.0749,0.2214,0.0641,0.0352,21.234,0.2665,4.046,0.3882,0.3078,0.219,4
PRJ3-01714,26,6.03,10.719,0.2369,0.3767,0.1115,0.1655,0.0405,0.3012,0.037,0.0287,20.938,0.2946,2.504,0.366,0.2489,0.417,4
PRJ3-01715,103,5.118,9.811,0.235,0.2963,0.065,0.048,0.0516,0.223,0.0116,0.0163,18.915,0.3615,5.755,0.3478,0.1993,0.4084,3
PRJ3-01716,70,5.459,14.57,0.1262,0.5172,0.1238,0.2028,0.0724,0.1461,0.0482,0.0504,30.88,0.3785,0.314,0.4537,0.3528,0.4272,6
PRJ3-01717,13,3.257,11.633,0.1351,0.5004,0.1451,0.1546,0.0275,0.2207,0.035,0.0335,23.283,0.2367,7.504,0.4887,0.2816,0.2506,5
PRJ3-01718,43,5.109,5.742,0.3761,0.1439,0.0759,0.2312,0.0424,0.2186,0.0622,0.0314,10.014,0.1401,0,0.2489,0.1961,0.3849,2
PRJ3-01719,41,4.372,11.938,0.1795,0.4218,0.0789,0.0493,0,0.1305,0.043,0.0278,8.095,0.0807,5.503,0.2774,0.1406,0.223,4
PRJ3-01720,56,5.313,4.187,0.5246,0.0618,0.0503,0.1753,0.0333,0.2437,0.0387,0.0146,20.461,0.3378,3.958,0.2469,0.2944,0.3543,2
PRJ3-01721,60,5.348,8.728,0.3426,0.4339,0.0899,0.1181,0.0227,0.0871,0.0297,0.0194,29.629,0.4763,8.958,0.4418,0.3056,0.3262,4
PRJ3-01722,22,4.996,11.016,0.1928,0.4219,0.0993,0.1349,0.0253,0.2768,0.0117,0.0136,23.764,0.3688,7.628,0.2864,0.0901,0.4716,4
PRJ3-01723,57,5.932,7.158,0.272,0.2255,0.1094,0.1993,0.0629,0.2014,0.0297,0.0224,18.343,0.2049,0.918,0.3831,0.1971,0.4586,2
PRJ3-01724,53,4.351,6.904,0.4271,0.3124,0.0788,0.1434,0.0276,0.2524,0.0465,0.0174,20.087,0.2821,7.83,0.5304,0.2298,0.425,3
PRJ3-01725,95,5.393,4.782,0.3869,0.1998,0.0531,0.1198,0.0879,0.2288,0.0402,0.034,20.575,0.2802,7.224,0.3974,0.2881,0.3278,3
PRJ3-01726,54,4.818,8.072,0.1912,0.3127,0.0478,0.1521,0.055,0.2204,0.0178,0.0085,11.449,0.159,0.718,0.3498,0.0718,0.3992,1
PRJ3-01727,66,3.671,6.883,0.3328,0.1996,0.0618,0.0714,0.0382,0.167,0,0.0192,7.279,0.1291,1.24,0.1783,0.0697,0.1937,2
PRJ3-01728,10,3.319,4.365,0.5018,0.1744,0.039,0.0617,0.0273,0.1083,0.0343,0.021,28.874,0.2417,4.578,0.3466,0.2097,0.2417,3
PRJ3-01729,40,4.723,12.797,0.08,0.4943,0.1131,0.0046,0.0038,0.0962,0.022,0.0,24.167,0.3556,6.377,0.2656,0.2192,0.3512,4
PRJ3-01730,129,5.963,11.026,0.08,0.3746,0.0988,0.1441,0.0373,0.2656,0.053,0.0309,9.488,0.1727,4.865,0.5024,0.1549,0.4132,4
PRJ3-01731,152,4.987,11.709,0.1675,0.3954,0.1034,0.2019,0.0355,0.1654,0.0397,0.0307,27.878,0.3929,1.228,0.2879,0.254,0.3411,4
PRJ3-01732,58,5.263,7.134,0.4251,0.2539,0.0721,0.1056,0.0726,0.1107,0,0.0352,12.59,0.0988,0,0.1189,0.1574,0.2907,2
PRJ3-01733,165,6.195,11.103,0.2736,0.3884,0.0897,0.264,0.0509,0.2321,0.0606,0.0257,12.158,0.1767,8.688,0.5337,0.2301,0.4338,4
PRJ3-01734,19,2.946,4.689,0.5462,0.1046,0.0446,0.1212,0.027,0.0658,0.0023,0.0214,38.583,0.402,4.654,0.2672,0.3387,0.385,4
PRJ3-01735,85,4.119,2.747,0.6564,0.0901,0.0093,0.0435,0.0338,0.0503,0.0389,0.0174,20.943,0.1724,0,0.0914,0.1794,0.2752,1
PRJ3-01736,48,10.672,6.891,0.4235,0.2696,0.0979,0.192,0.0478,0.2058,0.0497,0.0227,31.022,0.3081,7.406,0.3845,0.2591,0.4016,4
PRJ3-01737,13,5.17,5.412,0.4329,0.1646,0.0484,0.1504,0.041,0.0556,0.0158,0.0086,22.209,0.1615,9.138,0.1931,0.2544,0.4296,3
PRJ3-01738,31,3.944,7.178,0.2981,0.3242,0.0416,0.1146,0.0231,0.236,0.0151,0.0211,21.986,0.2356,3.559,0.3286,0.2119,0.3115,3
PRJ3-01739,61,6.849,2.285,0.6695,0.1167,0.1017,0.2404,0.054,0.2954,0.0373,0.0264,16.168,0.2503,2.424,0.3314,0.3166,0.5681,2
PRJ3-01740,121,5.399,10.025,0.2511,0.3838,0.1009,0.2197,0.0672,0.1632,0.0539,0.0201,18.561,0.1498,3.625,0.4977,0.276,0.3165,3
PRJ3-01741,26,3.992,6.887,0.3861,0.2161,0.066,0.1265,0.0897,0.2044,0.0501,0.0225,16.44,0.2383,8.405,0.3455,0.1813,0.2573,3
PRJ3-01742,38,4.97,3.142,0.6226,0.0535,0.0192,0.0831,0.037,0.0321,0.013,0.0156,29.965,0.2439,3.806,0.2765,0.3316,0.1683,3
PRJ3-01743,74,5.431,7.307,0.3481,0.3155,0.077,0.1149,0.0439,0.1539,0.0205,0.0135,8.906,0.2298,5.568,0.3136,0.1609,0.3654,2
PRJ3-01744,56,4.659,5.881,0.5096,0.1842,0.0452,0.1175,0.0429,0.1783,0.0444,0.0103,14.315,0.142,3.833,0.3724,0.0792,0.4085,1
PRJ3-01745,49,6.51,4.018,0.6841,0.2363,0.0406,0.1257,0.0588,0.2257,0.0385,0.0201,25.503,0.1556,3.962,0.2518,0.1937,0.3107,3
PRJ3-01746,20,4.607,9.018,0.4021,0.3016,0.0944,0.0515,0.0374,0.02,0.0234,0.0102,11.012,0.2017,3.669,0.0423,0.043,0.3558,2
PRJ3-01747,100,6.067,10.774,0.1162,0.4211,0.0824,0.0905,0.0085,0.1912,0.0815,0.044,43.619,0.5601,7.575,0.3902,0.3257,0.4629,6
PRJ3-01748,65,5.568,7.264,0.3933,0.2553,0.0617,0.2001,0.0445,0.2457,0,0.0183,10.097,0.2106,6.701,0.3293,0.2355,0.2316,3
PRJ3-01749,14,4.443,10.377,0.1472,0.4207,0.0942,0.0733,0,0.0928,0.0347,0.0346,36.401,0.5103,4.363,0.3867,0.3317,0.3603,5
PRJ3-01750,38,3.963,5.41,0.4681,0.2114,0.0411,0.0326,0.0336,0.0482,0.0402,0,5,0.0342,0,0.3263,0.0357,0.2925,1
PRJ3-01751,12,7.045,5.673,0.4028,0.178,0.0601,0.0535,0.0349,0.1163,0.0473,0,11.763,0.1742,0.915,0.2449,0.145,0.2735,1
PRJ3-01752,240,5.006,10.801,0.1938,0.4634,0.1191,0.2174,0.0279,0.1527,0.0477,0.0345,25.807,0.3405,8.625,0.4835,0.1872,0.3838,5
PRJ3-01753,240,5.203,9.174,0.2235,0.2597,0.0839,0.1478,0.0607,0.1024,0.0538,0.0204,15.061,0.1512,3.551,0.3085,0.261,0.376,3
PRJ3-01754,16,4.815,6.082,0.4482,0.2035,0.0452,0.0769,0.0434,0.02,0.0062,0,15.402,0.1678,0,0.2393,0.148,0.2528,1
PRJ3-01755,53,4.11,11.466,0.0968,0.5064,0.0789,0.0679,0.0287,0.1654,0,0.0359,37.145,0.3808,4.624,0.3296,0.3628,0.4124,6
PRJ3-01756,23,3.029,5.81,0.4496,0.1414,0.0626,0.0374,0.0045,0.1015,0.0176,0.0094,21.018,0.2265,0,0.413,0.2184,0.1932,1
PRJ3-01757,57,5.056,9.601,0.3036,0.341,0.0883,0.1194,0.0527,0.1743,0.0232,0.0044,14.728,0.0365,3.431,0.4141,0.17,0.2747,2
PRJ3-01758,133,4.196,4.056,0.5247,0.1391,0.0424,0.0587,0.0315,0.0382,0.0391,0.0162,20.263,0.1931,3.57,0.0944,0.2412,0.4031,2
PRJ3-01759,19,6.511,11.197,0.1007,0.3583,0.09,0.0846,0.0323,0.1583,0.0434,0.0238,24.18,0.2076,4.051,0.2653,0.3077,0.3315,4
PRJ3-01760,52,6.058,7.643,0.2877,0.3587,0.1066,0.025,0.0148,0.0599,0.0228,0.0249,21.762,0.2199,6.175,0.3887,0.1599,0.3341,3
PRJ3-01761,23,5.242,15.126,0.08,0.5898,0.1222,0.007,0.0202,0.2586,0.0215,0.013,23.428,0.3808,5.071,0.2152,0.2363,0.268,5
PRJ3-01762,142,5.672,10.618,0.1616,0.3824,0.0795,0.0817,0.045,0.2269,0.0319,0.0208,40.59,0.5207,2.929,0.3364,0.294,0.4489,5
PRJ3-01763,25,5.923,9.783,0.2701,0.2559,0.0841,0.1985,0.0699,0.2406,0.0463,0,17.868,0.3413,4.543,0.1864,0.2313,0.3716,2
PRJ3-01764,165,5.702,7.79,0.4229,0.3431,0.0948,0.0846,0.0423,0.2567,0.0509,0.0275,12.609,0.1312,2.806,0.1824,0.2195,0.411,3
PRJ3-01765,18,4.809,7.491,0.2603,0.2949,0.0898,0.16,0.0532,0.235,0.0175,0.0196,22.477,0.208,2.57,0.3482,0.1565,0.3232,2
PRJ3-01766,195,4.969,10.182,0.153,0.3361,0.093,0.0325,0.0207,0.1575,0.0348,0.0234,29.67,0.2243,2.567,0.3828,0.2735,0.4983,4
PRJ3-01767,24,5.056,5.599,0.5055,0.0818,0.041,0.1719,0.0436,0.1204,0.0298,0.0074,30.671,0.2511,3.007,0.2914,0.2099,0.3725,2
PRJ3-01768,82,5.48,14.288,0.08,0.4813,0.0993,0.1345,0.0419,0.1583,0.0437,0.0155,33.391,0.3502,8.347,0.4825,0.3238,0.2613,6
PRJ3-01769,104,7.409,6.891,0.3213,0.2259,0.0859,0.1176,0.0447,0.2872,0.0716,0.0301,21.312,0.2229,7.934,0.3402,0.2473,0.5065,3
PRJ3-01770,42,3.302,2,0.7603,0.16,0.0214,0.0444,0.0357,0.2022,0.0021,0.0009,19.108,0.1286,0.635,0.293,0.1584,0.3267,1
PRJ3-01771,53,4.105,8.001,0.3568,0.2833,0.0654,0.1102,0.0379,0.0421,0.0344,0.03,27.325,0.2648,2.867,0.1948,0.2074,0.1582,3
PRJ3-01772,21,3.172,8.716,0.3939,0.3169,0.0546,0.0279,0.0084,0.0695,0,0.0171,13.868,0.1777,0,0.2554,0.1113,0.289,2
PRJ3-01773,147,5.126,10.273,0.1305,0.333,0.0837,0,0.0091,0.2099,0.0436,0.0203,17.753,0.2977,4.261,0.2619,0.185,0.4392,3
PRJ3-01774,73,5.656,11.856,0.0878,0.3865,0.121,0.068,0.0002,0.2196,0.0022,0.0142,15.756,0.3468,5.967,0.1945,0.117,0.4327,3
PRJ3-01775,17,5.608,8.461,0.1202,0.3474,0.0804,0.1316,0.0495,0.1803,0.002,0.0485,32.892,0.392,1.876,0.3143,0.3083,0.3995,5
PRJ3-01776,76,5.927,11.227,0.1094,0.5311,0.127,0.1619,0.0547,0.3024,0.0214,0.0395,25.074,0.4457,6.288,0.2773,0.2775,0.2121,5
PRJ3-01777,215,5.792,8.682,0.3283,0.2341,0.0829,0.1073,0.0436,0.18,0.0246,0.0475,28.723,0.3692,5.893,0.2314,0.2499,0.3128,4
PRJ3-01778,102,6.097,8.771,0.2013,0.3647,0.0993,0.2451,0.1019,0.2516,0.0526,0.0216,24.755,0.2306,3.979,0.3306,0.3108,0.4145,3
PRJ3-01779,11,3.571,5.284,0.3403,0.2077,0.0399,0.1461,0.0427,0.1677,0.0302,0.0168,13.565,0.1391,4.768,0.1896,0.2821,0.3296,2
PRJ3-01780,116,6.254,10.407,0.2038,0.3487,0.0904,0.1641,0.0383,0.1904,0.0649,0.0236,16.724,0.1764,2.172,0.3195,0.2378,0.2974,3
PRJ3-01781,46,4.32,11.497,0.1468,0.3773,0.0735,0.1076,0,0.1327,0.022,0.0099,23.566,0.1999,2.374,0.1514,0.204,0.4463,3
PRJ3-01782,134,5.201,9.637,0.1536,0.3116,0.0637,0.2445,0.057,0.0621,0.0283,0.0217,15.216,0.2838,3.615,0.2599,0.2807,0.2969,3
PRJ3-01783,39,6.479,7.25,0.3944,0.2676,0.0755,0.0729,0.0125,0.1107,0.0371,0.0406,18.348,0.3487,0,0.1984,0.203,0.1876,3
PRJ3-01784,9,3.939,4.813,0.487,0.1575,0.0423,0.0295,0.0389,0.02,0.004,0.0134,11.568,0.1445,4.824,0.2396,0.0721,0.3117,2
PRJ3-01785,93,7.289,6.181,0.3157,0.2309,0.0642,0.1493,0.0276,0.3008,0.0857,0.0305,27.087,0.2726,7.202,0.3892,0.3177,0.3505,4
PRJ3-01786,150,5.616,6.27,0.4762,0.2851,0.0489,0.2022,0.032,0.1521,0.0145,0.0315,24.082,0.3028,3.016,0.3659,0.252,0.4366,3
PRJ3-01787,129,4.826,2.641,0.6001,0.2336,0.0617,0.0363,0.0394,0.1499,0.062,0.0175,6.963,0.0828,4.709,0.3093,0.1012,0.3327,2
PRJ3-01788,80,5.73,5.767,0.421,0.2871,0.086,0.169,0.0928,0.2784,0.0659,0.0509,40.115,0.5156,4.502,0.42,0.3641,0.4485,5
PRJ3-01789,7,1.787,11.633,0.08,0.4236,0.0977,0,0,0.02,0,0.0191,22.296,0.3042,4.027,0.1617,0.1447,0.3265,4
PRJ3-01790,25,4.89,9.943,0.2445,0.3587,0.0922,0.0945,0.0537,0.1254,0.0368,0.0222,28.253,0.3809,7.698,0.1764,0.3012,0.2427,4
PRJ3-01791,4,1.117,9.611,0.3471,0.3281,0.0726,0.1245,0.0257,0.0822,0.0168,0.0286,18.674,0.317,8.033,0.1895,0.2238,0.4591,4
PRJ3-01792,105,4.834,7.292,0.25,0.275,0.0461,0.0644,0.0309,0.1966,0.0491,0.02,11.411,0.1524,5.758,0.2864,0.109,0.3889,2
PRJ3-01793,20,3.763,11.229,0.2095,0.399,0.0794,0.1158,0.0255,0.1304,0.037,0.019,17.726,0.1341,0,0.2623,0.1294,0.3378,3
PRJ3-01794,32,5.737,4.151,0.474,0.2885,0.0509,0.1184,0,0.1432,0.0017,0.007,36.134,0.3245,0,0.1984,0.2612,0.2731,3
PRJ3-01795,145,4.962,14.619,0.0931,0.4684,0.1075,0.0205,0.0081,0.1813,0.0532,0.0366,23.787,0.2484,9.218,0.2048,0.2477,0.4169,6
PRJ3-01796,136,5.02,9.929,0.2756,0.2694,0.0253,0.1687,0.0344,0.156,0.0318,0.0128,15.351,0.2001,3.025,0.3078,0.2446,0.3866,2
PRJ3-01797,24,4.415,10.614,0.2006,0.3574,0.1095,0.1589,0.0638,0.1296,0.0259,0.0121,23.664,0.2208,1.527,0.2314,0.1732,0.4395,3
PRJ3-01798,44,4.453,7.563,0.367,0.3551,0.1054,0.2098,0.0609,0.0576,0.0258,0.0271,29.11,0.2403,1.142,0.169,0.2568,0.2813,3
PRJ3-01799,124,6.002,10.908,0.1826,0.3568,0.0814,0.1719,0.0748,0.1829,0.017,0.0072,9.746,0.1464,5.657,0.2694,0.1178,0.3975,3
PRJ3-01800,20,4.947,8.898,0.2509,0.2813,0.0594,0.0285,0.0226,0.2284,0.0504,0,32.048,0.4054,2.331,0.1433,0.2188,0.3155,2
PRJ3-01801,16,4.003,8.451,0.3152,0.2674,0.0585,0.1111,0.0203,0.1906,0.024,0.0181,20.497,0.2525,2.728,0.2894,0.1727,0.3309,2
PRJ3-01802,17,4.495,6.7,0.373,0.3021,0.0885,0.1548,0.0289,0.1941,0.0145,0.0272,26.542,0.2967,4.069,0.2098,0.2877,0.273,3
PRJ3-01804,4,1.544,7.604,0.4154,0.2115,0.0533,0.115,0.0221,0.0534,0.0347,0.0117,24.166,0.4957,5.126,0.275,0.1863,0.3855,2
PRJ3-01805,105,4.527,6.92,0.4136,0.3079,0.0791,0.0492,0.014,0.0851,0.0088,0.0125,18.434,0.2501,3.716,0.2149,0.223,0.2294,2
PRJ3-01806,240,5.477,7.408,0.3152,0.396,0.1303,0.2143,0.0395,0.0959,0.0494,0.0303,21.287,0.3471,8.223,0.3584,0.2907,0.4883,4
PRJ3-01807,24,13.371,13.105,0.1234,0.4506,0.1047,0.0959,0.0376,0.0265,0.0386,0.0166,22.209,0.3459,7.63,0.3359,0.1981,0.211,4
PRJ3-01808,118,6.084,11.592,0.2087,0.4134,0.1005,0.1385,0.0446,0.3025,0.0745,0.0344,18.462,0.1098,1.216,0.4315,0.2317,0.4111,4
PRJ3-01809,16,5.44,9.533,0.1305,0.2707,0.075,0.0856,0.0336,0.1451,0.0242,0.0139,8.357,0.2551,0.993,0.2254,0.1236,0.2669,2
PRJ3-01810,18,3.745,5.743,0.3132,0.2401,0.1071,0.2596,0.0637,0.2681,0.0389,0.0235,13.567,0.1021,4.172,0.3369,0.2417,0.4237,3
PRJ3-01811,38,4.867,5.467,0.4597,0.2502,0.0481,0.1838,0.0123,0.1981,0.046,0.0272,37.856,0.4538,4.331,0.3573,0.3642,0.4368,4
PRJ3-01813,129,5.182,8.191,0.2912,0.2741,0.0799,0.1266,0.0646,0.1986,0.0178,0.0138,26.864,0.3411,2.276,0.2962,0.2834,0.4349,3
PRJ3-01814,131,5.751,8.197,0.2889,0.3139,0.0884,0.0806,0.0296,0.0934,0.0276,0.0066,12.435,0.2531,0,0.4147,0.1643,0.2542,1
PRJ3-01815,70,5.142,2.956,0.6245,0.1452,0.0599,0.1178,0.0043,0.1657,0.0268,0,16.108,0.3131,7.323,0.1069,0.1944,0.393,2
PRJ3-01816,182,7.049,14.349,0.08,0.6394,0.1622,0.1864,0.0391,0.258,0.058,0.0338,21.517,0.2336,5.178,0.4553,0.3141,0.4845,6
PRJ3-01817,192,6.175,5.656,0.4225,0.2848,0.097,0.1342,0.051,0.2575,0.0483,0.037,5,0.1111,5.34,0.4156,0.1377,0.5687,3
PRJ3-01818,49,4.941,5.832,0.547,0.2176,0.0788,0.1425,0.0479,0.141,0,0,25.219,0.3438,2.179,0.2516,0.3154,0.3025,2
PRJ3-01819,43,4.333,8.75,0.3524,0.2777,0.0523,0.1431,0.0379,0.1381,0.0396,0.0117,5.346,0.0713,5.89,0.3432,0.1941,0.306,2
PRJ3-01820,32,6.701,4.704,0.5591,0.1653,0.0412,0.158,0.0437,0.2123,0.0502,0.0128,14.8,0.1304,6.224,0.3512,0.1743,0.25,2
PRJ3-01821,55,5.257,6.194,0.3788,0.1778,0.0942,0.0732,0.0107,0.1539,0.0191,0.0344,12.786,0.1658,4.516,0.3254,0.0901,0.3053,3
PRJ3-01822,240,5.028,9.319,0.2397,0.4531,0.1166,0.1333,0.0368,0.2498,0.0703,0.0591,14.971,0.2065,8.905,0.4174,0.1419,0.4278,5
PRJ3-01823,34,4.021,13.584,0.08,0.4286,0.1025,0.0922,0.04,0.1839,0.0263,0.0205,23.908,0.2394,0,0.3586,0.1676,0.3247,4
PRJ3-01824,63,4.325,6.966,0.3746,0.2072,0.0438,0.0809,0.0459,0.1415,0.0178,0.0039,11.028,0.1444,2.178,0.2014,0.122,0.2618,1
PRJ3-01825,34,8.254,6.975,0.2581,0.2912,0.0622,0.2036,0.0553,0.1765,0.0195,0.0539,19.115,0.3709,6.342,0.3398,0.2331,0.4132,4
PRJ3-01826,55,5.065,7.842,0.2287,0.2612,0.0482,0.0201,0.0161,0.164,0.0264,0.0033,10.88,0.1111,1.389,0.3105,0.1071,0.2925,1
PRJ3-01827,33,4.001,2.546,0.6143,0.0137,0,0.0547,0.0048,0.1192,0.0092,0,16.821,0.1943,6.91,0.0837,0.1661,0.3067,1
PRJ3-01828,12,3.388,11.251,0.1965,0.3833,0.0814,0.1135,0.0166,0.2798,0.0475,0.0204,10.239,0.173,7.767,0.3135,0.2503,0.3546,4
PRJ3-01829,45,8.252,9.448,0.2505,0.3905,0.0691,0.1947,0.0598,0.1911,0.0281,0.0338,17.773,0.2588,2.962,0.3403,0.2315,0.3408,3
PRJ3-01830,42,3.965,13.815,0.08,0.505,0.1121,0.0901,0.0137,0.1375,0.0225,0.0106,21.13,0.2554,1.446,0.2525,0.2193,0.2968,4
PRJ3-01831,41,7.681,8.085,0.1999,0.3075,0.0734,0.1995,0.0958,0.202,0.0528,0.024,28.575,0.3389,6.771,0.4057,0.3407,0.4526,4
PRJ3-01832,46,4.886,8.206,0.1224,0.3621,0.0841,0.0632,0.0187,0.02,0.0126,0.0324,12.621,0.2836,4.979,0.2145,0.114,0.2748,3
PRJ3-01833,213,4.874,6.974,0.5075,0.2879,0.0732,0.0786,0.0695,0.1278,0.0214,0.0056,14.794,0.2396,3.181,0.0842,0.175,0.4098,2
PRJ3-01834,41,3.839,6.129,0.5195,0.2629,0.0243,0.0309,0.026,0.1443,0.0435,0.0032,18.742,0.2513,0,0.2382,0.2115,0.2744,1
PRJ3-01835,159,4.971,4.331,0.4898,0.2707,0.0762,0.2231,0.0893,0.138,0.0418,0.0211,23.027,0.1918,3.888,0.2969,0.2583,0.2113,3
PRJ3-01836,55,5.096,10.177,0.1712,0.3187,0.0926,0.1511,0.0738,0.1768,0.0815,0.0231,16.822,0.1642,6.055,0.4799,0.1599,0.3632,3
PRJ3-01837,112,6.085,10.698,0.08,0.4473,0.0908,0.1174,0.0191,0.2022,0.0697,0.0524,16.406,0.2912,5.104,0.4807,0.1817,0.4013,5
PRJ3-01838,63,4.908,8.278,0.2839,0.3702,0.0957,0.0971,0.0371,0.1782,0.0396,0.0193,17.292,0.208,6.189,0.2194,0.2132,0.2783,3
PRJ3-01839,25,4.661,9.917,0.08,0.3832,0.1294,0.1676,0.0259,0.2145,0.0352,0.0344,37.081,0.3591,4.047,0.3069,0.3274,0.3847,5
PRJ3-01840,19,4.496,12.264,0.08,0.3612,0.0694,0.1513,0.0208,0.314,0.0452,0.0029,30.118,0.3107,1.612,0.4129,0.325,0.3211,3
PRJ3-01841,41,4.725,5.116,0.4424,0.0835,0.0082,0.0135,0.049,0.1321,0.0333,0.0079,10.8,0.2741,0,0.2999,0.1181,0.3465,1
PRJ3-01842,45,5.004,4.434,0.6399,0.1312,0.0319,0.0464,0,0.0652,0.0236,0.0007,18.762,0.2353,1.848,0.1723,0.1282,0.323,1
PRJ3-01843,46,4.757,11.178,0.1544,0.3336,0.073,0.1301,0.0449,0.2366,0.0176,0.0426,27.064,0.2613,2.707,0.3645,0.2227,0.3373,4
PRJ3-01844,240,4.105,6.454,0.3569,0.2849,0.0924,0.147,0.0315,0.1741,0.0517,0.0258,17.199,0.1932,1.163,0.3126,0.1958,0.4452,2
PRJ3-01845,89,4.312,8.353,0.3539,0.2403,0.0362,0.0459,0.0231,0.0314,0.0317,0.0119,18.09,0.2365,1.022,0.1968,0.2516,0.1759,2
PRJ3-01846,154,5.166,8.361,0.3581,0.2389,0.0908,0.2505,0.0383,0.1912,0.05,0.0182,33.258,0.3895,4.577,0.1651,0.4216,0.2357,4
PRJ3-01847,13,6.013,8.248,0.3563,0.285,0.0815,0.1079,0.0185,0.1187,0.0193,0.0296,10.039,0.1304,5.807,0.4132,0.1525,0.4808,3
PRJ3-01848,25,7.528,8.459,0.2056,0.3459,0.0742,0.1877,0.0443,0.2004,0.0397,0.0099,22.308,0.224,6.196,0.2088,0.1808,0.2694,3
PRJ3-01849,59,4.297,5.28,0.4338,0.2444,0.0497,0.1101,0.0473,0.1934,0.0397,0.0255,14.547,0.184,0,0.1735,0.1619,0.3405,2
PRJ3-01851,74,6.458,6.083,0.3453,0.3177,0.0746,0.1912,0.0682,0.2334,0.032,0.0171,15.433,0.2448,2.155,0.2185,0.1891,0.4142,2
PRJ3-01852,57,4.751,10.741,0.1733,0.389,0.063,0.1722,0.0402,0.1657,0.0155,0.0356,38.98,0.4139,8.994,0.348,0.3285,0.4292,6
PRJ3-01853,45,3.72,6.505,0.4938,0.2286,0.0623,0.0862,0.0801,0.1425,0.0202,0.0054,14.991,0.2629,0.23,0.2184,0.1371,0.2699,1
PRJ3-01854,77,6.807,10.948,0.2235,0.4049,0.0892,0.064,0.0537,0.1727,0.0318,0.0262,22.237,0.2326,5.372,0.2897,0.1787,0.3001,4
PRJ3-01855,181,5.568,8.114,0.314,0.2919,0.0803,0.1661,0.0409,0.198,0.0284,0.0068,16.6,0.2213,0,0.4017,0.151,0.3385,1
PRJ3-01856,238,6.023,7.446,0.3363,0.3101,0.085,0.2282,0.0585,0.1782,0.0467,0.0267,16.666,0.1795,3.026,0.3418,0.223,0.4752,3
PRJ3-01857,28,6.236,8.54,0.3351,0.345,0.0738,0,0,0.1981,0.0233,0.013,35.246,0.3632,5.352,0.2051,0.3431,0.3202,4
PRJ3-01858,107,4.154,2,0.4989,0.0843,0.0572,0,0.0251,0.0218,0,0.0108,20.086,0.1708,3.678,0.1922,0.1765,0.2867,2
PRJ3-01859,36,3.566,8.539,0.1372,0.2719,0.0631,0.2047,0.0709,0.2726,0.0183,0.0197,10.68,0.1112,1.027,0.171,0.1825,0.3595,2
PRJ3-01860,4,1.395,7.666,0.425,0.3197,0.0629,0.1171,0.0624,0.0871,0,0.0042,16.081,0.2078,2.972,0.1417,0.1859,0.2699,2
PRJ3-01861,99,4.004,5.235,0.4202,0.2014,0.0297,0.1735,0.0507,0.0982,0.0226,0,16.737,0.1581,6.414,0.0564,0.2575,0.31,2
PRJ3-01863,117,6.557,4.748,0.6068,0.1339,0.0628,0.2155,0.0756,0.2762,0.0459,0.0296,17.226,0.255,3.813,0.2634,0.198,0.3625,2
PRJ3-01864,13,2.974,6.951,0.4104,0.2164,0.0249,0.1134,0.0163,0.0867,0.0509,0.0047,10.985,0.1846,2.544,0.3683,0.1106,0.2727,1
PRJ3-01865,87,4.115,5.274,0.3468,0.1982,0.0678,0.0978,0.0235,0.1317,0,0.0281,6.31,0.0752,4.035,0.1869,0.118,0.3258,2
PRJ3-01866,89,4.083,10.689,0.08,0.5342,0.1405,0.0699,0.0102,0.1973,0.0178,0.0118,31.589,0.4357,5.351,0.3436,0.2715,0.418,4
PRJ3-01867,41,11.06,6.517,0.3348,0.2152,0.0758,0.1635,0,0.2289,0.0424,0.017,32.064,0.4143,9.862,0.4933,0.2753,0.3381,4
PRJ3-01868,69,7.195,12.888,0.08,0.414,0.1133,0.2117,0.0636,0.305,0.0368,0.0162,18.959,0.2836,0,0.1971,0.25,0.3496,3
PRJ3-01869,40,4.359,10.339,0.1561,0.4359,0.0847,0.1113,0.0235,0.2148,0.058,0.0312,21.889,0.3314,5.663,0.3658,0.2255,0.3891,4
PRJ3-01870,25,6.184,14.249,0.08,0.5494,0.1616,0.2125,0.0752,0.2134,0.0823,0.0486,27.526,0.3126,10.027,0.3976,0.2554,0.4307,7
PRJ3-01871,86,4.867,7.444,0.481,0.302,0.0769,0.1256,0.0575,0.1964,0.0657,0.0058,21.884,0.2412,4.41,0.1764,0.2712,0.3559,2
PRJ3-01872,61,5.534,5.854,0.4676,0.2307,0.0963,0.1674,0.057,0.1576,0.0507,0.0178,17.079,0.2804,3.026,0.1861,0.1712,0.3875,2
PRJ3-01873,17,2.435,10.453,0.273,0.3166,0.0667,0.1121,0.0442,0.1474,0.0231,0,19.79,0.304,0,0.2287,0.1646,0.2233,2
PRJ3-01874,76,5.701,14.17,0.08,0.5171,0.1429,0.0256,0,0.1885,0.0414,0.03,42.533,0.3968,3.441,0.4312,0.2677,0.5094,6
PRJ3-01875,28,7.514,9.708,0.2123,0.364,0.0922,0.13,0.0934,0.101,0.0306,0.0347,47.723,0.5874,0,0.2296,0.3923,0.4015,5
PRJ3-01876,240,5.86,13.413,0.0832,0.4269,0.1361,0.1899,0.064,0.2744,0.0605,0.0181,35.954,0.3426,5.191,0.4057,0.439,0.5037,5
PRJ3-01877,27,4.76,5.418,0.3383,0.149,0.0629,0.1067,0.0134,0.0925,0.0149,0,19.407,0.2767,0,0.1878,0.2593,0.3278,1
PRJ3-01878,44,3.568,9.703,0.3368,0.3738,0.0889,0.1374,0.0699,0.1688,0.0413,0.0317,34.915,0.3403,5.873,0.3986,0.3433,0.3442,5
PRJ3-01879,75,5.448,9.089,0.2277,0.2502,0.0663,0.2132,0.0653,0.1845,0.0307,0.0098,26.149,0.2431,0,0.2835,0.2819,0.2509,2
PRJ3-01880,77,7.087,8.753,0.3131,0.2419,0.0608,0.1492,0.0564,0.2146,0.0656,0.0359,15.186,0.2837,4.038,0.2761,0.1829,0.4454,3
PRJ3-01881,80,6.253,6.594,0.4028,0.2939,0.0661,0.1351,0.0653,0.1537,0.0639,0.0664,30.191,0.4698,8.67,0.4537,0.2519,0.4993,6
PRJ3-01882,148,4.72,9.848,0.3138,0.3945,0.0939,0.1019,0.0328,0.1363,0.0273,0.0273,16.432,0.2832,9.599,0.1328,0.1211,0.3205,4
PRJ3-01883,4,2.033,4.92,0.514,0.135,0.0399,0.1406,0.0617,0.1305,0.0182,0.0114,18.658,0.1793,5.261,0.1503,0.2947,0.2403,2
PRJ3-01884,76,5.109,2.7,0.7104,0.1146,0.0643,0.0123,0,0.2145,0.0133,0.0226,13.376,0.1627,0,0.4713,0.1549,0.4921,1
PRJ3-01885,29,3.611,4.993,0.4802,0.3373,0.0897,0.0771,0.0273,0.1307,0.0053,0,20.451,0.1341,0,0.338,0.1993,0.2707,1
PRJ3-01886,65,4.978,8.814,0.2175,0.3238,0.0804,0.0758,0.0449,0.2067,0.032,0.023,24.26,0.3214,3.586,0.3404,0.1927,0.3603,3
PRJ3-01887,22,2.764,6.98,0.3747,0.3082,0.0775,0.1111,0.0455,0.0802,0.0232,0,5,0.1481,0,0.1723,0.1975,0.2464,1
PRJ3-01888,54,4.967,7.716,0.316,0.2711,0.0849,0.052,0.0368,0.1752,0.0055,0.0246,32.15,0.4815,4.26,0.2533,0.3193,0.4222,4
PRJ3-01889,172,5.012,10.829,0.1507,0.426,0.0947,0.1527,0.0753,0.2045,0.0261,0,30.71,0.2673,0,0.2619,0.2517,0.2525,3
PRJ3-01890,22,4.127,8.948,0.3641,0.2829,0.0481,0.1519,0.0761,0.1982,0.0094,0.0019,9.88,0.2313,2.678,0.0528,0.2253,0.2334,2
PRJ3-01891,68,5.315,5.132,0.6066,0.0855,0.055,0.087,0.0102,0.02,0.0143,0.0194,15.029,0.1887,5.11,0.272,0.1713,0.2037,2
PRJ3-01892,28,14.954,5.845,0.4197,0.2239,0.0757,0.1278,0.0524,0.0227,0.0339,0.0071,16.941,0.1918,3.618,0.1087,0.2561,0.3793,2
PRJ3-01893,4,1.082,5.634,0.5077,0.1699,0.0827,0.1475,0.0659,0.1551,0.0186,0.0057,18.906,0.2355,3.438,0.3035,0.252,0.3205,2
PRJ3-01894,39,5.25,4.261,0.4639,0.196,0.0205,0.0418,0.0464,0.1382,0.0442,0.0182,19.602,0.2382,2.278,0.1512,0.1623,0.2796,2
PRJ3-01895,79,6.541,12.4,0.08,0.4584,0.111,0.2247,0.0557,0.2912,0.0221,0.0251,27.351,0.262,3.283,0.2703,0.2749,0.4419,4
PRJ3-01896,40,4.678,9.479,0.5119,0.4499,0.0732,0.0687,0.0443,0.2229,0.0299,0.0031,20.157,0.2339,4.244,0.2575,0.2541,0.2216,2
PRJ3-01897,36,6.711,11.869,0.1121,0.4331,0.0936,0.2285,0.061,0.1717,0.0372,0.0518,20.361,0.3684,11.062,0.4837,0.2527,0.4447,6
PRJ3-01898,149,5.998,7.684,0.2212,0.1778,0.0415,0.1635,0.0473,0.2348,0.022,0.0305,5,0.08,0,0.13,0.2036,0.3718,2
PRJ3-01899,37,4.727,9.474,0.2095,0.3402,0.1106,0.0699,0.015,0.1944,0.0437,0.0131,21.646,0.2522,4.592,0.3552,0.2262,0.2661,3
PRJ3-01900,17,3.688,12.512,0.08,0.4088,0.106,0.0528,0.0272,0.186,0.0263,0.029,15.108,0.1074,2.526,0.2625,0.1477,0.3217,4
PRJ3-01901,126,4.624,8.825,0.3623,0.3478,0.0704,0.1976,0.0782,0.1707,0.0291,0.0255,18.645,0.2509,5.041,0.2355,0.2392,0.4261,3
PRJ3-01902,119,6.747,6.35,0.2929,0.266,0.0903,0.1276,0.0786,0.1844,0.0752,0.0364,43.363,0.5986,10.595,0.3408,0.3603,0.5443,6
PRJ3-01903,29,5.612,7.754,0.2391,0.2972,0.0757,0.2095,0.0603,0.2702,0.0573,0.034,8.79,0.2508,5.942,0.271,0.2539,0.4301,3
PRJ3-01904,64,7.994,5.577,0.4896,0.2534,0.0888,0.0491,0.0516,0.1276,0.0234,0.0206,29.711,0.4307,3.846,0.2788,0.2461,0.3554,3
PRJ3-01905,46,3.755,10.954,0.1213,0.3291,0.0909,0.1572,0.0798,0.02,0.0336,0.0318,12.059,0.2575,3.1,0.225,0.1954,0.2739,3
PRJ3-01906,96,5.68,13.616,0.08,0.4953,0.1158,0.1986,0.0756,0.2435,0.0742,0.015,28.61,0.3948,0.233,0.2798,0.3257,0.4093,4
PRJ3-01907,55,5.215,14.658,0.08,0.5482,0.1028,0.1785,0.0783,0.0505,0.0373,0.0054,20.754,0.2406,9.836,0.3671,0.2187,0.3855,5
PRJ3-01908,6,1.552,5.703,0.4321,0.2418,0.0382,0.1384,0.0275,0.1093,0.0202,0.007,23.801,0.2142,4.547,0.399,0.2632,0.3063,2
PRJ3-01909,64,4.509,2.906,0.5753,0.2189,0.057,0,0.0047,0.0482,0.0198,0.0028,25.265,0.35,2.58,0.3925,0.2012,0.2769,2
PRJ3-01910,50,4.848,8.633,0.2822,0.3339,0.0853,0.1389,0.0597,0.2052,0.0555,0.0105,17.473,0.1899,0.576,0.4758,0.2513,0.441,2
PRJ3-01911,45,6.286,6.165,0.3617,0.2049,0.0967,0.1425,0.078,0.3007,0.0315,0.0362,20.598,0.1443,2.62,0.3106,0.2111,0.4079,3
PRJ3-01912,75,4.53,9.35,0.4285,0.4152,0.062,0.0638,0.0255,0.0735,0.0452,0,19.905,0.2689,4.395,0.3811,0.1597,0.3522,2
PRJ3-01913,87,4.411,3.03,0.5475,0.1173,0.0504,0.1375,0.0642,0.2599,0.0394,0,10.835,0.1759,0,0.447,0.1289,0.1457,1
PRJ3-01914,159,4.794,4.677,0.5593,0.1715,0.0564,0.1525,0.0554,0.1032,0.0063,0.0328,23.416,0.2871,8.359,0.2511,0.2971,0.2877,4
PRJ3-01915,41,6.569,14.5,0.08,0.4418,0.11,0.195,0.0694,0.193,0.0133,0.0175,17.098,0.0654,4.607,0.2299,0.2626,0.3825,4
PRJ3-01916,19,6.953,12.216,0.08,0.3389,0.0894,0.1637,0.069,0.1287,0.0562,0.0375,17.207,0.2787,0.043,0.4609,0.2211,0.347,4
PRJ3-01917,24,5.419,5.633,0.3824,0.211,0.0763,0.1623,0.0581,0.2303,0.0484,0.0105,5,0.036,0.805,0.0684,0.1753,0.2414,1
PRJ3-01918,95,5.284,13.975,0.08,0.4648,0.1174,0.0885,0.0167,0.0391,0.0216,0.0086,21.545,0.2946,2.766,0.2921,0.1901,0.4025,4
PRJ3-01919,4,2.919,11.264,0.1218,0.472,0.1175,0.2036,0.0528,0.3306,0.0824,0.0335,35.085,0.4517,5.401,0.3937,0.3072,0.4805,5
PRJ3-01920,48,5.498,13.785,0.08,0.4852,0.115,0.2816,0.0494,0.2454,0.0603,0.0501,19.202,0.1879,2.093,0.4536,0.3556,0.5435,5
PRJ3-01921,98,6.857,13.577,0.08,0.4348,0.1234,0.1738,0.0642,0.1485,0.0641,0.0512,27.447,0.276,2.844,0.4971,0.1749,0.4288,6
PRJ3-01922,22,3.732,5.621,0.424,0.2312,0.0954,0.0747,0.0309,0.1302,0.0648,0.0141,17.104,0.2841,12.024,0.134,0.1709,0.2661,3
PRJ3-01923,164,4.926,6.52,0.3933,0.2797,0.0567,0.0942,0.0337,0.2448,0.053,0.0233,10.327,0.1158,3.997,0.2392,0.2078,0.398,2
PRJ3-01924,113,6.063,9.373,0.2847,0.3221,0.1151,0.1647,0.0997,0.2685,0.0374,0.0416,16.756,0.4229,10.217,0.3748,0.2161,0.5514,4
PRJ3-01925,240,5.982,12.757,0.08,0.4218,0.0788,0.2229,0.0446,0.1703,0.0711,0.0408,38.46,0.5156,4.32,0.3387,0.3412,0.4846,6
PRJ3-01926,58,5.278,11.119,0.2337,0.3429,0.0829,0.097,0.0165,0.1027,0,0.0127,19.868,0.2187,5.771,0.1878,0.2205,0.3954,3
PRJ3-01927,163,5.536,8.375,0.4268,0.4124,0.1154,0.1261,0.0686,0.2362,0.0213,0.0434,22.481,0.3637,3.793,0.3944,0.2305,0.3319,4
PRJ3-01928,17,4.812,8.89,0.1915,0.2408,0.0725,0.21,0.0934,0.1064,0.0338,0.0074,20.901,0.318,5.125,0.4447,0.3182,0.3343,2
PRJ3-01929,89,5.684,8.252,0.3116,0.1649,0.0616,0.0553,0,0.1128,0.0354,0.0197,18.113,0.18,3.495,0.1025,0.1623,0.1916,2
PRJ3-01930,54,4.975,4.51,0.4827,0.2093,0.0627,0.0759,0.0276,0.1969,0.0225,0.0195,11.585,0.1807,5.143,0.1632,0.1191,0.3491,2
PRJ3-01931,5,1.405,7.098,0.287,0.2509,0.0625,0.0988,0.0533,0.1773,0.0431,0.0052,24.149,0.1855,0.204,0.2959,0.2411,0.4119,2
PRJ3-01932,75,5.492,5.548,0.3911,0.307,0.0921,0.2128,0.0548,0.1252,0.0319,0.0279,16.57,0.2415,3.184,0.2545,0.2337,0.3809,3
PRJ3-01933,68,5.926,5.075,0.3834,0.2613,0.0774,0.143,0.0191,0.175,0.0517,0.0379,5,0.1617,7.45,0.36,0.1904,0.3022,3
PRJ3-01934,61,8.39,9.322,0.2681,0.3465,0.1161,0.2069,0.0616,0.2233,0.0523,0.047,21.703,0.3756,13.665,0.5196,0.2096,0.4105,5
PRJ3-01935,13,3.419,8.842,0.3864,0.3368,0.0964,0.1619,0.0546,0.1894,0.0425,0.0248,25.182,0.353,4.189,0.2873,0.2841,0.2996,3
PRJ3-01936,84,4.825,5.831,0.5497,0.307,0.0698,0.0288,0.0241,0.1289,0.0327,0.0497,31.432,0.358,5.637,0.2464,0.2307,0.3107,5
PRJ3-01937,4,1.258,6.422,0.4596,0.3144,0.058,0.1429,0.053,0.0771,0.0152,0.0209,19.363,0.2609,7.441,0.2652,0.1301,0.2949,3
PRJ3-01938,84,4.165,3.172,0.7015,0.1319,0.0011,0.0487,0.0266,0.1211,0.0251,0,13.987,0.2821,3.616,0.0539,0.0551,0.2482,1
PRJ3-01939,57,4.353,8.476,0.2389,0.3622,0.0953,0.0402,0.0128,0.142,0.02,0.0238,22.769,0.2375,2.765,0.3675,0.1756,0.3763,3
PRJ3-01940,69,5.49,13.942,0.08,0.4639,0.1217,0.0481,0.0024,0.163,0.0108,0.0268,14.849,0.2406,9.783,0.2596,0.1143,0.4616,5
PRJ3-01941,19,4.794,10.013,0.1168,0.3287,0.0683,0.1521,0.0574,0.1628,0.0457,0.0127,27.41,0.3439,0.261,0.4604,0.3175,0.3101,3
PRJ3-01942,93,4.171,3.818,0.4169,0.1906,0.0872,0.1434,0.0514,0.1339,0.0167,0.0035,24.824,0.338,0,0.3633,0.2075,0.3511,1
PRJ3-01943,93,5.576,8.087,0.4478,0.3418,0.0887,0.0599,0.0406,0.024,0.0153,0.0275,23.146,0.1973,7.614,0.2594,0.1638,0.3043,4
PRJ3-01944,189,4.692,5.627,0.2078,0.1472,0.028,0.0559,0.0678,0.126,0.0021,0.0192,18.12,0.236,5.017,0.1901,0.1994,0.1722,2
PRJ3-01945,105,5.761,5.259,0.5064,0.1887,0.0601,0.1039,0.057,0.1759,0.057,0.0424,41.097,0.3291,6.55,0.3439,0.3459,0.4238,5
PRJ3-01946,28,3.868,9.081,0.2771,0.3255,0.0769,0.1318,0.0207,0.1062,0.0425,0.0144,16.012,0.2474,0,0.3079,0.2655,0.4096,2
PRJ3-01947,60,9.17,7.763,0.3451,0.2712,0.0457,0.1321,0.0394,0.0956,0.0415,0.0087,13.127,0.1611,1.703,0.4514,0.2035,0.429,1
PRJ3-01948,42,6.41,8.588,0.2809,0.29,0.0716,0.1695,0.0315,0.2349,0.0301,0.0244,25.699,0.3845,2.183,0.2227,0.2964,0.289,3
PRJ3-01949,148,6.133,4.83,0.5741,0.2087,0.0721,0.1766,0.0689,0.2809,0.0789,0.0359,22.269,0.2548,7.343,0.4193,0.3125,0.4177,4
PRJ3-01950,20,4.291,7.52,0.3392,0.255,0.0634,0.179,0.0531,0.2115,0.0231,0.023,25.273,0.262,7.349,0.2377,0.3581,0.3376,3
PRJ3-01951,35,5.692,7.26,0.4275,0.4114,0.099,0.0107,0,0.2402,0,0,21.658,0.2496,4.634,0.1422,0.214,0.4582,2
PRJ3-01952,58,5.152,6.236,0.4259,0.3014,0.0606,0.039,0.0213,0.0296,0.0277,0.0192,16.992,0.2148,5.677,0.143,0.1753,0.3623,2
PRJ3-01953,27,3.693,12.996,0.08,0.4039,0.0987,0.201,0.0392,0.2215,0.0158,0.021,24.901,0.2926,7.706,0.2689,0.2452,0.3481,5
PRJ3-01954,71,5.977,6.984,0.3592,0.2733,0.0602,0.1663,0.0902,0.2544,0.0539,0.0295,18.973,0.2148,3.199,0.2584,0.3003,0.3137,3
PRJ3-01955,21,4.404,10.468,0.2969,0.3842,0.1054,0.0486,0.0498,0.0466,0.0233,0,11.964,0.2705,0.783,0.1544,0.1403,0.3948,2
PRJ3-01956,94,6.024,13.413,0.08,0.5487,0.15,0.2188,0.064,0.1802,0.0573,0.0328,40.885,0.5058,10.161,0.5172,0.3953,0.4414,7
PRJ3-01957,16,3.335,7.079,0.3206,0.2424,0.0983,0.0338,0.0167,0.095,0.019,0.0204,12.518,0.1911,1.949,0.1553,0.1277,0.3712,2
PRJ3-01958,17,6.134,14.181,0.08,0.4826,0.1155,0.1536,0.0955,0.1425,0.0465,0.0301,37.629,0.5184,0.072,0.2685,0.3417,0.3761,6
PRJ3-01959,44,5.057,2.051,0.569,0.0927,0.0328,0.0699,0.025,0.1166,0.0486,0.0107,15.91,0.2637,1.382,0.2161,0.1109,0.2063,1
PRJ3-01960,51,5.946,6.464,0.4921,0.2949,0.0606,0.1039,0.0436,0.1506,0.0453,0.0139,16.295,0.2437,2.304,0.3237,0.1873,0.1905,2
PRJ3-01961,23,3.619,9.3,0.2489,0.4346,0.1246,0.091,0.051,0.02,0.0421,0.0494,33.568,0.3777,8.69,0.3451,0.2921,0.3735,6
PRJ3-01962,92,5.714,5.512,0.4402,0.108,0.0444,0.0974,0.0198,0.2808,0.0453,0.0373,5,0.0717,1.053,0.3794,0.1495,0.2114,2
PRJ3-01963,209,5.509,11.312,0.08,0.2873,0.0788,0.1999,0.0768,0.1012,0.0222,0.0172,13.914,0.0826,2.184,0.3079,0.1925,0.3671,3
PRJ3-01964,8,1.315,11.432,0.08,0.389,0.0882,0.1352,0.0504,0.159,0.0157,0.0204,22.706,0.273,0,0.1471,0.2629,0.2916,3
PRJ3-01965,62,4.035,6.419,0.4622,0.2788,0.0788,0.0289,0,0.113,0.0164,0.0054,7.816,0.124,5.283,0.2085,0.1815,0.2985,2
PRJ3-01966,240,5.4,17.512,0.08,0.5943,0.1489,0.2538,0.0631,0.2043,0.0697,0.0348,29.82,0.4039,4.011,0.5074,0.2831,0.5266,7
PRJ3-01967,93,5.118,7.28,0.5902,0.4041,0.0653,0,0.014,0.1732,0.0395,0.0251,35.508,0.4484,2.35,0.3287,0.262,0.539,4
PRJ3-01968,106,4.838,4.199,0.617,0.1565,0.0368,0.1255,0.0375,0.18,0.0169,0.0024,16.366,0.1816,0.732,0.1673,0.1949,0.1888,1
PRJ3-01969,41,6.24,3.211,0.6441,0.1819,0.038,0,0.0078,0.0899,0.0031,0,21.829,0.1712,1.752,0.361,0.1774,0.3217,1
PRJ3-01970,36,4.88,9.075,0.3428,0.3163,0.0777,0.1266,0.0454,0.1424,0.0339,0.0241,5,0.0086,2.733,0.2524,0.2081,0.2788,3
PRJ3-01971,33,2.81,2,0.6212,0.0408,0.0102,0.0641,0.035,0.02,0.0141,0.0034,5,0.1374,3.342,0.2364,0.1283,0.2185,1
PRJ3-01972,130,5.453,10.685,0.08,0.3063,0.0609,0.0912,0.0437,0.0514,0.0597,0.0169,35.175,0.4148,2.784,0.1483,0.2794,0.4309,4
PRJ3-01973,88,6.182,6.582,0.1953,0.324,0.0831,0.1234,0.0428,0.2023,0.0096,0.0346,22.217,0.1722,2.541,0.2512,0.3073,0.4142,3
PRJ3-01975,195,6.038,4.358,0.4264,0.039,0.0419,0.1934,0.0764,0.2169,0.0506,0.0403,24.094,0.2325,4.47,0.496,0.2412,0.3338,3
PRJ3-01976,127,4.656,14.115,0.08,0.5254,0.1126,0.087,0.0368,0.0596,0.0035,0.0337,29.17,0.3213,6.786,0.2402,0.1739,0.2726,6
PRJ3-01977,133,6.739,9.72,0.3542,0.3877,0.1622,0.1723,0.0732,0.2311,0.0919,0.0498,19.823,0.3319,3.17,0.3327,0.2444,0.5027,4
PRJ3-01978,8,4.192,9.426,0.2801,0.307,0.1123,0.1706,0.0865,0.2058,0.0825,0.0338,28.819,0.3133,2.365,0.3388,0.2417,0.3796,4
PRJ3-01979,4,2.122,5.903,0.5347,0.3139,0.0463,0.0759,0.015,0.1143,0,0.0061,16.083,0.1167,0,0.2979,0.1557,0.2261,1
PRJ3-01980,150,5.011,9.554,0.2005,0.2694,0.0768,0.1287,0.0525,0.136,0.0599,0.0351,21.798,0.3386,7.846,0.404,0.2098,0.4222,4
PRJ3-01981,155,5.826,14.978,0.08,0.5691,0.1212,0.2031,0.0761,0.348,0.0634,0.0449,31.168,0.3772,2.3,0.4773,0.3069,0.4624,6
PRJ3-01982,23,7.067,13.494,0.08,0.5141,0.0776,0.0949,0.0352,0.1876,0.0435,0.0267,19.093,0.2467,4.792,0.4355,0.2564,0.4948,4
PRJ3-01983,72,4.183,9.575,0.2723,0.2451,0.0566,0.167,0.0821,0.02,0.0182,0.0226,10.879,0.1801,4.605,0.2883,0.1397,0.3838,3
PRJ3-01984,18,4.355,7.194,0.336,0.2635,0.0593,0.0086,0.0066,0.0673,0.0296,0.0217,16.896,0.2702,1.673,0.39,0.164,0.2785,2
PRJ3-01985,62,6.304,12.09,0.08,0.4486,0.0987,0.069,0.0197,0.0697,0.0464,0.0389,27.272,0.3869,5.743,0.304,0.2745,0.4617,5
PRJ3-01986,13,4.259,9.735,0.2294,0.3192,0.0868,0.1902,0.0226,0.2106,0.0238,0,8.527,0.0654,2.192,0.3244,0.2411,0.2026,2
PRJ3-01987,50,3.558,2,0.6033,0.0819,0.0191,0.018,0.0106,0.137,0.0111,0.0085,9.743,0.1497,0,0.2149,0.1089,0.3142,1
PRJ3-01988,97,5.966,10.244,0.2383,0.4318,0.1012,0.189,0.0621,0.2719,0.0587,0.0162,22.234,0.2946,5.399,0.3698,0.3961,0.3679,4
PRJ3-01989,34,6.552,13.997,0.08,0.4616,0.1148,0.1781,0.0762,0.206,0.0487,0.0082,28.464,0.3723,6.455,0.1122,0.2377,0.3969,5
PRJ3-01990,44,6.377,9.142,0.2697,0.3775,0.1175,0.142,0.0372,0.2546,0.0466,0.0079,11.865,0.1521,3.888,0.4341,0.1677,0.4274,2
PRJ3-01991,120,5.677,12.786,0.08,0.5166,0.1325,0.1337,0.0404,0.1869,0.0289,0.0249,26.72,0.2459,0.253,0.2021,0.255,0.4416,4
PRJ3-01992,102,6.861,9.277,0.2313,0.3465,0.1021,0.1879,0.0611,0.1686,0.0728,0.0578,34.871,0.3974,8.104,0.3313,0.3366,0.581,6
PRJ3-01993,78,5.59,7.872,0.3873,0.1789,0.0761,0.1784,0.0326,0.1638,0.0118,0.0081,12.884,0.2671,5.625,0.3805,0.2234,0.4013,2
PRJ3-01994,15,5.504,7.573,0.18,0.2937,0.0866,0.174,0.0656,0.1874,0.0345,0.0276,28.049,0.3452,1.069,0.3757,0.3711,0.4205,3
PRJ3-01995,133,5.69,10.971,0.1291,0.3335,0.0861,0.191,0.0605,0.2303,0.055,0.0206,22.732,0.1472,4.586,0.2977,0.2027,0.4467,3
PRJ3-01996,29,3.276,11.376,0.1421,0.3509,0.0863,0.1091,0.0797,0.0473,0.0227,0,18.618,0.2608,1.349,0.3886,0.1852,0.3189,2
PRJ3-01997,21,3.513,11.767,0.08,0.4617,0.102,0.1539,0.068,0.1561,0.0443,0.0346,27.29,0.3909,7.498,0.317,0.2409,0.5508,5
PRJ3-01998,48,4.227,5.736,0.3116,0.2116,0.0739,0.2064,0.0813,0.1873,0.0454,0.0176,23.974,0.2567,6.817,0.4064,0.2764,0.45,3
PRJ3-01999,146,4.423,7.9,0.4002,0.2877,0.0553,0.0357,0.0392,0.1854,0.0233,0.0122,24.038,0.2925,2.682,0.3549,0.1408,0.3958,2
PRJ3-02000,61,4.123,8.711,0.3126,0.3625,0.1054,0.1286,0.0473,0.2224,0.062,0.0166,11.145,0.1063,3.097,0.4045,0.0695,0.5378,2
PRJ3-02001,22,5.083,6.965,0.6157,0.2274,0.0599,0.1063,0.014,0.1955,0.0234,0.0108,20.255,0.2822,0,0.4166,0.1738,0.4127,1
PRJ3-02002,73,7.014,12.67,0.08,0.4325,0.1083,0.1958,0.0482,0.281,0.0594,0.0491,22.731,0.2179,6.422,0.5857,0.3376,0.3829,6
PRJ3-02003,24,4.363,7.928,0.4796,0.2858,0.0798,0.0397,0.0275,0.1254,0.0386,0.0071,24.789,0.3549,9.829,0.1954,0.2335,0.2806,3
PRJ3-02004,65,5.149,11.564,0.2243,0.4222,0.083,0.0982,0.0431,0.1592,0.0487,0.0034,23.634,0.3678,4.955,0.3079,0.2266,0.2286,3
PRJ3-02005,39,4.885,6.993,0.4035,0.264,0.094,0.1354,0.0425,0.1667,0.0125,0.0105,6.469,0.0089,5.677,0.225,0.1641,0.3655,2
PRJ3-02006,120,4.884,12.665,0.08,0.3215,0.0916,0.0008,0.0415,0.0367,0.0226,0.0238,6.675,0.095,2.145,0.1783,0.1338,0.3913,3
PRJ3-02007,115,4.584,12.72,0.0892,0.4997,0.0915,0.1905,0.0721,0.1193,0.012,0.0267,21.115,0.2185,2.302,0.3107,0.215,0.2404,4
PRJ3-02008,55,4.061,5.254,0.503,0.1444,0.0114,0.0357,0.0333,0.0764,0.0056,0.0025,5.136,0.084,1.633,0.1811,0.1474,0.2482,1
PRJ3-02009,26,6.791,9.319,0.3151,0.2369,0.0858,0.1447,0.0426,0.275,0.032,0.0242,25.583,0.3404,3.912,0.2547,0.2966,0.4215,3
PRJ3-02010,67,4.374,7.525,0.363,0.3301,0.0992,0.0168,0.0155,0.0682,0.0102,0.0194,12.834,0.1202,4.946,0.1814,0.1687,0.2547,2
PRJ3-02012,73,5.383,13.178,0.08,0.4384,0.1101,0.1372,0.0354,0.1364,0.0078,0,11.974,0.1852,0.64,0.2049,0.197,0.3437,3
PRJ3-02013,137,5.443,10.297,0.08,0.3626,0.0815,0.2591,0.0684,0.1617,0.0389,0.0082,15.876,0.2637,0.617,0.3207,0.2854,0.366,2
PRJ3-02014,14,6.921,6.927,0.3615,0.1587,0.0592,0.2501,0.0829,0.2504,0.0126,0.0148,28.742,0.3938,4.943,0.2964,0.3076,0.26,3
PRJ3-02015,56,4.9,4.799,0.5713,0.1689,0.0385,0,0,0.1121,0.0021,0.0073,12.1,0.1514,2.787,0.2085,0.126,0.44,1
PRJ3-02016,22,6.166,6.005,0.4166,0.1547,0.0561,0.1489,0.0599,0.2076,0.0417,0.0214,21.386,0.3297,10.815,0.3732,0.2122,0.3549,3
PRJ3-02017,52,5.824,9.757,0.2012,0.3327,0.0722,0.1202,0.0525,0.2275,0,0.0347,19.686,0.2004,5.56,0.292,0.2005,0.3168,4
PRJ3-02018,42,5.582,9.182,0.2296,0.3127,0.1098,0.1803,0.0513,0.1697,0.0619,0.0329,18.887,0.2331,3.573,0.3386,0.2782,0.407,3
PRJ3-02019,28,7.647,12.143,0.1891,0.4259,0.106,0.1215,0.0471,0.1934,0.0362,0.0567,16.604,0.2784,3.859,0.2724,0.1254,0.4227,5
PRJ3-02020,130,6.348,13.027,0.08,0.4018,0.1113,0.1685,0.0492,0.2188,0.0903,0.0369,21.414,0.2286,2.56,0.3779,0.2554,0.3816,4
PRJ3-02021,43,5.564,10.927,0.0938,0.2836,0.0995,0.1542,0.0358,0.2965,0.0589,0.0216,24.384,0.35,2.557,0.2216,0.2195,0.3371,3
PRJ3-02022,12,3.59,11.26,0.2729,0.2921,0.0689,0.1885,0.0395,0.2729,0.0321,0.03,15.245,0.2834,1.275,0.212,0.1871,0.4137,3
PRJ3-02023,94,4.419,6.239,0.3689,0.219,0.0676,0.0385,0.0107,0.1348,0.0336,0.0009,5.936,0.2388,0,0.2666,0.0772,0.5051,1
PRJ3-02024,148,5.169,6.897,0.364,0.2531,0.0809,0.1302,0.0299,0.1729,0.0033,0.0139,8.006,0.1279,0,0.4132,0.1548,0.3495,1
PRJ3-02025,49,5.362,6.969,0.4458,0.2868,0.0739,0.107,0.0517,0.061,0.0131,0,27.686,0.3009,2.268,0.3029,0.1909,0.4382,2
PRJ3-02026,33,3.896,7.097,0.2618,0.2802,0.0768,0.0649,0.0676,0.1657,0.0553,0.0241,23.033,0.3422,5.065,0.3818,0.1865,0.3338,3
PRJ3-02027,150,7.216,10.145,0.1806,0.4143,0.1184,0.3357,0.0739,0.1758,0.0809,0.0463,11.506,0.3108,1.905,0.3557,0.2617,0.5462,4
PRJ3-02028,4,0.996,5.594,0.4861,0.223,0.0776,0.0857,0.0291,0.0357,0.0161,0,13.242,0.1692,0,0.3048,0.2092,0.1693,1
PRJ3-02029,108,6.537,9.332,0.1913,0.3474,0.0874,0.122,0.0495,0.2712,0.0793,0.0381,42.242,0.4579,3.238,0.3625,0.4315,0.3564,5
PRJ3-02030,240,5.42,10.852,0.1245,0.4095,0.0989,0.1793,0.0254,0.084,0.0033,0.0542,26.865,0.3097,5.52,0.3424,0.2235,0.3869,5
PRJ3-02031,54,4.433,6.356,0.5271,0.2158,0.0449,0.1088,0.017,0.2095,0.027,0.014,18.952,0.1917,7.467,0.1728,0.2017,0.3156,2
PRJ3-02032,240,4.634,11.651,0.119,0.3954,0.0989,0.0614,0.0081,0.1528,0.0359,0,14.978,0.179,0,0.2484,0.1997,0.4179,2
PRJ3-02033,5,3.004,8.809,0.2659,0.3248,0.1102,0.0699,0.0078,0.1465,0.0215,0,19.255,0.2236,0,0.4521,0.1372,0.3151,1
PRJ3-02034,35,6.858,10.774,0.2861,0.3484,0.096,0.0277,0.0217,0.0874,0.0501,0.0299,16.398,0.234,5.349,0.2851,0.0948,0.2712,3
PRJ3-02035,25,3.504,5.518,0.5146,0.1506,0.0488,0.0512,0.0443,0.0837,0.063,0.0385,17.564,0.2712,7.979,0.4489,0.157,0.3525,3
PRJ3-02036,240,4.585,7.435,0.4989,0.2526,0.0813,0.1664,0.0579,0.0665,0.018,0.005,14.282,0.1862,3.671,0.0636,0.1473,0.2362,2
PRJ3-02037,203,4.686,5.373,0.5536,0.2252,0.0883,0,0.0057,0.0882,0.0347,0.0132,26.825,0.3982,0.632,0.2301,0.1995,0.1728,2
PRJ3-02038,36,4.216,10.699,0.1871,0.3233,0.0789,0.0307,0.0122,0.0299,0.0119,0.0235,23.472,0.1787,3.002,0.3403,0.2345,0.3498,3
PRJ3-02039,51,3.92,6.403,0.4655,0.2291,0.0712,0.069,0.0465,0.1867,0.0188,0.0172,21.694,0.2599,3.081,0.2723,0.2069,0.3095,2
PRJ3-02040,41,9.178,6.363,0.3686,0.2159,0.0924,0.1252,0.0548,0.1352,0.0522,0.0363,25.783,0.3281,2.478,0.2738,0.2494,0.3814,3
PRJ3-02041,17,7.124,8.254,0.3775,0.3149,0.1087,0.1655,0.0287,0.3173,0.0507,0.0169,22.59,0.1518,2.403,0.2218,0.2812,0.3668,3
PRJ3-02042,58,5.951,8.889,0.2317,0.3563,0.0742,0.1093,0.0484,0.2037,0.0594,0.0375,34.151,0.436,3.996,0.1408,0.3052,0.5477,5
PRJ3-02043,108,5.713,7.939,0.3919,0.3178,0.0924,0.1727,0.0755,0.2137,0.0483,0.0352,29.603,0.3223,8.976,0.4744,0.3046,0.4503,5
PRJ3-02044,19,2.406,12.127,0.08,0.3533,0.0635,0,0.0323,0.0382,0.0317,0.0167,26.161,0.3146,2.866,0.3605,0.2047,0.3496,4
PRJ3-02045,25,5.142,3.556,0.615,0.1544,0.0441,0.1642,0.0552,0.1328,0.0298,0.0206,17.808,0.2389,4.395,0.3005,0.2118,0.2878,2
PRJ3-02046,81,4.357,8.401,0.2706,0.3447,0.1033,0,0,0.135,0.0283,0.0198,25.324,0.3832,4.842,0.221,0.1474,0.3608,3
PRJ3-02047,28,18.092,7.57,0.2828,0.2119,0.1136,0.2124,0.0528,0.2272,0.0542,0.0097,31.151,0.3616,8.962,0.3844,0.3357,0.3434,4
PRJ3-02048,17,3.476,9.082,0.3203,0.3049,0.0881,0.1779,0.068,0.0221,0.0209,0,19.883,0.205,0,0.1357,0.2313,0.3732,1
PRJ3-02049,47,3.99,5.368,0.4727,0.2814,0.0529,0.1804,0.0668,0.1151,0.0133,0.0033,10.4,0.2249,1.591,0.2497,0.2148,0.3035,1
PRJ3-02050,15,3.663,7.936,0.3465,0.2175,0.0679,0.105,0.0232,0.02,0.0302,0,21.16,0.3747,4.837,0.0911,0.147,0.2846,2
PRJ3-02051,40,4.387,9.439,0.11,0.3323,0.0763,0.0455,0.0169,0.1455,0,0.0142,15.875,0.057,5.805,0.0825,0.1305,0.3596,3
PRJ3-02052,46,5.343,9.217,0.2147,0.2965,0.071,0.0694,0.0433,0.1341,0.0613,0.0301,13.414,0.0971,4.024,0.0659,0.1087,0.3603,3
PRJ3-02053,29,5.693,9.242,0.2564,0.3583,0.0594,0.1915,0.038,0.1641,0.0028,0.0151,20.344,0.3622,0,0.2151,0.2639,0.3886,2
PRJ3-02054,28,4.938,8.994,0.1244,0.2706,0.0588,0.0799,0.0576,0.0995,0.0122,0,26.552,0.2498,5.54,0.1677,0.202,0.3984,2
PRJ3-02055,45,5.517,10.297,0.2174,0.3764,0.1084,0.2096,0.0899,0.245,0.0763,0.0304,9.882,0.1093,11.831,0.5074,0.1896,0.3786,4
PRJ3-02056,47,6.611,9.364,0.3403,0.4792,0.0883,0.0583,0.0052,0.1679,0.042,0,13.708,0.2513,0.483,0.3478,0.1799,0.3974,2
PRJ3-02057,35,8.708,6.773,0.3869,0.2142,0.0626,0.0542,0.0387,0.2082,0.051,0.0133,22.584,0.2481,3.527,0.317,0.229,0.3435,2
PRJ3-02058,14,3.843,9.968,0.2631,0.3923,0.095,0.1342,0.0043,0.1922,0.0291,0,31.276,0.3303,6.298,0.2199,0.2643,0.3024,3
PRJ3-02059,214,6.777,7.872,0.1514,0.3785,0.1213,0.2955,0.0802,0.3007,0.0507,0.0426,25.692,0.213,3.89,0.2157,0.4027,0.3333,4
PRJ3-02060,32,3.46,9.877,0.2633,0.2921,0.0561,0.0276,0.0425,0.1956,0.0048,0.0033,16.22,0.1702,1.787,0.3246,0.1021,0.3473,2
PRJ3-02061,93,4.542,10.354,0.1613,0.3809,0.0882,0.1266,0.0662,0.0846,0.01,0.0122,22.629,0.2342,6.838,0.2887,0.2602,0.2277,3
PRJ3-02062,77,3.994,13.017,0.0978,0.5627,0.114,0.0194,0.0331,0.0775,0.0348,0.0163,12.682,0.2975,0,0.1417,0.126,0.3551,3
PRJ3-02063,49,5.272,13.384,0.08,0.3962,0.1247,0.1284,0.0584,0.3608,0.0227,0.0386,29.649,0.369,1.446,0.3461,0.2583,0.3532,5
PRJ3-02064,11,4.939,7.337,0.3416,0.3387,0.1031,0.2112,0.0493,0.2245,0.0395,0.0416,21.084,0.2246,7.835,0.3208,0.2947,0.2755,4
PRJ3-02065,26,4.308,7.939,0.2352,0.3202,0.0607,0.1544,0.0475,0.2024,0.0114,0.0414,19.527,0.3115,2.143,0.2394,0.2183,0.3914,3
PRJ3-02066,37,4.341,3.206,0.6552,0.1197,0.0371,0.0159,0,0.1569,0,0,5,0.0416,0,0.1744,0.0352,0.2272,0
PRJ3-02067,22,7.06,12.062,0.08,0.461,0.1056,0.0564,0.0365,0.1988,0.0388,0.0333,20.414,0.2671,7.117,0.1756,0.1416,0.4977,5
PRJ3-02068,75,5.557,6.699,0.4633,0.2379,0.0578,0.1614,0.0719,0.21,0.0767,0.0516,23.334,0.209,3.722,0.5015,0.2566,0.3943,4
PRJ3-02069,55,5.198,9.097,0.1797,0.3247,0.1081,0.1162,0.0562,0.1451,0.0318,0.0237,27.146,0.3952,8.884,0.2524,0.2606,0.4182,4
PRJ3-02070,24,5.025,6.996,0.4582,0.2536,0.048,0.164,0.0522,0.2802,0.0256,0,18.235,0.1761,0,0.0785,0.2436,0.3394,1
PRJ3-02071,113,3.947,7.326,0.304,0.3468,0.0567,0.0533,0.025,0.1257,0.0057,0.0194,17.69,0.122,2.077,0.4566,0.1644,0.2501,2
PRJ3-02072,173,6.16,11.309,0.1692,0.3904,0.1113,0.1133,0.0296,0.2716,0.0677,0.0468,31.797,0.3702,5.448,0.2258,0.3826,0.3531,6
PRJ3-02073,119,4.565,7.21,0.3503,0.2762,0.0564,0.0622,0.0261,0.1343,0.0483,0.0244,20.572,0.3551,8.503,0.2973,0.2146,0.3714,3
PRJ3-02074,24,9.118,9.173,0.2094,0.3541,0.1074,0.0469,0.0443,0.0874,0.0288,0,31.173,0.3338,5.071,0.2013,0.2878,0.3311,3
PRJ3-02075,240,3.021,7.805,0.2915,0.227,0.0991,0.1227,0.0704,0.1538,0.0568,0.0278,28.338,0.3182,2.817,0.4366,0.1726,0.4926,3
PRJ3-02076,190,4.719,6.816,0.3975,0.3181,0.0654,0.0931,0.024,0.0947,0.0227,0.015,25.301,0.2787,1.332,0.3035,0.2144,0.3226,2
PRJ3-02077,32,3.847,4.86,0.5686,0.2525,0.0746,0.0084,0.0255,0.105,0,0,20.835,0.3395,5.306,0.1778,0.1606,0.2842,2
PRJ3-02079,80,6.223,12.627,0.08,0.5096,0.1134,0.2317,0.0915,0.2247,0.0418,0.038,27.476,0.3924,4.07,0.3156,0.2742,0.4152,5
PRJ3-02080,24,4.372,7.422,0.1962,0.2716,0.0797,0.1387,0.0442,0.2413,0.0498,0.0189,21.783,0.2603,1.779,0.2213,0.2459,0.4005,2
PRJ3-02081,103,4.749,9.034,0.2981,0.3254,0.1038,0.2009,0.0677,0.0914,0.0004,0.0224,13.115,0.1127,0,0.2865,0.24,0.2891,2
PRJ3-02082,61,5.014,7.255,0.3108,0.2688,0.0933,0.1212,0.0717,0.1304,0.0448,0.006,17.471,0.2396,2.058,0.3728,0.1982,0.3188,2
PRJ3-02083,182,4.696,7.997,0.3486,0.304,0.1104,0.201,0.0668,0.0925,0.0023,0.0085,22.165,0.2673,5.288,0.1656,0.2373,0.3101,2
PRJ3-02084,47,3.835,8.771,0.4601,0.2531,0.1001,0.0842,0.0411,0.0887,0.0716,0.045,21.762,0.2679,5.039,0.2393,0.1877,0.3473,4
PRJ3-02085,14,3.178,10.846,0.152,0.3686,0.0405,0.1517,0.0288,0.0903,0.0099,0.0045,17.303,0.1656,2.679,0.2985,0.2019,0.3492,2
PRJ3-02086,65,6.083,7.913,0.377,0.3379,0.1023,0.249,0.0691,0.2817,0.0385,0.0266,27.783,0.1679,0,0.6233,0.3716,0.3218,3
PRJ3-02087,64,5.062,12.611,0.08,0.4171,0.0905,0.1562,0.0697,0.2226,0.0435,0.0289,27.424,0.2074,6.733,0.3267,0.2676,0.3742,5
PRJ3-02088,41,3.787,10.478,0.3002,0.3677,0.06,0.1038,0.051,0.0906,0.0201,0,8.469,0.1115,3.997,0.4916,0.1713,0.1859,2
PRJ3-02089,84,5.564,5.632,0.308,0.0995,0.0823,0.1387,0.0336,0.3402,0.0619,0.0349,19.525,0.2047,3.788,0.254,0.208,0.5368,3
PRJ3-02090,111,6.696,9.254,0.3382,0.3301,0.086,0.1257,0.0498,0.1609,0.0416,0.021,29.274,0.3851,5.927,0.2594,0.1973,0.3772,4
PRJ3-02091,134,6.601,8.788,0.1262,0.3578,0.0962,0.1503,0.0305,0.2929,0.0319,0.0307,25.361,0.3254,7.533,0.3108,0.2331,0.3772,4
PRJ3-02092,91,4.985,4.978,0.5261,0.257,0.091,0.1454,0.0505,0.1391,0.0588,0.0095,27.855,0.3187,0,0.2279,0.2763,0.408,2
PRJ3-02093,31,5.499,13.401,0.08,0.526,0.132,0.2091,0.0338,0.2203,0.0286,0.0169,27.439,0.4095,8.493,0.2833,0.2848,0.3703,5
PRJ3-02094,240,2.526,9.365,0.3273,0.3275,0.053,0.1591,0.0455,0.1375,0.0202,0.0133,19.153,0.2314,4.774,0.3322,0.1988,0.3211,3
PRJ3-02095,75,5.238,14.177,0.08,0.4482,0.0903,0.1581,0.0775,0.1226,0.0528,0.0327,27.525,0.2416,7.528,0.3045,0.2807,0.4004,6
PRJ3-02096,76,4.98,9.129,0.3548,0.2806,0.0585,0.1572,0.0686,0.1927,0.0307,0.022,23.576,0.3774,7.916,0.2564,0.2753,0.2189,4
PRJ3-02097,192,5.86,10.302,0.1763,0.3438,0.1079,0.1987,0.0594,0.2296,0.0556,0.0255,32.163,0.2569,6.154,0.436,0.3565,0.3529,5
PRJ3-02098,54,4.716,6.615,0.316,0.2615,0.035,0.0273,0.0163,0.1433,0,0.0113,10.751,0.2438,1.898,0.237,0.1366,0.4407,1
PRJ3-02099,19,4.37,10.902,0.1584,0.3761,0.0915,0.0514,0.0541,0.1176,0.009,0.0167,12.62,0.18,0.774,0.1693,0.1166,0.368,2
PRJ3-02100,140,5.239,7.136,0.5021,0.3168,0.0927,0.1788,0.0604,0.1044,0,0.0217,22.615,0.286,4.568,0.244,0.2269,0.2568,3
PRJ3-02101,103,4.481,8.687,0.3408,0.3641,0.0403,0,0.0338,0.0492,0.0221,0.0151,23.807,0.3061,4.766,0.2705,0.1554,0.3904,3
PRJ3-02102,28,5.749,8.126,0.2102,0.4034,0.0842,0.0277,0.0204,0.1869,0.0408,0.026,23.128,0.2934,8.459,0.2861,0.1476,0.4794,4
PRJ3-02103,118,5.176,8.352,0.2279,0.3581,0.0788,0.2465,0.0488,0.2033,0.0352,0.0425,29.844,0.3522,3.648,0.271,0.3256,0.3788,4
PRJ3-02104,106,5.081,6.93,0.2386,0.2714,0.0501,0.1162,0.0321,0.169,0.0637,0.0455,22.484,0.2427,2.281,0.2764,0.1819,0.3368,3
PRJ3-02105,153,6.333,7.3,0.3205,0.3667,0.1251,0.1591,0.0512,0.2483,0.0585,0.0401,28.823,0.1854,6.253,0.4867,0.3016,0.4501,5
PRJ3-02106,82,4.653,5.659,0.4438,0.2233,0.0604,0.1002,0.0557,0.02,0,0.0263,14.148,0.177,6.164,0.2575,0.0746,0.4169,2
PRJ3-02107,71,5.237,7.461,0.2887,0.304,0.0821,0.0494,0.0003,0.1159,0.0588,0.0152,25.718,0.2048,4.068,0.3793,0.2443,0.3529,3
PRJ3-02108,18,3.957,10.619,0.2348,0.3454,0.1298,0.1191,0.0497,0.2211,0.0426,0.0285,37.897,0.4993,7.103,0.3195,0.359,0.3496,5
PRJ3-02109,61,5.13,9.547,0.1984,0.3111,0.081,0.1,0.0102,0.118,0.0278,0.0034,20.501,0.2133,4.759,0.2916,0.1574,0.1344,2
PRJ3-02110,44,4.041,7.96,0.1689,0.2392,0.0821,0.0596,0.0213,0.0871,0.0082,0.0075,18.216,0.1616,1.965,0.2388,0.1828,0.2703,1
PRJ3-02111,43,5.475,8.949,0.4153,0.4655,0.0802,0,0.002,0.0695,0,0,22.462,0.2496,1.711,0.1099,0.1611,0.3349,2
PRJ3-02112,25,2.935,11.758,0.1665,0.4817,0.1134,0,0.0227,0.1283,0.0245,0,13.553,0.2041,0,0.1675,0.0784,0.3059,2
PRJ3-02113,196,6.398,10.555,0.2096,0.3177,0.1213,0.1365,0.0835,0.2861,0.0528,0.0366,22.558,0.3391,12.412,0.2616,0.2082,0.5135,5
PRJ3-02114,240,4.16,6.023,0.3928,0.2416,0.0765,0.1242,0.0435,0.3446,0.074,0.0518,30.398,0.4363,9.876,0.393,0.3119,0.3806,5
PRJ3-02115,43,4.365,8.215,0.1946,0.2875,0.064,0.0564,0.0431,0.1242,0.04,0.0151,16.974,0.1981,4.011,0.2598,0.1648,0.2293,2
PRJ3-02116,240,3.758,9.938,0.2644,0.3416,0.085,0.1509,0.0736,0.2414,0.0782,0.0251,41.106,0.6059,5.897,0.4769,0.4067,0.4695,5
PRJ3-02117,89,3.389,2.791,0.6045,0.1451,0.0579,0.1559,0.0166,0.1638,0,0.024,19.268,0.2822,0,0.1915,0.2504,0.2909,2
PRJ3-02118,105,4.82,7.808,0.4125,0.2744,0.1364,0.0631,0.0282,0.1654,0.0902,0.0333,23.083,0.2984,7.372,0.3802,0.2456,0.4372,4
PRJ3-02119,62,3.499,5.242,0.4159,0.2052,0.0421,0.0933,0.0366,0.157,0.0545,0.0068,14.363,0.1784,1.961,0.1947,0.1862,0.1386,1
PRJ3-02120,30,6.95,10.067,0.2515,0.3908,0.1051,0.1416,0.0528,0.3121,0.052,0.0448,22.575,0.2816,6.198,0.3099,0.1363,0.3375,4
PRJ3-02121,7,3.546,9.316,0.2674,0.2836,0.0921,0.166,0.0517,0.2047,0.0388,0.0194,21.068,0.1922,5.732,0.25,0.209,0.4514,3
PRJ3-02122,57,4.349,8.469,0.3205,0.3581,0.077,0.0878,0.039,0.1871,0.0186,0.0073,20.454,0.2217,2.533,0.305,0.1942,0.3719,2
PRJ3-02123,22,3.69,9.203,0.1842,0.3296,0.096,0.0704,0.0218,0.0884,0.0067,0.0212,34.013,0.2941,7.551,0.2973,0.2239,0.3494,4
PRJ3-02124,240,4.707,10.597,0.1438,0.3977,0.1044,0.1172,0.0104,0.2116,0.1158,0.0483,13.618,0.3219,5.202,0.5788,0.2146,0.4779,4
PRJ3-02125,59,3.761,2,0.5896,0.0553,0.0521,0.1008,0.0167,0.1164,0,0.019,9.942,0.1069,3.007,0.3539,0.1281,0.2548,2
PRJ3-02126,46,5.182,7.065,0.3416,0.2283,0.0893,0.2381,0.077,0.2751,0.0403,0.0141,11.566,0.2598,7.502,0.3333,0.2944,0.3892,3
PRJ3-02127,127,4.794,2,0.6221,0.0587,0,0.0217,0.0008,0.0571,0.0235,0.0318,29.347,0.3537,4.684,0.2192,0.2747,0.3471,3
PRJ3-02128,36,5.935,12.792,0.08,0.4412,0.1103,0.1558,0.0578,0.1898,0.039,0.0198,18.321,0.2386,0,0.3934,0.2716,0.4449,3
PRJ3-02129,84,4.368,7.772,0.3141,0.3173,0.0745,0.1382,0.066,0.1777,0.0317,0.0064,24.784,0.2784,1.957,0.3753,0.2619,0.4078,2
PRJ3-02130,68,5.349,7.823,0.4265,0.3057,0.0904,0.0887,0.0526,0.1026,0.0016,0.0334,21.204,0.1984,4.779,0.3397,0.2099,0.2299,3
PRJ3-02131,79,5.901,12.564,0.08,0.3914,0.0882,0.094,0.0587,0.0969,0.0778,0.046,25.252,0.3186,5.485,0.3761,0.2306,0.3997,5
PRJ3-02132,47,5.114,3.057,0.3579,0.0944,0.0639,0.1681,0.0277,0.1527,0.0719,0.0032,20.626,0.1321,0.465,0.1934,0.2851,0.4162,1
PRJ3-02133,179,4.601,8.167,0.2963,0.3032,0.0416,0.1169,0.0271,0.0464,0.0015,0.0161,17.906,0.2333,0,0.2079,0.1113,0.224,2
PRJ3-02134,41,4.566,4.923,0.3854,0.1598,0.0376,0.0489,0,0.0834,0.006,0.0221,5,0.0251,4.225,0.2826,0.0734,0.2686,2
PRJ3-02135,81,5.903,7.487,0.2187,0.2964,0.0947,0.1166,0.0524,0.2565,0.0762,0.0024,11.575,0.2345,1.441,0.39,0.1664,0.4459,1
PRJ3-02136,16,3.754,8.766,0.2999,0.3431,0.0899,0.0474,0.0486,0.1136,0.0074,0.0201,32.412,0.4439,3.248,0.3082,0.2848,0.4302,4
PRJ3-02137,103,4.942,9.726,0.205,0.3245,0.0613,0.2401,0.0857,0.1202,0.0421,0.0352,33.022,0.4988,1.146,0.4024,0.2796,0.1989,4
PRJ3-02138,61,5.312,8.551,0.2804,0.2604,0.0584,0.1093,0.0481,0.1863,0.0341,0.0468,14.028,0.1123,4.18,0.4594,0.2309,0.3485,3
PRJ3-02139,20,3.369,8.253,0.3225,0.3378,0.0745,0.0536,0,0.0357,0.005,0,5,0.0509,8.169,0.0713,0.0836,0.3456,2
PRJ3-02140,28,2.679,12.637,0.08,0.358,0.0744,0.0354,0.0306,0.02,0.0004,0,11.814,0.1321,4.388,0.1454,0.2029,0.2916,3
PRJ3-02141,48,6.247,8.344,0.4185,0.3062,0.1277,0.1277,0.0342,0.1958,0.0297,0.0192,22.3,0.2436,4.954,0.3159,0.2139,0.3176,3
PRJ3-02142,33,5.844,11.714,0.08,0.3418,0.079,0.1941,0.0784,0.1884,0.0561,0.0378,22.946,0.4536,5.605,0.129,0.2791,0.4021,5
PRJ3-02143,23,11.293,4.291,0.5198,0.1066,0.0648,0.0351,0.0094,0.1314,0.0452,0.0152,25.592,0.3354,2.915,0.3458,0.2024,0.297,2
PRJ3-02144,50,3.715,4.948,0.4516,0.275,0.0578,0,0.0091,0.1157,0.037,0.0153,13.434,0.1949,0,0.3381,0.1055,0.2761,1
PRJ3-02145,186,5.041,7.474,0.3971,0.198,0.0559,0.1936,0.067,0.1936,0.0514,0.0272,17.299,0.2569,3.653,0.4459,0.1483,0.333,2
PRJ3-02146,75,5.746,9.923,0.3365,0.236,0.0431,0.1911,0.0641,0.2208,0.0594,0.0087,20.0,0.2731,0,0.2315,0.2728,0.2458,2
PRJ3-02147,19,6.05,7.648,0.2518,0.2724,0.0807,0.1199,0.0276,0.1756,0.0245,0.029,13.231,0.1661,2.099,0.2321,0.1974,0.3774,2
PRJ3-02148,240,4.648,8.993,0.3155,0.4231,0.1053,0.1133,0.0235,0.13,0.0314,0.0209,18.062,0.3085,1.985,0.2805,0.2283,0.3932,3
PRJ3-02149,37,8.132,12.554,0.1052,0.4066,0.1047,0.1802,0.0833,0.2022,0.0684,0.0516,22.623,0.3196,6.487,0.5341,0.1966,0.3791,5
PRJ3-02150,10,3.804,11.882,0.0884,0.4019,0.1146,0.1038,0.0473,0.1755,0.0181,0.0293,38.566,0.5095,6.934,0.385,0.4177,0.3409,6
PRJ3-02151,19,4.531,8.408,0.2906,0.2468,0.0604,0.1576,0.0551,0.2954,0.0925,0.0113,36.289,0.4648,6.075,0.5427,0.3822,0.552,4
PRJ3-02152,83,5.196,6.477,0.4433,0.3212,0.082,0.0785,0.0102,0.1618,0.02,0.029,23.526,0.2725,2.631,0.1962,0.2457,0.3916,3
PRJ3-02153,113,5.442,6.379,0.5135,0.407,0.1009,0.0921,0.0328,0.1542,0.0667,0.0216,25.332,0.2427,6.323,0.3865,0.2535,0.3441,4
PRJ3-02154,55,6.191,10.651,0.08,0.324,0.0883,0.1044,0.0169,0.1792,0.0572,0.0234,30.169,0.3277,11.052,0.3518,0.2197,0.2935,5
PRJ3-02155,57,4.885,5.45,0.3867,0.2499,0.1004,0.1673,0.0312,0.211,0.0465,0.0173,19.792,0.284,2.06,0.3331,0.1847,0.4494,2
PRJ3-02156,185,5.322,9.657,0.2313,0.3705,0.0536,0,0.0148,0.119,0.0282,0.0378,29.057,0.3044,4.365,0.1998,0.1063,0.2756,4
PRJ3-02157,185,4.597,7.963,0.4236,0.2297,0.0566,0.0854,0.0547,0.0582,0.0238,0.0035,18.936,0.1413,8.032,0.1298,0.2601,0.2555,2
PRJ3-02159,65,5.479,14.879,0.08,0.6147,0.0988,0.1827,0.0281,0.1739,0.0291,0.0542,20.028,0.2946,2.212,0.2219,0.2013,0.3955,6
PRJ3-02160,49,5.008,2.109,0.4702,0.0552,0.0617,0.1155,0.0576,0.1159,0.0468,0.0106,24.699,0.3418,2.388,0.2268,0.2862,0.2599,2
PRJ3-02161,95,5.607,12.164,0.08,0.4661,0.1303,0.2171,0.085,0.2511,0.0872,0.0425,26.832,0.3158,1.603,0.3696,0.2933,0.4536,5
PRJ3-02162,104,4.961,7.78,0.3014,0.2561,0.078,0,0.0191,0.1249,0.0183,0.0026,12.552,0.1342,2.928,0.2707,0.1315,0.3431,1
PRJ3-02163,37,3.912,6.642,0.4694,0.2664,0.073,0.1541,0.0642,0.1453,0.0237,0,13.166,0.1855,0,0.1571,0.3154,0.2603,1
PRJ3-02164,240,4.925,11.406,0.08,0.3462,0.0979,0.1998,0.0296,0.1745,0.0399,0.0332,23.979,0.2128,10.014,0.2682,0.2266,0.5015,5
PRJ3-02165,52,3.906,9.638,0.2616,0.3683,0.0906,0.0134,0.0281,0.0969,0.0121,0.0064,5.927,0.1545,0,0.1554,0.0003,0.4055,2
PRJ3-02167,34,5.966,10.362,0.4207,0.4107,0.1244,0.2357,0.0851,0.2805,0.0297,0.0235,33.918,0.5017,3.425,0.3568,0.3628,0.5041,5
PRJ3-02168,55,4.346,7.105,0.325,0.3283,0.0835,0.1845,0.0532,0.2603,0.0504,0.0194,24.175,0.2564,4.057,0.2152,0.2764,0.3684,3
PRJ3-02169,65,3.926,4.153,0.355,0.0949,0.0153,0.0319,0.0168,0.184,0.0248,0.0005,24.039,0.3555,0,0.1845,0.2323,0.252,1
PRJ3-02170,57,4.674,6.299,0.4287,0.3357,0.1298,0.0927,0.0296,0.1361,0.0373,0.006,8.663,0.1864,2.798,0.0532,0.1897,0.3366,2
PRJ3-02171,240,4.985,16.042,0.08,0.5217,0.1199,0.1911,0.0384,0.2627,0.04,0.0349,24.926,0.3618,3.564,0.2451,0.264,0.4675,6
PRJ3-02172,214,6.005,8.394,0.3736,0.2729,0.1059,0.2039,0.0603,0.1429,0.0581,0.0134,33.635,0.3579,6.542,0.5442,0.3033,0.4295,4
PRJ3-02173,183,4.752,6.107,0.4907,0.2253,0.0542,0.0592,0.0082,0.1481,0.0559,0.019,24.306,0.2361,2.938,0.3993,0.1744,0.3706,2
PRJ3-02174,125,4.186,10.791,0.2206,0.3988,0.0851,0.1085,0.0493,0.0851,0,0.0323,20.337,0.3241,2.656,0.2854,0.3735,0.4062,4
PRJ3-02175,30,3.42,2.434,0.5644,0.0273,0.0639,0.0858,0.0357,0.2434,0.0713,0.0003,10.558,0.1573,0,0.374,0.1541,0.4021,0
PRJ3-02176,80,5.498,9.977,0.0961,0.4246,0.1097,0.0325,0.0299,0.2434,0.0268,0.0146,31.899,0.3486,5.7,0.3543,0.1665,0.3477,4
PRJ3-02177,39,4.72,3.327,0.7172,0.1261,0.0397,0.2201,0.0847,0.1906,0.038,0.0099,11.37,0.1615,1.202,0.2797,0.1866,0.454,1
PRJ3-02178,4,1.027,8.967,0.2938,0.2986,0.0924,0.1142,0.0431,0.1824,0.0297,0,24.008,0.2551,4.185,0.0368,0.2535,0.2974,2
PRJ3-02179,30,4.431,5.492,0.3044,0.2311,0.071,0.1211,0.0345,0.02,0,0.0155,9.758,0.0657,0.564,0.3186,0.1063,0.2513,1
PRJ3-02180,4,0.785,9.265,0.2097,0.301,0.047,0.0936,0.0381,0.0611,0,0.0028,21.516,0.2335,0.488,0.1391,0.2231,0.1434,2
PRJ3-02181,226,6.146,10.525,0.236,0.337,0.077,0.2265,0.0325,0.2566,0.0488,0.0389,24.458,0.3052,0,0.5212,0.3401,0.43,4
PRJ3-02182,73,4.801,8.384,0.4476,0.421,0.1078,0.0789,0.0498,0.2782,0.0588,0.0438,28.902,0.2642,1.906,0.181,0.2196,0.4235,4
PRJ3-02183,34,4.851,9.745,0.1177,0.3429,0.0863,0.1183,0.0331,0.3975,0.0458,0.0286,20.175,0.2646,3.632,0.394,0.2786,0.4048,3
PRJ3-02184,134,5.674,8.232,0.325,0.3413,0.1033,0.0828,0.0084,0.0864,0.0438,0.026,17.197,0.2516,7.594,0.2411,0.1782,0.3628,3
PRJ3-02185,31,5.857,7.054,0.4554,0.2693,0.0841,0.0832,0.0364,0.236,0.036,0.026,17.117,0.2245,6.867,0.404,0.2644,0.3833,3
PRJ3-02186,9,2.766,9.13,0.2653,0.2866,0.0876,0.1161,0.0346,0.2746,0.0405,0.0101,16.816,0.1526,0.843,0.2998,0.209,0.3605,2
PRJ3-02187,240,2.526,8.815,0.259,0.3109,0.0509,0.1822,0.073,0.2571,0.0246,0.02,28.095,0.3441,0.435,0.162,0.3069,0.3577,3
PRJ3-02188,33,5.571,9.242,0.2877,0.3342,0.0735,0.157,0.0484,0.02,0,0.0167,27.884,0.341,1.573,0.1924,0.3161,0.4098,3
PRJ3-02189,72,5.081,5.645,0.3874,0.268,0.084,0.1475,0.0408,0.1174,0.0241,0.0251,18.753,0.2799,4.012,0.4189,0.3021,0.4434,3
PRJ3-02190,93,5.147,6.002,0.4291,0.1624,0.043,0.1207,0.0368,0.1666,0.0448,0.0243,25.661,0.262,3.83,0.4139,0.3391,0.2854,3
PRJ3-02191,196,5.297,3.546,0.4974,0.2023,0.0741,0.2075,0.0359,0.2235,0.0487,0.0141,21.069,0.2252,8.042,0.372,0.2597,0.2619,3
PRJ3-02192,91,4.41,8.04,0.3247,0.2767,0.0593,0.0853,0.0455,0.1866,0.0039,0.0204,25.358,0.3527,0.084,0.2678,0.2676,0.3842,2
PRJ3-02193,57,5.119,5.384,0.4398,0.2207,0.0705,0.149,0.0613,0.0793,0.0394,0.0036,19.874,0.2661,5.603,0.4292,0.2049,0.2964,2
PRJ3-02194,64,5.663,6.923,0.3658,0.2256,0.0696,0.0334,0.038,0.0898,0.0267,0.0032,20.712,0.2718,1.775,0.2474,0.2604,0.3262,1
PRJ3-02195,12,6.235,6.585,0.3435,0.2414,0.0808,0.1158,0.026,0.1703,0.045,0.0308,24.256,0.352,3.433,0.2645,0.2966,0.3005,3
PRJ3-02196,41,4.007,9.436,0.3304,0.2765,0.0555,0.1054,0.0154,0.1991,0.0544,0.0437,23.532,0.1956,7.134,0.3602,0.2322,0.5075,4
PRJ3-02197,59,5.543,11.073,0.1634,0.3989,0.1165,0.1107,0.0861,0.2669,0.055,0.0259,23.116,0.3246,5.997,0.4248,0.2565,0.4833,4
PRJ3-02198,41,4.925,7.75,0.3716,0.2444,0.0844,0.1868,0.0843,0.2848,0.067,0.0341,25.098,0.2252,8.26,0.5925,0.2774,0.419,4
PRJ3-02199,176,5.282,7.961,0.1716,0.3182,0.1189,0.1449,0.0602,0.2933,0,0.0104,31.398,0.274,1.74,0.2978,0.2952,0.4372,3
PRJ3-02200,110,4.274,7.154,0.4412,0.3001,0.111,0,0,0.1539,0.0066,0,23.59,0.3934,1.479,0.3899,0.2505,0.398,2
PRJ3-02201,41,4.599,4.764,0.3702,0.1011,0.0367,0.0372,0,0.0917,0.0242,0,17.188,0.2589,1.31,0.21,0.2353,0.3792,1
PRJ3-02202,89,5.475,12.556,0.08,0.4429,0.0996,0.1811,0.0495,0.1525,0.0426,0.0198,16.754,0.3332,5.676,0.4736,0.2884,0.4305,4
PRJ3-02203,34,3.623,4.017,0.52,0.1706,0.042,0.0231,0.0291,0.0751,0.0046,0,22.455,0.1381,2.782,0.3444,0.1908,0.2774,1
PRJ3-02204,126,6.553,9.497,0.1364,0.2624,0.0963,0.2096,0.0463,0.2431,0.0598,0.0598,38.877,0.4756,6.481,0.2444,0.2887,0.5315,6
PRJ3-02206,205,5.913,13.434,0.08,0.4837,0.1143,0.0724,0.0231,0.2819,0.0596,0.035,31.266,0.3472,8.454,0.3702,0.2744,0.6146,6
PRJ3-02207,8,1.629,9.593,0.1753,0.3462,0.0781,0.2648,0.0849,0.02,0.0363,0.0091,17.054,0.2624,0,0.1634,0.1908,0.2256,2
PRJ3-02208,240,3.273,9.607,0.2232,0.3438,0.0806,0.104,0.0095,0.1478,0.0024,0.0278,29.186,0.3038,0,0.3499,0.2668,0.3546,3
PRJ3-02209,50,5.55,6.116,0.5004,0.2992,0.0513,0.1482,0.0279,0.1067,0.04,0.0216,19.145,0.3437,6.087,0.3534,0.2227,0.3432,3
PRJ3-02210,87,5.272,9.737,0.2309,0.3178,0.1096,0.1008,0.041,0.1715,0.0254,0.0175,32.401,0.3385,0,0.1565,0.2234,0.3843,3
PRJ3-02211,17,5.775,11.052,0.0988,0.3985,0.0988,0.1419,0.0322,0.1458,0.0429,0.0056,6.191,0.0595,0.206,0.3642,0.1538,0.334,2
PRJ3-02212,39,5.957,4.539,0.4645,0.2236,0.0348,0.1322,0.0572,0.1751,0.0421,0.0326,17.982,0.2016,5.209,0.2538,0.1773,0.4604,3
PRJ3-02213,42,5.97,6.709,0.4665,0.2669,0.0767,0.1253,0.0587,0.199,0.0615,0.0422,26.271,0.2558,3.925,0.3979,0.1696,0.2224,4
PRJ3-02214,62,7.243,10.144,0.2285,0.3391,0.104,0.1001,0.042,0.2065,0.0639,0,15.727,0.2316,2.516,0.1546,0.193,0.2942,2
PRJ3-02215,27,7.188,4.02,0.4656,0.1918,0.048,0.0429,0.0345,0.2309,0.0321,0.0207,15.279,0.2841,0,0.3343,0.2186,0.3813,2
PRJ3-02216,77,4.068,5.201,0.4979,0.2653,0.0671,0.0878,0.0555,0.0599,0.0327,0.0275,32.785,0.4632,0.099,0.2507,0.2667,0.4271,3
PRJ3-02217,222,5.336,13.188,0.0994,0.4215,0.1115,0.1448,0.0459,0.1096,0.0142,0.0252,13.771,0.2914,7.453,0.358,0.1182,0.4468,4
PRJ3-02218,51,4.146,9.59,0.3208,0.3819,0.0801,0.119,0.0635,0.1429,0.0113,0.0299,22.493,0.1962,6.635,0.2171,0.1536,0.3055,4
PRJ3-02219,61,5.538,4.448,0.4227,0.0889,0.045,0.0275,0.0166,0.1904,0.0097,0,16.148,0.2304,0,0.1141,0.172,0.3637,1
PRJ3-02220,24,4.548,9.76,0.3113,0.4279,0.103,0.1353,0.0392,0.1228,0.041,0.0175,24.17,0.238,3.225,0.4021,0.3277,0.426,3
PRJ3-02221,199,5.64,13.133,0.08,0.5243,0.1227,0.2757,0.0917,0.2989,0.0399,0.0337,23.954,0.2674,3.855,0.4081,0.2174,0.2842,5
PRJ3-02222,35,7.089,10.45,0.1348,0.3436,0.0889,0.1565,0.0573,0.157,0.0192,0.0318,28.082,0.3357,2.729,0.3814,0.308,0.3994,4
PRJ3-02223,94,5.975,9.766,0.1168,0.4249,0.1174,0.2025,0.0466,0.2718,0.0475,0.0283,29.123,0.3125,1.438,0.3394,0.214,0.4069,4
PRJ3-02224,99,4.661,6.245,0.4784,0.1907,0.0439,0.1232,0.0451,0.0646,0.0208,0.0205,23.431,0.3092,0,0.2875,0.262,0.2393,2
PRJ3-02225,43,4.153,6.258,0.3752,0.2016,0.0236,0.0368,0.0049,0.0814,0.0096,0,8.422,0.2466,7.816,0.1827,0.1401,0.3863,2
PRJ3-02226,240,3.388,9.094,0.2723,0.2754,0.0543,0.0028,0.0113,0.1001,0.0261,0,20.914,0.206,4.658,0.3794,0.1253,0.3001,2
PRJ3-02227,84,5.827,8.868,0.1871,0.2991,0.0818,0.103,0.0264,0.2128,0.0423,0.0402,6.223,0.1852,7.992,0.4327,0.0441,0.2811,4
PRJ3-02228,31,6.478,12.099,0.08,0.3811,0.1272,0.1196,0.0834,0.2325,0.0132,0.0077,10.27,0.209,6.758,0.2876,0.1304,0.4842,3
PRJ3-02229,18,4.305,12.06,0.1835,0.4008,0.0955,0.1678,0.0502,0.2793,0.0703,0.0182,25.477,0.3507,4.227,0.1736,0.224,0.4523,4
PRJ3-02230,54,5.718,9.645,0.1855,0.1813,0.0615,0.2387,0.0697,0.3374,0.0527,0.0182,14.482,0.2163,6.686,0.2055,0.2833,0.4296,3
PRJ3-02231,53,4.103,10.421,0.2101,0.3014,0.0434,0.1089,0.0061,0.2475,0.0091,0.0255,29.204,0.2879,2.734,0.3495,0.3139,0.2414,4
PRJ3-02232,73,7.205,7.998,0.2735,0.3511,0.1115,0.2702,0.0909,0.2286,0.0774,0.0203,29.614,0.3533,5.243,0.4648,0.3669,0.5541,4
PRJ3-02233,41,4.515,8.544,0.1616,0.3141,0.0927,0.0368,0.0153,0.02,0.0347,0.0199,5,0.0752,1.621,0.323,0.1096,0.2848,2
PRJ3-02234,13,2.46,10.359,0.08,0.4062,0.1058,0.0905,0.0043,0.1144,0.0019,0.0105,18.692,0.269,4.028,0.1549,0.1406,0.2197,3
PRJ3-02235,83,4.604,5.242,0.4593,0.1642,0.0346,0.0371,0,0.1718,0.0193,0.0052,15.877,0.2048,1.659,0.4735,0.0201,0.2332,1
PRJ3-02236,55,5.567,7.505,0.3284,0.3275,0.1058,0.1476,0.03,0.0649,0.0262,0.018,23.356,0.356,9.641,0.113,0.3614,0.4605,4
PRJ3-02237,56,4.925,11.498,0.1453,0.4595,0.1195,0.1532,0.08,0.1384,0.0424,0.0509,24.893,0.3399,4.979,0.2319,0.3124,0.2619,5
PRJ3-02238,29,6.963,12.143,0.08,0.4838,0.1177,0.1697,0.0632,0.1261,0.0297,0.0372,26.358,0.3644,4.816,0.3599,0.2735,0.3822,5
PRJ3-02239,57,6.33,6.886,0.2501,0.2692,0.0694,0.1834,0.0456,0.1698,0.031,0.0226,16.359,0.3274,3.62,0.356,0.1937,0.2373,2
PRJ3-02240,126,4.225,6.831,0.3953,0.2218,0.0494,0.1225,0.0166,0.1805,0.0318,0.0224,23.637,0.2797,5.816,0.2083,0.2562,0.3914,3
PRJ3-02241,25,4.243,9.571,0.2045,0.3361,0.0848,0.0966,0.0332,0.1051,0.049,0.0043,25.169,0.3659,7.46,0.1875,0.2202,0.2901,3
PRJ3-02242,13,4.221,2,0.7404,0.2274,0.075,0.0677,0.0244,0.1139,0.0517,0.0007,6.744,0.1641,4.087,0.4274,0.1281,0.4306,1
PRJ3-02243,81,4.957,10.925,0.2389,0.3929,0.1135,0.1709,0.0336,0.124,0.0271,0,13.148,0.1053,0,0.3354,0.2417,0.2707,2
PRJ3-02244,38,6.495,9.248,0.2504,0.3381,0.0904,0.0643,0,0.1594,0.0015,0.0197,25.042,0.2791,5.59,0.2863,0.2515,0.3307,3
PRJ3-02245,98,5.055,8.364,0.2987,0.3966,0.0812,0.1476,0.0646,0.1875,0.0123,0.0279,9.1,0.1385,0,0.2501,0.1096,0.2378,2
PRJ3-02246,19,4.466,5.338,0.33,0.2703,0.113,0.149,0.0478,0.2115,0.0416,0.0148,19.087,0.3148,3.078,0.2248,0.2367,0.3569,2
PRJ3-02247,49,5.463,7.527,0.2526,0.3487,0.1084,0.023,0.0294,0.2164,0.0693,0.0208,17.093,0.317,1.839,0.3461,0.0942,0.458,2
PRJ3-02248,165,5.315,9.482,0.3024,0.3204,0.0838,0.1853,0.0223,0.1715,0.0537,0.0263,20.631,0.2336,4.416,0.3906,0.2039,0.2143,3
PRJ3-02249,56,4.981,10.98,0.2404,0.4067,0.0763,0.1515,0.0472,0.1248,0.042,0.05,29.185,0.4475,1.882,0.2656,0.3472,0.3308,5
PRJ3-02250,60,5.033,5.496,0.5914,0.2048,0.0318,0.0736,0,0.2314,0.0155,0.0096,5,0.0057,3.242,0.2721,0.034,0.3882,1
PRJ3-02251,37,4.112,13.558,0.08,0.5125,0.0952,0.1473,0.0557,0.1283,0.0263,0.0126,24.13,0.1737,1.52,0.141,0.2809,0.2782,4
PRJ3-02252,126,5.168,4.728,0.4595,0.1595,0.0548,0.0899,0.0398,0.1305,0.0439,0.0009,10.721,0.125,3.683,0.1918,0.2154,0.2898,1
PRJ3-02253,45,3.778,9.701,0.1162,0.3483,0.0772,0.0269,0.0286,0.1521,0.0367,0.0051,14.112,0.1106,2.367,0.3219,0.148,0.2046,2
PRJ3-02254,67,4.416,9.094,0.2502,0.3652,0.103,0.0269,0.0307,0.1425,0.0154,0.0122,10.614,0.1816,3.45,0.3456,0.0916,0.3689,2
PRJ3-02256,43,5.288,10.928,0.2111,0.3448,0.1032,0.0084,0.0372,0.0337,0.0246,0.0088,38.666,0.5052,6.223,0.4492,0.293,0.2397,4
PRJ3-02257,208,4.748,7.954,0.3445,0.3647,0.0939,0.0722,0.0346,0.0312,0.0393,0.0169,29.064,0.2941,6.421,0.2472,0.244,0.5287,4
PRJ3-02258,18,4.977,3.552,0.4905,0.1101,0.0321,0,0,0.1505,0.0086,0.0268,21.651,0.2559,2.047,0.1164,0.143,0.3114,2
PRJ3-02259,111,5.769,7.759,0.3325,0.2231,0.1004,0.1602,0.0762,0.294,0.0692,0.0285,20.093,0.2179,4.683,0.5425,0.2716,0.4458,3
PRJ3-02260,20,4.527,5.34,0.5221,0.2383,0.0634,0.0848,0.0291,0.1702,0.0242,0.0223,18.403,0.2221,7.841,0.2173,0.2098,0.3177,3
PRJ3-02261,55,4.568,7.722,0.4707,0.3208,0.0744,0.0559,0.0201,0.0906,0.0381,0.029,11.629,0.1375,7.209,0.1794,0.0712,0.3659,3
PRJ3-02262,4,1.459,9.818,0.1805,0.3251,0.0781,0.0335,0.009,0.1313,0.012,0.0126,26.029,0.3478,2.163,0.2986,0.1903,0.2692,3
PRJ3-02263,5,1.188,9.443,0.3717,0.3991,0.0989,0.0744,0.0299,0.1624,0.0454,0.0272,21.56,0.3176,8.621,0.4817,0.1467,0.4426,4
PRJ3-02264,154,4.139,5.466,0.4728,0.1481,0.0673,0.0725,0.0522,0.1945,0.0143,0.0242,17.142,0.1682,4.232,0.1673,0.2118,0.3557,2
PRJ3-02265,188,5.054,2,0.6729,0,0.0114,0.1321,0.0735,0.1485,0.0101,0.0167,14.146,0.1866,3.192,0.2896,0.2043,0.4607,1
PRJ3-02266,10,6.351,5.326,0.3407,0.181,0.059,0.0416,0.0687,0.0245,0.0441,0,11.041,0.2635,7.752,0.3124,0.1745,0.2169,2
PRJ3-02267,51,5.283,4.313,0.4863,0.1573,0.0668,0.114,0.0446,0.1141,0.0552,0.0164,25.203,0.2611,6.322,0.3539,0.2699,0.2585,3
PRJ3-02268,4,0.67,8.084,0.3929,0.3093,0.0842,0.1292,0.0641,0.1736,0.0036,0.0089,21.822,0.2988,3.395,0.058,0.1615,0.3587,2
PRJ3-02269,46,3.831,5.925,0.2068,0.1188,0.0615,0.0756,0.0403,0.1449,0.0381,0.0115,15.016,0.1955,0.535,0.2779,0.0836,0.2847,1
PRJ3-02270,48,4.802,9.275,0.3414,0.2941,0.0764,0.0973,0.0382,0.1305,0,0.0014,11.809,0.0949,2.564,0.2253,0.1256,0.3195,2
PRJ3-02271,4,1.759,10.195,0.2045,0.4389,0.101,0.0268,0.0103,0.0662,0.019,0.0073,19.717,0.2756,1.764,0.2557,0.171,0.4389,2
PRJ3-02272,56,4.654,9.653,0.2322,0.4304,0.0852,0.1249,0.0917,0.1387,0.0293,0,19.576,0.2432,3.419,0.2228,0.2687,0.3003,2
PRJ3-02273,60,3.58,4.658,0.5121,0.1585,0.0493,0.075,0.0327,0.053,0.0326,0.0254,28.454,0.2964,4.418,0.1705,0.2503,0.2287,3
PRJ3-02274,157,5.392,12.815,0.1082,0.467,0.1256,0.2112,0.0868,0.1177,0.065,0.0154,21.901,0.1768,4.532,0.4172,0.2038,0.3254,4
PRJ3-02275,63,6.265,10.865,0.1059,0.3881,0.1229,0.0232,0,0.1537,0.0294,0.0377,23.623,0.3299,5.506,0.253,0.1477,0.3737,4
PRJ3-02276,180,6.754,11.699,0.08,0.4734,0.1035,0.0917,0.0279,0.3175,0.0384,0.0623,39.808,0.4237,6.685,0.3136,0.3398,0.3554,7
PRJ3-02277,100,4.421,8.333,0.2912,0.3214,0.0693,0.1008,0.016,0.0746,0.0142,0,18.334,0.1644,1.736,0.2102,0.1476,0.3399,1
PRJ3-02278,131,4.79,14.405,0.08,0.3629,0.0745,0.112,0.0406,0.188,0.044,0.0261,28.293,0.3773,4.105,0.1791,0.2808,0.242,5
PRJ3-02279,88,6.66,8.345,0.3295,0.3278,0.076,0.2574,0.0427,0.3438,0.0598,0.0559,16.145,0.1885,6.748,0.6208,0.2447,0.4682,4
PRJ3-02280,69,6.405,8.629,0.131,0.3625,0.0524,0.2158,0.0802,0.2055,0.0797,0.052,22.94,0.241,9.968,0.3951,0.2637,0.5902,5
PRJ3-02281,98,4.911,6.347,0.5445,0.2513,0.0705,0.1702,0.0643,0.2305,0.0545,0.0036,19.788,0.2224,0.755,0.5413,0.2795,0.3974,1
PRJ3-02282,37,3.339,17.267,0.08,0.5339,0.0831,0.0823,0.0423,0.0643,0.0122,0.0201,18.925,0.2343,0,0.3131,0.1424,0.2451,4
PRJ3-02283,71,4.518,7.028,0.3649,0.2137,0.0305,0.1017,0.036,0.1997,0.0414,0.0119,5,0.1058,0.948,0.1735,0.1386,0.201,1
PRJ3-02284,78,4.537,7.131,0.3239,0.2282,0.0479,0.0781,0.0179,0.0734,0.0128,0,21.997,0.2443,1.941,0.1656,0.1988,0.2354,1
PRJ3-02285,222,5.906,8.589,0.1965,0.3593,0.1047,0.0946,0.0239,0.3477,0.0127,0.019,26.275,0.277,5.082,0.3517,0.2867,0.3923,3
PRJ3-02286,240,3.665,4.944,0.5627,0.269,0.0872,0,0.0158,0.1872,0.0058,0,11.695,0.2161,1.814,0.2214,0.1387,0.269,1
PRJ3-02287,32,3.457,9.958,0.1256,0.3364,0.0479,0.0944,0.0127,0.1529,0,0.0007,24.583,0.2148,2.866,0.235,0.1988,0.2957,2
PRJ3-02288,116,4.845,11.059,0.08,0.4746,0.1267,0.0131,0.0504,0.1179,0.0647,0.0276,31.561,0.4093,3.159,0.3653,0.2186,0.3836,5
PRJ3-02289,107,7.42,6.898,0.4577,0.1513,0.0879,0.0801,0.0475,0.1175,0,0.0202,19.377,0.2087,0.815,0.2517,0.2325,0.281,2
PRJ3-02290,42,6.684,9.062,0.3593,0.2322,0.0663,0.14,0.0432,0.2322,0.0414,0.0395,16.875,0.265,10.106,0.2592,0.1516,0.3656,4
PRJ3-02291,136,4.97,10.906,0.238,0.4345,0.0797,0.0252,0.0594,0.0307,0.0531,0.0358,26.375,0.3036,4.484,0.2451,0.2156,0.3145,4
PRJ3-02292,61,3.552,5.689,0.338,0.156,0.0791,0.0349,0.011,0.1209,0.0043,0.0003,5,0.1816,3.328,0.2029,0.1343,0.2941,1
PRJ3-02293,44,5.098,7.613,0.3085,0.2119,0.0519,0.1318,0.0636,0.1499,0,0,17.683,0.1628,4.687,0.2082,0.1262,0.3074,1
PRJ3-02294,109,3.942,9.118,0.3409,0.2508,0.0632,0.1181,0.0649,0.2205,0.0422,0.0094,8.629,0.1518,5.947,0.3585,0.1257,0.3843,2
PRJ3-02295,56,6.865,8.18,0.4302,0.2764,0.0665,0.1121,0.0402,0.1957,0.0468,0,18.612,0.3384,4.515,0.2688,0.1543,0.4582,2
PRJ3-02296,155,5.427,10.12,0.2279,0.3265,0.0589,0.1359,0.0617,0.2842,0.0129,0.0172,32.899,0.4069,4.234,0.3214,0.2761,0.4927,4
PRJ3-02297,97,4.759,6.849,0.4346,0.235,0.0693,0.0405,0.0103,0.1551,0.0029,0.0284,33.998,0.3819,9.114,0.1614,0.3077,0.3413,4
PRJ3-02298,99,6.493,13.343,0.08,0.4076,0.1183,0.208,0.0346,0.1212,0.0416,0.0523,40.399,0.4569,4.805,0.5171,0.246,0.397,7
PRJ3-02299,59,6.89,10.167,0.1631,0.3917,0.0968,0.1593,0.0232,0.231,0.0421,0.0471,34.581,0.4105,9.664,0.423,0.3943,0.3143,6
PRJ3-02300,144,5.763,11.598,0.1732,0.4599,0.142,0.2106,0.059,0.2235,0.0421,0.0394,25.471,0.2563,7.268,0.2987,0.2471,0.3582,5
PRJ3-02301,42,5.507,9.371,0.2979,0.3344,0.074,0.1371,0.0318,0.1849,0.0368,0.0217,10.123,0.1655,3.011,0.3284,0.139,0.2361,3
PRJ3-02302,86,3.98,2.735,0.6464,0.1657,0.0299,0.0617,0.0721,0.05,0,0,13.524,0.2314,6.62,0.079,0.1434,0.2568,1
PRJ3-02303,27,4.91,9.694,0.2897,0.3934,0.114,0.1151,0.0375,0.1145,0.0393,0.0211,25.442,0.306,4.245,0.2708,0.1983,0.4354,4
PRJ3-02304,75,5.322,8.781,0.3008,0.3948,0.1211,0.1454,0.0418,0.2681,0.0542,0.023,13.537,0.2566,0,0.4607,0.2279,0.413,2
PRJ3-02305,28,3.46,3.183,0.6446,0.2146,0.0396,0.0125,0,0.2244,0.0268,0,17.49,0.2617,0,0.3743,0.1543,0.2995,1
PRJ3-02306,37,4.359,8.681,0.2176,0.3201,0.0979,0.2212,0.0714,0.1606,0.0004,0.0248,21.063,0.2206,7.525,0.4947,0.2016,0.3627,3
PRJ3-02308,61,5.239,8.515,0.2669,0.3181,0.0687,0.0621,0.026,0.1468,0.0482,0.019,19.61,0.3822,4.514,0.3344,0.1536,0.4507,3
PRJ3-02309,53,8.094,9.553,0.1882,0.3271,0.0894,0.1258,0.0324,0.388,0.0584,0.0371,28.59,0.2753,2.403,0.4899,0.238,0.3689,4
PRJ3-02310,62,4.043,10.155,0.1789,0.2574,0.0663,0.0079,0,0.0902,0.0015,0,20.229,0.2807,1.32,0.069,0.145,0.3491,2
PRJ3-02311,170,5.8,13.725,0.08,0.4082,0.0681,0.0566,0.0594,0.1223,0.0527,0.0314,34.32,0.3745,8.769,0.3903,0.3264,0.4538,6
PRJ3-02312,167,5.576,11.432,0.1769,0.3905,0.0943,0.2107,0.0252,0.2377,0.0765,0.003,16.097,0.219,2.228,0.4115,0.2366,0.4456,2
PRJ3-02313,13,3.603,2.472,0.7451,0.1042,0.0365,0.1105,0.0084,0.1439,0.0239,0.0268,15.584,0.1729,0.224,0.2143,0.1886,0.2236,2
PRJ3-02314,46,5.525,12.081,0.1118,0.4419,0.1211,0.0128,0.0263,0.039,0.0404,0,26.629,0.3602,3.236,0.263,0.2172,0.3251,3
PRJ3-02315,65,3.763,13.431,0.08,0.5073,0.1127,0,0.0293,0.02,0.0109,0.0263,11.112,0.1708,4.966,0.2546,0.1107,0.3064,4
PRJ3-02316,35,8.92,8.218,0.2235,0.2205,0.0561,0.1205,0.0497,0.2292,0.0642,0.0155,21.008,0.3093,4.737,0.1718,0.1522,0.3256,2
PRJ3-02317,23,4.919,5.626,0.3002,0.1865,0.0665,0.0338,0.0354,0.1195,0.0116,0.0055,17.448,0.3443,5.046,0.2168,0.1401,0.3652,2
PRJ3-02318,90,5.951,7.058,0.314,0.2164,0.0845,0.0399,0.0259,0.1716,0.0537,0.0149,30.553,0.383,3.462,0.5163,0.2914,0.3144,3
PRJ3-02319,55,4.565,10.097,0.2245,0.3059,0.0828,0.0413,0.0273,0.1183,0.0099,0,7.045,0.2263,0.764,0.0644,0.0964,0.4308,1
PRJ3-02320,90,5.495,9.756,0.1752,0.2548,0.0492,0.0832,0.0144,0.2754,0.0234,0.0108,19.035,0.1969,0,0.2832,0.1806,0.3119,2
PRJ3-02321,96,5.609,9.235,0.2047,0.3827,0.108,0.1354,0.0307,0.1591,0.0227,0.0518,34.63,0.4815,7.524,0.1637,0.2818,0.3481,6
PRJ3-02322,49,4.591,7.068,0.4419,0.248,0.0923,0,0.0223,0.1095,0.0222,0.0203,16.046,0.2851,1.941,0.2708,0.1327,0.2913,2
PRJ3-02323,158,5.256,11.83,0.178,0.3912,0.0575,0.1944,0.0479,0.1619,0,0.0028,12.154,0.1623,0,0.3267,0.2502,0.3751,2
PRJ3-02324,24,4.977,12.429,0.08,0.4664,0.0914,0.1291,0.0387,0.0339,0.0103,0.0316,20.521,0.3019,8.25,0.2247,0.1721,0.4207,5
PRJ3-02325,31,3.307,2.048,0.4999,0.1374,0.0477,0.0299,0,0.1599,0.0085,0.0045,11.879,0.2302,0,0.2683,0.0966,0.3676,1
PRJ3-02326,59,5.021,13.483,0.08,0.3597,0.1133,0.0773,0.0405,0.3068,0.0348,0.0102,28.691,0.2534,2.077,0.3773,0.2043,0.3439,4
PRJ3-02327,65,4.775,5.765,0.4623,0.2377,0.042,0.1346,0.0254,0.1284,0.0583,0.0431,32.096,0.2734,6.556,0.3762,0.3867,0.5177,5
PRJ3-02328,83,4.413,7.16,0.2807,0.2839,0.0852,0.0391,0,0.1401,0.0466,0.036,12.369,0.1753,7.641,0.434,0.1484,0.3002,3
PRJ3-02329,57,4.809,6.243,0.4656,0.2595,0.0778,0.0583,0.0009,0.1053,0.0043,0.0071,19.353,0.1684,3.085,0.1991,0.2242,0.3342,2
PRJ3-02330,57,5.972,4.64,0.5486,0.1732,0.0263,0.1471,0.0722,0.2218,0.0444,0,16.764,0.2627,0,0.2064,0.1606,0.3664,1
PRJ3-02331,77,5.186,9.025,0.2392,0.342,0.0567,0,0.0196,0.1699,0.0259,0.0003,32.431,0.371,8.899,0.3497,0.1782,0.3657,3
PRJ3-02332,28,3.886,9.384,0.3231,0.3584,0.1094,0.1513,0.0482,0.1336,0.0184,0.0029,24.626,0.2698,3.204,0.1529,0.2585,0.2544,3
PRJ3-02333,55,3.988,4.101,0.5309,0.1629,0.0682,0.0794,0.0539,0.1157,0.0223,0,21.772,0.2314,6.591,0.1785,0.2343,0.4104,2
PRJ3-02334,148,4.434,7.031,0.4781,0.2828,0.0974,0.1145,0.0184,0.2175,0.0395,0,8.179,0.2107,0.506,0.238,0.1992,0.2957,1
PRJ3-02335,41,5.472,11.944,0.2023,0.4103,0.1117,0.2532,0.0711,0.2229,0.0445,0.0093,30.816,0.409,1.817,0.2488,0.3834,0.4111,4
PRJ3-02336,25,5.17,3.186,0.6322,0.1552,0.0406,0.2735,0.044,0.2277,0.0429,0.0275,21.691,0.2857,3.46,0.1996,0.2982,0.344,3
PRJ3-02337,65,4.968,10.55,0.2557,0.3518,0.0868,0.137,0.0857,0.2178,0.0308,0.028,21.99,0.2369,4.63,0.2856,0.203,0.4229,4
PRJ3-02338,22,5.899,13.356,0.08,0.5427,0.1538,0.1029,0.027,0.1951,0.0487,0.032,34.801,0.3889,7.122,0.3251,0.2547,0.3504,6
PRJ3-02339,35,5.305,8.23,0.1864,0.2093,0.0692,0.1381,0.0228,0.2068,0.0383,0.0,28.097,0.2184,4.392,0.3435,0.2182,0.4854,2
PRJ3-02340,34,5.273,9.885,0.2293,0.278,0.0733,0.2516,0.0733,0.2229,0.0581,0.0351,19.8,0.3301,6.434,0.336,0.3635,0.3882,4
PRJ3-02341,17,6.442,2,0.6459,0.2501,0.0761,0.0608,0,0.0704,0,0.0229,21.248,0.293,4.182,0.1902,0.202,0.3326,3
PRJ3-02342,57,6.015,6.136,0.3427,0.305,0.1078,0.1673,0.0548,0.0759,0.1032,0.0165,34.777,0.5321,6.883,0.2845,0.3624,0.4514,4
PRJ3-02343,25,5.334,6.014,0.2254,0.2246,0.1041,0.2099,0.082,0.2167,0.068,0.0167,24.818,0.2764,4.981,0.4244,0.3109,0.4229,3
PRJ3-02344,9,2.2,11.732,0.08,0.3305,0.1017,0.1182,0.0462,0.1188,0.0263,0.0028,16.83,0.1186,4.612,0.1974,0.2133,0.3841,3
PRJ3-02345,136,6.157,7.856,0.1351,0.2132,0.0485,0.1624,0.023,0.2377,0.0411,0.009,16.539,0.3509,4.351,0.2938,0.2763,0.2997,2
PRJ3-02346,85,4.921,8.347,0.3956,0.2423,0.084,0.1734,0.0399,0.1163,0.0703,0.0167,16.943,0.2585,3.032,0.18,0.2895,0.3805,2
PRJ3-02347,36,5.942,8.869,0.281,0.3156,0.0663,0.1409,0.0824,0.1114,0.0277,0.0345,9.178,0.1056,5.238,0.2778,0.143,0.3952,3
PRJ3-02348,70,4.973,6.943,0.3782,0.3232,0.1069,0.2267,0.0368,0.2705,0.0475,0.0257,26.183,0.2978,3.65,0.1733,0.3029,0.4448,3
PRJ3-02349,100,5.778,11.422,0.1951,0.4738,0.1035,0.1382,0.0634,0.1629,0.0024,0.0159,23.781,0.1354,0.911,0.3815,0.2784,0.2958,3
PRJ3-02350,67,4.714,8.278,0.2611,0.2929,0.0521,0.168,0.0508,0.2293,0.0475,0.0288,28.205,0.2043,3.599,0.234,0.2373,0.4455,3
PRJ3-02351,37,4.095,6.327,0.4066,0.2159,0.0389,0.1216,0.0056,0.0768,0.0096,0.0176,20.748,0.2428,4.239,0.2293,0.2118,0.2817,2
PRJ3-02352,81,4.924,8.679,0.315,0.2699,0.075,0.2245,0.088,0.2623,0.0162,0.025,17.791,0.2777,1.383,0.294,0.2207,0.3499,2
PRJ3-02353,28,5.255,11.118,0.0806,0.4305,0.1059,0.129,0.044,0.1322,0.015,0.0063,21.278,0.227,5.766,0.2453,0.2037,0.285,3
PRJ3-02354,176,5.483,10.475,0.193,0.4568,0.1134,0.0888,0.03,0.0734,0.0469,0.0181,22.194,0.3205,3.478,0.2472,0.2729,0.509,3
PRJ3-02355,240,4.398,9.014,0.2575,0.3456,0.0763,0.0773,0.0778,0.2198,0.0119,0.0079,15.406,0.2555,0.053,0.1353,0.1748,0.3077,2
PRJ3-02356,63,4.439,5.529,0.5708,0.2508,0.0799,0.0883,0.05,0.2202,0.0221,0.0104,23.826,0.2915,0,0.3448,0.204,0.2586,2
PRJ3-02357,77,3.814,5.928,0.4323,0.2524,0.0681,0.0579,0.0577,0.0768,0.039,0,16.853,0.2384,0,0.2456,0.1293,0.2658,1
PRJ3-02358,50,3.841,13.198,0.08,0.4407,0.0625,0.1334,0.0342,0.0843,0.0426,0.0244,23.436,0.4163,4.644,0.3299,0.2084,0.4244,4
PRJ3-02359,83,4.796,8.204,0.3604,0.2627,0.094,0.1356,0.0249,0.1541,0.0183,0.0023,21.972,0.2203,8.603,0.3271,0.309,0.3866,3
PRJ3-02360,41,5.023,11.089,0.1719,0.4221,0.1062,0.1633,0.0282,0.1534,0.0352,0.0357,38.977,0.3812,6.266,0.1576,0.3705,0.3934,6
PRJ3-02361,162,5.123,11.824,0.08,0.4535,0.0951,0.1616,0.0619,0.0892,0.0419,0.045,17.078,0.1929,6.317,0.2067,0.1845,0.4873,5
PRJ3-02362,150,4.739,5.906,0.405,0.2888,0.091,0.089,0.0318,0.1345,0.0346,0,32.948,0.3815,1.502,0.2634,0.286,0.319,2
PRJ3-02363,24,3.825,6.131,0.3966,0.3046,0.0887,0.2425,0.0779,0.1808,0,0.0116,32.244,0.3092,4.147,0.2096,0.337,0.3287,3
PRJ3-02364,36,4.507,4.912,0.6358,0.1578,0.0651,0.1117,0.0389,0.2736,0.0362,0.0297,21.917,0.2665,3.021,0.2327,0.2602,0.3907,3
PRJ3-02365,34,6.996,11.651,0.1274,0.4281,0.1333,0.2319,0.0527,0.1418,0.0689,0.0365,31.809,0.4003,11.56,0.3155,0.2588,0.4396,6
PRJ3-02366,122,5.082,6.226,0.4392,0.2796,0.0886,0.1834,0.076,0.1652,0.0214,0.0284,19.746,0.1991,6.921,0.3158,0.2638,0.2817,3
PRJ3-02367,103,4.498,8.728,0.2231,0.3911,0.0837,0.15,0.058,0.164,0.0102,0.0185,27.505,0.2849,5.074,0.2144,0.1887,0.146,3
PRJ3-02368,114,5.017,8.314,0.2186,0.2998,0.0757,0.1775,0.0645,0.2098,0.0639,0.0295,32.133,0.3943,4.691,0.2199,0.3355,0.2699,4
PRJ3-02369,26,4.751,9.446,0.347,0.3777,0.1126,0.1038,0.0573,0.157,0.0279,0.0151,13.476,0.1661,0,0.2163,0.1096,0.3461,2
PRJ3-02370,40,4.773,6.31,0.4492,0.1627,0.0818,0.088,0.0559,0.2534,0.0543,0.0226,16.991,0.184,0,0.2031,0.1927,0.3141,2
PRJ3-02371,37,5.639,12.712,0.0952,0.4157,0.0769,0.1413,0.0281,0.1917,0.0291,0.0133,22.645,0.2717,8.533,0.3764,0.2046,0.3689,4
PRJ3-02372,80,5.495,7.191,0.3566,0.3113,0.1016,0.1957,0.0698,0.2273,0.0354,0.0379,25.963,0.3017,4.589,0.2451,0.3178,0.2891,4
PRJ3-02373,105,5.151,8.985,0.1833,0.3413,0.0466,0.1843,0.033,0.0878,0.0384,0.0246,23.2,0.2624,0.684,0.4139,0.1373,0.2369,3
PRJ3-02374,17,4.512,10.686,0.1275,0.4395,0.109,0.0057,0.0095,0.1399,0.0119,0.0264,22.188,0.3313,2.561,0.2345,0.1942,0.3037,4
PRJ3-02375,23,5.029,11.081,0.08,0.3968,0.0743,0.1625,0.0451,0.2488,0.0784,0.0314,38.792,0.3631,3.726,0.3196,0.3958,0.3193,5
PRJ3-02376,154,4.562,4.937,0.4099,0.1601,0.0475,0.1489,0.0282,0.02,0.0087,0.0169,20.831,0.3219,2.17,0.394,0.1854,0.3864,2
PRJ3-02377,60,4.793,6.831,0.4808,0.3277,0.0466,0.0572,0.0173,0.084,0.0495,0.0134,10.605,0.0403,2.96,0.1804,0.1728,0.3358,2
PRJ3-02378,35,5.874,9.288,0.1767,0.2775,0.0567,0.2022,0.0731,0.1329,0.0256,0.0446,35.115,0.3655,3.241,0.4925,0.3058,0.4039,5
PRJ3-02379,50,5.316,10.243,0.181,0.3616,0.0601,0.2039,0.0316,0.0771,0.0574,0.0167,21.558,0.2725,2.755,0.3712,0.2776,0.2765,3
PRJ3-02380,88,6.227,12.287,0.1106,0.4143,0.0819,0.1376,0.0291,0.2681,0.0606,0.0378,27.247,0.2016,0.771,0.4502,0.3057,0.4746,5
PRJ3-02381,240,4.612,12.929,0.1243,0.4377,0.1181,0.2257,0.0711,0.1874,0.0209,0.0113,27.201,0.286,3.922,0.2576,0.3177,0.4513,4
PRJ3-02382,181,4.52,6.488,0.4863,0.2152,0.0169,0.1506,0.0482,0.0532,0.0492,0,16.611,0.2705,0.406,0.355,0.149,0.3508,1
PRJ3-02383,73,3.306,9.748,0.1894,0.2942,0.0959,0.0263,0.0413,0.0473,0.0182,0,26.0,0.334,3.4,0.3118,0.0721,0.3379,2
PRJ3-02384,140,5.457,14.299,0.08,0.6679,0.1307,0.1407,0.0658,0.0829,0.051,0.0125,32.62,0.4107,4.802,0.306,0.2966,0.3873,5
PRJ3-02385,64,4.453,6.978,0.2932,0.1425,0.0652,0,0.0233,0.0614,0.021,0.0415,17.411,0.1898,3.71,0.2847,0.1309,0.3232,3
PRJ3-02386,136,5.068,10.61,0.08,0.433,0.0834,0.1986,0.0533,0.1446,0.0225,0.0215,36.938,0.4487,7.868,0.3545,0.4232,0.2312,5
PRJ3-02387,74,5.614,7.205,0.3658,0.2563,0.0872,0.2207,0.0458,0.3001,0.0072,0.0333,23.111,0.313,7.94,0.4344,0.2885,0.3677,4
PRJ3-02388,29,4.041,10.742,0.3322,0.3876,0.0882,0.1399,0.0075,0.1375,0.0732,0.0194,35.538,0.417,2.013,0.1964,0.3239,0.446,4
PRJ3-02389,149,5.531,11.711,0.1693,0.434,0.1283,0.1393,0.0591,0.2663,0.0319,0.0094,21.432,0.3089,5.06,0.3783,0.2267,0.3035,3
PRJ3-02390,164,4.783,3.31,0.6613,0.1642,0.0655,0.0291,0.0254,0.1458,0.0364,0.0234,34.952,0.3488,3.767,0.291,0.2971,0.2673,3
PRJ3-02391,60,4.641,7.737,0.3114,0.2229,0.0599,0.0342,0.003,0.1159,0.0388,0,12.581,0.1829,2.939,0.1943,0.1426,0.3729,1
PRJ3-02392,77,4.338,6.882,0.4082,0.2372,0.0383,0,0.04,0.02,0.057,0.0135,13.502,0.1094,4.435,0.3412,0.1847,0.2461,2
PRJ3-02393,85,5.521,8.053,0.3517,0.3217,0.0706,0.0892,0.0346,0.2114,0.0392,0.0077,12.012,0.121,4.206,0.231,0.1996,0.3351,2
PRJ3-02394,55,4.474,9.85,0.1747,0.3137,0.0784,0.113,0.032,0.1393,0.0332,0.0095,9.332,0.151,0,0.241,0.1542,0.1915,2
PRJ3-02395,38,7.193,7.315,0.3378,0.2316,0.0684,0.1063,0.0523,0.1933,0.0378,0.0337,27.017,0.2924,3.01,0.1883,0.3223,0.3908,3
PRJ3-02396,38,3.951,6.322,0.4655,0.2312,0.0669,0.1491,0.0577,0.1069,0.0102,0.0171,15.027,0.1691,5.253,0.3357,0.2599,0.2587,2
PRJ3-02397,176,4.235,10.062,0.184,0.3323,0.1052,0.0992,0.0493,0.0224,0.0215,0,27.829,0.2695,1.414,0.1843,0.21,0.3799,2
PRJ3-02398,58,5.94,18.242,0.08,0.5952,0.1635,0.0881,0.028,0.1325,0.0622,0.0343,33.397,0.2963,7.233,0.3639,0.1887,0.4521,7
PRJ3-02399,68,5.586,9.045,0.2426,0.3331,0.0934,0.0611,0.0295,0.1094,0.0326,0,21.756,0.1935,0.754,0.2173,0.2611,0.3643,2
PRJ3-02400,105,5.138,14.316,0.08,0.4574,0.08,0.0148,0.0102,0.1671,0.0534,0.0074,36.263,0.3767,12.872,0.2654,0.2342,0.4467,6
