Project_ID,Project_Name,Project_Type,Region,Delivery_Method,Complexity_Level,Digital_Coordination_Level,Owner_Decision_Profile,Original_Budget,CPI_Snapshot,SPI_Snapshot,Pending_Change_Exposure_Pct_Budget,Avg_RFI_Response_Days,Overdue_RFI_Rate,Change_Approval_Cycle_Days,Contingency_Utilization_Pct,Workflow_Risk_Score_Snapshot,Cost_Overrun_Flag,Schedule_Delay_Flag,Final_Cost_Overrun_Pct,Final_Schedule_Delay_Days,Predicted_Cost_Overrun_Probability,Predicted_Schedule_Delay_Probability,Overall_Overrun_Probability,Predicted_Final_Cost_Overrun_Pct,Predicted_Final_Schedule_Delay_Days,Risk_Band,Primary_Risk_Drivers
PRJ3-01418,Gateway Bridge Program 1418,Heavy Civil,West,Design-Bid-Build,Very High,Moderate,Slow,121669100,0.8806,0.8453,0.0452,12.729,0.4612,45.566,0.3798,7,1,1,0.1585,70,0.9399010320458104,0.974275627409519,0.9984539917560432,0.1495108622983181,53.74565737298881,Red,Slow change approval; Workflow risk score; Overdue RFI backlog
PRJ3-01705,Granite Urban Village 1705,Mixed-Use,Midwest,CMAR,Very High,Low,Slow,175531500,0.9095,0.8242,0.0482,13.166,0.5219,37.618,0.5812,7,1,1,0.1563,56,0.8906580948302405,0.9774580536611016,0.9975352206410704,0.1464398072455776,53.0264165956313,Red,Overdue RFI backlog; Slow change approval; Workflow risk score
PRJ3-00034,Horizon Neighborhood 34,Residential,Southeast,Design-Bid-Build,Very High,Low,Slow,128946600,0.9118,0.9217,0.0628,14.914,0.595,35.6,0.5282,8,1,1,0.1508,58,0.8029700587306873,0.9679332651093984,0.9936818931078062,0.140668927674807,47.64976732216674,Red,Overdue RFI backlog; Workflow risk score; Slow RFI response
PRJ3-01716,Redwood Logistics Center 1716,Industrial,West,Design-Build,Very High,Moderate,Slow,128217800,0.8638,0.891,0.0504,14.57,0.5172,30.88,0.4537,6,1,1,0.1989,58,0.9164024836914004,0.9093088879040226,0.9924184482775116,0.1424176146679397,44.91928821900242,Red,Overdue RFI backlog; Slow RFI response; Workflow risk score
PRJ3-00702,Aspen Corporate Center 702,Commercial,Northeast,Design-Bid-Build,High,Low,Slow,58733900,0.8606,0.9066,0.0336,13.791,0.4895,34.564,0.3331,6,1,1,0.2431,50,0.9178694043852336,0.891652346834567,0.9911013427120609,0.1473137344234772,37.75099086934157,Red,Overdue RFI backlog; Slow change approval; Slow RFI response
PRJ3-01925,Northstar Highway Improvements 1925,Heavy Civil,Midwest,Design-Bid-Build,Very High,High,Slow,401173800,0.8179,0.9044,0.0408,12.757,0.4218,38.46,0.3387,6,1,0,0.2436,24,0.8809701386231231,0.9197875047844152,0.9904523178137956,0.1926001347358244,39.61194431203165,Red,Slow change approval; Workflow risk score; Slow RFI response
PRJ3-01981,Pioneer Urban Village 1981,Mixed-Use,Mountain,CMAR,Very High,High,Slow,266052500,0.8387,0.9649,0.0449,14.978,0.5691,31.168,0.4773,6,1,1,0.1337,35,0.9408283367285022,0.8040447635070153,0.9884050027299504,0.1914502024332779,34.2325328787063,Red,Overdue RFI backlog; Slow RFI response; Workflow risk score
PRJ3-01492,Horizon Education Center 1492,Institutional,Southwest,Design-Bid-Build,High,Low,Slow,321097900,0.8229,0.8592,0.0456,9.579,0.4238,23.002,0.5382,4,1,1,0.2459,53,0.9211636985505068,0.824227015508608,0.9861427080079596,0.1973528946769945,23.16447964276844,Red,Overdue RFI backlog; Low CPI; Low SPI
PRJ3-01752,Lakeview Highway Improvements 1752,Heavy Civil,West,Design-Bid-Build,Moderate,Low,Slow,479393700,0.8005,0.8597,0.0345,10.801,0.4634,25.807,0.4835,5,1,0,0.2756,6,0.8706742209909266,0.8834930316154844,0.9849326455536872,0.1681829505535923,35.98691462394346,Red,Overdue RFI backlog; Low CPI; Low SPI
PRJ3-02338,Riverside Neighborhood 2338,Residential,Mountain,Design-Build,High,Moderate,Slow,37295900,0.9367,0.9523,0.032,13.356,0.5427,34.801,0.3251,6,1,1,0.1427,41,0.7454881429490665,0.9294939999865226,0.9820553870033368,0.1123301078395223,42.56670712839339,Red,Overdue RFI backlog; Slow change approval; Slow RFI response
PRJ3-00088,Harbor District 88,Mixed-Use,Southwest,Design-Bid-Build,Very High,Low,Fast,112009700,0.839,0.8883,0.0456,15.538,0.5584,27.479,0.3766,6,1,0,0.1344,26,0.906769040906118,0.8024461175594633,0.9815818620673488,0.194928897049543,40.28150813345918,Red,Overdue RFI backlog; Slow RFI response; Workflow risk score
PRJ3-01155,Copper Education Center 1155,Institutional,Northeast,CMAR,High,Low,Slow,217259300,0.8989,0.8398,0.0392,14.055,0.4076,33.6,0.3625,6,1,1,0.1412,42,0.6995501097522088,0.9342149703743526,0.9802348950690264,0.0986925801916373,38.43785749274274,Red,Slow RFI response; Slow change approval; Workflow risk score
PRJ3-01906,Liberty Education Center 1906,Institutional,Southeast,IPD,Very High,Low,Fast,169010600,0.9115,0.8294,0.015,13.616,0.4953,28.61,0.2798,4,1,1,0.142,38,0.5100779097786279,0.9497750771802724,0.975393700830952,0.0959514478563238,34.273206941740845,Red,Overdue RFI backlog; Slow RFI response; Slow change approval
PRJ3-00192,Cedar Research Facility 192,Institutional,Midwest,Design-Bid-Build,High,Moderate,Slow,126790500,0.8709,0.8478,0.0323,11.952,0.4965,28.54,0.3231,6,1,0,0.1033,25,0.8460612027945218,0.8281913133109264,0.9735519774216312,0.128977175096937,31.34838720685878,Red,Overdue RFI backlog; Workflow risk score; Slow change approval
PRJ3-02161,Gateway Utility Corridor 2161,Infrastructure,West,CMAR,Very High,High,Slow,169433500,0.899,0.8427,0.0425,12.164,0.4661,26.832,0.3696,5,1,1,0.1264,36,0.8410752681621066,0.8207590009973642,0.97151417229915,0.1316884623655304,31.275033373750382,Red,Overdue RFI backlog; Slow RFI response; Low SPI
PRJ3-00084,Gateway Earthworks Package 84,Heavy Civil,Midwest,CMAR,High,Low,Standard,96284900,0.9282,0.877,0.0159,11.789,0.4712,18.082,0.2993,4,1,1,0.1555,85,0.5809410964515245,0.929572554793674,0.9704867520321168,0.0958341485264545,38.826288982363394,Red,Overdue RFI backlog; Low SPI; Low CPI
PRJ3-01281,Evergreen District 1281,Mixed-Use,West,Design-Bid-Build,High,Moderate,Standard,231193500,0.8482,0.8756,0.0572,11.518,0.4505,21.659,0.505,6,1,0,0.1478,15,0.8704124174249152,0.7486097435814238,0.967422944387786,0.1560626217311778,31.475939815318405,Red,Overdue RFI backlog; Workflow risk score; Low CPI
PRJ3-01248,Evergreen Residences 1248,Residential,Mountain,Design-Bid-Build,High,Moderate,Slow,29916700,0.889,0.8132,0.039,7.49,0.3548,26.213,0.3894,4,1,0,0.1835,18,0.8176519230112734,0.8124278956584001,0.9657965874765804,0.1272224513686613,29.595710790345123,Red,Overdue RFI backlog; Low SPI; Low CPI
PRJ3-00260,Riverside Bridge Program 260,Heavy Civil,Mountain,CMAR,High,Low,Slow,168937400,0.8955,0.8653,0.0215,9.593,0.3048,19.307,0.3874,3,1,1,0.1415,52,0.8081018570237497,0.8140603771057844,0.9643185316608958,0.1023676335985682,35.59591793490644,Red,Overdue RFI backlog; Low SPI; Low CPI
PRJ3-00404,Cedar Logistics Center 404,Industrial,West,CMAR,High,High,Slow,121734100,0.8649,0.9689,0.0459,12.763,0.5245,38.439,0.5206,6,1,0,0.1819,8,0.8833368170276948,0.6941388640514481,0.964317266332717,0.1371563920617915,37.34370643999396,Red,Overdue RFI backlog; Slow change approval; Workflow risk score
PRJ3-02204,Mesa Civic Complex 2204,Institutional,Mountain,Design-Bid-Build,Very High,Moderate,Slow,192282000,0.8025,0.8864,0.0598,9.497,0.2624,38.877,0.2444,6,1,0,0.1894,18,0.8510433600784493,0.7572113194183212,0.9638350139295664,0.2078179643559782,34.607908496596416,Red,Slow change approval; Workflow risk score; Overdue RFI backlog
PRJ3-00641,Canyon Retail Center 641,Commercial,Southwest,Design-Bid-Build,High,Moderate,Slow,32840600,0.8747,0.9503,0.0378,10.978,0.409,25.319,0.5888,5,1,0,0.1366,3,0.9083213182467744,0.5992069165583309,0.9632558184542572,0.145862227665731,25.66911660437894,Red,Overdue RFI backlog; Low CPI; Pending change exposure
PRJ3-01519,Granite Utility Corridor 1519,Infrastructure,Southeast,Design-Build,Very High,Moderate,Standard,178719500,0.9574,0.8654,0.0231,13.479,0.458,38.889,0.428,6,0,1,0.0485,63,0.4710192440936519,0.928972846407721,0.96242800260288,0.0710323502670414,41.87718976570914,Red,Slow change approval; Overdue RFI backlog; Slow RFI response
PRJ3-01875,Canyon Housing 1875,Residential,Mountain,Design-Build,Moderate,Low,Slow,37263700,0.8269,1.0306,0.0347,9.708,0.364,47.723,0.2296,5,1,0,0.1521,16,0.6826212663158453,0.8757731622805178,0.9605730435550036,0.1571457173937462,31.41891715100074,Red,Slow change approval; Overdue RFI backlog; Low CPI
PRJ3-01379,Summit Apartments 1379,Residential,Mountain,CMAR,Very High,Low,Standard,64472600,0.8916,0.8618,0.0293,9.519,0.3784,19.78,0.1912,3,1,0,0.1291,-14,0.7101171011123641,0.8602208396468023,0.9594804117927354,0.1145636330193686,28.030728277753767,Red,Overdue RFI backlog; Low SPI; Low CPI
PRJ3-02104,Summit Transit Program 2104,Infrastructure,Midwest,Design-Bid-Build,Moderate,Low,Standard,208609300,0.8056,0.9026,0.0455,6.93,0.2714,22.484,0.2764,3,1,1,0.1562,47,0.7257952926277584,0.8521933486656864,0.9594707204232036,0.1758470338084578,27.23284690585401,Red,Overdue RFI backlog; Low CPI; Low SPI
PRJ3-02151,Crescent Town Center 2151,Mixed-Use,Mountain,IPD,High,Low,Standard,41932800,0.8508,0.9336,0.0113,8.408,0.2468,36.289,0.5427,4,1,0,0.1564,1,0.6896826998400225,0.8620544894341754,0.9571931215920236,0.1373201519372729,34.04616444115469,Red,Slow change approval; Low CPI; Low SPI
PRJ3-01769,Summit Town Center 1769,Mixed-Use,Mountain,CMAR,Very High,Low,Standard,140362700,0.8679,0.8877,0.0301,6.891,0.2259,21.312,0.3402,3,1,0,0.1044,4,0.7359327170359812,0.8355878250429265,0.9565841236728808,0.1322148165719617,27.13611585735729,Red,Low CPI; Low SPI; Pending change exposure
PRJ3-01363,Redwood Utility Corridor 1363,Infrastructure,Midwest,Design-Build,Moderate,Low,Slow,194036900,0.9305,0.9293,0.0469,15.747,0.4956,41.449,0.4246,7,1,1,0.1485,60,0.7143264230743493,0.8471967690773187,0.9563481544565214,0.1172290468468848,35.098713935387444,Red,Slow change approval; Slow RFI response; Workflow risk score
PRJ3-00929,Liberty District 929,Mixed-Use,Northeast,Design-Bid-Build,High,Low,Slow,155594300,0.8568,0.855,0.0407,11.685,0.3737,20.526,0.4254,5,1,1,0.1833,72,0.8605703572699055,0.6846367998757572,0.9560290216764576,0.1434989680208757,30.71207716797349,Red,Overdue RFI backlog; Low SPI; Low CPI
PRJ3-00207,Northstar Town Center 207,Mixed-Use,Southeast,CMAR,High,Low,Standard,308523400,0.9171,0.8579,0.039,9.801,0.3025,22.014,0.328,4,1,1,0.1572,34,0.7961605556517315,0.7833030182519626,0.9558286076485332,0.1220605430444247,25.001276404055368,Red,Overdue RFI backlog; Low SPI; Low CPI
PRJ3-01002,Summit Housing 1002,Residential,Southeast,Design-Bid-Build,Moderate,Low,Slow,31229800,0.9969,0.927,0.0331,14.611,0.5781,30.233,0.0691,6,0,0,0.0172,24,0.3625394327373369,0.9274208960308212,0.9537336832123916,0.03969013078585,35.77324510146712,Red,Overdue RFI backlog; Slow RFI response; Workflow risk score
PRJ3-01267,Evergreen Housing 1267,Residential,Midwest,Design-Bid-Build,Very High,High,Standard,111191300,0.8639,0.9412,0.0356,11.847,0.5117,27.089,0.1966,5,1,0,0.1397,26,0.7582507467580786,0.8014180805097405,0.9519929692558824,0.1229247526316837,27.017362670269605,Red,Overdue RFI backlog; Low CPI; Low SPI
PRJ3-01073,Lakeview Medical Center 1073,Institutional,Southeast,Design-Bid-Build,High,Low,Fast,82907100,0.8262,0.8795,0.0188,11.913,0.4138,21.324,0.4524,4,1,0,0.144,16,0.7601634497792465,0.790557647591138,0.9497680687281392,0.1740993297142557,25.54128229030177,Red,Overdue RFI backlog; Low CPI; Low SPI
PRJ3-00064,Gateway Office Campus 64,Commercial,Midwest,IPD,Very High,Low,Standard,111691000,0.8762,0.955,0.0334,13.692,0.39,29.595,0.5033,5,0,0,0.0881,16,0.833381998957746,0.672875914047684,0.9454952387058506,0.1364011748660746,28.94281001838969,Red,Slow RFI response; Slow change approval; Overdue RFI backlog
PRJ3-00248,Cedar Residences 248,Residential,Southwest,Design-Bid-Build,High,Moderate,Slow,47999900,0.8081,0.9246,0.0457,10.712,0.4127,22.5,0.4086,4,1,1,0.1545,43,0.836968894659578,0.6611041377302236,0.9447494329788628,0.1735455093232225,21.69785419663621,Red,Overdue RFI backlog; Low CPI; Low SPI
PRJ3-02072,Riverside Highway Improvements 2072,Heavy Civil,West,CMAR,Very High,High,Slow,280836100,0.8085,0.8397,0.0468,11.309,0.3904,31.797,0.2258,6,0,1,0.0674,39,0.8086684284873337,0.6946423684145269,0.9415754444753656,0.2015411187058821,30.27937999382675,Red,Workflow risk score; Slow change approval; Overdue RFI backlog
PRJ3-02137,Liberty Apartments 2137,Residential,Northeast,CMAR,High,Moderate,Standard,208434000,0.99,0.907,0.0352,9.726,0.3245,33.022,0.4024,4,0,1,0.04,55,0.4465591012332668,0.8907363291990301,0.9395290158293588,0.0617859919414082,36.38942912486738,Red,Slow change approval; Overdue RFI backlog; Low SPI
PRJ3-02237,Northstar Research Facility 2237,Institutional,West,Design-Build,High,Low,Slow,113695100,0.8883,0.9313,0.0509,11.498,0.4595,24.893,0.2319,5,1,1,0.1412,43,0.7906470340318151,0.6979479621415374,0.9367645099975964,0.1217948836288267,24.667001207908047,Red,Overdue RFI backlog; Low CPI; Low SPI
PRJ3-00251,Aspen Urban Village 251,Mixed-Use,Southeast,IPD,Very High,Low,Standard,129550300,0.7901,0.8502,0.035,9.973,0.3582,11.833,0.4496,4,1,0,0.1854,27,0.8364161354095561,0.6019174860368341,0.934880123940026,0.1762785016232056,24.835951969071985,Red,Overdue RFI backlog; Low CPI; Low SPI
PRJ3-00203,Riverside Highway Improvements 203,Heavy Civil,Southeast,Design-Bid-Build,Very High,Moderate,Standard,144884300,0.8855,0.9965,0.0304,7.893,0.2762,16.873,0.4378,3,1,1,0.104,53,0.76044498566483,0.7273897640866895,0.9346948510278728,0.1085059809478935,19.47065194903692,Red,Overdue RFI backlog; Low CPI; Pending change exposure
PRJ3-01075,Canyon Bridge Program 1075,Heavy Civil,Mountain,Design-Build,High,Moderate,Standard,105945000,0.9919,0.8999,0.021,13.89,0.4795,26.574,0.3397,5,0,1,0.0757,38,0.4006364401190388,0.8899094536412839,0.9340157382252,0.0381909963444552,35.36608664739279,Red,Overdue RFI backlog; Slow RFI response; Low SPI
PRJ3-00770,Copper Urban Village 770,Mixed-Use,Mountain,Design-Build,High,Low,Standard,87207400,0.9372,0.9014,0.0236,6.054,0.2172,34.293,0.2317,4,0,0,0.0572,26,0.5288283909313217,0.8598399384044711,0.9339605582508697,0.0794390785839592,33.81868163140862,Red,Slow change approval; Low SPI; Low CPI
PRJ3-00723,Harbor Research Facility 723,Institutional,West,Design-Bid-Build,Very High,Low,Standard,118717300,0.8833,0.8694,0.0418,6.381,0.1749,21.613,0.2855,3,1,0,0.114,3,0.6517659755612845,0.8065235248546664,0.9326249084259234,0.1302627816571742,27.900036742901648,Red,Low SPI; Low CPI; Pending change exposure
PRJ3-00848,Mesa Urban Village 848,Mixed-Use,Mountain,CMAR,Very High,Moderate,Standard,265444400,0.8997,0.8884,0.0291,10.329,0.4422,18.522,0.4007,4,1,0,0.157,8,0.7571793171234634,0.7221952057508362,0.9325432501540424,0.1001734462876015,24.758615216152972,Red,Overdue RFI backlog; Low SPI; Low CPI
PRJ3-00234,Crescent Urban Village 234,Mixed-Use,Midwest,Design-Bid-Build,Very High,Low,Fast,120137700,0.8533,0.9626,0.0302,6.868,0.2292,25.643,0.5629,4,1,0,0.2134,14,0.8487812555204671,0.5423415982226092,0.9307934710827134,0.1374349656911604,27.98552724240961,Red,Low CPI; Pending change exposure
PRJ3-02069,Gateway Urban Village 2069,Mixed-Use,Southeast,CMAR,Moderate,Low,Slow,105819300,0.9643,0.8256,0.0237,9.097,0.3247,27.146,0.2524,4,1,1,0.1256,51,0.4243354280399079,0.8755674313002431,0.9283685786015596,0.0781682779408843,35.50140832994464,Red,Overdue RFI backlog; Low SPI; Pending change exposure
PRJ3-00859,Summit Process Plant 859,Industrial,West,Design-Build,Very High,Low,Standard,159957700,0.9213,0.8762,0.0362,13.09,0.4647,22.801,0.4662,6,1,1,0.1189,46,0.7976294634464149,0.63922395539852,0.9269895582783184,0.1198168203990257,33.71217855874756,Red,Overdue RFI backlog; Slow RFI response; Workflow risk score
PRJ3-00733,Lakeview Town Center 733,Mixed-Use,West,Design-Bid-Build,Moderate,High,Slow,64291700,0.9592,0.9054,0.0337,8.471,0.2991,35.82,0.2863,5,0,1,-0.0028,32,0.4170510245765138,0.8702834634567265,0.9243818779266156,0.0710213367859757,34.79290863127166,Red,Slow change approval; Overdue RFI backlog; Low SPI
PRJ3-00591,Crescent Highway Improvements 591,Heavy Civil,Southeast,Design-Build,Moderate,Moderate,Slow,381081400,0.9848,0.8295,0.0328,12.626,0.5826,22.711,0.0981,5,0,1,-0.0087,58,0.3170599602461377,0.8823802111033364,0.9196727366950715,0.0465205098036914,29.602091488980054,Red,Overdue RFI backlog; Slow RFI response; Low SPI
PRJ3-01471,Northstar Apartments 1471,Residential,West,Design-Build,Moderate,Low,Slow,99790900,0.8603,0.9032,0.0362,10.902,0.424,20.236,0.2723,4,1,0,0.1464,4,0.717869181233019,0.7070257911552025,0.9173429465810088,0.1083826864569112,22.574983955607,Red,Overdue RFI backlog; Low CPI; Low SPI
PRJ3-02087,Pioneer Office Campus 2087,Commercial,Midwest,Design-Bid-Build,High,Moderate,Standard,126442500,0.8743,1.0435,0.0289,12.611,0.4171,27.424,0.3267,5,1,0,0.1336,-7,0.7998779839695529,0.5840995551545243,0.9167691645095636,0.1276455542317714,15.540126554865743,Red,Slow RFI response; Overdue RFI backlog; Low CPI
PRJ3-01982,Copper Apartments 1982,Residential,West,CMAR,High,Moderate,Standard,32547800,0.9097,0.8831,0.0267,13.494,0.5141,19.093,0.4355,4,0,0,0.0557,9,0.7143153295222837,0.6939253656886887,0.9125591689551856,0.0966846200146769,15.56681755901309,Red,Overdue RFI backlog; Slow RFI response; Low SPI
PRJ3-01489,Crescent Residences 1489,Residential,Midwest,Design-Bid-Build,Very High,High,Fast,34738300,0.8857,0.9012,0.0075,7.329,0.2566,32.649,0.3411,3,1,0,0.1281,28,0.6127171972239454,0.7707710015212524,0.9112235509916028,0.1150007433182404,35.067388058375045,Red,Slow change approval; Overdue RFI backlog; Low CPI
PRJ3-02381,Evergreen Public Works Program 2381,Infrastructure,Mountain,Design-Build,High,Moderate,Standard,520370300,0.9936,0.9299,0.0113,12.929,0.4377,27.201,0.2576,4,0,0,0.0482,17,0.284258787089732,0.8752738320252849,0.9107283412521276,0.0457202524501846,30.871254932752173,Red,Overdue RFI backlog; Slow RFI response; Low SPI
PRJ3-01702,Riverside Logistics Center 1702,Industrial,Mountain,IPD,High,Moderate,Slow,110921400,0.85,0.9005,0.0151,8.353,0.2349,25.999,0.3628,3,1,1,0.1198,39,0.7600613188230543,0.6254660155753543,0.9101348097212038,0.1208735945225715,22.320789922332786,Red,Low CPI; Low SPI
PRJ3-02239,Cedar Medical Center 2239,Institutional,West,Design-Bid-Build,High,Moderate,Fast,90049400,0.8999,0.9068,0.0226,6.886,0.2692,16.359,0.356,2,1,0,0.1323,0,0.650581632259474,0.7414887401043231,0.9096714175247056,0.092545394440956,23.98594690085836,Red,Overdue RFI backlog; Low CPI; Low SPI
PRJ3-00788,Evergreen Manufacturing Facility 788,Industrial,Mountain,Design-Bid-Build,Very High,High,Standard,73952700,0.9073,0.9108,0.0176,12.848,0.3194,20.791,0.4071,4,0,1,0.0544,36,0.7217594901105544,0.6669482533122543,0.9073315121820312,0.1071565801275399,21.836537773749228,Red,Slow RFI response; Overdue RFI backlog; Low CPI
PRJ3-01313,Aspen Process Plant 1313,Industrial,Southwest,CMAR,High,Moderate,Slow,177646100,0.8503,0.8695,0.0174,8.194,0.2619,28.407,0.4663,3,1,1,0.1369,45,0.7702341909929852,0.5831971861536219,0.9042329642801868,0.1211492298665462,24.668903536155533,Red,Slow change approval; Overdue RFI backlog; Low CPI
PRJ3-00620,Evergreen Marketplace 620,Commercial,West,Design-Build,High,Low,Standard,257507500,0.961,0.8073,0.0258,8.337,0.3427,25.378,0.3617,3,0,1,0.0174,88,0.3843213943906269,0.8442881256277843,0.9041315303096924,0.064419067202873,20.14786243252517,Red,Overdue RFI backlog; Low SPI; Pending change exposure
PRJ3-00178,Mesa Medical Center 178,Institutional,Mountain,CMAR,Moderate,Low,Slow,243331700,0.9571,0.8778,0.0351,5.143,0.3383,25.155,0.2877,4,0,1,0.0416,50,0.5669809867937086,0.7759525260873599,0.9029831839349862,0.0805931752624975,31.040935497692708,Red,Overdue RFI backlog; Low SPI; Pending change exposure
PRJ3-00568,Riverside Bridge Program 568,Heavy Civil,Mountain,Design-Build,High,High,Slow,294196000,0.8329,0.8792,0.0496,2.0,0.1244,26.398,0.348,4,1,0,0.1758,17,0.7577413484684203,0.5932987091255809,0.9014730936966104,0.1830422906319087,26.63044982356801,Red,Low CPI; Low SPI; Pending change exposure
PRJ3-01087,Liberty Corporate Center 1087,Commercial,Midwest,Design-Bid-Build,Very High,Low,Fast,53030700,0.8995,0.9567,0.0426,10.695,0.3435,20.268,0.4083,4,1,0,0.1063,-25,0.8119223266261387,0.4740989835904249,0.9010897604087384,0.1175169504625272,17.66444306893357,Red,Overdue RFI backlog; Low CPI; Pending change exposure
PRJ3-00424,Riverside Transit Program 424,Infrastructure,Southwest,IPD,Very High,Moderate,Slow,161358100,0.9984,0.8391,0.0517,11.05,0.3712,30.215,0.3354,6,0,1,0.0723,43,0.4344040676466481,0.8205616127929334,0.8985103780876373,0.0726999944413338,30.882852311182567,Red,Workflow risk score; Slow change approval; Overdue RFI backlog
PRJ3-01888,Riverside Neighborhood 1888,Residential,Midwest,Design-Bid-Build,Moderate,Moderate,Slow,108711000,0.9302,0.8614,0.0246,7.716,0.2711,32.15,0.2533,4,0,1,0.0663,72,0.3384866939215697,0.8435226983076219,0.8964881828312431,0.0699415730706931,21.47836764259126,Red,Slow change approval; Overdue RFI backlog; Low SPI
PRJ3-02043,Harbor Airport Improvements 2043,Infrastructure,Midwest,IPD,High,Moderate,Slow,189031500,0.9135,0.9349,0.0352,7.939,0.3178,29.603,0.4744,5,0,0,0.0956,-7,0.6601956683317367,0.6905203982396569,0.8948374907588663,0.1031004122878301,22.606194424677334,Red,Slow change approval; Overdue RFI backlog; Low CPI
PRJ3-00359,Mesa Logistics Center 359,Industrial,Southwest,IPD,High,Moderate,Slow,178176600,0.8607,0.9319,0.0412,9.242,0.2899,25.965,0.4654,4,0,0,0.0895,25,0.8331598541250462,0.3329331327548472,0.8887064665604703,0.1227818626077451,20.395882451749547,Red,Overdue RFI backlog; Low CPI; Low SPI
PRJ3-00287,Granite Office Campus 287,Commercial,West,CMAR,Very High,Low,Standard,87206300,0.9916,0.8584,0.0403,9.914,0.3021,40.338,0.4646,5,0,1,0.035,50,0.4987114632757449,0.769861489272781,0.8846342027136531,0.0791927554599703,38.44087465671053,Red,Slow change approval; Overdue RFI backlog; Low SPI
PRJ3-00771,Horizon Water Program 771,Heavy Civil,Southeast,IPD,Moderate,Moderate,Slow,134426400,0.9059,0.9511,0.0133,10.403,0.3649,24.317,0.2747,3,0,1,0.0816,50,0.5857276626003335,0.7060556677302169,0.8782269944052127,0.091769678797847,24.15579291428378,Red,Overdue RFI backlog; Low CPI
PRJ3-00335,Canyon Airport Improvements 335,Infrastructure,West,Design-Build,Moderate,Moderate,Slow,162553500,0.9001,0.9792,0.025,14.352,0.5484,17.152,0.23,4,0,0,0.0881,11,0.6020699058773858,0.6911181401526171,0.8770866124381628,0.0842223579834298,15.644479700920712,Red,Overdue RFI backlog; Slow RFI response; Low CPI
PRJ3-01215,Canyon Water Program 1215,Heavy Civil,Mountain,CMAR,High,Low,Slow,238936800,0.89,0.962,0.0325,9.053,0.3582,30.217,0.3187,4,0,0,0.0878,14,0.7564500425790401,0.4872002877921779,0.8751076519263045,0.1051213090806257,16.199218474988037,Red,Slow change approval; Overdue RFI backlog; Low CPI
PRJ3-00252,Northstar Manufacturing Facility 252,Industrial,Southeast,IPD,Very High,Low,Standard,105699800,0.9578,0.8939,0.0263,7.252,0.2005,26.099,0.2664,3,1,0,0.1585,24,0.4456215089838953,0.772703412907177,0.8739916610343702,0.080126440326946,33.77029589301171,Red,Low SPI; Pending change exposure
PRJ3-02296,Liberty Research Facility 2296,Institutional,Northeast,Design-Build,High,Moderate,Slow,285623400,0.8809,0.8817,0.0172,10.12,0.3265,32.899,0.3214,4,1,0,0.1258,27,0.7017749111370157,0.5720203688671546,0.87236573647386,0.1122562991705549,20.81960977284916,Red,Slow change approval; Overdue RFI backlog; Low CPI
PRJ3-01340,Lakeview Retail Center 1340,Commercial,Midwest,Design-Build,High,Moderate,Slow,81441200,0.9854,0.9842,0.0476,9.876,0.4556,34.315,0.3461,6,0,1,0.0014,37,0.5214805974660325,0.7274566926152785,0.8695827393856316,0.0684580192517764,36.02374131202447,Red,Slow change approval; Overdue RFI backlog; Workflow risk score
PRJ3-00214,Aspen Corporate Center 214,Commercial,Midwest,Design-Bid-Build,High,High,Slow,65792300,0.9346,0.976,0.0315,9.762,0.342,31.808,0.2662,4,0,0,0.0956,13,0.6117593058217984,0.6610175655805369,0.8683932243467709,0.0918155654034538,25.25028695108795,Red,Slow change approval; Overdue RFI backlog; Low CPI
PRJ3-02018,Gateway Civic Complex 2018,Institutional,West,CMAR,High,Moderate,Standard,75236600,0.9108,0.9545,0.0329,9.182,0.3127,18.887,0.3386,3,1,0,0.2344,-1,0.6749575966930407,0.5847574309708568,0.8650285574074114,0.1092965785366676,11.821330250442944,Red,Overdue RFI backlog; Low CPI; Pending change exposure
PRJ3-00040,Granite Bridge Program 40,Heavy Civil,Southwest,Design-Build,Moderate,Moderate,Slow,382453500,0.8807,0.9496,0.0347,8.468,0.3138,33.058,0.4662,5,1,0,0.1687,23,0.6075875180380791,0.6554970626346058,0.8648127473052735,0.1058627228195896,16.431945458756164,Red,Slow change approval; Overdue RFI backlog; Low CPI
PRJ3-00572,Riverside Utility Corridor 572,Infrastructure,Midwest,IPD,Moderate,High,Slow,86975600,0.97,0.8921,0.0068,10.554,0.5005,28.71,0.2294,4,0,1,-0.0142,35,0.2498942447243306,0.8165013703603806,0.862356621822123,0.0536539286744165,28.697493551315247,Red,Overdue RFI backlog; Slow change approval; Low SPI
PRJ3-00573,Aspen Earthworks Package 573,Heavy Civil,Mountain,CMAR,High,Moderate,Standard,263758500,0.9571,0.8997,0.0249,10.946,0.3074,28.847,0.4771,4,0,1,0.0145,63,0.450751637328497,0.7473317695590187,0.861222388131185,0.0644700487444533,23.77470783349809,Red,Slow change approval; Overdue RFI backlog; Low SPI
PRJ3-00371,Mesa Office Campus 371,Commercial,Southeast,Design-Bid-Build,Moderate,Low,Slow,97666100,0.954,0.8813,0.0478,9.968,0.3379,16.119,0.2727,4,0,1,0.0421,67,0.4908143585212325,0.7271997051426361,0.8610940068674563,0.085868439777553,20.89942831323834,Red,Overdue RFI backlog; Low SPI; Pending change exposure
PRJ3-00410,Aspen Education Center 410,Institutional,Midwest,IPD,Moderate,Moderate,Slow,399973900,0.9956,1.0016,0.0089,13.214,0.5287,34.225,0.1836,4,0,0,0.0769,21,0.3179570034361569,0.7940113505413863,0.859506884265108,0.0494210959286447,25.621931518137647,Red,Overdue RFI backlog; Slow change approval; Slow RFI response
PRJ3-01844,Crescent Urban Village 1844,Mixed-Use,Southeast,Design-Build,High,Low,Standard,584676800,0.9632,0.8977,0.0258,6.454,0.2849,17.199,0.3126,2,0,0,0.0974,-5,0.4489097609024412,0.7438037434661531,0.8588127437308628,0.0812050773135029,25.83937000447612,Red,Overdue RFI backlog; Low SPI; Pending change exposure
PRJ3-01878,Redwood Distribution Hub 1878,Industrial,West,Design-Bid-Build,Moderate,Moderate,Standard,123312900,1.018,0.9042,0.0317,9.703,0.3738,34.915,0.3986,5,0,0,0.0773,5,0.3213144941147941,0.7911072577888214,0.8582275235766583,0.0581873421332604,24.135995683680637,Red,Slow change approval; Overdue RFI backlog; Low SPI
PRJ3-02002,Copper Town Center 2002,Mixed-Use,Southwest,Design-Bid-Build,Very High,High,Standard,104081000,0.9586,1.0196,0.0491,12.67,0.4325,22.731,0.5857,6,1,1,0.1297,52,0.7422835629516824,0.4415922828469185,0.8560891527150232,0.1106758763374688,17.763035062529017,Red,Overdue RFI backlog; Workflow risk score; Slow RFI response
PRJ3-02197,Gateway Retail Center 2197,Commercial,Southwest,Design-Build,High,Moderate,Slow,106447500,0.9479,0.9426,0.0259,11.073,0.3989,23.116,0.4248,4,1,0,0.1062,-25,0.6344887038594941,0.6047648615762701,0.8555370922744702,0.0938983468427879,22.48194986779731,Red,Overdue RFI backlog; Low SPI; Low CPI
PRJ3-00768,Liberty Residences 768,Residential,Southeast,Design-Build,High,Moderate,Slow,58426200,0.9324,1.0354,0.0263,11.351,0.4171,41.02,0.3545,6,0,1,0.0551,36,0.6283198289863189,0.6112772283456651,0.8555194537546047,0.0949285956363103,21.05949383112089,Red,Slow change approval; Workflow risk score; Overdue RFI backlog
PRJ3-01262,Summit Logistics Center 1262,Industrial,West,CMAR,Very High,Moderate,Standard,110023000,0.8918,0.9089,0.0305,7.461,0.3263,20.613,0.5553,3,1,0,0.1051,17,0.7077499585368164,0.503419206249216,0.8548742424365128,0.1104269457669882,22.69564422060137,Red,Overdue RFI backlog; Low CPI; Low SPI
PRJ3-01105,Aspen Neighborhood 1105,Residential,West,IPD,High,Low,Standard,59208200,0.9327,0.8957,0.0181,10.583,0.4539,14.005,0.34,4,0,0,0.0436,15,0.5727452287194461,0.6554205327090509,0.8527767785146304,0.0842482786076545,18.299019957136338,Red,Overdue RFI backlog; Low SPI; Low CPI
PRJ3-02097,Liberty Water Program 2097,Heavy Civil,Southeast,Design-Bid-Build,Very High,High,Standard,327638100,0.959,1.0288,0.0255,10.302,0.3438,32.163,0.436,5,0,1,0.0235,41,0.6710883654342841,0.55040702193739,0.8521236386961588,0.0949963408171724,12.848643670672054,Red,Slow change approval; Overdue RFI backlog; Pending change exposure
PRJ3-00926,Liberty Retail Center 926,Commercial,Northeast,Design-Bid-Build,High,Moderate,Fast,164951100,1.0354,0.8786,0.0164,6.225,0.3478,29.588,0.2343,3,0,1,0.0461,53,0.2940044007034513,0.7866885794183042,0.8494030757896275,0.0530153793071802,32.05975307142945,Red,Slow change approval; Overdue RFI backlog; Low SPI
PRJ3-02339,Riverside Process Plant 2339,Industrial,Southeast,Design-Build,Very High,Moderate,Fast,65974500,0.973,0.8956,0.0,8.23,0.2093,28.097,0.3435,2,0,1,0.0674,35,0.3624588814065749,0.7611685234032766,0.8477351132552056,0.0611902579139502,34.659390969822546,Red,Slow change approval; Low SPI
PRJ3-00840,Horizon Public Works Program 840,Infrastructure,Northeast,Design-Build,High,Moderate,Standard,263875300,0.948,0.9549,0.0095,12.271,0.4109,30.301,0.5059,4,0,0,0.0294,7,0.516976520183394,0.6805685613564938,0.845707114943589,0.0788101860720242,13.249725667384418,Red,Overdue RFI backlog; Slow RFI response; Slow change approval
PRJ3-00109,Evergreen District 109,Mixed-Use,West,IPD,High,Moderate,Standard,235779500,1.0599,0.8663,0.0327,11.127,0.2661,23.595,0.1559,4,0,0,0.0176,16,0.3746863259156354,0.7487156283568179,0.8428684463278209,0.0577488378214827,23.16962240918797,Red,Overdue RFI backlog; Low SPI; Pending change exposure
PRJ3-00827,Evergreen District 827,Mixed-Use,Southwest,Design-Bid-Build,High,Low,Standard,233093500,0.9018,0.8801,0.0106,8.21,0.3298,23.344,0.3277,3,1,0,0.1255,-1,0.5448447760846559,0.6496119087858415,0.8405190298861497,0.0807219770854695,22.51204169072876,Red,Overdue RFI backlog; Low SPI; Low CPI
PRJ3-00881,Cedar Residences 881,Residential,Southeast,Design-Bid-Build,Very High,High,Standard,157118700,0.8921,0.9796,0.0318,9.88,0.3893,33.29,0.413,5,0,0,0.0959,-25,0.6776610437565093,0.5028236260950593,0.839740686566558,0.0995985805627327,14.011695421411783,Red,Slow change approval; Overdue RFI backlog; Low CPI
PRJ3-01240,Pioneer Town Center 1240,Mixed-Use,Southeast,IPD,Very High,Moderate,Standard,157423000,1.0029,0.9039,0.0394,7.259,0.2525,16.192,0.2998,3,1,1,0.1057,44,0.3863878843354248,0.7367997357771021,0.8384971290267125,0.0649265050957233,30.56078169882888,Red,Overdue RFI backlog; Low SPI; Pending change exposure
PRJ3-01675,Lakeview Highway Improvements 1675,Heavy Civil,Midwest,CMAR,Low,Low,Slow,417409500,0.9794,0.8981,0.0234,11.318,0.3545,26.4,0.1204,4,0,1,0.0356,32,0.391083445028051,0.7311397320140239,0.8362865318491445,0.0464576458765356,23.44591893457365,Red,Overdue RFI backlog; Low SPI; Pending change exposure
PRJ3-02131,Gateway Education Center 2131,Institutional,Northeast,CMAR,Moderate,Moderate,Slow,133879600,0.8708,1.0974,0.046,12.564,0.3914,25.252,0.3761,5,1,0,0.1909,-4,0.8036016606843138,0.1498473414438622,0.833031429694759,0.136021916021831,1.761081892162034,Red,Slow RFI response; Overdue RFI backlog; Low CPI
PRJ3-02368,Copper Town Center 2368,Mixed-Use,Midwest,Design-Bid-Build,High,Moderate,Standard,227232300,0.9486,0.9153,0.0295,8.314,0.2998,32.133,0.2199,4,0,0,0.036,19,0.3549756057745467,0.7405842795766205,0.8326705320813501,0.0710507972780558,25.01782265336034,Red,Slow change approval; Overdue RFI backlog; Low SPI
PRJ3-01009,Pioneer Corporate Center 1009,Commercial,Northeast,CMAR,Moderate,Moderate,Standard,54995200,1.0472,0.9187,0.0035,7.939,0.1948,28.519,0.2683,3,0,0,-0.0018,9,0.1848239102391534,0.7919639826968063,0.8304140128853628,0.050516811795247,21.14334483994677,Red,Slow change approval; Low SPI
PRJ3-02148,Crescent Utility Corridor 2148,Infrastructure,Mountain,Design-Bid-Build,Moderate,High,Slow,516330100,1.0354,0.9494,0.0209,8.993,0.4231,18.062,0.2805,3,0,1,0.0803,37,0.288145714594209,0.7579992487357567,0.8277307281411276,0.0441496089495599,20.479211474457884,Red,Overdue RFI backlog; Low SPI; Pending change exposure
PRJ3-01132,Lakeview Civic Complex 1132,Institutional,Southeast,Design-Bid-Build,High,Moderate,Standard,77963800,0.9959,0.9245,0.024,12.329,0.4496,19.486,0.3331,4,0,0,0.0679,28,0.3748539096771348,0.7222579477798514,0.826370641936325,0.0609765170317461,23.41085559793917,Red,Overdue RFI backlog; Slow RFI response; Low SPI
PRJ3-01973,Gateway Research Facility 1973,Institutional,West,Design-Bid-Build,Moderate,Low,Slow,142345300,0.9242,0.8936,0.0346,6.582,0.324,22.217,0.2512,3,0,1,0.0845,31,0.4513469337839003,0.680192378876839,0.8245365680715011,0.0851601519491031,9.965499286097744,Red,Overdue RFI backlog; Low SPI; Low CPI
PRJ3-00741,Horizon Research Facility 741,Institutional,West,CMAR,Moderate,Low,Standard,244703700,0.949,0.9753,0.0,11.223,0.4429,18.849,0.3038,2,1,0,0.1144,-25,0.412219232033115,0.698587778187064,0.8228356927881874,0.0745332737419572,14.3624790579631,Red,Overdue RFI backlog; Low CPI
PRJ3-01305,Horizon Housing 1305,Residential,West,Design-Bid-Build,High,Moderate,Slow,37782500,0.8791,0.9288,0.0293,12.007,0.3308,24.819,0.277,4,1,0,0.1213,6,0.6644711799206325,0.4670826146098076,0.8211908584802472,0.106277005629987,7.614321181799042,Red,Slow RFI response; Overdue RFI backlog; Low CPI
PRJ3-01498,Horizon Urban Village 1498,Mixed-Use,Southwest,Design-Bid-Build,Moderate,Low,Standard,151705300,0.9491,0.9288,0.0179,8.993,0.452,33.303,0.1549,4,0,0,0.0617,-7,0.4319407179033018,0.6757414126321001,0.8158018996461013,0.07050552361416,20.48908185375601,Red,Overdue RFI backlog; Slow change approval; Low SPI
PRJ3-00602,Riverside District 602,Mixed-Use,Northeast,CMAR,Moderate,Moderate,Slow,137283000,0.8446,0.9865,0.0322,8.362,0.4282,27.375,0.1818,4,0,0,0.073,-15,0.730616313888893,0.2990415863836322,0.8111732387294289,0.1373697932021777,17.929361571120953,Red,Overdue RFI backlog; Low CPI; Pending change exposure
PRJ3-01721,Liberty Corporate Center 1721,Commercial,Mountain,IPD,High,High,Standard,112197000,0.9063,1.0373,0.0194,8.728,0.4339,29.629,0.4418,4,0,0,0.0553,29,0.5288206179921744,0.5917455012933472,0.8076388975974848,0.0789286201336496,20.76574142820538,Red,Overdue RFI backlog; Slow change approval; Low CPI
PRJ3-01836,Aspen Marketplace 1836,Commercial,West,CMAR,Very High,Moderate,Standard,107927200,0.8758,0.9903,0.0231,10.177,0.3187,16.822,0.4799,3,1,0,0.1215,-4,0.7273410115359863,0.2937319738969037,0.8074296744182541,0.1307690802445373,8.908983922358408,Red,Overdue RFI backlog; Low CPI; Pending change exposure
PRJ3-01731,Evergreen Earthworks Package 1731,Heavy Civil,Midwest,CMAR,Moderate,Moderate,Slow,304778900,1.0144,0.8871,0.0307,11.709,0.3954,27.878,0.2879,4,0,0,0.0525,16,0.3469035577806675,0.7048148271124897,0.8072156137912685,0.0589754387830439,25.15239113218412,Red,Overdue RFI backlog; Low SPI; Pending change exposure
PRJ3-00119,Gateway Process Plant 119,Industrial,Midwest,Design-Bid-Build,Moderate,Low,Standard,208552400,0.9037,0.8751,0.0142,7.053,0.2499,9.573,0.4116,2,1,0,0.1282,13,0.5843504521166735,0.5355807622663956,0.8069643538077083,0.1044031534701761,15.97886656203059,Red,Low SPI; Low CPI
PRJ3-00621,Copper Utility Corridor 621,Infrastructure,Mountain,Design-Build,Moderate,Moderate,Standard,108989600,0.9138,0.9849,0.0078,8.726,0.3476,16.795,0.3788,2,1,0,0.1069,4,0.4998320932913204,0.6080038182789786,0.8039360903508016,0.0771076326614421,19.50374430745036,Red,Overdue RFI backlog; Low CPI
PRJ3-01433,Copper Water Program 1433,Heavy Civil,Midwest,Design-Build,Moderate,Moderate,Slow,187533600,0.8638,0.8586,0.0283,14.033,0.4391,23.176,0.2928,5,1,0,0.1357,2,0.576065560383972,0.5304744200625482,0.8009519363838258,0.0958548982346629,19.76711799877579,Red,Slow RFI response; Overdue RFI backlog; Low SPI
PRJ3-01268,Pioneer Research Facility 1268,Institutional,Southwest,CMAR,High,Moderate,Slow,84119700,0.8447,0.9214,0.0281,5.738,0.2814,18.203,0.2848,3,1,0,0.1989,-7,0.7209572016437436,0.2815711784905799,0.799527611226224,0.1484314098233438,9.837210715644542,Red,Overdue RFI backlog; Low CPI; Low SPI
PRJ3-01045,Cedar Utility Corridor 1045,Infrastructure,West,Design-Bid-Build,Moderate,Moderate,Standard,282734200,0.9552,0.9565,0.0,10.946,0.3646,18.188,0.2094,2,0,0,0.0558,3,0.3097204283518174,0.6986804448180274,0.792005266519767,0.0511717994629052,13.02655226677953,Red,Overdue RFI backlog
PRJ3-01413,Riverside Neighborhood 1413,Residential,Midwest,CMAR,Moderate,Low,Fast,86714800,0.9629,0.9739,0.0128,7.485,0.2698,24.128,0.5006,2,0,0,-0.0002,-16,0.3432930347553998,0.67967860221467,0.7896427069574876,0.0742561662883694,14.443843735114507,Red,Overdue RFI backlog
PRJ3-01712,Granite Neighborhood 1712,Residential,Northeast,Design-Build,Moderate,Low,Fast,23081700,1.116,0.8764,0.0045,11.679,0.4064,19.143,0.2908,3,0,0,-0.0244,22,0.1049677243931419,0.7641965122885479,0.7889482677975852,0.0235038556540213,13.67668993011925,Red,Overdue RFI backlog; Low SPI
PRJ3-00273,Summit Civic Complex 273,Institutional,Midwest,CMAR,High,Moderate,Standard,63838500,0.942,0.8778,0.0067,7.27,0.3504,20.674,0.3838,2,0,0,0.0872,20,0.4348033174034544,0.6261493461668474,0.7887008506669526,0.0766616078707008,27.464016855365077,Red,Overdue RFI backlog; Low SPI; Low CPI
PRJ3-00128,Liberty Corporate Center 128,Commercial,Mountain,Design-Build,Moderate,Moderate,Standard,62471600,1.038,0.9288,0.0153,10.092,0.4607,25.309,0.2002,4,0,0,0.0229,11,0.1820201208400465,0.7413863384864019,0.7884592284059939,0.0290678793378702,17.576809663974153,Red,Overdue RFI backlog; Low SPI
PRJ3-00949,Crescent Office Campus 949,Commercial,West,Design-Bid-Build,Moderate,Low,Standard,154448000,0.8475,0.9185,0.0127,6.825,0.1068,33.753,0.3396,3,0,0,0.072,28,0.6445489761287847,0.4046035096655678,0.7883657079012979,0.1305653162517235,11.172090793259024,Red,Slow change approval; Low CPI; Low SPI
PRJ3-02094,Liberty Airport Improvements 2094,Infrastructure,Southwest,Design-Build,Moderate,Low,Standard,950000000,0.8502,0.9675,0.0133,9.365,0.3275,19.153,0.3322,3,1,0,0.1861,-23,0.585096953584935,0.486930674708508,0.7871259739144381,0.1002502040048023,14.06838853835789,Red,Overdue RFI backlog; Low CPI
PRJ3-01686,Granite Neighborhood 1686,Residential,Mountain,Design-Bid-Build,Moderate,Low,Standard,55834000,1.0529,0.8762,0.0344,10.448,0.4817,26.506,0.3521,5,0,0,0.0536,27,0.2743866200276536,0.703993270553999,0.7852135565521273,0.036387865396344,20.79923772308992,Red,Overdue RFI backlog; Low SPI; Pending change exposure
PRJ3-02128,Liberty Residences 2128,Residential,Southeast,Design-Bid-Build,High,Moderate,Standard,60655600,0.9845,0.9621,0.0198,12.792,0.4412,18.321,0.3934,3,0,0,-0.0284,4,0.2852736761698562,0.6935346842585514,0.7809611714986702,0.041848177822506,16.700215381721506,Red,Overdue RFI backlog; Slow RFI response
PRJ3-01907,Liberty Highway Improvements 1907,Heavy Civil,West,CMAR,Moderate,Low,Slow,105464400,0.9216,0.9381,0.0054,14.658,0.5482,20.754,0.3671,5,1,0,0.1176,10,0.5765496182188198,0.4764471178080781,0.7783013321531933,0.0986310021575707,18.534799752429457,Red,Overdue RFI backlog; Slow RFI response; Low CPI
PRJ3-01416,Cedar Water Program 1416,Heavy Civil,Mountain,Design-Build,Moderate,Low,Standard,175959800,0.9527,0.9144,0.0136,8.94,0.3678,21.952,0.2053,2,0,0,0.0665,5,0.1893747156526452,0.7263434451906291,0.7781670774441363,0.0463773031703174,23.60167206046863,Red,Overdue RFI backlog; Low SPI
PRJ3-01199,Redwood Retail Center 1199,Commercial,Northeast,Design-Build,Moderate,Low,Standard,48863100,0.8902,0.9644,0.0214,11.677,0.4253,23.384,0.4243,4,1,0,0.1098,29,0.6192320539237833,0.4158565713844538,0.7775769064721394,0.0920893522364224,24.50476335985782,Red,Overdue RFI backlog; Low CPI; Pending change exposure
PRJ3-01487,Horizon Housing 1487,Residential,Southwest,CMAR,Very High,Moderate,Standard,60909100,0.9011,1.0119,0.0268,13.201,0.4569,17.086,0.3216,5,1,0,0.1494,7,0.6911245843917903,0.2599674041446359,0.7714221243915521,0.1054084439754357,7.497607589706599,Red,Overdue RFI backlog; Slow RFI response; Low CPI
PRJ3-01181,Granite Transit-Oriented Development 1181,Mixed-Use,Southwest,Design-Build,Moderate,Moderate,Standard,440752300,0.9302,0.9144,0.0166,9.3,0.3143,16.022,0.3739,2,0,0,0.0258,24,0.3552388382970521,0.6442141659494617,0.7706031123201227,0.0694770585908531,17.560468135915784,Red,Overdue RFI backlog; Low SPI; Low CPI
PRJ3-01156,Evergreen Transit-Oriented Development 1156,Mixed-Use,Southeast,CMAR,Moderate,Moderate,Slow,154492600,0.8526,0.9546,0.0316,9.006,0.3353,21.325,0.3028,3,1,0,0.184,-21,0.6347872527233359,0.3685356693716945,0.7693811770040169,0.1083040728610912,10.338577868898993,Red,Overdue RFI backlog; Low CPI; Pending change exposure
PRJ3-00505,Aspen Transit Program 505,Infrastructure,Southwest,Design-Bid-Build,High,Low,Fast,201485200,0.9016,0.9144,0.0192,9.692,0.2638,14.153,0.2136,3,1,1,0.1505,30,0.5922269902068947,0.4316296954245326,0.7682339302262378,0.0925682255072425,4.434899272438299,Red,Overdue RFI backlog; Low CPI; Low SPI
PRJ3-01000,Evergreen Housing 1000,Residential,Northeast,Design-Bid-Build,Moderate,High,Slow,121018800,0.9504,0.9751,0.0281,10.262,0.3059,29.004,0.3173,3,0,1,0.0719,49,0.453429634904606,0.5753795392854332,0.7679150397602649,0.0759768415955108,8.024165964771624,Red,Slow change approval; Overdue RFI backlog; Pending change exposure
PRJ3-00752,Horizon Corporate Center 752,Commercial,Northeast,Design-Bid-Build,Moderate,High,Slow,67357900,0.8632,0.9319,0.03,5.515,0.1028,26.045,0.401,3,1,0,0.1073,-12,0.4969918644331341,0.5380176227172835,0.7676191057382724,0.1082744324238107,12.984312498375388,Red,Low CPI; Low SPI; Pending change exposure
PRJ3-00979,Aspen Office Campus 979,Commercial,West,Design-Build,Very High,Moderate,Standard,36420300,0.9827,0.9377,0.0525,10.212,0.3585,28.122,0.3852,5,0,0,0.0897,19,0.3861458680294454,0.6206657245754404,0.7671440876325777,0.0607969481870758,22.792407182917756,Red,Slow change approval; Overdue RFI backlog; Low SPI
PRJ3-00993,Lakeview Highway Improvements 993,Heavy Civil,West,Design-Build,Very High,Moderate,Fast,259823700,0.8243,1.0665,0.0236,8.377,0.3546,22.393,0.477,4,0,0,0.0522,2,0.737969523079352,0.1112697723583949,0.7671255945972741,0.1648274932225102,5.23841782274795,Red,Overdue RFI backlog; Low CPI; Pending change exposure
PRJ3-00277,Northstar Manufacturing Facility 277,Industrial,West,Design-Bid-Build,High,High,Slow,118438100,0.9365,0.8909,0.0393,8.151,0.2927,22.825,0.2027,4,0,0,0.0923,17,0.5869172469519127,0.4327291215380218,0.7656701838009191,0.0902089733648322,18.82967451097926,Red,Overdue RFI backlog; Low SPI; Low CPI
PRJ3-00340,Evergreen Process Plant 340,Industrial,Southwest,Design-Bid-Build,High,High,Standard,161091000,0.7752,0.8558,0.0345,3.162,0.1266,21.815,0.5474,3,0,0,0.097,3,0.6479944328240864,0.3256909194387055,0.7626394496451527,0.1692380625634446,16.28451726668932,Red,Low CPI; Low SPI; Pending change exposure
PRJ3-00615,Lakeview Earthworks Package 615,Heavy Civil,Mountain,IPD,Moderate,Moderate,Standard,302222300,0.9237,0.8999,0.0073,9.255,0.3782,18.679,0.0939,3,0,1,0.0739,45,0.3435858345668408,0.6345325522435368,0.7601019902879544,0.0664405299790473,16.642181778288453,Red,Overdue RFI backlog; Low SPI; Low CPI
PRJ3-01112,Copper Neighborhood 1112,Residential,Southwest,Design-Bid-Build,High,Low,Fast,88413200,0.8898,0.9715,0.0322,13.98,0.448,7.592,0.4187,4,1,0,0.2293,-11,0.6916543715786524,0.2216844424432196,0.7600098002950431,0.109169569018835,-1.7582083425117645,Red,Slow RFI response; Overdue RFI backlog; Low CPI
PRJ3-01867,Evergreen Water Program 1867,Heavy Civil,Southeast,Design-Bid-Build,High,High,Standard,37071000,0.9534,0.9473,0.017,6.517,0.2152,32.064,0.4933,4,0,0,0.0034,9,0.4285909946001694,0.5763026954884671,0.7578955446384759,0.0829467066875281,18.067101906808965,Red,Slow change approval; Low SPI
PRJ3-01714,Harbor Housing 1714,Residential,Mountain,Design-Bid-Build,High,Moderate,Slow,43114800,0.894,0.9405,0.0287,10.719,0.3767,20.938,0.366,4,1,0,0.1408,-15,0.5908513552409316,0.3830581581322377,0.7475790815046415,0.0866255772243919,7.720836938977014,Red,Overdue RFI backlog; Low CPI; Low SPI
PRJ3-00743,Riverside Earthworks Package 743,Heavy Civil,Southeast,Design-Bid-Build,Moderate,Low,Standard,136516500,0.8431,0.9309,0.0416,2.0,0.164,18.868,0.5402,3,1,0,0.1109,-4,0.590102744467103,0.3681583178699389,0.7410098285635989,0.1573809789430277,3.512745749581613,Red,Low CPI; Low SPI; Pending change exposure
PRJ3-00230,Lakeview Residences 230,Residential,Midwest,Design-Bid-Build,Moderate,Low,Standard,68299200,0.9556,0.9348,0.0018,11.356,0.4479,14.476,0.3161,3,0,0,0.01,5,0.282096611317231,0.6363783050191135,0.7389547529746494,0.0631807016046098,15.348892947618843,Red,Overdue RFI backlog; Low SPI
PRJ3-01972,Gateway Public Works Program 1972,Infrastructure,Midwest,Design-Build,Moderate,Moderate,Slow,238387100,0.9886,0.926,0.0169,10.685,0.3063,35.175,0.1483,4,0,0,0.0982,12,0.2793906294712638,0.6337637890851253,0.7360867545878027,0.0554704250128741,21.34377089295904,Red,Slow change approval; Overdue RFI backlog; Low SPI
PRJ3-00567,Summit Utility Corridor 567,Infrastructure,Midwest,CMAR,Very High,High,Standard,242942400,1.014,0.9468,0.0379,6.256,0.2285,22.855,0.2007,3,0,1,-0.0082,32,0.3907604361908983,0.5635857368643795,0.7341191646871841,0.05881959548169,22.85516724711693,Red,Low SPI; Pending change exposure
PRJ3-02196,Copper Town Center 2196,Mixed-Use,Southeast,Design-Bid-Build,High,High,Standard,102329100,0.8525,0.9967,0.0437,9.436,0.2765,23.532,0.3602,4,0,0,0.0794,-10,0.6825081121352145,0.160602277902688,0.7334980325419238,0.1189203457587302,2.488711669487026,Red,Overdue RFI backlog; Low CPI; Pending change exposure
PRJ3-01730,Pioneer Urban Village 1730,Mixed-Use,Northeast,Design-Bid-Build,Very High,High,Fast,216351400,0.9265,0.9422,0.0309,11.026,0.3746,9.488,0.5024,4,0,0,0.0857,0,0.6871101817964891,0.1449773945950398,0.7324721324349497,0.0964112770499393,13.671066651413508,Red,Overdue RFI backlog; Low CPI; Low SPI
PRJ3-00156,Evergreen Airport Improvements 156,Infrastructure,Southwest,CMAR,High,Moderate,Standard,204832300,0.951,0.9217,0.0196,8.469,0.271,22.033,0.2178,2,0,1,0.0306,34,0.3228696940889396,0.5920484847719132,0.723763665696725,0.0599686788960474,14.266840451706802,Red,Overdue RFI backlog; Low SPI
PRJ3-00508,Copper District 508,Mixed-Use,Southwest,Design-Bid-Build,Low,Low,Slow,135351800,0.9258,0.9092,0.0418,9.683,0.374,19.979,0.2887,4,1,0,0.1175,1,0.4826838629114723,0.4540384229200643,0.7175652659462471,0.0849947050746941,15.119609935184748,Red,Overdue RFI backlog; Low SPI; Low CPI
PRJ3-01040,Copper Public Works Program 1040,Infrastructure,Mountain,CMAR,Low,Low,Fast,152911200,0.9999,0.9292,0.0225,15.341,0.532,18.435,0.1194,4,0,1,0.0065,43,0.0975380826323437,0.686702404088675,0.7172608508871885,0.0310160158562259,10.881502644248116,Red,Overdue RFI backlog; Slow RFI response; Low SPI
PRJ3-00890,Pioneer Process Plant 890,Industrial,Mountain,Design-Bid-Build,High,Moderate,Fast,79500600,0.9297,0.9447,0.0078,4.746,0.2979,18.653,0.4489,2,0,0,0.039,-9,0.4139153056759433,0.5163996963903846,0.7165692638839376,0.076658532456427,19.421082212542508,Red,Overdue RFI backlog; Low CPI; Low SPI
PRJ3-00195,Horizon Corporate Center 195,Commercial,Southwest,Design-Bid-Build,Very High,High,Fast,71754800,1.0055,1.0189,0.0344,10.438,0.3961,29.939,0.3678,5,0,0,0.073,28,0.4005078782312251,0.5266959684756317,0.7162579618997413,0.0610605414713307,21.98393991117229,Red,Slow change approval; Overdue RFI backlog; Pending change exposure
PRJ3-01936,Riverside Bridge Program 1936,Heavy Civil,Southeast,Design-Bid-Build,Low,Moderate,Slow,174090200,1.0287,0.8763,0.0497,5.831,0.307,31.432,0.2464,5,0,0,0.0447,14,0.2510707435234777,0.6209918732426845,0.7161497254290842,0.0488232877312861,20.84197254351077,Red,Slow change approval; Overdue RFI backlog; Low SPI
PRJ3-01224,Crescent Retail Center 1224,Commercial,Southwest,Design-Build,High,Moderate,Fast,46545100,0.9153,0.9305,0.0029,6.788,0.2339,25.752,0.4067,2,0,0,0.0478,0,0.383694657223692,0.5352117495620062,0.7135485179954117,0.0707346012641596,17.346668433306018,Red,Low CPI; Low SPI
PRJ3-02159,Cedar Public Works Program 2159,Infrastructure,West,IPD,Moderate,Moderate,Slow,118627900,0.9338,0.9264,0.0542,14.879,0.6147,20.028,0.2219,6,1,0,0.1046,-23,0.4534345814371263,0.4712244036475511,0.7109895448537906,0.0954460026454193,23.24979235684632,Red,Overdue RFI backlog; Slow RFI response; Workflow risk score
PRJ3-01775,Copper Office Campus 1775,Commercial,West,CMAR,High,High,Slow,30311800,0.9823,0.9479,0.0485,8.461,0.3474,32.892,0.3143,5,0,0,0.0102,5,0.4338622149172261,0.488780070568559,0.710579081461512,0.0425530335084797,14.99842978274622,Red,Slow change approval; Overdue RFI backlog; Low SPI
PRJ3-01204,Canyon Medical Center 1204,Institutional,Midwest,Design-Build,Moderate,Moderate,Standard,186671500,0.9826,0.9766,0.0091,5.478,0.2953,33.947,0.1931,3,0,0,0.0272,2,0.2110015122261295,0.6325225039980192,0.7100608113635086,0.0333733121326764,17.055010766019265,Red,Slow change approval; Overdue RFI backlog
PRJ3-02213,Liberty Housing 2213,Residential,Southwest,Design-Build,High,Low,Standard,70352100,0.9197,0.9807,0.0422,6.709,0.2669,26.271,0.3979,4,0,0,0.0223,-25,0.6092598311505658,0.2542891114318822,0.7086208014880321,0.1026427329957002,9.9098008342986,Red,Overdue RFI backlog; Low CPI; Pending change exposure
PRJ3-01206,Granite Public Works Program 1206,Infrastructure,West,Design-Build,High,Moderate,Standard,610005200,1.0561,0.9912,0.0073,7.874,0.2965,22.359,0.303,3,0,0,0.0992,8,0.2592192219330989,0.6064263643165987,0.7084482159318308,0.0502924456934334,18.250439468888064,Red,Overdue RFI backlog
PRJ3-00030,Mesa Apartments 30,Residential,Midwest,IPD,Moderate,Low,Standard,92534900,1.0305,0.9808,0.0059,8.631,0.4184,30.172,0.2524,4,0,1,0.05,31,0.1400004854584756,0.6590441839548163,0.7067781637210329,0.0194113679500854,18.699555812514618,Red,Overdue RFI backlog; Slow change approval
PRJ3-01624,Cedar Neighborhood 1624,Residential,Southwest,CMAR,High,Low,Standard,23238900,0.8711,0.9229,0.0253,8.835,0.3204,23.49,0.3681,3,0,0,0.0914,11,0.5514420158460581,0.3457804296072734,0.7065445883105808,0.0952693498572718,2.6236623572725986,Red,Overdue RFI backlog; Low CPI; Low SPI
PRJ3-00019,Harbor Neighborhood 19,Residential,Midwest,Design-Bid-Build,Low,Low,Standard,54464000,0.8427,0.8147,0.0,8.847,0.3728,14.643,0.1686,1,1,0,0.1294,-1,0.4264259232184054,0.4844053832601884,0.7042682937099025,0.1137002699002493,6.464510802258617,Red,Overdue RFI backlog; Low SPI; Low CPI
PRJ3-00844,Aspen Highway Improvements 844,Heavy Civil,Midwest,Design-Bid-Build,High,Moderate,Standard,81424900,0.9353,0.9315,0.0403,9.711,0.3625,16.934,0.3454,4,1,0,0.1062,26,0.5251853928847597,0.3714882208609775,0.7015734265208045,0.0864150218175922,13.376604343857949,Red,Overdue RFI backlog; Low SPI; Low CPI
PRJ3-00494,Copper Water Program 494,Heavy Civil,West,Design-Build,High,Moderate,Slow,88200400,0.9563,1.0101,0.0313,11.086,0.3678,25.213,0.3571,5,0,0,0.0647,-9,0.4829371400516019,0.4213685932395431,0.7008111899644733,0.080966417097008,14.958703085601226,Red,Overdue RFI backlog; Pending change exposure
PRJ3-01496,Gateway Marketplace 1496,Commercial,Southwest,Design-Bid-Build,Very High,High,Fast,68960400,0.9674,0.8703,0.0283,8.408,0.2569,22.986,0.331,3,1,1,0.1036,34,0.4212889398921283,0.4753404566454072,0.6963737194695516,0.0646654186327428,14.36266873838128,Red,Overdue RFI backlog; Low SPI; Pending change exposure
PRJ3-02386,Redwood Urban Village 2386,Mixed-Use,West,CMAR,High,High,Standard,268339800,0.9242,1.0346,0.0215,10.61,0.433,36.938,0.3545,5,0,0,0.0973,22,0.5258839009067501,0.3567910883035437,0.6950442998844615,0.0779091388316925,15.64263813301093,Red,Slow change approval; Overdue RFI backlog; Low CPI
PRJ3-00917,Pioneer Logistics Center 917,Industrial,Mountain,Design-Bid-Build,Moderate,Low,Standard,263709100,0.9969,1.0257,0.0079,13.122,0.3843,25.845,0.2673,4,0,0,0.061,-15,0.2434245773313552,0.5942642510955838,0.6930303042808622,0.0517311395245495,21.832034973909444,Red,Slow RFI response; Overdue RFI backlog
PRJ3-00629,Canyon Corporate Center 629,Commercial,Mountain,Design-Bid-Build,High,Moderate,Standard,59594400,0.9973,0.8503,0.0352,7.609,0.2667,18.049,0.3321,2,1,0,0.1038,13,0.239042896487788,0.5954634483251204,0.6921650373726654,0.0276115923302426,15.406258073189235,Red,Overdue RFI backlog; Low SPI; Pending change exposure
PRJ3-02146,Northstar Town Center 2146,Mixed-Use,Mountain,Design-Build,High,Moderate,Standard,130535200,0.9054,0.9403,0.0087,9.923,0.236,20.0,0.2315,2,0,0,0.0751,-13,0.5101096593588301,0.3615156063468416,0.6872126628991835,0.1005897187408923,16.90063047125081,Red,Low CPI; Low SPI
PRJ3-01718,Mesa Medical Center 1718,Institutional,Mountain,CMAR,High,Low,Standard,84163800,0.8846,0.8944,0.0314,5.742,0.1439,10.014,0.2489,2,0,1,0.0993,58,0.6285546479002099,0.1573654101656226,0.6870072980875075,0.1168843161813011,3.1164393810591795,Red,Low CPI; Low SPI; Pending change exposure
PRJ3-00165,Summit Residences 165,Residential,Midwest,Design-Bid-Build,High,High,Slow,75255100,1.0066,0.8953,0.0264,6.961,0.2471,28.033,0.3475,3,1,0,0.1078,23,0.3123413927199553,0.5380727853859293,0.6823517749337379,0.0451359576603596,22.71225113811565,Red,Slow change approval; Low SPI; Pending change exposure
PRJ3-01327,Aspen Urban Village 1327,Mixed-Use,West,Design-Bid-Build,High,Moderate,Standard,296884400,0.788,1.033,0.0348,9.927,0.2864,7.866,0.3277,4,1,1,0.1509,38,0.6602848710217923,0.0592318925189035,0.6804068410284749,0.1619241327208669,-12.333742273660064,Red,Overdue RFI backlog; Low CPI; Pending change exposure
PRJ3-00906,Cedar Marketplace 906,Commercial,Midwest,Design-Build,High,Moderate,Standard,63028500,0.9556,0.95,0.0226,10.724,0.3672,21.062,0.3537,3,0,0,0.0787,15,0.4529390431504517,0.4134011832349951,0.6790946900137236,0.0800628777265585,13.13546439928337,Red,Overdue RFI backlog; Pending change exposure
PRJ3-00062,Copper Medical Center 62,Institutional,Southeast,Design-Build,Very High,Moderate,Standard,118084300,0.9748,0.9474,0.026,5.011,0.2783,20.174,0.2134,3,0,0,0.0995,1,0.3083824107703442,0.5354466708168496,0.6787067464017388,0.0557984002835803,19.94960962657332,Red,Overdue RFI backlog; Low SPI; Pending change exposure
PRJ3-00876,Lakeview District 876,Mixed-Use,Southeast,CMAR,Moderate,Moderate,Standard,96433000,0.854,0.9746,0.0062,9.148,0.3592,14.97,0.378,3,0,0,0.0624,-7,0.5712536090159779,0.2486104067928371,0.6778444236894765,0.1056437391442533,2.168665311786066,Red,Overdue RFI backlog; Low CPI
PRJ3-01142,Redwood District 1142,Mixed-Use,Midwest,IPD,High,Moderate,Standard,155351300,1.0459,1.0588,0.03,7.886,0.2658,33.88,0.2044,4,0,0,0.0818,15,0.3151777409574043,0.5207898306269757,0.6718262092537806,0.0585223948948434,19.678174216765868,Red,Slow change approval; Overdue RFI backlog; Pending change exposure
PRJ3-01472,Pioneer Earthworks Package 1472,Heavy Civil,Midwest,CMAR,High,Moderate,Standard,109501100,0.9445,0.9252,0.0394,9.463,0.4239,20.397,0.3222,4,0,0,0.0974,26,0.4960509423472735,0.34747057954099,0.6711584134690022,0.0879795959355237,13.637514422779166,Red,Overdue RFI backlog; Low SPI; Low CPI
PRJ3-02359,Aspen Logistics Center 2359,Industrial,Southeast,CMAR,Moderate,High,Standard,173046500,0.8851,0.9622,0.0023,8.204,0.2627,21.972,0.3271,3,0,0,0.0875,-10,0.3506658932003574,0.4932584118068424,0.6709554034523637,0.0782871316345966,15.753173504284527,Red,Overdue RFI backlog; Low CPI
PRJ3-02019,Northstar Apartments 2019,Residential,West,IPD,Very High,High,Slow,36618000,1.0011,0.9261,0.0567,12.143,0.4259,16.604,0.2724,5,0,1,0.0656,42,0.3551243530704913,0.4872653181696188,0.6693498903514371,0.0585142627525525,21.12953859026145,Red,Overdue RFI backlog; Slow RFI response; Low SPI
PRJ3-01677,Mesa Transit Program 1677,Infrastructure,West,Design-Bid-Build,Moderate,High,Standard,121861400,1.0702,0.9383,0.0037,7.598,0.2479,31.301,0.2807,3,0,0,-0.0378,10,0.1162316892824028,0.6248776903454817,0.6684787900841429,0.0207835206332004,14.017730342958307,Red,Slow change approval; Low SPI
PRJ3-00578,Cedar Office Campus 578,Commercial,Mountain,Design-Bid-Build,High,Moderate,Fast,74335500,0.982,0.9177,0.0261,6.937,0.2206,18.828,0.3534,3,0,0,0.0636,-2,0.3561167879287059,0.4850452726687524,0.668429296094659,0.0637584314918575,16.818952114511212,Red,Low SPI; Pending change exposure
PRJ3-02290,Aspen Apartments 2290,Residential,Mountain,CMAR,High,Moderate,Slow,62840600,0.9892,0.9208,0.0395,9.062,0.2322,16.875,0.2592,4,0,0,0.0091,6,0.3307763504603837,0.5042681031798465,0.6682444908168204,0.0534921422201697,12.2685718479914,Red,Low SPI; Pending change exposure
PRJ3-01989,Liberty Medical Center 1989,Institutional,Midwest,CMAR,Very High,Moderate,Standard,51892300,0.9789,1.0141,0.0082,13.997,0.4616,28.464,0.1122,5,0,0,0.0621,6,0.3196917568651861,0.510947405899189,0.6672934889067539,0.0556480672693614,16.058530561660646,Red,Slow RFI response; Overdue RFI backlog; Slow change approval
PRJ3-01178,Gateway Highway Improvements 1178,Heavy Civil,West,Design-Bid-Build,Moderate,Moderate,Standard,128476000,0.8481,0.9915,0.0,9.226,0.4448,27.742,0.245,3,0,0,0.073,-25,0.4879496338505433,0.3487643136769915,0.6665345283687109,0.0949170862982722,7.466749200992867,Red,Overdue RFI backlog; Low CPI
PRJ3-01564,Mesa Logistics Center 1564,Industrial,Southeast,IPD,High,Moderate,Standard,70517300,0.9459,0.9685,0.0256,4.437,0.2527,25.311,0.2569,3,1,0,0.1501,2,0.4430234213436191,0.3972987910236404,0.6643095426722827,0.0765757242930276,13.766478345665966,Red,Overdue RFI backlog; Low CPI; Pending change exposure
PRJ3-00288,Summit Distribution Hub 288,Industrial,Southwest,Design-Bid-Build,Moderate,Moderate,Slow,483316400,0.9035,0.9459,0.0552,10.455,0.4081,9.434,0.3434,5,1,0,0.1474,17,0.5865367999294641,0.171908996792466,0.6576148438641926,0.0984179928922546,-3.14599736004301,Red,Overdue RFI backlog; Low CPI; Pending change exposure
PRJ3-00345,Evergreen Transit Program 345,Infrastructure,Northeast,IPD,High,Moderate,Standard,416533900,0.9074,0.94,0.0162,9.418,0.2753,27.816,0.3832,3,0,0,0.0817,-15,0.4639610608456174,0.3600601323161324,0.6569673122041437,0.0705850076981744,6.668482622209403,Red,Overdue RFI backlog; Low CPI; Low SPI
PRJ3-01028,Gateway Retail Center 1028,Commercial,West,Design-Build,Moderate,Moderate,Slow,79484800,0.9654,0.9166,0.0301,11.951,0.4865,29.29,0.2778,5,0,0,0.0752,5,0.3577537008568519,0.4647032950023941,0.6562076722717661,0.069035601996384,12.957981897257394,Red,Overdue RFI backlog; Slow change approval; Low SPI
PRJ3-02353,Copper Apartments 2353,Residential,Southwest,Design-Bid-Build,Moderate,Moderate,Fast,53278200,0.9997,0.9399,0.0063,11.118,0.4305,21.278,0.2453,3,0,0,0.0386,22,0.1160365428647703,0.6066268312079076,0.6522724937703017,0.0277489407167851,7.010382810150356,Red,Overdue RFI backlog; Low SPI
PRJ3-01638,Horizon Bridge Program 1638,Heavy Civil,Mountain,IPD,High,High,Standard,150945200,0.9109,0.9164,0.0267,9.479,0.3403,15.372,0.3452,3,1,0,0.1317,-3,0.5217664634335057,0.2671776701882609,0.6495397855392342,0.0812186332363709,1.212299253792013,Yellow,Overdue RFI backlog; Low CPI; Low SPI
PRJ3-01644,Northstar Bridge Program 1644,Heavy Civil,Southwest,IPD,High,High,Standard,284548400,0.9707,0.9602,0.0284,6.362,0.1755,31.423,0.3167,4,0,0,0.0726,8,0.285275459206619,0.5092580504821378,0.6492546854827974,0.0501894035809421,12.61585499991716,Yellow,Slow change approval; Pending change exposure
PRJ3-00386,Aspen Neighborhood 386,Residential,Southeast,Design-Bid-Build,Moderate,Low,Standard,76700800,0.9328,0.9743,0.0004,9.212,0.2308,14.452,0.4576,1,0,0,0.0717,4,0.3740390848506078,0.4356615136793021,0.6467461646486733,0.0727249126211493,6.331669280247597,Yellow,Low CPI
PRJ3-00672,Liberty Corporate Center 672,Commercial,Midwest,Design-Build,Low,Low,Slow,42670600,0.9226,0.8765,0.0083,2.0,0.1346,23.458,0.0927,2,0,0,0.0328,20,0.2649420438369687,0.5165438099218673,0.6446316810268018,0.0669340524688194,14.765405430599795,Yellow,Low SPI; Low CPI
PRJ3-01794,Crescent Apartments 1794,Residential,Southwest,CMAR,Moderate,High,Fast,55781700,1.097,0.9441,0.007,4.151,0.2885,36.134,0.1984,3,0,0,0.052,-4,0.1269901605118671,0.5919041595583677,0.643728315840276,0.0132810402095262,18.47087565377153,Yellow,Slow change approval; Overdue RFI backlog; Low SPI
PRJ3-02337,Gateway Retail Center 2337,Commercial,Southeast,Design-Bid-Build,High,High,Standard,130827400,0.9605,0.9224,0.028,10.55,0.3518,21.99,0.2856,4,0,0,0.0611,7,0.2946281576349846,0.4811204259453416,0.6339969588834913,0.06445629760112,9.771053878036517,Yellow,Overdue RFI backlog; Low SPI; Pending change exposure
PRJ3-01674,Cedar Retail Center 1674,Commercial,West,CMAR,Moderate,Moderate,Standard,44694300,0.9264,0.9038,0.0092,7.797,0.2745,17.192,0.354,2,0,0,0.0773,-23,0.3780711709156625,0.4086935406583605,0.6322494661116488,0.0755703425210676,6.536366945515881,Yellow,Overdue RFI backlog; Low SPI; Low CPI
PRJ3-01275,Riverside Utility Corridor 1275,Infrastructure,West,Design-Bid-Build,High,High,Standard,541351600,1.0131,0.9754,0.0209,6.246,0.2669,19.693,0.4328,2,0,0,0.0813,11,0.2594696578490841,0.5031291741698904,0.6320520773432209,0.0418952738742717,9.920716311620694,Yellow,Overdue RFI backlog; Pending change exposure
PRJ3-01886,Lakeview Research Facility 1886,Institutional,Midwest,Design-Bid-Build,Moderate,Moderate,Fast,130580500,0.9332,0.9638,0.023,8.814,0.3238,24.26,0.3404,3,1,0,0.1682,12,0.5363664387935093,0.2031166416229061,0.6305381306894398,0.080598313466538,7.963081737928168,Yellow,Overdue RFI backlog; Low CPI; Pending change exposure
PRJ3-02109,Copper Highway Improvements 2109,Heavy Civil,Northeast,Design-Build,Moderate,Moderate,Standard,118903100,1.0381,1.0195,0.0034,9.547,0.3111,20.501,0.2916,2,0,0,0.0814,0,0.0971983268724049,0.5895424659113041,0.6294382514768985,0.0156279592964743,8.22983330279526,Yellow,Overdue RFI backlog
PRJ3-01835,Mesa Airport Improvements 1835,Infrastructure,Mountain,IPD,Moderate,Low,Standard,319826200,0.9734,0.959,0.0211,4.331,0.2707,23.027,0.2969,3,0,0,0.058,-9,0.2739589952498004,0.4759728179388507,0.6195347782199074,0.0423584564732054,13.955209895049215,Yellow,Overdue RFI backlog; Pending change exposure
PRJ3-01572,Redwood Research Facility 1572,Institutional,Northeast,Design-Build,Low,Low,Standard,127995200,0.9607,0.9298,0.0,9.914,0.2996,27.351,0.0625,3,0,1,0.0022,53,0.2456247570051428,0.4946623236425129,0.6187857676033642,0.0513786561505223,9.635585548847416,Yellow,Overdue RFI backlog; Low SPI
PRJ3-00753,Riverside Public Works Program 753,Infrastructure,Northeast,Design-Bid-Build,Low,High,Slow,280381100,0.9614,0.8806,0.032,9.058,0.4286,20.643,0.1634,3,0,1,0.0146,32,0.2739349170176862,0.4749040634095781,0.6187461752257996,0.0554809613456909,19.17871246050664,Yellow,Overdue RFI backlog; Low SPI; Pending change exposure
PRJ3-01326,Mesa Neighborhood 1326,Residential,Southwest,Design-Bid-Build,Moderate,Moderate,Standard,70692600,0.8604,0.9758,0.0056,9.64,0.3323,20.248,0.2986,2,0,0,0.0359,-16,0.5487813065428093,0.1543732076515833,0.6184373836041523,0.1014928446116419,-7.799976059055398,Yellow,Overdue RFI backlog; Low CPI
PRJ3-02330,Riverside Water Program 2330,Heavy Civil,Southeast,Design-Bid-Build,High,Moderate,Fast,95451500,0.8751,0.9553,0.0,4.64,0.1732,16.764,0.2064,1,0,0,0.0359,-12,0.4580523103841186,0.2959286688782246,0.6184301687737757,0.1091560753948111,7.574287834776312,Yellow,Low CPI
PRJ3-00664,Aspen Logistics Center 664,Industrial,Northeast,CMAR,Very High,High,Standard,253190200,0.9745,0.9644,0.015,9.484,0.4002,24.729,0.4815,3,0,1,0.0275,41,0.3138135158237988,0.4405495243843652,0.6161126450666039,0.0599772915874884,20.83063100403336,Yellow,Overdue RFI backlog
PRJ3-00385,Liberty Retail Center 385,Commercial,Midwest,Design-Build,Very High,Low,Fast,85489400,0.9736,0.9844,0.0302,9.725,0.3737,13.567,0.2043,3,0,0,0.0747,-25,0.266560206386361,0.473489186489437,0.6138360176034636,0.0572616234331577,19.49208930943104,Yellow,Overdue RFI backlog; Pending change exposure
PRJ3-01483,Evergreen Public Works Program 1483,Infrastructure,Midwest,Design-Build,Very High,Moderate,Fast,241532500,0.9325,1.0354,0.0255,11.055,0.3838,17.008,0.2853,4,0,0,0.0816,8,0.5349350964981325,0.1642069139894048,0.6113019691069546,0.0837664413686771,2.6372250277405325,Yellow,Overdue RFI backlog; Low CPI; Pending change exposure
PRJ3-01130,Horizon Logistics Center 1130,Industrial,Southwest,Design-Build,High,Low,Fast,89338800,0.9205,1.0481,0.0354,10.99,0.3038,21.261,0.4398,4,0,0,0.0753,14,0.5506975032364853,0.1346309091770803,0.6111875068712894,0.0918716467359988,6.364402079205523,Yellow,Overdue RFI backlog; Low CPI; Pending change exposure
PRJ3-01140,Aspen Education Center 1140,Institutional,Mountain,Design-Build,High,Moderate,Standard,93418400,0.9194,0.9902,0.0,14.1,0.4353,14.038,0.4606,3,1,0,0.118,10,0.4610965340681091,0.2773669143145824,0.6105705255270713,0.0821464751883919,4.759630338153135,Yellow,Slow RFI response; Overdue RFI backlog; Low CPI
PRJ3-00091,Northstar Corporate Center 91,Commercial,Northeast,Design-Bid-Build,Moderate,High,Standard,60325300,1.0158,1.0123,0.0292,7.631,0.3689,25.599,0.29,4,0,0,-0.0241,17,0.1200587984529958,0.5562270508029694,0.6095058978695073,0.0117882719064647,10.002572588689452,Yellow,Overdue RFI backlog; Pending change exposure
PRJ3-01715,Mesa Bridge Program 1715,Heavy Civil,Southwest,IPD,Moderate,Moderate,Standard,201268200,0.8999,1.0135,0.0163,9.811,0.2963,18.915,0.3478,3,0,0,0.0522,-8,0.5372049061423284,0.1382660984853941,0.6011937781682104,0.0842524000710711,-3.495231407238673,Yellow,Overdue RFI backlog; Low CPI
PRJ3-00989,Gateway Housing 989,Residential,Northeast,Design-Build,High,Moderate,Standard,44911300,1.0467,1.0018,0.0,13.287,0.4144,25.852,0.2775,3,1,0,0.1199,1,0.1571093609057063,0.5268564986612085,0.6011917717732342,0.028998198455704,11.900137201451946,Yellow,Slow RFI response; Overdue RFI backlog
PRJ3-01455,Northstar Retail Center 1455,Commercial,West,Design-Bid-Build,Moderate,Moderate,Standard,208126900,1.0476,0.9834,0.0122,11.237,0.4676,20.759,0.1884,3,0,1,0.0098,30,0.155835486822337,0.5265396213392886,0.6003215499389686,0.042392308967148,10.64120059431812,Yellow,Overdue RFI backlog
PRJ3-01153,Lakeview Residences 1153,Residential,Southeast,Design-Build,High,Moderate,Standard,73210100,1.0075,1.0107,0.0305,10.171,0.2491,22.359,0.2511,3,0,0,0.0575,11,0.1788709984955095,0.5104753995436132,0.5980371536153624,0.0590069913386342,13.968733903911184,Yellow,Pending change exposure
PRJ3-00777,Northstar District 777,Mixed-Use,Northeast,CMAR,High,Moderate,Standard,351147100,0.92,0.9448,0.0234,7.073,0.3031,27.245,0.1954,3,0,0,0.0516,21,0.4222571606021697,0.303001700440966,0.5973142233573041,0.0697529514337629,9.62258423315002,Yellow,Overdue RFI backlog; Low CPI; Low SPI
PRJ3-01857,Copper Office Campus 1857,Commercial,Midwest,CMAR,Moderate,Moderate,Standard,44902100,1.0189,1.0373,0.013,8.54,0.345,35.246,0.2051,4,0,0,-0.0211,-6,0.1694375099473765,0.5115117591760463,0.5942799903398315,0.0215325132705175,5.115337053129187,Yellow,Slow change approval; Overdue RFI backlog
PRJ3-01570,Lakeview Distribution Hub 1570,Industrial,Southeast,CMAR,Low,Low,Slow,152128500,0.9189,1.0134,0.0,8.035,0.2205,19.943,0.2428,2,0,0,0.0757,4,0.4654606710826617,0.2409133079002327,0.5942383090149082,0.0889042211532289,12.064036123856692,Yellow,Low CPI
PRJ3-00228,Gateway Retail Center 228,Commercial,Midwest,Design-Build,Moderate,Low,Fast,67442000,0.9317,0.9934,0.0078,12.466,0.3904,29.1,0.3018,4,1,0,0.1677,0,0.3933099847580922,0.315979180644004,0.5850113986791285,0.0759009933573453,15.482575262873125,Yellow,Slow RFI response; Overdue RFI backlog; Slow change approval
PRJ3-02306,Copper Research Facility 2306,Institutional,Mountain,IPD,High,High,Slow,84879200,1.0152,0.9941,0.0248,8.681,0.3201,21.063,0.4947,3,0,0,0.0619,19,0.2680529007971592,0.43179984206881,0.5841075426356696,0.0237113349205468,17.755500776757266,Yellow,Overdue RFI backlog; Pending change exposure
PRJ3-01796,Summit Urban Village 1796,Mixed-Use,West,Design-Bid-Build,High,Moderate,Fast,270908700,0.9772,0.9296,0.0128,9.929,0.2694,15.351,0.3078,2,0,0,0.0592,-1,0.22476391301453,0.461406111109315,0.5824625811020985,0.0339942992471879,10.151726860697735,Yellow,Overdue RFI backlog; Low SPI
PRJ3-00065,Cedar Residences 65,Residential,Southeast,Design-Bid-Build,Moderate,Moderate,Standard,74410300,0.8886,1.0431,0.0359,7.423,0.2504,12.668,0.4683,3,1,1,0.1127,31,0.5231847172690836,0.1214690662260096,0.5811030244246987,0.1049227578188648,-0.2059677793716314,Yellow,Overdue RFI backlog; Low CPI; Pending change exposure
PRJ3-01225,Crescent Earthworks Package 1225,Heavy Civil,West,Design-Build,Very High,High,Fast,84442200,0.9638,0.9853,0.0281,8.454,0.3362,27.083,0.3621,4,0,1,0.0214,30,0.2890259056862039,0.406056040498826,0.5777212313205029,0.0472874878650939,14.273726478140777,Yellow,Overdue RFI backlog; Pending change exposure
PRJ3-00095,Harbor Transit-Oriented Development 95,Mixed-Use,Mountain,CMAR,High,Low,Standard,91607000,0.9645,0.9838,0.0593,12.39,0.3297,26.896,0.2892,5,0,0,0.0535,-9,0.447208637349927,0.2355861291679806,0.5774386147141513,0.0752507601868997,3.9300241908766376,Yellow,Slow RFI response; Overdue RFI backlog; Pending change exposure
PRJ3-00208,Crescent Transit Program 208,Infrastructure,West,Design-Bid-Build,Moderate,Moderate,Standard,343830500,0.8649,1.0515,0.013,4.471,0.0954,24.031,0.4278,1,1,0,0.1648,-25,0.487086285690283,0.1757837010013677,0.5772481566860034,0.0943293282195906,-8.492796296256875,Yellow,Low CPI
PRJ3-02187,Lakeview Transit Program 2187,Infrastructure,Mountain,Design-Build,High,Low,Fast,950000000,0.9683,1.0136,0.02,8.815,0.3109,28.095,0.162,3,0,0,0.0752,-25,0.2613138512946211,0.4254897570666451,0.5756172412557685,0.0474676453781549,16.058838138439633,Yellow,Slow change approval; Overdue RFI backlog
PRJ3-01378,Granite Transit-Oriented Development 1378,Mixed-Use,West,CMAR,Moderate,High,Slow,309463400,0.9158,0.8914,0.0264,9.083,0.378,6.461,0.1752,3,0,1,0.0979,35,0.3725328403491261,0.3233839673836099,0.5754456598399507,0.0735664041000206,5.933281762174925,Yellow,Overdue RFI backlog; Low SPI; Low CPI
PRJ3-01495,Riverside Urban Village 1495,Mixed-Use,West,IPD,High,Moderate,Slow,84217600,0.9591,1.0003,0.0366,8.684,0.3673,17.829,0.2694,3,1,0,0.1235,-13,0.4916596380517518,0.1636363914307874,0.5748426204995836,0.0815941527902405,15.169606356113398,Yellow,Overdue RFI backlog; Pending change exposure
PRJ3-00025,Harbor Civic Complex 25,Institutional,Southeast,CMAR,High,High,Standard,113971800,0.9389,1.0085,0.019,9.943,0.3809,15.262,0.2854,3,0,0,0.0792,-10,0.3687102744860165,0.3198539639768909,0.5706307956095475,0.0709755517292287,1.5519717898770615,Yellow,Overdue RFI backlog; Low CPI
PRJ3-01282,Riverside Research Facility 1282,Institutional,Northeast,IPD,Moderate,Low,Standard,45591500,0.9359,1.0302,0.0191,9.053,0.3339,28.234,0.3069,3,0,1,0.0686,52,0.3168491091138152,0.3714474111639311,0.5706037389678218,0.0580098702721627,6.542301828421357,Yellow,Slow change approval; Overdue RFI backlog; Low CPI
PRJ3-02084,Harbor Distribution Hub 2084,Industrial,West,Design-Build,High,High,Slow,122550100,0.9525,0.9418,0.045,8.771,0.2531,21.762,0.2393,4,0,0,0.0981,20,0.3956789077086088,0.2874645916201472,0.5693998237115949,0.0704031996453286,13.013199309670018,Yellow,Overdue RFI backlog; Low SPI; Pending change exposure
PRJ3-00446,Crescent Utility Corridor 446,Infrastructure,West,Design-Bid-Build,High,High,Fast,342604300,1.0598,0.8976,0.0149,7.417,0.1895,20.821,0.2066,2,0,0,0.0416,-1,0.1927426363725695,0.4649400226589392,0.5680688933091027,0.0451316069845435,14.578745767356516,Yellow,Low SPI
PRJ3-00544,Northstar Education Center 544,Institutional,Mountain,IPD,Moderate,Moderate,Standard,210522000,0.9385,0.9702,0.0006,5.692,0.1953,22.202,0.2138,2,0,1,-0.0094,33,0.2696251130941757,0.4049328224839713,0.5653778775203625,0.0684031331267502,4.439641869497513,Yellow,Low CPI
PRJ3-02393,Granite Marketplace 2393,Commercial,West,Design-Build,Moderate,Moderate,Slow,153947500,0.9609,0.901,0.0077,8.053,0.3217,12.012,0.231,2,0,0,0.0731,-21,0.2993609375939234,0.3786724490889721,0.5646736472826337,0.0684398185678858,8.831309700858814,Yellow,Overdue RFI backlog; Low SPI
PRJ3-02247,Summit Manufacturing Facility 2247,Industrial,Southwest,Design-Bid-Build,High,High,Slow,89699400,0.9226,0.9983,0.0208,7.527,0.3487,17.093,0.3461,2,0,0,0.0371,2,0.5074292189787869,0.1091837920207135,0.5612099646892874,0.0914155458325596,2.6236817607393004,Yellow,Overdue RFI backlog; Low CPI; Pending change exposure
PRJ3-00819,Copper Housing 819,Residential,Mountain,CMAR,High,Moderate,Slow,27399000,1.0217,0.9785,0.0447,12.592,0.533,23.936,0.2734,5,1,0,0.1124,12,0.2713759651898494,0.3938567844990983,0.5583494846489344,0.0639525915251364,16.933181202873634,Yellow,Overdue RFI backlog; Slow RFI response; Pending change exposure
PRJ3-01200,Horizon Process Plant 1200,Industrial,West,IPD,Low,Moderate,Slow,127269400,0.9088,0.9749,0.0214,7.735,0.3037,15.289,0.4377,3,1,0,0.1198,-8,0.4854083798892529,0.1305260539081331,0.552575993436502,0.0824762881654878,1.2120245234855247,Yellow,Overdue RFI backlog; Low CPI; Pending change exposure
PRJ3-00576,Lakeview Housing 576,Residential,Northeast,CMAR,Moderate,Low,Standard,35671800,0.879,1.0168,0.0281,6.295,0.1695,23.221,0.3095,3,0,0,-0.0004,-12,0.4988515826625003,0.1013448647115565,0.5496404012179799,0.1005476948404184,1.5371220806707182,Yellow,Low CPI; Pending change exposure
PRJ3-02352,Harbor Bridge Program 2352,Heavy Civil,Mountain,IPD,High,Low,Fast,164509300,0.9174,0.9397,0.025,8.679,0.2699,17.791,0.294,2,0,0,0.0707,19,0.3472981645561432,0.3083930450619315,0.548586871106186,0.0690262721260921,8.576072402109826,Yellow,Overdue RFI backlog; Low CPI; Low SPI
PRJ3-02284,Crescent Bridge Program 2284,Heavy Civil,Mountain,Design-Bid-Build,Moderate,Moderate,Fast,171912300,0.9018,1.0134,0.0,7.131,0.2282,21.997,0.1656,1,0,0,0.0795,-2,0.3655785620079458,0.2838137143356291,0.5456360667786219,0.0757069771235942,-2.207933977229077,Yellow,Low CPI
PRJ3-00278,Canyon Distribution Hub 278,Industrial,Mountain,Design-Bid-Build,High,Moderate,Standard,84999500,0.9717,0.9465,0.0444,5.368,0.2358,25.264,0.326,4,0,0,0.0835,11,0.3908731392373523,0.252576772672443,0.5447244358768785,0.0616045887017297,12.21962222981636,Yellow,Low SPI; Pending change exposure
PRJ3-01274,Gateway Residences 1274,Residential,Mountain,Design-Build,Moderate,Low,Standard,16470500,1.001,0.9228,0.0246,7.49,0.271,14.564,0.1768,2,0,0,0.0567,-15,0.1483769232553586,0.4653031760506703,0.544639845662684,0.0287333976213471,18.25839392926818,Yellow,Overdue RFI backlog; Low SPI; Pending change exposure
PRJ3-00729,Evergreen Office Campus 729,Commercial,Southeast,Design-Build,Moderate,Moderate,Fast,96850300,0.9802,0.926,0.0102,6.797,0.0983,14.889,0.2426,2,0,0,0.0612,-4,0.1078864062972465,0.4895263940818751,0.5445995569339783,0.0091346380993296,11.751607970354453,Yellow,Low SPI
PRJ3-02373,Mesa Civic Complex 2373,Institutional,Mountain,Design-Bid-Build,Moderate,High,Standard,203852100,0.9142,1.0502,0.0246,8.985,0.3413,23.2,0.4139,3,1,0,0.1783,-5,0.4245161091024142,0.2081728011079844,0.5443162026630863,0.0777018112087174,-7.02508564955531,Yellow,Overdue RFI backlog; Low CPI; Pending change exposure
PRJ3-01518,Crescent Bridge Program 1518,Heavy Civil,Northeast,Design-Build,Moderate,Moderate,Standard,362959400,0.8689,1.07,0.0186,5.832,0.2232,22.157,0.2322,2,1,0,0.1336,-5,0.4585491977025515,0.143106486827419,0.5360343198092268,0.0960505656915764,-3.828347186964265,Yellow,Low CPI
PRJ3-00902,Riverside Office Campus 902,Commercial,Midwest,IPD,High,Moderate,Fast,48558300,0.8961,1.0999,0.0,9.647,0.3582,5.0,0.3172,2,1,0,0.1533,-16,0.5145481892179977,0.0271456276066158,0.5277260832944433,0.0881387627490121,-17.498349981370353,Yellow,Overdue RFI backlog; Low CPI
PRJ3-02101,Canyon Utility Corridor 2101,Infrastructure,Mountain,CMAR,Low,Moderate,Slow,229879900,0.8784,0.9674,0.0151,8.687,0.3641,23.807,0.2705,3,1,0,0.1568,-19,0.3897132741275682,0.2234705922317454,0.5260944101894534,0.0839014172190671,3.718196256823207,Yellow,Overdue RFI backlog; Low CPI
PRJ3-02076,Mesa Water Program 2076,Heavy Civil,Mountain,CMAR,Moderate,High,Standard,402641900,0.909,0.9448,0.015,6.816,0.3181,25.301,0.3035,2,0,1,0.0495,37,0.2939966678039624,0.3230592489707137,0.5220775740740358,0.0694984357969994,-0.0272018689745081,Yellow,Overdue RFI backlog; Low CPI; Low SPI
PRJ3-00327,Redwood Research Facility 327,Institutional,West,IPD,High,Low,Fast,175898500,0.891,0.9611,0.0209,7.962,0.2453,14.641,0.3688,2,1,0,0.1645,15,0.4263021712086473,0.1635785210083223,0.5201468135480225,0.0804708700636891,-10.686063649329087,Yellow,Low CPI; Pending change exposure
PRJ3-02034,Aspen Retail Center 2034,Commercial,Southwest,IPD,Moderate,Moderate,Slow,51037800,1.069,0.9172,0.0299,10.774,0.3484,16.398,0.2851,3,0,0,0.0239,-15,0.1848932567874484,0.4110288742246487,0.5199256638230233,0.047262186288414,13.165740866836412,Yellow,Overdue RFI backlog; Low SPI; Pending change exposure
PRJ3-01943,Harbor Manufacturing Facility 1943,Industrial,Southeast,Design-Bid-Build,Moderate,Moderate,Slow,166800500,0.9449,0.9505,0.0275,8.087,0.3418,23.146,0.2594,4,0,0,0.077,-9,0.2636099460734108,0.3446924108192799,0.5174380090647064,0.0588220656123578,10.84123022316541,Yellow,Overdue RFI backlog; Low CPI; Pending change exposure
PRJ3-01025,Pioneer Education Center 1025,Institutional,Southwest,CMAR,Low,Moderate,Slow,136293300,0.9461,1.0256,0.0,11.725,0.4564,25.848,0.1141,4,0,0,0.0295,-25,0.3038006638897258,0.3062548654464753,0.5170150978941033,0.0630667178859575,1.269757645405706,Yellow,Overdue RFI backlog; Low CPI
PRJ3-01287,Aspen Residences 1287,Residential,Mountain,Design-Bid-Build,Moderate,High,Slow,44521100,1.0326,1.0049,0.029,8.201,0.2982,32.471,0.1021,3,0,0,-0.0088,-3,0.1489763115663027,0.4314267367965304,0.5161306844038,0.0220062979205329,14.444269795342702,Yellow,Slow change approval; Overdue RFI backlog; Pending change exposure
PRJ3-01037,Lakeview Neighborhood 1037,Residential,Southwest,Design-Build,High,Moderate,Fast,44480000,1.0433,0.8939,0.0296,9.88,0.2733,9.92,0.3365,3,0,0,0.0218,4,0.2267196789307589,0.3730366167063027,0.5151815536679921,0.034951320967005,7.103211898056832,Yellow,Overdue RFI backlog; Low SPI; Pending change exposure
PRJ3-00316,Cedar Retail Center 316,Commercial,Mountain,Design-Bid-Build,Moderate,Moderate,Fast,32951700,1.0667,0.9728,0.0078,5.223,0.2728,25.96,0.2029,2,0,0,0.0405,-6,0.0715489533040332,0.4734055521391808,0.5110828336993378,0.0315968639206172,14.018501894076875,Yellow,Overdue RFI backlog
PRJ3-01647,Evergreen District 1647,Mixed-Use,Midwest,Design-Bid-Build,Low,Low,Standard,299945400,0.9409,0.957,0.0305,11.209,0.3991,12.826,0.3697,4,0,0,0.0526,-17,0.4262753562639633,0.1469944955647491,0.5106097208630074,0.0796234981312282,1.3914938557252228,Yellow,Overdue RFI backlog; Low CPI; Pending change exposure
PRJ3-01970,Crescent Residences 1970,Residential,Mountain,Design-Bid-Build,Moderate,Low,Fast,73771600,0.9114,0.9926,0.0241,9.075,0.3163,5.0,0.2524,3,1,0,0.1046,-25,0.4364603218172093,0.1176884788137747,0.5027824492937463,0.083262296870124,-4.189597220914012,Yellow,Overdue RFI backlog; Low CPI; Pending change exposure
PRJ3-02230,Gateway Medical Center 2230,Institutional,Southwest,CMAR,Very High,Low,Fast,94438000,0.9555,0.988,0.0182,9.645,0.1813,14.482,0.2055,3,1,0,0.1148,6,0.4397957352187243,0.1102585039265439,0.5015630193467773,0.0774995954802609,-0.8106342082605362,Yellow,No dominant rule-based trigger
PRJ3-02024,Gateway Public Works Program 2024,Infrastructure,Midwest,CMAR,Moderate,Low,Fast,286309200,0.9396,0.9348,0.0139,6.897,0.2531,8.006,0.4132,1,0,0,0.0903,1,0.2964846121654508,0.2854119993214155,0.4972763455606904,0.0583457344970255,3.7772376506288503,Yellow,Overdue RFI backlog; Low SPI; Low CPI
PRJ3-01421,Redwood Logistics Center 1421,Industrial,Southeast,Design-Bid-Build,High,Moderate,Standard,170749600,1.0384,1.0205,0.0286,10.83,0.3623,31.581,0.3461,4,0,0,0.0879,-3,0.2780277919581216,0.3014058133707818,0.4956344125540831,0.0608362000533705,12.32155111856863,Yellow,Slow change approval; Overdue RFI backlog; Pending change exposure
PRJ3-01801,Summit Residences 1801,Residential,Mountain,Design-Bid-Build,Moderate,Moderate,Standard,39969900,1.0932,0.9007,0.0181,8.451,0.2674,20.497,0.2894,2,0,0,-0.0294,-4,0.1109320439887799,0.4304157807958029,0.4936009224558778,0.0230629498636653,10.642593715268942,Yellow,Overdue RFI backlog; Low SPI
PRJ3-00742,Summit Town Center 742,Mixed-Use,Northeast,Design-Bid-Build,Low,High,Standard,378195000,1.0088,1.0018,0.0012,7.85,0.1313,28.904,0.2538,2,0,0,0.0249,-20,0.1030567314611724,0.4333209602878929,0.4917210499081785,0.0080211311528094,3.481998503263748,Yellow,Slow change approval
PRJ3-02057,Mesa Corporate Center 2057,Commercial,Southeast,Design-Build,High,Moderate,Fast,40191500,0.9254,1.0026,0.0133,6.773,0.2142,22.584,0.317,2,0,0,0.0194,-2,0.3359979134652973,0.2244520068020821,0.4850345143087811,0.0719890958665813,2.5558782200427625,Yellow,Low CPI
PRJ3-00646,Granite Bridge Program 646,Heavy Civil,West,CMAR,High,Moderate,Standard,66297600,1.0015,0.9216,0.0158,5.232,0.1511,16.82,0.279,2,0,1,0.0079,31,0.2366284197193147,0.3229926627345784,0.4831918390900762,0.0404629536067212,2.325567958899555,Yellow,Low SPI
PRJ3-02235,Riverside Water Program 2235,Heavy Civil,Mountain,Design-Build,Moderate,Moderate,Standard,180263200,0.7898,0.9708,0.0052,5.242,0.1642,15.877,0.4735,1,1,0,0.1679,-4,0.3983843335310799,0.139867108479677,0.4825305772161616,0.1510124366149552,-5.720961693493797,Yellow,Low CPI
PRJ3-02138,Cedar Manufacturing Facility 2138,Industrial,Northeast,Design-Bid-Build,High,Moderate,Standard,114828000,0.9759,0.9937,0.0468,8.551,0.2604,14.028,0.4594,3,0,0,0.0448,-6,0.2712821695037024,0.2898029836767456,0.4824667710399745,0.0549530766174644,4.3440742807669865,Yellow,Overdue RFI backlog; Pending change exposure
PRJ3-00486,Canyon Housing 486,Residential,Midwest,Design-Build,Moderate,Low,Fast,45587600,0.9427,1.079,0.0174,7.675,0.2476,28.073,0.2969,2,0,0,0.0754,2,0.3112484461945174,0.2468176294724527,0.4812444720002551,0.0674079989643739,1.4195014062843914,Yellow,Slow change approval; Low CPI
PRJ3-01798,Horizon Marketplace 1798,Commercial,West,Design-Build,Moderate,Moderate,Standard,98799000,0.9411,0.9843,0.0271,7.563,0.3551,29.11,0.169,3,1,0,0.1059,13,0.2826295190849633,0.2754042359004,0.4801963882388714,0.0638987448863857,11.061982468386857,Yellow,Slow change approval; Overdue RFI backlog; Low CPI
PRJ3-00924,Evergreen Process Plant 924,Industrial,Northeast,Design-Bid-Build,Low,Low,Standard,322411300,0.9278,0.9911,0.0216,8.431,0.2084,20.232,0.2516,3,0,0,0.0654,-20,0.3270900983307037,0.2220912454601683,0.4765374964749171,0.0701010505420473,6.009526338582843,Yellow,Low CPI; Pending change exposure
PRJ3-01484,Lakeview Transit-Oriented Development 1484,Mixed-Use,West,Design-Bid-Build,Moderate,Moderate,Standard,84102000,0.9839,0.9846,0.0232,11.482,0.3156,14.89,0.1742,3,0,0,0.0337,-23,0.1507293012460239,0.3807134398460039,0.4740580703290695,0.0273912234124164,8.756858391564183,Yellow,Overdue RFI backlog; Pending change exposure
PRJ3-01996,Mesa Bridge Program 1996,Heavy Civil,Mountain,CMAR,Moderate,High,Fast,88510600,0.8738,1.0468,0.0,11.376,0.3509,18.618,0.3886,2,0,0,0.003,0,0.4286065884095694,0.0786129729841773,0.4735255232382648,0.0929836405030031,-5.200276055917128,Yellow,Overdue RFI backlog; Low CPI
PRJ3-02191,Pioneer Bridge Program 2191,Heavy Civil,West,CMAR,High,High,Fast,370044800,1.0024,0.9455,0.0141,3.546,0.2023,21.069,0.372,3,0,0,-0.0332,25,0.2155804939213015,0.3193593107877765,0.4660921667510828,0.0380938828233217,-0.7878068766869699,Yellow,Low SPI
PRJ3-02037,Horizon Urban Village 2037,Mixed-Use,Northeast,CMAR,Low,Moderate,Standard,433191300,0.9666,0.9935,0.0132,5.373,0.2252,26.825,0.2301,2,0,0,0.031,14,0.2314120376946438,0.2926587619225966,0.4563460391715407,0.0479116858281657,10.63248608583778,Yellow,No dominant rule-based trigger
PRJ3-00033,Evergreen Residences 33,Residential,Northeast,Design-Build,Low,Low,Fast,53542600,0.9314,1.002,0.0096,5.035,0.1933,21.774,0.3611,2,0,0,0.0447,7,0.1889322656586155,0.3288505862670995,0.455652365599108,0.0606859770550232,-0.4749262732195394,Yellow,Low CPI
PRJ3-02316,Aspen Office Campus 2316,Commercial,Mountain,Design-Bid-Build,High,Moderate,Standard,39237600,1.0195,1.0456,0.0155,8.218,0.2205,21.008,0.1718,2,0,0,0.0015,13,0.2092512722128869,0.3110223149868093,0.4551917721021091,0.0430338940984084,-0.350422274888075,Yellow,No dominant rule-based trigger
PRJ3-01003,Crescent Research Facility 1003,Institutional,Northeast,IPD,High,Moderate,Standard,62938200,0.9969,1.0315,0.0091,10.104,0.4138,21.556,0.2553,3,1,0,0.1067,5,0.2966095813691716,0.2250779883479117,0.4549272818177939,0.049971543642993,8.170338047369818,Yellow,Overdue RFI backlog
PRJ3-00183,Evergreen Highway Improvements 183,Heavy Civil,West,Design-Bid-Build,Moderate,Moderate,Fast,214895000,0.9447,0.992,0.0064,8.162,0.2196,12.12,0.173,1,0,0,0.0214,-24,0.1810305272542093,0.3328749476559782,0.4536449476263084,0.0567341507727419,3.8669109111077127,Yellow,Low CPI
PRJ3-02006,Northstar Bridge Program 2006,Heavy Civil,West,Design-Bid-Build,Moderate,Moderate,Standard,245678000,1.0606,0.8977,0.0238,12.665,0.3215,6.675,0.1783,3,0,1,-0.0161,33,0.2121251974498609,0.3057085056009943,0.4529852259381424,0.0390386047165551,-0.7449679411335772,Yellow,Slow RFI response; Overdue RFI backlog; Low SPI
PRJ3-00839,Mesa Manufacturing Facility 839,Industrial,Mountain,Design-Bid-Build,Moderate,Moderate,Fast,573884200,0.9388,0.9756,0.006,8.974,0.3473,22.182,0.1183,2,0,0,0.054,-19,0.3182943442680265,0.1961744696612176,0.4520275897462991,0.0596267501109712,-2.8796654252125187,Yellow,Overdue RFI backlog; Low CPI
PRJ3-02155,Canyon Retail Center 2155,Commercial,Southeast,IPD,Very High,High,Fast,116673300,1.15,0.9693,0.0173,5.45,0.2499,19.792,0.3331,2,0,0,0.0357,8,0.1876611680317312,0.3206337257968093,0.4481243943351454,0.0451701130492516,12.119919655870458,Yellow,No dominant rule-based trigger
PRJ3-02385,Summit Civic Complex 2385,Institutional,West,CMAR,Moderate,Moderate,Standard,143718000,0.9372,0.9219,0.0415,6.978,0.1425,17.411,0.2847,3,0,1,0.0111,38,0.3098080994546404,0.1990167924632719,0.4471678776853075,0.0760886144985189,-4.957696934123604,Yellow,Low SPI; Low CPI; Pending change exposure
PRJ3-02189,Evergreen Earthworks Package 2189,Heavy Civil,West,IPD,High,Moderate,Fast,141694900,0.9108,1.0794,0.0251,5.645,0.268,18.753,0.4189,3,0,0,0.0389,-3,0.4192521575343297,0.0451301652032916,0.4454614036062607,0.0691084932289675,-10.913093739899471,Yellow,Overdue RFI backlog; Low CPI; Pending change exposure
PRJ3-01547,Northstar Transit-Oriented Development 1547,Mixed-Use,Midwest,Design-Build,High,High,Standard,109645200,0.9415,0.933,0.007,8.79,0.333,13.329,0.2851,2,0,0,0.0837,14,0.2522111485102841,0.2562834541778349,0.4438570583657445,0.0669013453200381,8.329469696047678,Yellow,Overdue RFI backlog; Low SPI; Low CPI
PRJ3-01511,Crescent Corporate Center 1511,Commercial,Southwest,Design-Bid-Build,Moderate,Moderate,Fast,79587700,0.9933,0.985,0.0335,8.542,0.3161,21.995,0.2462,3,0,0,0.0232,-1,0.1743904423604272,0.3261375306422392,0.4436527047636289,0.0528121930926257,8.251393576419373,Yellow,Overdue RFI backlog; Pending change exposure
PRJ3-01136,Cedar Manufacturing Facility 1136,Industrial,West,Design-Bid-Build,Moderate,Moderate,Standard,107425800,1.0371,0.9049,0.0425,8.78,0.228,17.965,0.1744,3,0,0,0.0224,-9,0.2481177209470265,0.2425090621188139,0.4304559872639195,0.0260161432586985,2.4074122510743923,Yellow,Low SPI; Pending change exposure
PRJ3-01211,Redwood Housing 1211,Residential,Midwest,IPD,Very High,High,Standard,30065400,1.0613,1.0829,0.0295,5.624,0.2497,21.797,0.4313,3,0,1,0.0748,36,0.2753864983852304,0.2127755420088,0.4295665289382074,0.0557980304252725,11.536731091756458,Yellow,Pending change exposure
PRJ3-01041,Crescent Water Program 1041,Heavy Civil,Southwest,CMAR,Moderate,High,Standard,329092300,1.0175,0.9174,0.033,6.529,0.267,24.105,0.2026,3,0,0,-0.0207,9,0.1636006642228182,0.3173307701811148,0.4290159096239642,0.0362391323616023,-0.7164439303039742,Yellow,Overdue RFI backlog; Low SPI; Pending change exposure
PRJ3-00456,Granite Education Center 456,Institutional,Midwest,Design-Build,Very High,High,Standard,205049100,0.9806,0.9985,0.0315,8.285,0.3704,15.992,0.368,3,0,0,0.0467,17,0.2542940660992512,0.230670577276853,0.4263064843509118,0.0340966836564897,9.37836683971759,Yellow,Overdue RFI backlog; Pending change exposure
PRJ3-00072,Evergreen Corporate Center 72,Commercial,Midwest,CMAR,High,High,Standard,162668200,0.9788,1.0071,0.0368,7.372,0.1207,15.117,0.2654,3,0,0,0.0667,-2,0.2772145209807247,0.2021389072287593,0.4233175878704963,0.0405533413842803,0.6588063410314042,Yellow,Pending change exposure
PRJ3-01315,Crescent Marketplace 1315,Commercial,Southeast,Design-Bid-Build,Moderate,High,Standard,32623900,1.0605,1.1128,0.0018,9.103,0.3221,21.661,0.2398,2,0,0,-0.0017,-20,0.1080021141355746,0.3515843776253675,0.4216146356803623,0.0052703396849802,-2.296949312244122,Yellow,Overdue RFI backlog
PRJ3-01306,Liberty Corporate Center 1306,Commercial,Mountain,CMAR,Moderate,High,Standard,241166500,1.0161,0.9653,0.013,7.734,0.2506,31.356,0.3982,3,0,0,0.0285,6,0.121525741724258,0.3410626260272627,0.4211404791491343,0.0217119050415385,6.298710035322946,Yellow,Slow change approval; Overdue RFI backlog
PRJ3-02038,Summit Corporate Center 2038,Commercial,West,Design-Bid-Build,Low,Moderate,Standard,85385100,0.9372,1.0094,0.0235,10.699,0.3233,23.472,0.3403,3,0,0,0.0732,15,0.3007827428894292,0.162403846240758,0.4143383148020989,0.0657145726964888,-4.664959008542088,Yellow,Overdue RFI backlog; Low CPI; Pending change exposure
PRJ3-01634,Granite Retail Center 1634,Commercial,Midwest,IPD,Moderate,High,Standard,84630400,1.1006,0.9524,0.014,7.84,0.311,21.908,0.1875,3,0,0,-0.0275,14,0.1041780196243458,0.344605871061044,0.4128835334873276,0.0452570609103579,7.323869536176303,Yellow,Overdue RFI backlog
PRJ3-01367,Pioneer Water Program 1367,Heavy Civil,Northeast,Design-Bid-Build,Moderate,Moderate,Standard,90571100,0.929,0.9736,0.0132,5.572,0.2777,15.568,0.328,2,0,0,0.0833,4,0.2922511785855091,0.1685227403370869,0.4115229494406226,0.0732296976730132,3.569436894097219,Yellow,Overdue RFI backlog; Low CPI
PRJ3-00245,Aspen Apartments 245,Residential,West,Design-Build,High,Low,Fast,50081800,0.9387,1.12,0.0327,3.897,0.1074,11.558,0.2196,2,0,0,0.0273,-7,0.4071467139394905,0.0072026783140069,0.4114168454463862,0.0770213633072582,-19.966550626119712,Yellow,Low CPI; Pending change exposure
PRJ3-02269,Summit Distribution Hub 2269,Industrial,Southeast,CMAR,Moderate,Moderate,Standard,120058600,0.935,1.12,0.0115,5.925,0.1188,15.016,0.2779,1,0,0,0.0991,-7,0.3821672500752002,0.0426970297405882,0.4085468733734488,0.0757814903664385,-15.393779580829229,Yellow,Low CPI
PRJ3-01700,Mesa Residences 1700,Residential,West,Design-Bid-Build,High,Moderate,Standard,92490900,0.9745,1.0072,0.0214,7.778,0.1982,21.661,0.3499,3,1,1,0.1219,30,0.2939717436118804,0.1595322568915925,0.406606024782713,0.0529348544667356,6.961789292666039,Yellow,Pending change exposure
PRJ3-02278,Crescent Urban Village 2278,Mixed-Use,Southwest,CMAR,Moderate,Moderate,Standard,273478600,1.0249,1.0534,0.0261,14.405,0.3629,28.293,0.1791,5,0,0,0.0888,-3,0.218089552003136,0.238602042904116,0.4046549822632603,0.043414352068922,3.0813810775747195,Yellow,Slow RFI response; Slow change approval; Overdue RFI backlog
PRJ3-01232,Redwood Town Center 1232,Mixed-Use,Southeast,IPD,Very High,Moderate,Fast,92080600,0.9644,0.9439,0.0175,3.32,0.1939,19.525,0.2333,2,1,0,0.1498,13,0.2076166860050445,0.2448853458673985,0.4016597479122545,0.0640810188300647,9.503121998522149,Yellow,Low SPI
PRJ3-00187,Liberty District 187,Mixed-Use,West,CMAR,High,Moderate,Standard,175235400,0.9587,1.0152,0.0317,8.962,0.2548,24.799,0.2792,4,0,0,0.0372,18,0.3480701571342731,0.0812573050962608,0.4010442192773708,0.0712303806289522,0.0745067795838867,Yellow,Overdue RFI backlog; Pending change exposure
PRJ3-01825,Mesa Corporate Center 1825,Commercial,West,Design-Bid-Build,High,High,Standard,41192500,0.9889,1.0572,0.0539,6.975,0.2912,19.115,0.3398,4,0,0,0.0369,15,0.2714338301694047,0.1653266565337299,0.3918852390910826,0.0334488608642633,-0.8870096862019121,Yellow,Overdue RFI backlog; Pending change exposure
PRJ3-01744,Aspen Manufacturing Facility 1744,Industrial,West,Design-Build,High,Moderate,Standard,120185000,0.9498,1.0381,0.0103,5.881,0.1842,14.315,0.3724,1,0,0,0.0559,-12,0.3334846323812529,0.0856829003308431,0.3905936021939052,0.0766730313758615,-6.735506749136944,Yellow,Low CPI
PRJ3-01959,Copper District 1959,Mixed-Use,Mountain,CMAR,Moderate,Moderate,Standard,87006700,1.0121,0.9374,0.0107,2.051,0.0927,15.91,0.2161,1,0,0,0.0235,19,0.198105001343234,0.2339525765084179,0.3857104023681987,0.0372802324988139,5.435258014090125,Yellow,Low SPI
PRJ3-00086,Pioneer Bridge Program 86,Heavy Civil,Southwest,IPD,Moderate,Moderate,Fast,210479200,0.9196,0.9871,0.0,8.416,0.2455,20.851,0.266,1,0,0,-0.0053,-21,0.2558994958661531,0.1727543356818629,0.3844460841383351,0.0632970758502384,-6.41814244516168,Yellow,Low CPI
PRJ3-01894,Canyon Office Campus 1894,Commercial,Southeast,CMAR,Moderate,Moderate,Standard,74282800,0.9087,1.0381,0.0182,4.261,0.196,19.602,0.1512,2,1,0,0.1574,-9,0.2938874580318845,0.126364316602929,0.3831148868424424,0.0728493552667342,-11.580565019180414,Yellow,Low CPI
PRJ3-02049,Canyon Airport Improvements 2049,Infrastructure,Southwest,Design-Build,Low,Low,Standard,117785600,0.9084,1.0057,0.0033,5.368,0.2814,10.4,0.2497,1,0,0,0.0603,-1,0.3095061780762023,0.1040769488240489,0.3813706682438873,0.0745076105598955,-10.503147262756018,Yellow,Overdue RFI backlog; Low CPI
PRJ3-02147,Summit Residences 2147,Residential,Northeast,Design-Bid-Build,High,High,Standard,31404500,0.965,0.9916,0.029,7.648,0.2724,13.231,0.2321,2,0,0,0.0608,0,0.1996507223309317,0.2263126805628298,0.3807799127467431,0.0526607918436071,-0.2705731020887736,Yellow,Overdue RFI backlog; Pending change exposure
PRJ3-02289,Pioneer Urban Village 2289,Mixed-Use,West,Design-Bid-Build,High,Moderate,Standard,144198800,0.9325,0.9572,0.0202,6.898,0.1513,19.377,0.2517,2,0,0,0.06,-10,0.3365708394921439,0.0628379506889282,0.3782593683657335,0.0592057400484974,-8.067989008791534,Yellow,Low CPI; Pending change exposure
PRJ3-01827,Northstar Civic Complex 1827,Institutional,Southeast,Design-Bid-Build,Moderate,Moderate,Fast,82472500,0.951,0.9729,0.0,2.546,0.0137,16.821,0.0837,1,0,0,0.0039,-11,0.1488765946100377,0.2667528705118961,0.3759162061576704,0.0512691762969988,-0.2293434940301448,Yellow,No dominant rule-based trigger
PRJ3-01880,Lakeview Civic Complex 1880,Institutional,Northeast,Design-Build,Very High,Moderate,Fast,108650600,1.0363,0.9964,0.0359,8.753,0.2419,15.186,0.2761,3,0,0,0.0788,-3,0.2168610681287935,0.2019637141031865,0.3750267154683047,0.0627824020807082,5.507792165396166,Yellow,Pending change exposure
PRJ3-01302,Riverside Urban Village 1302,Mixed-Use,West,IPD,Very High,High,Standard,223937800,0.9649,1.0333,0.0334,4.009,0.2598,13.489,0.3138,4,0,0,0.0906,18,0.2585519550618317,0.154300608423501,0.3729578395102064,0.0523508388785221,-5.021303959366552,Yellow,Overdue RFI backlog; Pending change exposure
PRJ3-01993,Harbor Transit-Oriented Development 1993,Mixed-Use,Southeast,Design-Build,High,Moderate,Fast,139523100,1.0894,0.9867,0.0081,7.872,0.1789,12.884,0.3805,2,0,0,-0.0796,24,0.149277988243742,0.2617006527763301,0.3719124940515476,0.0212421822216159,11.77134391435582,Yellow,No dominant rule-based trigger
PRJ3-00276,Liberty Retail Center 276,Commercial,Southeast,Design-Bid-Build,High,High,Fast,76419400,0.9588,1.0675,0.0091,4.652,0.1777,32.241,0.2922,3,0,0,0.0632,-8,0.2562170006755127,0.1538880239743364,0.3706762967072632,0.0602141793095976,0.3630605485623519,Yellow,Slow change approval
PRJ3-01739,Gateway Office Campus 1739,Commercial,Mountain,Design-Build,Very High,High,Fast,89058300,0.947,1.0684,0.0264,2.285,0.1167,16.168,0.3314,2,0,0,0.0355,-5,0.3100612898616672,0.086165614087546,0.3695102825035061,0.0761647195053658,-0.8797935668220092,Yellow,Low CPI; Pending change exposure
PRJ3-01372,Mesa Residences 1372,Residential,Northeast,IPD,High,Moderate,Standard,20247400,0.9885,1.0831,0.0003,5.048,0.17,30.442,0.345,2,0,0,-0.0356,28,0.2006356664005429,0.21029945564316,0.3687415506170661,0.0336224240803927,-4.994170518996844,Yellow,Slow change approval
PRJ3-02127,Granite Transit Program 2127,Infrastructure,Southeast,IPD,Moderate,High,Slow,264928600,1.0072,0.9931,0.0318,2.0,0.0587,29.347,0.2192,3,0,1,-0.0168,41,0.092182729667597,0.3035464297474546,0.3677474209400778,0.0091913753109235,1.5666333241362782,Yellow,Slow change approval; Pending change exposure
PRJ3-00112,Pioneer Residences 112,Residential,Southwest,Design-Build,Low,Moderate,Standard,44482800,0.9392,1.1083,0.0,6.274,0.2339,27.526,0.2696,2,0,0,0.0935,-18,0.1909867765101764,0.2151199956688478,0.3650216976433479,0.0575102579656694,-3.905240200062229,Yellow,Low CPI
PRJ3-00728,Riverside Civic Complex 728,Institutional,West,Design-Bid-Build,Moderate,Low,Fast,173779000,0.9508,0.984,0.0099,5.74,0.279,16.108,0.1755,2,0,0,0.0839,-25,0.3097471833195674,0.078622608120385,0.3640166600294251,0.0728070942286844,-5.736902570817817,Yellow,Overdue RFI backlog
PRJ3-00789,Evergreen District 789,Mixed-Use,Southeast,CMAR,Moderate,Moderate,Fast,190293300,0.9693,0.8849,0.0084,2.708,0.1578,5.18,0.2999,1,0,0,0.029,-22,0.231368804216238,0.1697783538923415,0.3618657433867073,0.0460936057207024,2.6632617214548,Yellow,Low SPI
PRJ3-01422,Cedar Apartments 1422,Residential,Southwest,CMAR,High,Moderate,Standard,37737900,0.9617,1.0249,0.0381,5.916,0.2182,16.901,0.2767,3,1,0,0.1089,0,0.307191594720447,0.0778750791728042,0.3611441041331764,0.0696157647981063,-9.317479437981012,Yellow,Pending change exposure
PRJ3-00135,Northstar Transit-Oriented Development 135,Mixed-Use,Mountain,CMAR,High,Moderate,Standard,66774600,0.9914,0.9717,0.0132,6.35,0.215,23.99,0.247,2,0,1,0.0689,32,0.2501052439189223,0.1480148461544682,0.3611008008723055,0.0495945112707831,4.451969367041404,Yellow,No dominant rule-based trigger
PRJ3-01095,Pioneer Retail Center 1095,Commercial,West,Design-Bid-Build,High,Moderate,Fast,34117800,0.9584,0.9237,0.0083,7.161,0.1898,25.152,0.2895,2,0,0,0.0993,16,0.2727985673425799,0.1204976566768389,0.3604246359098392,0.0619508767909414,4.191391460433678,Yellow,Low SPI
PRJ3-02062,Northstar Water Program 2062,Heavy Civil,Midwest,CMAR,Moderate,High,Standard,192765800,1.0871,0.9947,0.0163,13.017,0.5627,12.682,0.1417,3,0,0,0.047,5,0.1691140798704512,0.2290484475608461,0.3594272099762895,0.0333605939970028,1.6507887372194094,Yellow,Overdue RFI backlog; Slow RFI response
PRJ3-00348,Northstar Residences 348,Residential,West,IPD,High,High,Standard,33994400,0.9719,1.0737,0.0015,9.432,0.3465,27.924,0.3491,2,0,0,0.0505,20,0.2088413383950805,0.1895561382573696,0.3588103190377781,0.0513704170936008,3.384331162478615,Yellow,Overdue RFI backlog
PRJ3-02327,Gateway Apartments 2327,Residential,West,Design-Build,High,High,Standard,136125400,1.15,1.0764,0.0431,5.765,0.2377,32.096,0.3762,5,0,1,-0.017,35,0.2385655676669265,0.1521731784906317,0.3544354654472601,0.0525910679716517,3.259423489817337,Yellow,Slow change approval; Pending change exposure
PRJ3-00889,Crescent Process Plant 889,Industrial,Northeast,Design-Build,High,Low,Fast,162969900,0.977,1.0287,0.0163,12.138,0.4372,19.081,0.3313,3,0,0,0.0317,22,0.2080415282275633,0.1832443979589415,0.353163481595987,0.0200253618414548,11.012082108900014,Yellow,Overdue RFI backlog; Slow RFI response
PRJ3-00236,Cedar Utility Corridor 236,Infrastructure,Southwest,Design-Build,Moderate,High,Standard,334075400,0.9831,1.0703,0.0,8.445,0.2981,32.305,0.2623,3,0,0,0.0899,4,0.1394010460124869,0.2457753525575815,0.3509150573394538,0.038152380342802,1.1271365270870677,Yellow,Slow change approval; Overdue RFI backlog
PRJ3-01019,Evergreen Airport Improvements 1019,Infrastructure,Southwest,Design-Build,Moderate,Moderate,Standard,187635500,0.9667,1.0412,0.0153,8.252,0.3519,19.862,0.2386,2,0,0,0.071,14,0.123598778542121,0.2588383423082801,0.3504450179012303,0.0553538150576714,-1.4008105254665342,Yellow,Overdue RFI backlog
PRJ3-01159,Pioneer Apartments 1159,Residential,Midwest,Design-Bid-Build,Moderate,Moderate,Standard,23788200,1.0459,0.9364,0.0103,12.486,0.3967,22.569,0.2597,3,0,0,0.0372,-20,0.06706017635057,0.3017777126755944,0.3486006223954675,0.0200686617612144,4.621364236112798,Green,Slow RFI response; Overdue RFI backlog; Low SPI
PRJ3-02377,Mesa Highway Improvements 2377,Heavy Civil,Midwest,CMAR,Moderate,Moderate,Fast,125189900,0.9616,0.9781,0.0134,6.831,0.3277,10.605,0.1804,2,0,0,0.0605,3,0.1754944002759356,0.2092501440234231,0.3480223157663149,0.0548002155625853,-5.170086081071057,Green,Overdue RFI backlog
PRJ3-01951,Gateway Manufacturing Facility 1951,Industrial,Mountain,Design-Bid-Build,Moderate,Moderate,Standard,61492900,1.0332,1.0213,0.0,7.26,0.4114,21.658,0.1422,2,0,0,0.0732,-7,0.102525521018528,0.2715699849699637,0.3462526517864525,0.0112461619901247,2.8980919130099227,Green,Overdue RFI backlog
PRJ3-01834,Harbor Marketplace 1834,Commercial,Mountain,CMAR,Moderate,High,Fast,106805800,1.0084,0.9495,0.0032,6.129,0.2629,18.742,0.2382,1,0,0,0.0733,-25,0.0966408052430446,0.2546659332554892,0.3266956176407519,0.0414299689978522,2.239387976556605,Green,Overdue RFI backlog; Low SPI
PRJ3-01303,Pioneer Process Plant 1303,Industrial,Northeast,Design-Build,Low,Moderate,Fast,94651500,1.0086,0.9172,0.0076,10.136,0.3249,9.974,0.2976,2,0,0,0.0636,18,0.1971445047922297,0.1602671480209587,0.3258158652821337,0.0364638764808098,9.74743800082338,Green,Overdue RFI backlog; Low SPI
PRJ3-01887,Canyon Research Facility 1887,Institutional,Southwest,Design-Build,Low,Low,Fast,79600100,0.9397,0.9574,0.0,6.98,0.3082,5.0,0.1723,1,0,0,0.0774,-14,0.2183694769547683,0.1341798710682623,0.3232485597599959,0.0576426222816194,-4.772588118189979,Green,Overdue RFI backlog; Low CPI
PRJ3-00611,Pioneer Retail Center 611,Commercial,West,IPD,Moderate,Moderate,Fast,85384800,0.9012,1.0571,0.0029,6.669,0.2276,13.938,0.2975,2,0,0,0.0285,25,0.2680919680014304,0.0708488351805591,0.3199467995278244,0.0691005375909034,-15.018586314281428,Green,Low CPI
PRJ3-02215,Redwood Housing 2215,Residential,Midwest,IPD,High,Moderate,Fast,37562900,1.0897,0.9133,0.0207,4.02,0.1918,15.279,0.3343,2,1,0,0.1206,18,0.1158389138422841,0.2305931177163344,0.3197203752628524,0.0284398473765625,-0.1351299393003859,Green,Low SPI; Pending change exposure
PRJ3-01809,Horizon Marketplace 1809,Commercial,Southeast,Design-Bid-Build,Moderate,Moderate,Fast,29412300,1.0644,1.0044,0.0139,9.533,0.2707,8.357,0.2254,2,0,0,0.0892,19,0.0853476393738914,0.2558591033562674,0.3193697722463808,0.0174244708995495,-2.5636042839908786,Green,Overdue RFI backlog
PRJ3-02396,Copper Office Campus 2396,Commercial,Northeast,Design-Build,High,Moderate,Fast,96176100,1.0299,0.9768,0.0171,6.322,0.2312,15.027,0.3357,2,0,0,-0.056,18,0.1403248127364861,0.2060436144737708,0.3174553955936763,0.0122425543203784,9.113336399072338,Green,No dominant rule-based trigger
PRJ3-01280,Aspen Housing 1280,Residential,Mountain,Design-Build,Low,High,Standard,44084400,1.1316,0.9626,0.0118,8.357,0.2532,20.117,0.228,3,0,0,0.0525,-25,0.0595857216835,0.2734707319831634,0.3167615027421316,0.0321536335487527,10.35373710356429,Green,Overdue RFI backlog
PRJ3-01113,Riverside Marketplace 1113,Commercial,Midwest,CMAR,Moderate,High,Slow,47729600,1.0,1.0759,0.0,7.801,0.3219,22.475,0.2643,2,0,0,0.0368,7,0.1316652523171063,0.2121355636953486,0.3158699334930752,0.0158575883363166,7.787501157974409,Green,Overdue RFI backlog
PRJ3-01872,Redwood Town Center 1872,Mixed-Use,Mountain,Design-Bid-Build,High,High,Standard,110223100,1.0853,1.0227,0.0178,5.854,0.2307,17.079,0.1861,2,0,0,0.0214,-9,0.2182423800894739,0.1229488156904582,0.3143585536144645,0.0484652609483277,3.628064396664304,Green,No dominant rule-based trigger
PRJ3-00044,Granite Neighborhood 44,Residential,Mountain,CMAR,Moderate,Moderate,Standard,50073000,1.0437,1.0067,0.0196,7.107,0.2531,15.291,0.219,2,0,0,0.0409,-25,0.0770354654588127,0.2567686774098635,0.3140238482891635,0.0311442829880414,4.076988400373519,Green,Overdue RFI backlog
PRJ3-02271,Redwood Medical Center 2271,Institutional,Southwest,Design-Build,Moderate,High,Fast,22743600,0.9246,1.0854,0.0073,10.195,0.4389,19.717,0.2557,2,0,0,0.0595,-17,0.2344659704441844,0.103520282225303,0.3137142692368759,0.0702492300810752,-8.49732962372728,Green,Overdue RFI backlog; Low CPI
PRJ3-01329,Lakeview Public Works Program 1329,Infrastructure,Southwest,Design-Build,Moderate,Low,Fast,212173000,0.9829,0.9385,0.0163,6.816,0.1657,11.951,0.1793,1,0,0,0.0209,-12,0.1263969437567336,0.2126950066541764,0.312207951617504,0.026394441931931,-4.334415943415779,Green,Low SPI
PRJ3-01589,Evergreen Research Facility 1589,Institutional,Midwest,CMAR,High,Moderate,Fast,120028000,0.9923,1.0183,0.0197,7.196,0.2785,14.536,0.3763,2,0,1,0.0574,34,0.2128865015863593,0.1235103195085629,0.3101031412649309,0.0475343553635547,-1.4980154972920907,Green,Overdue RFI backlog
PRJ3-00904,Riverside Medical Center 904,Institutional,Mountain,Design-Build,Low,Low,Fast,125269500,0.9169,1.0395,0.0059,10.338,0.2894,8.396,0.2157,2,0,0,0.0612,-14,0.2553003827606576,0.0682693939129547,0.306140574276797,0.067265099188093,-12.993743272297117,Green,Overdue RFI backlog; Low CPI
PRJ3-01671,Copper Corporate Center 1671,Commercial,Southwest,CMAR,Low,High,Slow,154298800,1.0089,1.0174,0.0001,8.981,0.3437,18.374,0.1597,3,0,0,0.0422,-5,0.0874463495390368,0.2341285603441478,0.3011012219582588,0.0115459460006463,1.598479439298453,Green,Overdue RFI backlog
PRJ3-00820,Granite Medical Center 820,Institutional,Northeast,IPD,Moderate,Moderate,Standard,70899300,0.946,1.12,0.0034,7.873,0.3544,14.612,0.371,2,0,0,0.0582,9,0.246546415548882,0.0700916709683848,0.2993572362801799,0.0604596906154073,-11.942590918440288,Green,Overdue RFI backlog; Low CPI
PRJ3-01387,Copper Marketplace 1387,Commercial,Northeast,CMAR,Moderate,Moderate,Standard,176034300,1.0763,0.9416,0.0266,5.956,0.2466,17.308,0.3028,3,0,0,-0.0124,-8,0.1304328810156516,0.1922088685058136,0.2975713930454935,0.0240295009758632,8.170473982311472,Green,Low SPI; Pending change exposure
PRJ3-00191,Copper Residences 191,Residential,Midwest,Design-Build,Low,Low,Standard,73639800,0.9848,1.0048,0.0124,12.707,0.4265,11.01,0.2386,3,0,1,0.0133,59,0.1888414274821652,0.1333325170304548,0.2969952416667989,0.0276984939697681,-1.7429408137841929,Green,Overdue RFI backlog; Slow RFI response
PRJ3-00283,Pioneer Residences 283,Residential,Northeast,Design-Bid-Build,High,Moderate,Fast,18589600,1.0471,0.9371,0.0282,8.162,0.227,11.292,0.4618,2,0,0,0.071,-2,0.1403535745976369,0.1796140154537047,0.2947581209345788,0.0240437322780631,4.453130301547514,Green,Low SPI; Pending change exposure
PRJ3-01030,Liberty Neighborhood 1030,Residential,Midwest,Design-Build,Moderate,High,Slow,49491400,1.0342,1.0569,0.0283,11.557,0.4053,24.95,0.0838,4,0,0,0.0579,5,0.1152841723228077,0.2016260506113352,0.2936659305706987,0.0184151088348744,5.559414275741752,Green,Overdue RFI backlog; Pending change exposure
PRJ3-01194,Redwood Water Program 1194,Heavy Civil,Midwest,Design-Bid-Build,Moderate,Moderate,Fast,115092900,1.0096,0.9455,0.0,5.389,0.1729,14.761,0.342,1,0,0,0.0705,27,0.1317587848758034,0.1858786921036491,0.2931463263735722,0.0311300232638079,-0.3754387767041791,Green,Low SPI
PRJ3-00758,Lakeview Retail Center 758,Commercial,West,IPD,Moderate,Low,Standard,33062300,0.9789,1.0053,0.0,6.169,0.2873,15.934,0.1945,1,0,0,0.0431,-25,0.0969459290695767,0.2157373882858207,0.2917684558129846,0.0164534423397201,-4.273136220632663,Green,Overdue RFI backlog
PRJ3-02331,Aspen Logistics Center 2331,Industrial,Mountain,IPD,Moderate,High,Slow,148474000,1.0412,1.0359,0.0003,9.025,0.342,32.431,0.3497,3,0,0,0.0575,1,0.1382958661073795,0.1669853906284317,0.2821878675115732,0.0128203832419439,-3.4224978874140923,Green,Slow change approval; Overdue RFI backlog
PRJ3-00218,Northstar Education Center 218,Institutional,Midwest,Design-Bid-Build,Moderate,High,Standard,117156300,0.975,1.071,0.002,6.753,0.3337,13.649,0.1868,1,0,0,-0.0145,-5,0.0785334819464235,0.2189198382262203,0.280260783009591,0.0339400946465946,-5.6177180542465255,Green,Overdue RFI backlog
PRJ3-01678,Cedar Transit-Oriented Development 1678,Mixed-Use,Southwest,CMAR,Moderate,High,Slow,74304100,1.0033,0.9767,0.0334,9.584,0.2832,22.537,0.1487,4,0,1,0.0523,43,0.164254778872351,0.1373034288971075,0.2790054634175485,0.0405738544919511,8.442409776774214,Green,Overdue RFI backlog; Pending change exposure
PRJ3-00566,Summit Airport Improvements 566,Infrastructure,Northeast,CMAR,Moderate,High,Standard,376410900,1.0294,1.0623,0.0,10.637,0.3447,29.889,0.3903,3,0,0,0.0094,12,0.1236588290595656,0.1754787145766054,0.2774380512667503,0.0376981285702989,-5.460269087045878,Green,Slow change approval; Overdue RFI backlog
PRJ3-00947,Mesa Neighborhood 947,Residential,Mountain,CMAR,High,Moderate,Standard,49318100,0.9861,0.9882,0.0369,9.23,0.2999,8.658,0.2023,3,0,0,0.0889,1,0.1269742896459502,0.1701962955109609,0.2755600314340347,0.0318141780022629,0.4788552583522136,Green,Overdue RFI backlog; Pending change exposure
PRJ3-01884,Harbor Research Facility 1884,Institutional,Midwest,CMAR,High,Moderate,Standard,148760500,1.0051,0.9221,0.0226,2.7,0.1146,13.376,0.4713,1,0,0,0.0956,8,0.2058059207802899,0.0840096967545423,0.2725259245397907,0.0179847556577066,-8.754923068569346,Green,Low SPI; Pending change exposure
PRJ3-01986,Mesa Apartments 1986,Residential,Mountain,CMAR,Moderate,Moderate,Fast,30525200,1.0096,0.9733,0.0,9.735,0.3192,8.527,0.3244,2,0,1,0.0365,33,0.1289524265770248,0.15519623081193,0.2641357268301485,0.0084077570937762,-3.86784812412658,Green,Overdue RFI backlog
PRJ3-02219,Harbor Neighborhood 2219,Residential,West,Design-Bid-Build,Moderate,Low,Fast,110141500,0.9787,0.9331,0.0,4.448,0.0889,16.148,0.1141,1,0,0,-0.0022,-25,0.1415249310535736,0.1418060806043566,0.2632619158774212,0.0067425841153458,-9.996715002716398,Green,Low SPI
PRJ3-00452,Crescent Medical Center 452,Institutional,West,Design-Build,Low,High,Slow,98500200,1.0055,1.0188,0.0033,9.318,0.3954,22.937,0.2247,3,0,0,0.0471,20,0.1125836044877785,0.1683388997469816,0.2619703041257383,0.0150761465504192,0.4136661813535216,Green,Overdue RFI backlog
PRJ3-02260,Riverside Research Facility 2260,Institutional,Southeast,Design-Bid-Build,Moderate,High,Standard,44177500,1.0121,0.9996,0.0223,5.34,0.2383,18.403,0.2173,3,0,0,0.0674,-25,0.0642459317506667,0.2093326434587657,0.260129804484594,0.0219884407460835,1.013928352310819,Green,Pending change exposure
PRJ3-02193,Canyon Water Program 2193,Heavy Civil,West,IPD,Moderate,Moderate,Standard,111350200,0.9639,0.9837,0.0036,5.384,0.2207,19.874,0.4292,2,0,0,0.0197,19,0.1725148669464878,0.103200479103563,0.2579117291286859,0.06602536352313,-1.4046730386358686,Green,No dominant rule-based trigger
PRJ3-00166,Cedar Transit-Oriented Development 166,Mixed-Use,Southwest,Design-Bid-Build,Low,Moderate,Fast,477239200,1.0324,1.028,0.0238,5.805,0.2106,20.606,0.3443,2,0,0,0.0351,-25,0.0978740451900834,0.1730814427100688,0.2540153069547821,0.0111063998044377,-2.300167207542307,Green,Pending change exposure
PRJ3-01524,Granite Retail Center 1524,Commercial,Mountain,Design-Bid-Build,Low,Low,Standard,70621200,0.9956,0.9605,0.03,11.728,0.3562,16.281,0.2042,4,0,0,0.0165,-25,0.0958812681898973,0.1738667013711604,0.2530774097375968,0.016779082485637,-4.253174608919638,Green,Overdue RFI backlog; Pending change exposure
PRJ3-02242,Redwood Housing 2242,Residential,Midwest,IPD,Moderate,Moderate,Standard,30796900,1.0475,0.965,0.0007,2.0,0.2274,6.744,0.4274,1,0,0,0.0424,-25,0.1134567970931718,0.1484344699881556,0.2450503675382488,0.0397356313533385,-2.492984212526684,Green,No dominant rule-based trigger
PRJ3-01586,Lakeview Housing 1586,Residential,Mountain,IPD,Moderate,Moderate,Fast,86561500,1.15,1.0454,0.0,2.879,0.0893,26.526,0.286,1,0,0,-0.0517,11,0.0585518640418152,0.1970029521583078,0.2440199261295135,-0.0099092750830856,2.9499651421095674,Green,No dominant rule-based trigger
PRJ3-02015,Riverside Civic Complex 2015,Institutional,Southwest,CMAR,Moderate,Moderate,Standard,114278900,1.0187,0.886,0.0073,4.799,0.1689,12.1,0.2085,1,0,0,0.0028,-11,0.106142213559928,0.1521778915608612,0.2421676068556367,0.0262708953747037,-9.97542785147666,Green,Low SPI
PRJ3-01636,Crescent Logistics Center 1636,Industrial,Midwest,Design-Bid-Build,Low,High,Standard,183524800,1.0131,1.0341,0.0073,10.113,0.2617,20.323,0.2379,3,0,0,0.0326,12,0.0886155181037541,0.1609812007228468,0.2353312863195814,0.0224280949231047,4.106742311287935,Green,Overdue RFI backlog
PRJ3-00901,Granite Neighborhood 901,Residential,West,Design-Build,Moderate,Moderate,Standard,39314300,0.9823,0.947,0.0155,4.82,0.0306,23.181,0.0948,2,0,0,-0.0355,-2,0.0946465139097394,0.1451874037678642,0.2260924360473695,0.0061701757864293,0.0397622020747991,Green,Low SPI
PRJ3-00341,Cedar Research Facility 341,Institutional,West,Design-Bid-Build,Moderate,Moderate,Fast,188627200,0.9853,0.8809,0.0,8.198,0.19,12.791,0.2153,1,0,0,0.039,5,0.1248295761865238,0.1143872219224583,0.2249378896752477,0.0370260484099903,-2.459355264129917,Green,Low SPI
PRJ3-01125,Copper Apartments 1125,Residential,Midwest,Design-Bid-Build,Low,High,Slow,44398200,1.0207,1.0306,0.0,7.519,0.3071,25.599,0.2365,2,0,0,-0.0209,20,0.1176843285740001,0.1208471320910781,0.2243096470648462,0.0134752337296558,3.585747914065592,Green,Overdue RFI backlog
PRJ3-00643,Harbor Corporate Center 643,Commercial,West,IPD,High,High,Standard,49529700,1.0381,1.12,0.024,6.863,0.1847,21.733,0.2789,2,0,0,0.0862,-24,0.1641968241030308,0.0700119818572597,0.2227130608901696,0.0368567344007371,-17.09722155675312,Green,Pending change exposure
PRJ3-01900,Cedar Marketplace 1900,Commercial,Mountain,CMAR,High,Moderate,Fast,46099600,1.0301,0.9894,0.029,12.512,0.4088,15.108,0.2625,4,0,0,-0.0138,-18,0.1150252341434095,0.1207052588734091,0.2218463423525638,0.0378904271174712,2.224450084247016,Green,Slow RFI response; Overdue RFI backlog; Pending change exposure
PRJ3-00669,Horizon Marketplace 669,Commercial,Northeast,Design-Bid-Build,Moderate,Moderate,Fast,91204700,1.0129,1.0213,0.0007,2.0,0.0523,20.531,0.3264,1,0,0,0.027,-25,0.1017825801844283,0.1304840633985038,0.2189856389372838,-0.009035304598193,-1.9029122080581529,Green,No dominant rule-based trigger
PRJ3-00056,Canyon Transit Program 56,Infrastructure,Southeast,Design-Build,Moderate,Moderate,Fast,230732700,1.0149,1.0265,0.0,7.681,0.2251,11.151,0.3198,1,0,0,0.0286,16,0.0757486952916414,0.1538251454199359,0.2179217866429701,0.0097205559203466,-2.475079294371284,Green,No dominant rule-based trigger
PRJ3-00399,Canyon Apartments 399,Residential,Southeast,IPD,Moderate,Moderate,Fast,43349600,0.9533,1.0124,0.011,4.224,0.1911,10.756,0.2681,1,0,0,0.0329,-11,0.1829302134941801,0.0409558876417212,0.2163940318657576,0.0544749074394843,-14.66621458079482,Green,No dominant rule-based trigger
PRJ3-02364,Granite Public Works Program 2364,Infrastructure,Northeast,CMAR,Very High,Moderate,Fast,79877000,1.006,1.0173,0.0297,4.912,0.1578,21.917,0.2327,3,0,0,0.0748,16,0.1589198334194568,0.062186309510408,0.2112235049815,0.0315824646337084,-6.4651620728524986,Green,Pending change exposure
PRJ3-02117,Summit Public Works Program 2117,Infrastructure,Northeast,Design-Build,Low,Moderate,Standard,262622500,1.013,1.0238,0.024,2.791,0.1451,19.268,0.1915,2,0,0,0.0481,-25,0.0849766461817882,0.136478264701901,0.2098574456726114,0.0074539893206423,-1.72936273304836,Green,Pending change exposure
PRJ3-00759,Riverside Marketplace 759,Commercial,Southwest,Design-Bid-Build,High,Moderate,Fast,89103000,1.0329,1.059,0.0127,5.221,0.1771,22.954,0.3349,2,0,0,0.0305,-16,0.1406843708074234,0.0787817368045733,0.2083827485385293,0.0367154265821043,-8.247502463100679,Green,No dominant rule-based trigger
PRJ3-01187,Redwood Retail Center 1187,Commercial,Mountain,Design-Build,Moderate,Low,Fast,98996900,1.0479,1.0556,0.0132,10.431,0.2358,12.318,0.204,3,0,0,0.0439,-5,0.1382177588276349,0.0813194351260726,0.2082974038814525,0.0399393215376226,-6.341069672885686,Green,No dominant rule-based trigger
PRJ3-00887,Northstar Highway Improvements 887,Heavy Civil,West,Design-Bid-Build,Low,High,Standard,238638000,1.0,1.0414,0.0,8.797,0.3212,17.678,0.2365,1,0,0,0.0057,-25,0.0629538944245342,0.1505331906273529,0.2040104344617445,-0.0030020905738636,-13.538267399929516,Green,Overdue RFI backlog
PRJ3-01648,Granite Transit Program 1648,Infrastructure,Southwest,Design-Build,Moderate,Moderate,Fast,262402500,1.0111,1.0212,0.0,6.979,0.338,10.048,0.2839,2,0,0,-0.028,-25,0.0771210468321563,0.1302924173601149,0.1973651765711669,0.0374940604927096,-7.470401498416136,Green,Overdue RFI backlog
PRJ3-00232,Copper Residences 232,Residential,Mountain,CMAR,High,Moderate,Fast,25174400,0.9862,1.034,0.0,5.876,0.1247,21.096,0.3262,1,0,0,0.0148,10,0.1593962918074983,0.0440075494968342,0.1963892011030023,0.02244479647106,-5.2347345262791,Green,No dominant rule-based trigger
PRJ3-00955,Northstar Apartments 955,Residential,Northeast,Design-Bid-Build,Moderate,High,Standard,18485600,1.0466,1.0023,0.0005,2.723,0.1111,14.695,0.242,1,0,0,0.015,-13,0.0823841984289002,0.1236866394192891,0.1958810132032667,0.005776158196016,-4.523506745652453,Green,No dominant rule-based trigger
PRJ3-01010,Gateway Airport Improvements 1010,Infrastructure,Southeast,Design-Build,Low,Moderate,Fast,91149800,0.9183,1.0176,0.0,3.993,0.2365,5.499,0.1863,1,0,0,-0.0206,-6,0.1383038748288495,0.0660124891953922,0.1951865809814215,0.0574807804838486,-18.152064926075106,Green,Low CPI
PRJ3-01756,Canyon Retail Center 1756,Commercial,Southwest,CMAR,Moderate,High,Fast,75939800,0.962,0.9988,0.0094,5.81,0.1414,21.018,0.413,1,0,0,0.0534,-1,0.1538918870741293,0.0485721623186099,0.1949891876742574,0.0428625466684383,-13.8366741631064,Green,No dominant rule-based trigger
PRJ3-02134,Riverside Apartments 2134,Residential,Mountain,CMAR,Low,Low,Standard,89793500,0.9033,0.9756,0.0221,4.923,0.1598,5.0,0.2826,2,0,0,0.0622,-5,0.1706188367703232,0.0274043136280891,0.1933474582846988,0.0680917394007621,-24.3365568798692,Green,Low CPI; Pending change exposure
PRJ3-01779,Mesa Corporate Center 1779,Commercial,Mountain,Design-Build,Moderate,High,Fast,30803300,0.9926,1.0613,0.0168,5.284,0.2077,13.565,0.1896,2,0,0,0.0248,-25,0.066584738216561,0.1357583734845084,0.1933036759418974,0.024166267801812,-2.539928419047877,Green,No dominant rule-based trigger
PRJ3-01161,Northstar Public Works Program 1161,Infrastructure,Northeast,Design-Bid-Build,Moderate,High,Fast,287758200,1.0296,1.0882,0.0175,4.505,0.2528,13.092,0.1603,2,0,0,0.0192,-21,0.1077296189328821,0.0926672080959888,0.190413824013116,0.0281618422669369,-9.89316641819596,Green,Overdue RFI backlog
PRJ3-00451,Northstar Medical Center 451,Institutional,West,CMAR,Moderate,Low,Fast,206478600,0.9862,1.0218,0.0,7.317,0.2141,10.522,0.3471,1,0,0,0.062,14,0.1065015272686102,0.0933307713920036,0.1898924289662079,0.0321190004014243,-11.82569476404874,Green,No dominant rule-based trigger
PRJ3-02098,Pioneer Office Campus 2098,Commercial,Northeast,Design-Build,Moderate,Moderate,Standard,114493300,0.9871,0.9751,0.0113,6.615,0.2615,10.751,0.237,1,0,0,-0.0423,8,0.0565816376999709,0.1395901335180899,0.1882735328568497,0.0183026073746409,-3.7708398640410152,Green,Overdue RFI backlog
PRJ3-00635,Harbor Retail Center 635,Commercial,West,Design-Bid-Build,Low,High,Standard,72184800,0.951,1.0292,0.0106,4.936,0.2139,17.007,0.2772,2,0,1,0.037,45,0.1598566970013641,0.0318714857584862,0.1866333123179727,0.0534070138339124,-10.11720350828279,Green,No dominant rule-based trigger
PRJ3-01630,Harbor Manufacturing Facility 1630,Industrial,Northeast,Design-Bid-Build,Low,Moderate,Fast,180930200,1.0624,0.9864,0.0,8.552,0.3209,24.028,0.2799,2,0,0,-0.006,-12,0.0380151114865628,0.1541743143923172,0.1863284721288919,0.0099658550998188,5.382069520738331,Green,Overdue RFI backlog
PRJ3-01833,Canyon Earthworks Package 1833,Heavy Civil,Mountain,Design-Bid-Build,Moderate,Moderate,Fast,437034700,1.0893,1.0061,0.0056,6.974,0.2879,14.794,0.0842,2,0,0,0.0114,-24,0.1109096932764761,0.0829798671196103,0.1846862887857278,0.0152628683266731,-15.641871111578515,Green,Overdue RFI backlog
PRJ3-00563,Cedar Marketplace 563,Commercial,Midwest,Design-Build,Moderate,High,Standard,24866100,1.0128,1.12,0.029,7.591,0.3041,20.088,0.3738,3,0,0,0.0658,20,0.081189413887664,0.1106535566044498,0.182859073086813,0.0329867984619507,-2.776617722943829,Green,Overdue RFI backlog; Pending change exposure
PRJ3-02070,Granite Medical Center 2070,Institutional,Mountain,Design-Build,High,High,Fast,47758800,1.0927,0.9868,0.0,6.996,0.2536,18.235,0.0785,1,0,0,0.0031,-17,0.0652830160237613,0.1239346449279889,0.1811268335410171,0.0139568496513943,-4.277122338733692,Green,Overdue RFI backlog
PRJ3-01067,Copper Neighborhood 1067,Residential,Southwest,Design-Bid-Build,Low,High,Standard,65080400,0.9754,1.0156,0.0051,2.467,0.139,18.108,0.1769,1,0,0,0.0032,-25,0.0795296105545004,0.1031606451786303,0.1744859297975233,0.0287420218054767,-10.032278960825492,Green,No dominant rule-based trigger
PRJ3-00478,Crescent Highway Improvements 478,Heavy Civil,Midwest,Design-Build,Low,High,Standard,251245200,1.0745,1.0094,0.0181,11.712,0.3137,22.359,0.1852,3,0,0,0.0207,-13,0.0851854819697992,0.0965350951213608,0.1734971884862465,0.0176890986029101,-1.3009616066320024,Green,Overdue RFI backlog
PRJ3-00527,Granite Education Center 527,Institutional,Southeast,Design-Bid-Build,High,High,Standard,98917200,1.0055,1.1104,0.0176,4.426,0.0642,13.131,0.3996,2,0,0,-0.0076,-25,0.144073936292883,0.0323062737986267,0.171725718058386,0.0277596432251933,-17.388047454031337,Green,No dominant rule-based trigger
PRJ3-00757,Riverside Highway Improvements 757,Heavy Civil,West,CMAR,Moderate,High,Fast,90635900,0.9941,1.0577,0.0,7.064,0.2722,24.134,0.2172,1,0,0,0.0465,10,0.0757214640241736,0.1019874044722093,0.1699862329177217,0.0063845586451185,-9.03174111315144,Green,Overdue RFI backlog
PRJ3-00942,Redwood Corporate Center 942,Commercial,Midwest,Design-Build,Moderate,High,Slow,179584400,1.0299,0.9666,0.0151,6.672,0.2448,13.409,0.2883,2,0,0,-0.0056,-1,0.0642664665433543,0.1122300776300311,0.169283913644217,0.0162807589125446,0.3875668536710304,Green,No dominant rule-based trigger
PRJ3-01727,Evergreen Manufacturing Facility 1727,Industrial,Mountain,CMAR,Moderate,High,Fast,179767700,1.0436,0.9602,0.0192,6.883,0.1996,7.279,0.1783,2,0,0,-0.0091,-14,0.0990443026826436,0.0705350212622759,0.1625932319492919,0.0223330116475853,-7.342825590750328,Green,No dominant rule-based trigger
PRJ3-00043,Granite Neighborhood 43,Residential,West,Design-Bid-Build,Moderate,Moderate,Fast,32850400,1.0006,0.9823,0.0,2.0,0.1384,9.21,0.2476,1,0,0,0.0441,-10,0.0952101441258115,0.070314181147311,0.1588297019519986,0.0108793214802472,-9.52261452109518,Green,No dominant rule-based trigger
PRJ3-00143,Aspen Logistics Center 143,Industrial,Midwest,Design-Bid-Build,Moderate,High,Fast,109162100,1.084,0.9646,0.001,5.759,0.2449,10.348,0.2499,1,0,0,0.0669,-23,0.0814203652690464,0.0764162934188583,0.1516148161652346,0.0271626583696117,-6.767069131524037,Green,No dominant rule-based trigger
PRJ3-00126,Aspen Corporate Center 126,Commercial,West,Design-Bid-Build,Moderate,Moderate,Standard,29138300,1.0014,1.0529,0.0028,10.017,0.2857,13.713,0.0621,2,0,0,-0.023,-18,0.1071310296079227,0.0483589673108224,0.1503092509599609,0.0139770581481647,-9.274018992752652,Green,Overdue RFI backlog
PRJ3-01088,Redwood Logistics Center 1088,Industrial,Southwest,IPD,Low,Moderate,Standard,189651700,1.0227,1.12,0.0,6.24,0.1803,24.505,0.1939,2,0,0,0.0417,6,0.0504474533270971,0.1046752786080678,0.1498421307030835,-7.292908537064358e-05,-5.822000284935415,Green,No dominant rule-based trigger
PRJ3-01877,Granite Education Center 1877,Institutional,Northeast,Design-Build,Moderate,High,Fast,56722600,1.0341,1.0227,0.0,5.418,0.149,19.407,0.1878,1,0,0,-0.0146,14,0.0703135616876287,0.0826123194142186,0.1471171146845575,0.0100172247143461,-0.4802842418352551,Green,No dominant rule-based trigger
PRJ3-01473,Summit Education Center 1473,Institutional,Southwest,Design-Build,High,High,Fast,132949400,1.0119,0.9851,0.0182,5.754,0.2192,9.191,0.2222,2,0,0,0.0046,2,0.0744417888207671,0.0725264299917805,0.1415692216271753,0.0239742722070994,-13.274985113529436,Green,No dominant rule-based trigger
PRJ3-00831,Summit Urban Village 831,Mixed-Use,Midwest,CMAR,Moderate,Moderate,Fast,158131700,0.9903,1.0457,0.0168,7.962,0.2952,23.607,0.2231,3,0,1,-0.0238,30,0.0659910933064752,0.0800114798912456,0.1407225281626285,0.034206684860065,-2.8076353044836537,Green,Overdue RFI backlog
PRJ3-01909,Gateway Bridge Program 1909,Heavy Civil,Midwest,Design-Build,Low,Moderate,Standard,141929100,1.138,1.1092,0.0028,2.906,0.2189,25.265,0.3925,2,0,0,0.0531,4,0.0703293186341558,0.0755502797087671,0.1405661986483855,0.0137172094247793,-6.818591098724232,Green,No dominant rule-based trigger
PRJ3-00638,Crescent Urban Village 638,Mixed-Use,Midwest,Design-Bid-Build,Low,Moderate,Fast,335405400,1.1075,1.0822,0.0085,7.222,0.2131,18.268,0.0865,1,0,0,0.0546,-1,0.0584975521686803,0.0866708415962839,0.1400983616871822,0.0109230617762035,-7.679936361831173,Green,No dominant rule-based trigger
PRJ3-02179,Riverside Marketplace 2179,Commercial,Mountain,Design-Bid-Build,Low,High,Standard,67701700,1.0106,1.0073,0.0155,5.492,0.2311,9.758,0.3186,1,0,0,-0.023,-16,0.0676172136735015,0.0768205412634272,0.1392433639838055,0.0088224617313917,-8.06563902533278,Green,No dominant rule-based trigger
PRJ3-00556,Redwood Medical Center 556,Institutional,Mountain,Design-Build,Moderate,High,Fast,98732100,0.9947,1.1085,0.0118,3.664,0.1427,18.836,0.3806,2,0,0,0.0773,13,0.119509732410533,0.0218680071286319,0.1387642998588705,0.0124062638615087,-18.206688016936237,Green,No dominant rule-based trigger
PRJ3-00124,Pioneer Marketplace 124,Commercial,Mountain,CMAR,Moderate,Moderate,Fast,74195400,1.1424,0.9695,0.007,5.574,0.2002,11.956,0.1991,1,0,0,0.0319,-18,0.0713068519251435,0.072378362181133,0.1385241409516422,0.0211192717695388,-7.197109094605521,Green,No dominant rule-based trigger
PRJ3-01134,Mesa Neighborhood 1134,Residential,Northeast,Design-Build,High,High,Fast,32382800,1.0061,1.0479,0.0199,6.129,0.2399,10.594,0.1468,2,0,0,-0.0545,14,0.1099388843162082,0.0279945354959905,0.134855731812819,0.0150167548102601,-5.948474150856532,Green,No dominant rule-based trigger
PRJ3-01228,Crescent Office Campus 1228,Commercial,West,Design-Bid-Build,Moderate,High,Fast,99035100,1.0351,0.9258,0.0,4.695,0.182,12.247,0.1404,1,0,0,-0.042,-20,0.0529644048282352,0.0834386563793576,0.1319837824327926,0.0160810009112181,-1.844674468680397,Green,Low SPI
PRJ3-00787,Redwood Highway Improvements 787,Heavy Civil,Mountain,IPD,Moderate,Low,Fast,46415300,0.9939,1.0362,0.0032,6.022,0.1549,17.61,0.2583,1,0,0,-0.0144,-25,0.0674557067663498,0.0675358573252203,0.1304358851036261,0.0198194062349864,-10.535110805347118,Green,No dominant rule-based trigger
PRJ3-00984,Redwood Utility Corridor 984,Infrastructure,Southwest,IPD,Low,Low,Fast,217098300,1.0043,1.0443,0.0132,7.25,0.3773,7.727,0.226,2,0,0,0.023,-23,0.0706379126147167,0.0591412033147627,0.125601504777802,0.0202945943445404,-12.243954988666486,Green,Overdue RFI backlog
PRJ3-01568,Crescent Process Plant 1568,Industrial,Mountain,Design-Bid-Build,Low,Moderate,Fast,268040100,0.9923,1.0594,0.0077,7.589,0.2823,11.347,0.1379,1,0,0,0.0075,-25,0.0720111880918358,0.0495118338273319,0.117957615940656,0.0167301346360241,-11.146418368270842,Green,Overdue RFI backlog
PRJ3-00587,Cedar Water Program 587,Heavy Civil,Mountain,CMAR,Low,Moderate,Standard,266346100,1.0493,1.0121,0.0164,4.1,0.0489,14.852,0.2006,1,0,0,-0.0365,-22,0.0531963350548324,0.0681651650562974,0.1177353631517271,-0.0078981412652329,-8.636662416761459,Green,No dominant rule-based trigger
PRJ3-00222,Pioneer Process Plant 222,Industrial,West,Design-Build,Low,Moderate,Fast,95114300,0.9671,1.0486,0.0,5.157,0.1861,17.652,0.2054,1,0,0,0.019,0,0.0580453077692327,0.060932705807103,0.1154411559145504,0.0340265304924708,-8.024271051891597,Green,No dominant rule-based trigger
PRJ3-00908,Northstar Residences 908,Residential,Mountain,IPD,High,High,Fast,25843100,0.9929,1.0178,0.0152,5.473,0.1119,13.069,0.1945,1,0,1,0.0061,37,0.0691756491867683,0.048304918530475,0.1141390436189838,0.0117689975249134,-3.906072096707939,Green,No dominant rule-based trigger
PRJ3-01017,Granite Corporate Center 1017,Commercial,Southwest,Design-Build,Low,High,Slow,80020500,1.0017,1.0478,0.028,10.419,0.4063,11.71,0.2223,3,0,0,0.0375,-15,0.0670612253486323,0.0416681721514054,0.1059350788175267,0.0219025356737492,-15.587715935280375,Green,Overdue RFI backlog; Pending change exposure
PRJ3-02325,Copper Medical Center 2325,Institutional,West,Design-Build,Moderate,High,Standard,93743400,0.9736,1.052,0.0045,2.048,0.1374,11.879,0.2683,1,0,0,0.0324,-25,0.0573349573745094,0.0511765818359321,0.1055773320723053,0.0327387925804406,-19.36756624181462,Green,No dominant rule-based trigger
PRJ3-01737,Evergreen Office Campus 1737,Commercial,Mountain,Design-Build,Low,High,Standard,25143400,1.0344,1.1089,0.0086,5.412,0.1646,22.209,0.1931,3,0,0,0.0332,2,0.0619022775016408,0.0461684421380692,0.1052127879226609,0.0092325901075071,-20.37511207064575,Green,No dominant rule-based trigger
PRJ3-02264,Canyon Public Works Program 2264,Infrastructure,West,Design-Build,Low,Moderate,Fast,372050700,1.0738,1.077,0.0242,5.466,0.1481,17.142,0.1673,2,0,0,-0.019,-25,0.0740770296412825,0.0271784210935639,0.0992421540298953,0.0226389466733443,-18.44994842902225,Green,Pending change exposure
PRJ3-00935,Harbor Medical Center 935,Institutional,West,CMAR,Moderate,High,Fast,105426000,1.0252,0.9986,0.0,6.643,0.1884,17.651,0.2015,1,0,0,-0.019,-3,0.071738278742806,0.0268734105209598,0.0966838370490433,0.0341095928177162,-14.652137339104335,Green,No dominant rule-based trigger
PRJ3-00152,Summit Retail Center 152,Commercial,Midwest,Design-Build,Moderate,High,Standard,47398200,1.0291,1.12,0.0217,6.57,0.2275,21.2,0.2056,3,0,0,-0.0247,17,0.042458122870569,0.0481202917487328,0.0885353173596664,0.0110124330750087,-7.41419152312177,Green,Pending change exposure
PRJ3-01938,Lakeview District 1938,Mixed-Use,Mountain,IPD,Low,High,Fast,201693700,1.0287,1.037,0.0,3.172,0.1319,13.987,0.0539,1,0,0,-0.0237,-9,0.0540244083678801,0.0285689011656313,0.0810498915503177,0.0041153679205499,-15.576743437348354,Green,No dominant rule-based trigger
PRJ3-02225,Riverside Corporate Center 2225,Commercial,Southeast,CMAR,Low,High,Standard,103541600,1.0446,1.0589,0.0,6.258,0.2016,8.422,0.1827,2,0,0,-0.003,-25,0.0224591584436048,0.0572280420150051,0.0784019067955775,0.0069734809360722,-13.262046210922676,Green,No dominant rule-based trigger
PRJ3-01016,Evergreen Process Plant 1016,Industrial,Midwest,IPD,Moderate,High,Fast,218915900,1.0945,1.0705,0.0,5.594,0.1784,9.107,0.2089,1,0,0,-0.0202,-21,0.0552474997176114,0.0174829927680782,0.0717646008476722,0.0148318668258024,-19.54186796551231,Green,No dominant rule-based trigger
PRJ3-00097,Crescent Bridge Program 97,Heavy Civil,West,Design-Build,Low,Moderate,Fast,151774500,1.0008,1.0433,0.0009,6.573,0.1473,12.258,0.2554,1,0,0,0.0753,-25,0.0412434011686442,0.0293136239673957,0.0693480315830459,0.0094781088482679,-11.156228392901047,Green,No dominant rule-based trigger
PRJ3-01390,Cedar Housing 1390,Residential,West,IPD,Low,Moderate,Fast,60832200,1.0835,0.9959,0.002,8.65,0.2156,5.0,0.324,1,0,0,0.0236,-25,0.0465775708966358,0.017759358287591,0.0635097414145079,0.0121578615420521,-17.413213361225715,Green,No dominant rule-based trigger
PRJ3-01987,Summit Utility Corridor 1987,Infrastructure,Southeast,Design-Build,Low,High,Fast,140535500,1.0587,1.1007,0.0085,2.0,0.0819,9.743,0.2149,1,0,0,0.0173,-25,0.0425448585427506,0.0195683212666714,0.0612806483492123,-0.0060239896171461,-29.85798606834974,Green,No dominant rule-based trigger
PRJ3-01366,Gateway Neighborhood 1366,Residential,West,CMAR,Low,Moderate,Fast,34966800,0.9799,1.1119,0.0122,4.958,0.1186,14.753,0.1938,1,0,0,-0.0656,-25,0.040313863264924,0.0114378520638617,0.0512906113246388,0.0099264652022495,-30.420466739243672,Green,No dominant rule-based trigger
